 Mini_CREATE               SWAT+ Jan 11 2024        MODULAR Rev 2024.61.0                                 
  jday   mon   day    yr    unit  gis_id  name            grzn        grzp        lab_min_p   act_sta_p       fertn            fertp            fixn             denit            act_nit_n        act_sta_n        org_lab_p        rsd_nitorg_n     rsd_laborg_p    no3atmo          nh4atmo          nuptake          puptake                gwsoiln          gwsoilp
                                                          kgha        kgha        kgha        kgha             kgha             kgha             kgha             kgha             kgha             kgha             kgha             kgha             kgha             kgha             kgha             kgha             kgha                    kgha             kgha
   365    12    31  2023       1       0  hru001         0.000       0.000      -7.865     -10.183            0.000            0.000            0.000            2.211            0.643            9.056            0.107           48.542            5.102            5.490            4.941           53.570            7.353            0.000            0.000
   365    12    31  2023       2       0  hru002         0.000       0.000      -7.907     -10.265            0.000            0.000            0.000            2.214            0.644            9.062            0.107           48.592            5.102            5.490            4.941           53.658            7.359            0.000            0.000
   365    12    31  2023       3       0  hru003         0.000       0.000      -6.603      -8.751            0.000            0.000            0.000            1.482            0.460            8.949            0.075           46.818            4.961            5.490            4.941           49.228            6.938            0.000            0.000
   365    12    31  2023       4       0  hru004         0.000       0.000      -7.022     -10.386            0.000            0.000            0.000            2.590            0.744            8.643            0.125           46.397            4.929            5.490            4.941           48.715            6.865            0.000            0.000
   365    12    31  2023       5       0  hru005         0.000       0.000      -7.247     -10.484            0.000            0.000            0.000            2.645            0.748            8.676            0.125           46.657            4.953            5.490            4.941           49.345            6.935            0.000            0.000
   365    12    31  2023       6       0  hru006         0.000       0.000      -7.116     -10.427            0.000            0.000            0.000            2.617            0.746            8.658            0.125           46.519            4.940            5.490            4.941           49.010            6.898            0.000            0.000
   365    12    31  2023       7       0  hru007         0.000       0.000      -7.446     -10.572            0.000            0.000            0.000            2.689            0.751            8.701            0.126           46.844            4.970            5.490            4.941           49.792            6.984            0.000            0.000
   365    12    31  2023       8       0  hru008         0.000       0.000      -7.008     -10.379            0.000            0.000            0.000            2.585            0.744            8.640            0.125           46.376            4.927            5.490            4.941           48.664            6.859            0.000            0.000
   365    12    31  2023       9       0  hru009         0.000       0.000      -9.116     -10.949            0.000            0.000            0.000            1.606            0.696            8.422            0.116           44.947            4.545            5.490            4.941           45.407            6.205            0.000            0.000
   365    12    31  2023      10       0  hru010         0.000       0.000      -7.466     -10.581            0.000            0.000            0.000            2.695            0.752            8.704            0.126           46.861            4.972            5.490            4.941           49.833            6.989            0.000            0.000
   365    12    31  2023      11       0  hru011         0.000       0.000      -7.450     -10.574            0.000            0.000            0.000            2.690            0.751            8.702            0.126           46.848            4.971            5.490            4.941           49.801            6.985            0.000            0.000
   365    12    31  2023      12       0  hru012         0.000       0.000      -7.838     -10.746            0.000            0.000            0.000            2.753            0.759            8.747            0.127           47.198            5.003            5.490            4.941           50.641            7.076            0.000            0.000
   365    12    31  2023      13       0  hru013         0.000       0.000      -7.352     -10.530            0.000            0.000            0.000            2.670            0.750            8.690            0.125           46.757            4.962            5.490            4.941           49.584            6.962            0.000            0.000
   365    12    31  2023      14       0  hru014         0.000       0.000      -7.393     -10.548            0.000            0.000            0.000            2.677            0.750            8.695            0.126           46.795            4.966            5.490            4.941           49.675            6.972            0.000            0.000
   365    12    31  2023      15       0  hru015         0.000       0.000      -7.230     -10.477            0.000            0.000            0.000            2.642            0.748            8.674            0.125           46.640            4.951            5.490            4.941           49.304            6.931            0.000            0.000
   365    12    31  2023      16       0  hru016         0.000       0.000      -8.549     -10.214            0.000            0.000            0.000            1.546            0.684            8.090            0.114           42.479            4.495            5.490            4.941           40.208            5.849            0.000            0.000
   365    12    31  2023      17       0  hru017         0.000       0.000      -6.030      -8.256            0.000            0.000            0.000            1.579            0.454            9.118            0.074           47.944            5.058            5.490            4.941           51.915            7.199            0.000            0.000
   365    12    31  2023      18       0  hru018         0.000       0.000      -7.446      -9.162            0.000            0.000            0.000            1.306            0.484            8.669            0.079           45.034            4.789            5.490            4.941           44.777            6.474            0.000            0.000
   365    12    31  2023      19       0  hru019         0.000       0.000      -9.240     -11.449            0.000            0.000            0.000            2.114            0.818            8.100            0.137           43.125            4.572            5.490            4.941           41.088            6.006            0.000            0.000
   365    12    31  2023      20       0  hru020         0.000       0.000      -7.421      -9.171            0.000            0.000            0.000            1.215            0.483            8.481            0.079           43.774            4.666            5.490            4.941           42.101            6.172            0.000            0.000
   365    12    31  2023      21       0  hru021         0.000       0.000      -6.501      -8.693            0.000            0.000            0.000            1.596            0.456            9.150            0.074           48.183            5.083            5.490            4.941           52.555            7.270            0.000            0.000
   365    12    31  2023      22       0  hru022         0.000       0.000      -6.537      -8.709            0.000            0.000            0.000            1.599            0.457            9.155            0.074           48.222            5.087            5.490            4.941           52.652            7.280            0.000            0.000
   365    12    31  2023      23       0  hru023         0.000       0.000      -5.861      -8.564            0.000            0.000            0.000           14.690            4.990            4.787            0.854           42.271            4.548            5.490            4.941           40.672            5.867            0.000            0.000
   365    12    31  2023      24       0  hru024         0.000       0.000      -5.941      -8.600            0.000            0.000            0.000           14.747            5.004            4.784            0.857           42.313            4.552            5.490            4.941           40.754            5.876            0.000            0.000
   365    12    31  2023      25       0  hru025         0.000       0.000      -6.251      -8.584            0.000            0.000            0.000            1.577            0.453            9.118            0.073           47.939            5.058            5.490            4.941           51.933            7.197            0.000            0.000
   365    12    31  2023      26       0  hru026         0.000       0.000      -6.545      -8.714            0.000            0.000            0.000            1.591            0.457            9.142            0.074           48.136            5.079            5.490            4.941           52.438            7.259            0.000            0.000
   365    12    31  2023      27       0  hru027         0.000       0.000      -7.149      -9.196            0.000            0.000            0.000            1.592            0.463            9.091            0.075           47.888            5.048            5.490            4.941           52.280            7.187            0.000            0.000
   365    12    31  2023      28       0  hru028         0.000       0.000      -6.226      -8.574            0.000            0.000            0.000            1.575            0.452            9.115            0.073           47.917            5.056            5.490            4.941           51.876            7.190            0.000            0.000
   365    12    31  2023      29       0  hru029         0.000       0.000      -6.799      -9.043            0.000            0.000            0.000            1.538            0.457            9.002            0.074           47.246            4.986            5.490            4.941           50.748            7.018            0.000            0.000
   365    12    31  2023      30       0  hru030         0.000       0.000      -7.769     -10.252            0.000            0.000            0.000            2.116            0.643            8.994            0.107           48.153            5.078            5.490            4.941           52.373            7.265            0.000            0.000
   365    12    31  2023      31       0  hru031         0.000       0.000      -6.538      -8.540            0.000            0.000            0.000            1.300            0.476            8.636            0.078           44.862            4.784            5.490            4.941           44.531            6.463            0.000            0.000
   365    12    31  2023      32       0  hru032         0.000       0.000      -7.839     -10.422            0.000            0.000            0.000            0.580            0.554            1.263            0.095            9.184            1.877            5.490            4.941           18.481            3.961            0.000            0.000
   365    12    31  2023      33       0  hru033         0.000       0.000      -6.475      -8.944            0.000            0.000            0.000            0.380            0.371            1.351            0.063            8.856            1.827            5.490            4.941           17.905            3.874            0.000            0.000
   365    12    31  2023      34       0  hru034         0.000       0.000      -8.152     -10.443            0.000            0.000            0.000            0.641            0.613            1.936            0.105           14.009            2.448            5.490            4.941           21.946            4.350            0.000            0.000
   365    12    31  2023      35       0  hru035         0.000       0.000      -6.816      -9.112            0.000            0.000            0.000            0.476            0.423            2.084            0.072           14.044            2.455            5.490            4.941           22.025            4.367            0.000            0.000
   365    12    31  2023      36       0  hru036         0.000       0.000      -7.471      -9.394            0.000            0.000            0.000            0.484            0.431            2.087            0.073           14.103            2.464            5.490            4.941           22.153            4.390            0.000            0.000
   365    12    31  2023      37       0  hru037         0.000       0.000      -9.018     -11.051            0.000            0.000            0.000            0.592            0.641            1.868            0.109           13.674            2.379            5.490            4.941           21.370            4.225            0.000            0.000
   365    12    31  2023      38       0  hru038         0.000       0.000      -7.048      -9.211            0.000            0.000            0.000            0.478            0.425            2.084            0.072           14.056            2.457            5.490            4.941           22.054            4.372            0.000            0.000
   365    12    31  2023      39       0  hru039         0.000       0.000      -6.754      -9.085            0.000            0.000            0.000            0.476            0.423            2.084            0.072           14.042            2.454            5.490            4.941           22.019            4.366            0.000            0.000
   365    12    31  2023      40       0  hru040         0.000       0.000      -8.868     -10.913            0.000            0.000            0.000            0.637            0.637            1.850            0.109           13.707            2.361            5.490            4.941           21.609            4.233            0.000            0.000
   365    12    31  2023      41       0  hru041         0.000       0.000      -7.418      -9.384            0.000            0.000            0.000            0.440            0.431            2.008            0.073           13.581            2.378            5.490            4.941           21.152            4.207            0.000            0.000
   365    12    31  2023      42       0  hru042         0.000       0.000      -9.055     -11.067            0.000            0.000            0.000            0.589            0.641            1.863            0.110           13.647            2.374            5.490            4.941           21.327            4.215            0.000            0.000
   365    12    31  2023      43       0  hru043         0.000       0.000      -7.024      -9.992            0.000            0.000            0.000            0.268            0.327            4.121            0.056           20.390            3.674            5.490            4.941           25.395            5.077            0.000            0.000
   365    12    31  2023      44       0  hru044         0.000       0.000      -8.010     -10.539            0.000            0.000            0.000            0.701            0.460            4.934            0.078           24.765            5.249            5.490            4.941           29.506            7.305            0.000            0.000
   365    12    31  2023      45       0  hru045         0.000       0.000      -6.417      -9.656            0.000            0.000            0.000            0.300            0.260            3.590            0.044           17.130            2.860            5.490            4.941           21.164            3.499            0.000            0.000
   365    12    31  2023      46       0  hru046         0.000       0.000      -7.223      -9.696            0.000            0.000            0.000            0.533            0.418            4.873            0.071           24.408            5.016            5.490            4.941           28.941            6.954            0.000            0.000
   365    12    31  2023      47       0  hru047         0.000       0.000      -6.552      -9.867            0.000            0.000            0.000            0.000            0.138            3.680            0.023           17.113            2.857            5.490            4.941           21.108            3.490            0.000            0.000
   365    12    31  2023      48       0  hru048         0.000       0.000      -5.535      -8.508            0.000            0.000            0.000            0.000            1.933            2.288            0.331           16.876            2.811            5.490            4.941           20.738            3.383            0.000            0.000
   365    12    31  2023      49       0  hru049         0.000       0.000      -6.965     -10.491            0.000            0.000            0.000            0.001            0.309            3.586            0.053           17.295            2.897            5.490            4.941           21.442            3.562            0.000            0.000
   365    12    31  2023      50       0  hru050         0.000       0.000      -6.965     -10.491            0.000            0.000            0.000            0.001            0.309            3.586            0.053           17.295            2.897            5.490            4.941           21.442            3.562            0.000            0.000
   365    12    31  2023      51       0  hru051         0.000       0.000      -6.965     -10.491            0.000            0.000            0.000            0.001            0.309            3.586            0.053           17.294            2.897            5.490            4.941           21.440            3.562            0.000            0.000
   365    12    31  2023      52       0  hru052         0.000       0.000      -8.065     -10.990            0.000            0.000            0.000            0.284            0.432            4.879            0.073           24.689            4.958            5.490            4.941           30.294            7.045            0.000            0.000
   365    12    31  2023      53       0  hru053         0.000       0.000     -10.357     -12.149            0.000            0.000            0.000            0.396            0.647            3.974            0.110           20.262            4.345            5.490            4.941           22.279            5.745            0.000            0.000
   365    12    31  2023      54       0  hru054         0.000       0.000      -6.965     -10.491            0.000            0.000            0.000            0.001            0.309            3.586            0.053           17.295            2.897            5.490            4.941           21.443            3.562            0.000            0.000
   365    12    31  2023      55       0  hru055         0.000       0.000      -7.744     -10.128            0.000            0.000            0.000            2.199            0.636            9.051            0.106           48.445            5.103            5.490            4.941           53.333            7.338            0.000            0.000
   365    12    31  2023      56       0  hru056         0.000       0.000      -7.189     -10.458            0.000            0.000            0.000            2.633            0.747            8.668            0.125           46.598            4.947            5.490            4.941           49.200            6.919            0.000            0.000
   365    12    31  2023      57       0  hru057         0.000       0.000      -7.802     -10.154            0.000            0.000            0.000            2.204            0.639            9.055            0.106           48.492            5.103            5.490            4.941           53.446            7.346            0.000            0.000
   365    12    31  2023      58       0  hru058         0.000       0.000      -8.021     -10.283            0.000            0.000            0.000            2.139            0.649            8.977            0.108           48.021            5.051            5.490            4.941           52.339            7.220            0.000            0.000
   365    12    31  2023      59       0  hru059         0.000       0.000      -7.838     -10.170            0.000            0.000            0.000            2.208            0.641            9.058            0.106           48.521            5.103            5.490            4.941           53.518            7.350            0.000            0.000
   365    12    31  2023      60       0  hru060         0.000       0.000      -7.845     -10.298            0.000            0.000            0.000            2.026            0.650            8.879            0.108           47.381            5.004            5.490            4.941           50.519            7.071            0.000            0.000
   365    12    31  2023      61       0  hru061         0.000       0.000      -7.212      -9.548            0.000            0.000            0.000            2.012            0.626            8.788            0.104           46.746            4.942            5.490            4.941           49.610            6.905            0.000            0.000
   365    12    31  2023      62       0  hru062         0.000       0.000      -7.831      -9.999            0.000            0.000            0.000            1.796            0.640            8.468            0.107           44.766            4.770            5.490            4.941           45.383            6.470            0.000            0.000
   365    12    31  2023      63       0  hru063         0.000       0.000      -8.208     -10.455            0.000            0.000            0.000            2.074            0.661            8.922            0.110           47.764            5.004            5.490            4.941           51.564            7.130            0.000            0.000
   365    12    31  2023      64       0  hru064         0.000       0.000      -7.010     -10.380            0.000            0.000            0.000            2.586            0.744            8.640            0.125           46.380            4.927            5.490            4.941           48.673            6.860            0.000            0.000
   365    12    31  2023      65       0  hru065         0.000       0.000      -7.048     -10.397            0.000            0.000            0.000            2.596            0.745            8.647            0.125           46.434            4.932            5.490            4.941           48.803            6.875            0.000            0.000
   365    12    31  2023      66       0  hru066         0.000       0.000      -6.946     -10.353            0.000            0.000            0.000            2.559            0.743            8.628            0.124           46.276            4.918            5.490            4.941           48.425            6.832            0.000            0.000
   365    12    31  2023      67       0  hru067         0.000       0.000      -5.939      -8.216            0.000            0.000            0.000            1.570            0.453            9.105            0.073           47.850            5.049            5.490            4.941           51.683            7.171            0.000            0.000
   365    12    31  2023      68       0  hru068         0.000       0.000      -7.309     -10.511            0.000            0.000            0.000            2.663            0.749            8.684            0.125           46.717            4.958            5.490            4.941           49.485            6.951            0.000            0.000
   365    12    31  2023      69       0  hru069         0.000       0.000      -7.483     -10.588            0.000            0.000            0.000            2.705            0.752            8.706            0.126           46.875            4.973            5.490            4.941           49.865            6.993            0.000            0.000
   365    12    31  2023      70       0  hru070         0.000       0.000      -7.635     -10.656            0.000            0.000            0.000            2.727            0.755            8.724            0.126           47.014            4.986            5.490            4.941           50.200            7.029            0.000            0.000
   365    12    31  2023      71       0  hru071         0.000       0.000      -7.717     -10.692            0.000            0.000            0.000            2.738            0.757            8.733            0.127           47.087            4.993            5.490            4.941           50.377            7.047            0.000            0.000
   365    12    31  2023      72       0  hru072         0.000       0.000      -7.434     -10.567            0.000            0.000            0.000            2.684            0.751            8.700            0.126           46.834            4.969            5.490            4.941           49.768            6.982            0.000            0.000
   365    12    31  2023      73       0  hru073         0.000       0.000      -9.433     -10.947            0.000            0.000            0.000            1.435            0.703            8.027            0.117           42.834            4.108            5.490            4.941           43.137            5.764            0.000            0.000
   365    12    31  2023      74       0  hru074         0.000       0.000      -7.879     -10.252            0.000            0.000            0.000            2.210            0.642            9.065            0.107           48.573            5.104            5.490            4.941           53.605            7.358            0.000            0.000
   365    12    31  2023      75       0  hru075         0.000       0.000      -7.944     -10.232            0.000            0.000            0.000            2.186            0.646            9.024            0.107           48.337            5.078            5.490            4.941           53.112            7.297            0.000            0.000
   365    12    31  2023      76       0  hru076         0.000       0.000      -7.426      -9.640            0.000            0.000            0.000            2.023            0.631            8.793            0.105           46.806            4.950            5.490            4.941           49.776            6.925            0.000            0.000
   365    12    31  2023      77       0  hru077         0.000       0.000      -7.196      -9.036            0.000            0.000            0.000            1.396            0.481            8.804            0.078           45.869            4.872            5.490            4.941           46.778            6.688            0.000            0.000
   365    12    31  2023      78       0  hru078         0.000       0.000      -6.770      -8.827            0.000            0.000            0.000            1.517            0.465            9.006            0.076           47.242            5.002            5.490            4.941           50.260            7.051            0.000            0.000
   365    12    31  2023      79       0  hru079         0.000       0.000      -8.577      -9.735            0.000            0.000            0.000            0.873            0.519            7.809            0.085           39.713            4.168            5.490            4.941           34.212            5.059            0.000            0.000
   365    12    31  2023      80       0  hru080         0.000       0.000      -6.217      -8.570            0.000            0.000            0.000            1.575            0.452            9.114            0.073           47.909            5.055            5.490            4.941           51.855            7.188            0.000            0.000
   365    12    31  2023      81       0  hru081         0.000       0.000     -10.021     -10.562            0.000            0.000            0.000            0.728            0.565            7.502            0.093           38.352            3.543            5.490            4.941           31.285            4.134            0.000            0.000
   365    12    31  2023      82       0  hru082         0.000       0.000      -7.962      -9.393            0.000            0.000            0.000            1.252            0.502            8.563            0.082           44.430            4.679            5.490            4.941           43.463            6.262            0.000            0.000
   365    12    31  2023      83       0  hru083         0.000       0.000      -7.718      -9.334            0.000            0.000            0.000            1.238            0.494            8.578            0.081           44.510            4.712            5.490            4.941           43.965            6.346            0.000            0.000
   365    12    31  2023      84       0  hru084         0.000       0.000      -6.800      -8.833            0.000            0.000            0.000            1.557            0.465            9.077            0.076           47.724            5.047            5.490            4.941           51.451            7.172            0.000            0.000
   365    12    31  2023      85       0  hru085         0.000       0.000      -6.489      -8.688            0.000            0.000            0.000            1.595            0.456            9.148            0.074           48.171            5.081            5.490            4.941           52.524            7.266            0.000            0.000
   365    12    31  2023      86       0  hru086         0.000       0.000      -9.083     -10.943            0.000            0.000            0.000            1.822            0.686            8.551            0.114           45.682            4.657            5.490            4.941           47.399            6.467            0.000            0.000
   365    12    31  2023      87       0  hru087         0.000       0.000     -12.000     -12.769            0.000            0.000            0.000            1.577            0.901            6.034            0.152           31.153            2.475            5.490            4.941           18.949            2.158            0.000            0.000
   365    12    31  2023      88       0  hru088         0.000       0.000      -5.958      -8.608            0.000            0.000            0.000           14.491            5.041            4.727            0.863           42.095            4.531            5.490            4.941           40.290            5.824            0.000            0.000
   365    12    31  2023      89       0  hru089         0.000       0.000      -7.038      -8.957            0.000            0.000            0.000            1.370            0.467            8.772            0.076           45.635            4.852            5.490            4.941           46.377            6.648            0.000            0.000
   365    12    31  2023      90       0  hru090         0.000       0.000      -6.974      -8.925            0.000            0.000            0.000            1.418            0.467            8.852            0.076           46.164            4.902            5.490            4.941           47.582            6.774            0.000            0.000
   365    12    31  2023      91       0  hru091         0.000       0.000      -5.949      -8.604            0.000            0.000            0.000           14.751            5.005            4.784            0.857           42.317            4.552            5.490            4.941           40.763            5.877            0.000            0.000
   365    12    31  2023      92       0  hru092         0.000       0.000      -8.206     -10.456            0.000            0.000            0.000            2.047            0.662            8.904            0.110           47.605            5.001            5.490            4.941           51.081            7.096            0.000            0.000
   365    12    31  2023      93       0  hru093         0.000       0.000      -7.225      -9.042            0.000            0.000            0.000            1.413            0.480            8.860            0.078           46.237            4.906            5.490            4.941           47.610            6.776            0.000            0.000
   365    12    31  2023      94       0  hru094         0.000       0.000      -5.885      -8.575            0.000            0.000            0.000           14.711            4.994            4.785            0.855           42.281            4.549            5.490            4.941           40.690            5.869            0.000            0.000
   365    12    31  2023      95       0  hru095         0.000       0.000      -7.798     -10.264            0.000            0.000            0.000            2.118            0.644            8.999            0.107           48.173            5.078            5.490            4.941           52.419            7.269            0.000            0.000
   365    12    31  2023      96       0  hru096         0.000       0.000      -6.546      -8.906            0.000            0.000            0.000           13.202            5.274            4.404            0.903           40.983            4.419            5.490            4.941           37.735            5.540            0.000            0.000
   365    12    31  2023      97       0  hru097         0.000       0.000      -5.326      -8.322            0.000            0.000            0.000           14.206            4.913            4.787            0.841           41.891            4.512            5.490            4.941           39.916            5.776            0.000            0.000
   365    12    31  2023      98       0  hru098         0.000       0.000      -7.842     -10.288            0.000            0.000            0.000            2.089            0.648            8.960            0.108           47.924            5.054            5.490            4.941           51.821            7.206            0.000            0.000
   365    12    31  2023      99       0  hru099         0.000       0.000      -9.733     -11.234            0.000            0.000            0.000            1.591            0.715            8.226            0.119           43.880            4.212            5.490            4.941           43.760            5.681            0.000            0.000
   365    12    31  2023     100       0  hru100         0.000       0.000      -9.488     -11.061            0.000            0.000            0.000            1.515            0.719            8.173            0.120           43.434            4.254            5.490            4.941           42.474            5.665            0.000            0.000
   365    12    31  2023     101       0  hru101         0.000       0.000      -6.557      -8.732            0.000            0.000            0.000            1.443            0.458            8.912            0.074           46.531            4.931            5.490            4.941           48.361            6.841            0.000            0.000
   365    12    31  2023     102       0  hru102         0.000       0.000     -11.746     -12.424           37.764            2.518           71.869            5.853            0.687            8.848            0.116           39.965            3.363            5.490            4.941          136.024           13.743            0.000            0.000
   365    12    31  2023     103       0  hru103         0.000       0.000     -10.582     -10.830           37.764            2.518           60.455            3.430            0.503            6.461            0.085           28.847            2.587            5.490            4.941          101.383           10.639            0.000            0.000
   365    12    31  2023     104       0  hru104         0.000       0.000     -12.478     -12.526           50.352            3.357           60.152            5.500            0.681            8.359            0.115           36.096            3.799            5.490            4.941          135.261           16.609            0.000            0.000
   365    12    31  2023     105       0  hru105         0.000       0.000      -9.263      -9.881           45.107            5.245           50.370            3.865            0.477            6.164            0.081           28.882            3.559            5.490            4.941          111.841           14.364            0.000            0.000
   365    12    31  2023     106       0  hru106         0.000       0.000     -11.017     -11.817           34.617            2.937          109.483            7.570            0.708           11.594            0.118           49.115            3.124            5.490            4.941          178.230           13.368            0.000            0.000
   365    12    31  2023     107       0  hru107         0.000       0.000      -9.048     -10.709           58.744            8.392           48.729            3.911            0.656            6.760            0.111           24.406            3.699            5.490            4.941          128.831           15.892            0.000            0.000
   365    12    31  2023     108       0  hru108         0.000       0.000      62.460      41.918          485.425          153.154           20.095           36.062            1.494           75.943            0.296            9.850            1.715            5.490            4.941          105.187           14.819            0.000            0.000
   365    12    31  2023     109       0  hru109         0.000       0.000      31.348      15.687          328.600           99.026           21.726           22.481            1.008           38.501            0.186            9.118            1.275            5.490            4.941          128.498           18.818            0.000            0.000
   365    12    31  2023     110       0  hru110         0.000       0.000     -12.254     -12.095           44.583            2.727           40.638            4.483            0.606            4.713            0.103           18.876            2.628            5.490            4.941           97.196           16.011            0.000            0.000
   365    12    31  2023     111       0  hru111         0.000       0.000     -11.559     -11.666           50.877            4.773           23.234            3.955            0.629            3.804            0.108           14.599            2.548            5.490            4.941           78.068           15.517            0.000            0.000
   365    12    31  2023     112       0  hru112         0.000       0.000      65.445      38.734          567.772          178.068           21.294           43.102            1.389           69.086            0.272            3.934            1.743            5.490            4.941          125.051           20.780            0.000            0.000
   365    12    31  2023     113       0  hru113         0.000       0.000      -6.423      -7.641           73.168           15.473           40.188            2.363            0.412            3.623            0.069            6.886            2.914            5.490            4.941          120.466           22.088            0.000            0.000
   365    12    31  2023     114       0  hru114         0.000       0.000     103.061      68.824          646.185          228.263           85.801           34.089            1.530           94.840            0.318           44.224            2.370            5.490            4.941          212.812           14.713            0.000            0.000
   365    12    31  2023     115       0  hru115         0.000       0.000     -11.674     -11.970           77.364            7.920           24.185            3.779            0.638            5.276            0.109           16.305            2.956            5.490            4.941          114.690           19.212            0.000            0.000
   365    12    31  2023     116       0  hru116         0.000       0.000     -11.185     -10.678           66.612            6.923           41.215            2.966            0.445            5.597            0.075           18.682            3.076            5.490            4.941          120.300           20.233            0.000            0.000
   365    12    31  2023     117       0  hru117         0.000       0.000     -10.231     -10.130           72.906            8.969           23.296            2.757            0.426            5.120            0.073           15.991            3.373            5.490            4.941          111.023           21.636            0.000            0.000
   365    12    31  2023     118       0  hru118         0.000       0.000     -10.496     -10.341           72.906            8.969           24.948            2.595            0.427            5.190            0.073           16.663            3.383            5.490            4.941          114.279           21.983            0.000            0.000
   365    12    31  2023     119       0  hru119         0.000       0.000     -10.250     -10.803           72.381            9.966           78.528            6.455            0.651            7.793            0.110           24.793            1.682            5.490            4.941          166.494           18.776            0.000            0.000
   365    12    31  2023     120       0  hru120         0.000       0.000     -10.196     -10.680           44.583            2.727           41.565           29.426            5.347           -0.188            0.916           13.305            1.993            5.490            4.941           80.249           11.823            0.000            0.000
   365    12    31  2023     121       0  hru121         0.000       0.000      60.929      40.817          481.229          152.105           42.502           37.824            1.495           76.005            0.291            8.873            1.899            5.490            4.941          121.957           15.606            0.000            0.000
   365    12    31  2023     122       0  hru122         0.000       0.000      28.805      13.944          332.796          100.704           22.570           16.648            1.032           38.042            0.190            6.083            1.159            5.490            4.941          124.014           22.430            0.000            0.000
   365    12    31  2023     123       0  hru123         0.000       0.000      28.003      11.695          326.764           94.410           23.445           16.674            0.805           35.867            0.153           13.532            2.780            5.490            4.941          125.502           18.393            0.000            0.000
   365    12    31  2023     124       0  hru124         0.000       0.000      26.862      17.758          285.066           81.612            0.000           18.533            1.086           45.234            0.207            4.704            1.788            5.490            4.941          115.364           22.064            0.000            0.000
   365    12    31  2023     125       0  hru125         0.000       0.000      -8.438      -9.858           94.410           13.637           51.405            4.002            0.652            6.953            0.111           16.730            4.130            5.490            4.941          159.779           21.258            0.000            0.000
   365    12    31  2023     126       0  hru126         0.000       0.000     -11.065     -10.865           60.842            5.245           56.716            2.771            0.465            5.557            0.078           17.780            3.201            5.490            4.941          128.104           17.244            0.000            0.000
   365    12    31  2023     127       0  hru127         0.000       0.000     -10.339     -11.190           83.920           10.070           25.701            3.047            0.644            5.497            0.109           14.138            4.000            5.490            4.941          123.547           19.752            0.000            0.000
   365    12    31  2023     128       0  hru128         0.000       0.000      -9.346     -10.253          110.932           14.004           14.149            2.941            0.630            5.735            0.108           16.607            4.595            5.490            4.941          141.644           24.347            0.000            0.000
   365    12    31  2023     129       0  hru129         0.000       0.000     -12.226     -11.470          110.407           11.277            6.036            2.729            0.621            5.293            0.107           11.426            4.788            5.490            4.941          131.335           26.832            0.000            0.000
   365    12    31  2023     130       0  hru130         0.000       0.000      37.989      19.218          398.096          119.796            0.000           23.939            1.109           45.800            0.207           14.512            3.604            5.490            4.941          146.610           24.692            0.000            0.000
   365    12    31  2023     131       0  hru131         0.000       0.000     -12.979     -12.394          102.802           10.070           16.439            3.255            0.632            5.256            0.108           12.667            3.943            5.490            4.941          131.854           25.222            0.000            0.000
   365    12    31  2023     132       0  hru132         0.000       0.000      -7.933      -9.606          104.376           17.413           65.523            5.303            0.656            8.550            0.111           22.012            4.006            5.490            4.941          186.240           24.241            0.000            0.000
   365    12    31  2023     133       0  hru133         0.000       0.000     143.808     104.067          999.436          318.267            0.000           60.152            2.139          148.186            0.503            3.901            0.811            5.490            4.941          139.149           20.449            0.000            0.000
   365    12    31  2023     134       0  hru134         0.000       0.000      29.676      15.900          347.744           97.452            0.000           26.333            1.039           40.811            0.195            4.873            1.257            5.490            4.941          114.978           20.307            0.000            0.000
   365    12    31  2023     135       0  hru135         0.000       0.000     -12.205     -11.986           25.176            1.678          220.708           17.106            0.958           31.665            0.150          176.817            9.778            5.490            4.941          331.065           21.154            0.000            0.000
   365    12    31  2023     136       0  hru136         0.000       0.000     -10.554     -11.052            0.000            0.000            4.498            4.758            6.329           -4.442            1.085            3.257            0.193            5.490            4.941            6.515            0.362            0.000            0.000
   365    12    31  2023     137       0  hru137         0.000       0.000     -10.214     -10.668            0.000            0.000           76.511            2.935            0.512            7.165            0.085           45.137            2.495            5.490            4.941           89.434            6.639            0.000            0.000
   365    12    31  2023     138       0  hru138         0.000       0.000     -13.131     -12.251           41.698            5.193           76.150            6.980            0.718            9.442            0.121           47.717            4.185            5.490            4.941          149.250           20.241            0.000            0.000
   365    12    31  2023     139       0  hru139         0.000       0.000     -11.748     -12.578           25.176            1.678           69.856            8.676            0.779            8.541            0.131           48.829            4.031            5.490            4.941          120.813           14.420            0.000            0.000
   365    12    31  2023     140       0  hru140         0.000       0.000     -10.782     -10.693           25.176            1.678           70.080            5.058            0.474            8.909            0.078           49.520            4.138            5.490            4.941          122.849           14.788            0.000            0.000
   365    12    31  2023     141       0  hru141         0.000       0.000      -9.294     -10.817           32.519            5.455           47.588            4.028            0.632            4.877            0.107           22.002            3.213            5.490            4.941           93.516           12.722            0.000            0.000
   365    12    31  2023     142       0  hru142         0.000       0.000      -5.176      -7.694           70.545           15.473           22.716            2.090            0.416            4.403            0.072           10.518            3.732            5.490            4.941          104.572           19.996            0.000            0.000
   365    12    31  2023     143       0  hru143         0.000       0.000     -10.108     -11.343           32.519            5.455           47.414            4.218            0.660            5.522            0.112           25.106            3.121            5.490            4.941           90.130           12.725            0.000            0.000
   365    12    31  2023     144       0  hru144         0.000       0.000     -10.080     -11.123           33.568            4.773           47.053            4.220            0.643            5.327            0.109           23.408            3.453            5.490            4.941           97.069           13.905            0.000            0.000
   365    12    31  2023     145       0  hru145         0.000       0.000     -11.441     -11.654           50.877            4.773           22.817            3.753            0.590            3.342            0.101           11.587            2.717            5.490            4.941           82.359           16.320            0.000            0.000
   365    12    31  2023     146       0  hru146         0.000       0.000      -7.410      -9.914           51.926           13.217           32.887            3.043            0.659            4.322            0.113           14.631            3.234            5.490            4.941           90.664           15.834            0.000            0.000
   365    12    31  2023     147       0  hru147         0.000       0.000     -10.340     -11.250           94.410            9.651            0.001            4.780            0.670            3.821            0.115           11.273            3.043            5.490            4.941           85.931           16.554            0.000            0.000
   365    12    31  2023     148       0  hru148         0.000       0.000      -7.015      -9.321           97.295           22.449           17.511            3.671            0.603            3.065            0.103            2.899            1.326            5.490            4.941          115.558           24.806            0.000            0.000
   365    12    31  2023     149       0  hru149         0.000       0.000      -5.200      -7.098           47.205           11.015            0.000            2.831            0.393            1.946            0.067            2.707            0.668            5.490            4.941           49.697           12.371            0.000            0.000
   365    12    31  2023     150       0  hru150         0.000       0.000      -7.673      -8.292           70.021           14.948            0.000            3.374            0.429            2.566            0.074            2.426            0.777            5.490            4.941           67.673           18.635            0.000            0.000
   365    12    31  2023     151       0  hru151         0.000       0.000      23.424      14.699          245.204           74.479            0.000           16.895            1.117           43.616            0.211            1.855            0.770            5.490            4.941           62.623           14.923            0.000            0.000
   365    12    31  2023     152       0  hru152         0.000       0.000      31.825      17.330          343.286           99.812           54.536           23.656            1.083           42.126            0.197            8.873            1.779            5.490            4.941          162.640           19.722            0.000            0.000
   365    12    31  2023     153       0  hru153         0.000       0.000      66.391      48.863          536.302          163.120            0.000           44.056            1.529           82.312            0.307            3.770            0.626            5.490            4.941          134.700           22.939            0.000            0.000
   365    12    31  2023     154       0  hru154         0.000       0.000      66.332      48.703          536.302          163.120            0.000           43.089            1.530           82.221            0.307            2.770            0.480            5.490            4.941          133.044           22.467            0.000            0.000
   365    12    31  2023     155       0  hru155         0.000       0.000      -5.124      -8.407           99.393           21.400           16.839            4.433            0.609            3.306            0.104            6.083            1.935            5.490            4.941          117.498           20.253            0.000            0.000
   365    12    31  2023     156       0  hru156         0.000       0.000      -4.491      -7.669          106.474           22.029           70.771            2.972            0.437            5.316            0.073            8.311            2.664            5.490            4.941          180.559           23.669            0.000            0.000
   365    12    31  2023     157       0  hru157         0.000       0.000      89.443      60.915          648.283          208.751            0.055           51.536            1.606           88.301            0.321            8.221            1.740            5.490            4.941          133.856           20.369            0.000            0.000
   365    12    31  2023     158       0  hru158         0.000       0.000      31.805      16.110          361.119          104.638            0.000           23.336            1.014           39.215            0.190            6.734            1.339            5.490            4.941          128.353           23.254            0.000            0.000
   365    12    31  2023     159       0  hru159         0.000       0.000      -8.424     -10.100          126.929           19.721            7.509            5.090            0.637            6.536            0.109           20.579            3.788            5.490            4.941          148.923           26.955            0.000            0.000
   365    12    31  2023     160       0  hru160         0.000       0.000      83.136      62.425          547.841          179.956           60.219           34.271            1.571           99.367            0.333           57.847            4.380            5.490            4.941          179.590           19.286            0.000            0.000
   365    12    31  2023     161       0  hru161         0.000       0.000     212.167     159.777         1210.810          428.779            0.106           59.055            2.651          187.152            0.638           17.156            3.380            5.490            4.941          200.131           25.287            0.000            0.000
   365    12    31  2023     162       0  hru162         0.000       0.000      31.461      14.147          339.090           99.393            0.000           19.557            1.039           34.336            0.191            9.492            1.760            5.490            4.941           78.664           13.679            0.000            0.000
   365    12    31  2023     163       0  hru163         0.000       0.000      -6.705      -8.787            0.000            0.000            0.000            1.562            0.462            9.093            0.075           47.814            5.053            5.490            4.941           51.623            7.186            0.000            0.000
   365    12    31  2023     164       0  hru164         0.000       0.000      -5.671      -8.477            0.000            0.000            0.000           14.010            5.079            4.645            0.869           41.671            4.490            5.490            4.941           39.386            5.718            0.000            0.000
   365    12    31  2023     165       0  hru165         0.000       0.000      -8.148     -10.085            0.000            0.000            0.000            1.292            0.685            7.835            0.114           41.052            4.422            5.490            4.941           38.856            5.662            0.000            0.000
   365    12    31  2023     166       0  hru166         0.000       0.000      -9.879     -10.451            0.000            0.000            0.000            0.718            0.557            7.321            0.092           37.496            3.363            5.490            4.941           31.292            3.884            0.000            0.000
   365    12    31  2023     167       0  hru167         0.000       0.000      -6.915      -8.901            0.000            0.000            0.000            1.468            0.472            8.921            0.077           46.698            4.955            5.490            4.941           48.929            6.922            0.000            0.000
   365    12    31  2023     168       0  hru168         0.000       0.000      -7.513      -9.895            0.000            0.000            0.000            2.150            0.623            9.010            0.103           48.134            5.080            5.490            4.941           52.332            7.260            0.000            0.000
   365    12    31  2023     169       0  hru169         0.000       0.000      -7.974     -10.123            0.000            0.000            0.000            1.996            0.643            8.809            0.107           46.845            4.961            5.490            4.941           49.137            6.936            0.000            0.000
   365    12    31  2023     170       0  hru170         0.000       0.000      -6.344      -8.625            0.000            0.000            0.000            1.585            0.454            9.129            0.074           48.027            5.067            5.490            4.941           52.157            7.224            0.000            0.000
   365    12    31  2023     171       0  hru171         0.000       0.000     -10.231     -10.399           50.352            3.357            0.000            2.788            0.409            2.478            0.070            8.533            3.314            5.490            4.941           57.298           14.164            0.000            0.000
   365    12    31  2023     172       0  hru172         0.000       0.000      -7.447      -8.381           47.992            5.612            0.000            2.694            0.431            1.479            0.074            5.760            1.897            5.490            4.941           39.009            8.684            0.000            0.000
   365    12    31  2023     173       0  hru173         0.000       0.000     -10.813     -11.418           44.058            2.937            0.000            2.852            0.577            2.866            0.099            8.761            3.077            5.490            4.941           55.123           13.673            0.000            0.000
   365    12    31  2023     174       0  hru174         0.000       0.000     -15.169     -13.417           44.058            2.937           77.666            6.611            0.714           11.649            0.119           56.323            5.486            5.490            4.941          158.522           23.764            0.000            0.000
   365    12    31  2023     175       0  hru175         0.000       0.000      23.042      14.950          269.331           79.724            0.000           17.283            1.121           44.485            0.214            3.180            1.190            5.490            4.941           89.985           23.644            0.000            0.000
   365    12    31  2023     176       0  hru176         0.000       0.000      27.078      11.659          321.257           94.777           77.779           13.176            0.866           36.726            0.160           16.981            3.056            5.490            4.941          156.964           18.749            0.000            0.000
   365    12    31  2023     177       0  hru177         0.000       0.000      -7.466      -9.875            0.000            0.000            0.000            2.130            0.623            8.983            0.103           47.946            5.062            5.490            4.941           51.876            7.212            0.000            0.000
   365    12    31  2023     178       0  hru178         0.000       0.000      -7.543      -9.908            0.000            0.000            0.000            2.153            0.624            9.015            0.103           48.165            5.083            5.490            4.941           52.406            7.267            0.000            0.000
   365    12    31  2023     179       0  hru179         0.000       0.000      -5.693      -8.487            0.000            0.000            0.000           14.574            4.964            4.790            0.850           42.166            4.538            5.490            4.941           40.461            5.842            0.000            0.000
   365    12    31  2023     180       0  hru180         0.000       0.000     -10.343     -10.348           44.058            4.616          148.059            7.256            0.558           13.336            0.091           52.386            3.230            5.490            4.941          220.566           16.386            0.000            0.000
   365    12    31  2023     181       0  hru181         0.000       0.000      24.500      15.665          277.723           79.724           49.371           16.647            1.130           47.349            0.213           13.391            1.587            5.490            4.941          154.296           21.776            0.000            0.000
   365    12    31  2023     182       0  hru182         0.000       0.000      26.330      17.569          277.723           79.724           46.972           16.422            0.933           47.475            0.183           13.308            1.532            5.490            4.941          156.271           21.605            0.000            0.000
   365    12    31  2023     183       0  hru183         0.000       0.000      -7.239      -8.578          100.966           20.718           67.224            3.378            0.441            6.783            0.076           13.008            2.533            5.490            4.941          178.134           27.424            0.000            0.000
   365    12    31  2023     184       0  hru184         0.000       0.000      -7.937      -9.493           87.854           19.511           85.006            3.856            0.607            3.828            0.101            4.547            1.759            5.490            4.941          174.399           24.436            0.000            0.000
   365    12    31  2023     185       0  hru185         0.000       0.000      -7.787      -9.435          102.802           22.186           64.445            4.117            0.613            4.300            0.104            3.747            1.504            5.490            4.941          169.800           26.886            0.000            0.000
   365    12    31  2023     186       0  hru186         0.000       0.000     -11.931     -11.897           56.646            5.402           45.973            4.309            0.661            7.237            0.112           31.237            4.462            5.490            4.941          128.335           18.481            0.000            0.000
   365    12    31  2023     187       0  hru187         0.000       0.000     -14.014     -13.070           69.234            4.616           57.046            4.993            0.675            8.985            0.114           36.386            4.875            5.490            4.941          157.303           22.301            0.000            0.000
   365    12    31  2023     188       0  hru188         0.000       0.000      -8.339      -9.872           79.986           11.487           29.970            3.297            0.632            5.279            0.108           16.834            3.999            5.490            4.941          126.307           18.832            0.000            0.000
   365    12    31  2023     189       0  hru189         0.000       0.000      -9.850     -10.586           93.623           12.326            2.706            2.778            0.627            4.771            0.108           10.666            4.367            5.490            4.941          109.091           22.371            0.000            0.000
   365    12    31  2023     190       0  hru190         0.000       0.000     -13.746     -13.239           49.303            4.406          141.603           12.889            0.804           18.554            0.132          102.808            7.103            5.490            4.941          240.658           23.340            0.000            0.000
   365    12    31  2023     191       0  hru191         0.000       0.000     -10.294     -10.750           76.315           14.266           41.937            3.680            0.624            4.195            0.106           13.481            1.227            5.490            4.941          127.797           22.008            0.000            0.000
   365    12    31  2023     192       0  hru192         0.000       0.000      -7.886      -9.336          104.638           19.511           29.215            4.793            0.611            4.426            0.104           13.587            2.234            5.490            4.941          141.946           24.951            0.000            0.000
   365    12    31  2023     193       0  hru193         0.000       0.000      44.739      27.500          360.856          116.229            0.000           33.177            1.252           54.031            0.237           16.853            2.577            5.490            4.941           81.669           13.249            0.000            0.000
   365    12    31  2023     194       0  hru194         0.000       0.000     -13.793     -13.160           69.234            4.616           54.980            4.705            0.690            8.972            0.116           35.696            4.631            5.490            4.941          150.775           21.038            0.000            0.000
   365    12    31  2023     195       0  hru195         0.000       0.000      41.263      25.201          407.275          121.002            0.000           31.786            1.208           54.652            0.228           25.332            4.634            5.490            4.941          168.095           27.181            0.000            0.000
   365    12    31  2023     196       0  hru196         0.000       0.000      41.027      23.382          405.964          121.474            0.000           30.120            1.167           51.288            0.219           25.728            4.853            5.490            4.941          165.379           26.272            0.000            0.000
   365    12    31  2023     197       0  hru197         0.000       0.000      79.232      59.073          557.020          175.393            0.000          200.021            5.974           82.961            1.042           13.620            4.441            5.490            4.941          141.203           25.517            0.000            0.000
   365    12    31  2023     198       0  hru198         0.000       0.000      40.600      24.162          408.848          121.841            0.000           17.520            1.000           49.033            0.198           13.201            4.447            5.490            4.941          139.245           27.257            0.000            0.000
   365    12    31  2023     199       0  hru199         0.000       0.000      41.825      25.006          414.880          123.572            0.000           30.003            1.221           55.393            0.230           27.120            4.613            5.490            4.941          170.713           26.661            0.000            0.000
   365    12    31  2023     200       0  hru200         0.000       0.000      42.105      25.315          414.880          123.572            0.000           31.665            1.215           55.810            0.228           28.231            4.780            5.490            4.941          176.353           27.485            0.000            0.000
   365    12    31  2023     201       0  hru201         0.000       0.000      25.327      10.192          344.335           93.099            2.576           15.653            0.789           35.463            0.152            9.244            3.123            5.490            4.941          117.247           22.309            0.000            0.000
   365    12    31  2023     202       0  hru202         0.000       0.000     -16.673     -14.550           86.543            3.357           22.094            3.857            0.621            4.796            0.106           12.831            3.280            5.490            4.941          119.865           24.264            0.000            0.000
   365    12    31  2023     203       0  hru203         0.000       0.000     -12.641     -11.137          109.096           12.326            1.301            2.309            0.413            4.359            0.072            6.388            2.485            5.490            4.941          117.925           28.671            0.000            0.000
   365    12    31  2023     204       0  hru204         0.000       0.000     -17.769     -15.072          110.145            5.035           10.483            4.629            0.620            5.264            0.106           11.641            3.906            5.490            4.941          129.265           28.955            0.000            0.000
   365    12    31  2023     205       0  hru205         0.000       0.000      -3.241      -6.884           84.969           15.735           16.108            4.241            0.618            5.514            0.105           21.845            3.105            5.490            4.941          115.135           15.394            0.000            0.000
   365    12    31  2023     206       0  hru206         0.000       0.000      -3.984      -7.535           84.969           15.735           12.311            4.812            0.651            4.974            0.111           21.448            3.066            5.490            4.941          106.332           14.038            0.000            0.000
   365    12    31  2023     207       0  hru207         0.000       0.000      32.813      19.105          347.482          100.022           54.655           15.253            0.952           47.348            0.181           21.543            2.774            5.490            4.941          181.696           21.030            0.000            0.000
   365    12    31  2023     208       0  hru208         0.000       0.000     -11.865     -12.299           51.401            5.455           23.074            4.121            0.628            3.855            0.108           14.258            2.361            5.490            4.941           77.813           15.325            0.000            0.000
   365    12    31  2023     209       0  hru209         0.000       0.000     -15.484     -14.295           59.793            1.678           50.460            4.630            0.647            5.576            0.110           19.866            2.321            5.490            4.941          120.994           18.440            0.000            0.000
   365    12    31  2023     210       0  hru210         0.000       0.000     -14.059     -12.983           81.298            5.245           19.074            3.602            0.635            3.994            0.108           10.187            3.086            5.490            4.941          105.548           20.560            0.000            0.000
   365    12    31  2023     211       0  hru211         0.000       0.000     -12.721     -12.438          102.802           10.070            8.230            3.192            0.636            5.002            0.109            9.435            3.603            5.490            4.941          120.203           23.879            0.000            0.000
   365    12    31  2023     212       0  hru212         0.000       0.000      36.505      18.277          379.738          116.229           67.676           26.334            1.146           50.083            0.204           42.661            4.398            5.490            4.941          211.675           25.242            0.000            0.000
   365    12    31  2023     213       0  hru213         0.000       0.000     -13.281     -12.274          114.603           12.536            7.169            3.713            0.619            5.730            0.107           11.411            3.855            5.490            4.941          134.793           28.714            0.000            0.000
   365    12    31  2023     214       0  hru214         0.000       0.000     -16.365     -14.375           86.543            3.724            4.391            4.217            0.609            3.576            0.105            7.502            2.506            5.490            4.941           94.637           23.018            0.000            0.000
   365    12    31  2023     215       0  hru215         0.000       0.000     -16.485     -14.409           86.543            3.724            8.631            4.299            0.614            3.988            0.105            9.582            2.699            5.490            4.941          100.859           23.488            0.000            0.000
   365    12    31  2023     216       0  hru216         0.000       0.000      37.271      18.595          393.375          118.118            1.370           26.926            1.117           46.323            0.208           17.593            2.844            5.490            4.941          148.480           23.680            0.000            0.000
   365    12    31  2023     217       0  hru217         0.000       0.000     -18.282     -15.534          103.851            3.357            2.452            4.676            0.627            4.226            0.108            6.649            2.628            5.490            4.941          107.467           26.065            0.000            0.000
   365    12    31  2023     218       0  hru218         0.000       0.000     -15.037     -13.578           93.361            8.182           71.062            5.360            0.651            7.490            0.110           16.926            2.935            5.490            4.941          174.044           26.044            0.000            0.000
   365    12    31  2023     219       0  hru219         0.000       0.000     -11.912     -11.926           81.822           10.070           34.602            3.609            0.631            5.295            0.108           14.524            3.516            5.490            4.941          127.724           22.870            0.000            0.000
   365    12    31  2023     220       0  hru220         0.000       0.000      -5.234      -7.734          108.834           19.249           49.676            5.493            0.641            7.841            0.109           23.656            4.085            5.490            4.941          176.025           22.493            0.000            0.000
   365    12    31  2023     221       0  hru221         0.000       0.000      -5.116      -7.914           68.447           16.784            0.000           20.656            5.171           -1.274            0.888            2.180            1.657            5.490            4.941           62.663           18.119            0.000            0.000
   365    12    31  2023     222       0  hru222         0.000       0.000      -4.944      -8.628           90.476           17.571            0.815            3.385            0.770            0.260            0.132            0.626            0.113            5.490            4.941            7.079            0.917            0.000            0.000
   365    12    31  2023     223       0  hru223         0.000       0.000      60.849      40.793          514.797          156.511            4.439           37.527            1.483           76.537            0.296           10.431            3.364            5.490            4.941          118.684           21.693            0.000            0.000
   365    12    31  2023     224       0  hru224         0.000       0.000      24.613      16.773          294.507           81.403            0.850           15.800            0.897           45.707            0.179            4.157            2.491            5.490            4.941          130.993           27.614            0.000            0.000
   365    12    31  2023     225       0  hru225         0.000       0.000      41.824      22.847          397.572          125.146            0.143           22.922            1.043           45.120            0.196            8.695            2.763            5.490            4.941          151.197           26.818            0.000            0.000
   365    12    31  2023     226       0  hru226         0.000       0.000      39.916      21.130          397.572          125.146            0.065           25.831            1.078           45.267            0.204            9.244            2.907            5.490            4.941          155.099           28.078            0.000            0.000
   365    12    31  2023     227       0  hru227         0.000       0.000     -12.271     -11.643           91.788            8.969            0.963            4.031            0.575            3.486            0.099            7.335            3.335            5.490            4.941           94.712           23.814            0.000            0.000
   365    12    31  2023     228       0  hru228         0.000       0.000      25.231      16.445          293.458           84.969            0.000           20.373            1.086           45.149            0.209            2.767            1.766            5.490            4.941          116.311           26.430            0.000            0.000
   365    12    31  2023     229       0  hru229         0.000       0.000      31.361      14.299          349.842          103.222            0.000           16.565            0.780           35.296            0.154            6.145            2.849            5.490            4.941          118.929           23.263            0.000            0.000
   365    12    31  2023     230       0  hru230         0.000       0.000      -4.680      -7.687          119.848           27.274            0.000            3.968            0.560            3.786            0.097            3.333            2.480            5.490            4.941          121.839           28.615            0.000            0.000
   365    12    31  2023     231       0  hru231         0.000       0.000      24.992      16.726          292.934           79.304            2.533           20.100            1.122           46.035            0.210           11.685            2.217            5.490            4.941          121.573           21.442            0.000            0.000
   365    12    31  2023     232       0  hru232         0.000       0.000      -4.214      -7.205          106.474           22.029           69.503            3.598            0.437            6.507            0.074           14.022            2.429            5.490            4.941          185.224           23.559            0.000            0.000
   365    12    31  2023     233       0  hru233         0.000       0.000      -4.472      -7.248          106.474           22.029           64.211            3.761            0.437            6.482            0.074           14.626            2.450            5.490            4.941          180.322           24.071            0.000            0.000
   365    12    31  2023     234       0  hru234         0.000       0.000      70.603      43.109          585.867          181.058           46.255           34.955            1.201           71.029            0.244           12.755            0.947            5.490            4.941          168.668           19.867            0.000            0.000
   365    12    31  2023     235       0  hru235         0.000       0.000     -11.915     -11.580          117.488           14.476            9.414            5.094            0.622            5.008            0.107           10.684            2.730            5.490            4.941          131.310           26.929            0.000            0.000
   365    12    31  2023     236       0  hru236         0.000       0.000     -11.624     -11.291          111.981           15.473            0.000            3.875            0.580            3.661            0.100            3.432            1.628            5.490            4.941          113.733           27.111            0.000            0.000
   365    12    31  2023     237       0  hru237         0.000       0.000      29.666      20.328          297.654           84.969            0.000           15.370            0.885           44.995            0.176            4.170            1.675            5.490            4.941          126.021           23.258            0.000            0.000
   365    12    31  2023     238       0  hru238         0.000       0.000      -6.083      -7.646          113.030           20.823           75.635            4.692            0.613            5.658            0.103           13.167            3.159            5.490            4.941          200.344           25.561            0.000            0.000
   365    12    31  2023     239       0  hru239         0.000       0.000      -7.608      -9.736            0.000            0.000            0.000            1.900            0.643            8.615            0.107           45.670            4.850            5.490            4.941           47.190            6.653            0.000            0.000
   365    12    31  2023     240       0  hru240         0.000       0.000      -9.137     -11.514            0.000            0.000            0.000            1.322            0.798            7.246            0.134           37.888            4.089            5.490            4.941           30.220            4.747            0.000            0.000
   365    12    31  2023     241       0  hru241         0.000       0.000      -7.462     -10.592            0.000            0.000            0.000            2.598            0.756            8.622            0.127           46.338            4.924            5.490            4.941           48.553            6.858            0.000            0.000
   365    12    31  2023     242       0  hru242         0.000       0.000      -7.691     -10.683            0.000            0.000            0.000            2.711            0.757            8.708            0.127           46.920            4.978            5.490            4.941           49.994            7.008            0.000            0.000
   365    12    31  2023     243       0  hru243         0.000       0.000      -7.161      -9.514            0.000            0.000            0.000            2.091            0.619            8.892            0.103           47.395            4.998            5.490            4.941           51.119            7.051            0.000            0.000
   365    12    31  2023     244       0  hru244         0.000       0.000      -7.564     -10.624            0.000            0.000            0.000            2.717            0.753            8.716            0.126           46.949            4.980            5.490            4.941           50.045            7.012            0.000            0.000
   365    12    31  2023     245       0  hru245         0.000       0.000      -7.223     -10.473            0.000            0.000            0.000            2.641            0.748            8.673            0.125           46.633            4.951            5.490            4.941           49.286            6.929            0.000            0.000
   365    12    31  2023     246       0  hru246         0.000       0.000      -8.876     -10.992            0.000            0.000            0.000            0.605            0.637            1.882            0.109           13.763            2.398            5.490            4.941           21.512            4.256            0.000            0.000
   365    12    31  2023     247       0  hru247         0.000       0.000      32.877      18.654          363.741          104.113            0.000           25.442            1.029           40.424            0.192            4.007            0.693            5.490            4.941          130.180           22.593            0.000            0.000
   365    12    31  2023     248       0  hru248         0.000       0.000      29.939      16.492          339.614           94.358           47.051           29.533            1.131           47.484            0.209           26.323            2.899            5.490            4.941          170.217           18.724            0.000            0.000
   365    12    31  2023     249       0  hru249         0.000       0.000      29.711      16.306          339.614           94.358           46.930           29.147            1.127           47.491            0.208           25.680            2.902            5.490            4.941          171.344           19.109            0.000            0.000
   365    12    31  2023     250       0  hru250         0.000       0.000      31.146      13.788          367.413          104.638            0.000           22.930            0.959           35.190            0.177           11.212            1.795            5.490            4.941          137.987           21.784            0.000            0.000
   365    12    31  2023     251       0  hru251         0.000       0.000      -7.353     -10.536            0.000            0.000            0.000            2.598            0.753            8.612            0.126           46.256            4.916            5.490            4.941           48.410            6.841            0.000            0.000
   365    12    31  2023     252       0  hru252         0.000       0.000     -13.606     -13.690            0.000            0.000            0.000            0.745            0.941            4.990            0.159           25.956            2.037            5.490            4.941           11.055            1.390            0.000            0.000
   365    12    31  2023     253       0  hru253         0.000       0.000      -8.116     -10.978            0.000            0.000            0.000            2.132            0.777            8.240            0.130           43.840            4.685            5.490            4.941           42.789            6.248            0.000            0.000
   365    12    31  2023     254       0  hru254         0.000       0.000      -7.589     -10.653            0.000            0.000            0.000            2.425            0.758            8.434            0.127           45.070            4.805            5.490            4.941           45.610            6.547            0.000            0.000
   365    12    31  2023     255       0  hru255         0.000       0.000      -7.483     -10.588            0.000            0.000            0.000            2.705            0.752            8.706            0.126           46.875            4.973            5.490            4.941           49.865            6.993            0.000            0.000
   365    12    31  2023     256       0  hru256         0.000       0.000      -7.789     -10.153            0.000            0.000            0.000            2.203            0.639            9.044            0.106           48.487            5.104            5.490            4.941           53.431            7.345            0.000            0.000
   365    12    31  2023     257       0  hru257         0.000       0.000      -7.361     -10.535            0.000            0.000            0.000            2.671            0.750            8.691            0.126           46.766            4.963            5.490            4.941           49.604            6.964            0.000            0.000
   365    12    31  2023     258       0  hru258         0.000       0.000      -7.887     -10.781            0.000            0.000            0.000            2.529            0.763            8.519            0.128           45.669            4.861            5.490            4.941           47.022            6.698            0.000            0.000
   365    12    31  2023     259       0  hru259         0.000       0.000      -7.793     -10.154            0.000            0.000            0.000            2.204            0.639            9.044            0.106           48.487            5.103            5.490            4.941           53.434            7.345            0.000            0.000
   365    12    31  2023     260       0  hru260         0.000       0.000      -7.918     -10.226            0.000            0.000            0.000            2.179            0.645            9.001            0.107           48.281            5.075            5.490            4.941           52.977            7.287            0.000            0.000
   365    12    31  2023     261       0  hru261         0.000       0.000      -7.917     -10.218            0.000            0.000            0.000            2.155            0.644            8.960            0.107           48.043            5.048            5.490            4.941           52.472            7.226            0.000            0.000
   365    12    31  2023     262       0  hru262         0.000       0.000      -7.290     -10.503            0.000            0.000            0.000            2.659            0.749            8.682            0.125           46.698            4.957            5.490            4.941           49.440            6.946            0.000            0.000
   365    12    31  2023     263       0  hru263         0.000       0.000      -7.882     -10.213            0.000            0.000            0.000            2.179            0.645            8.989            0.107           48.261            5.077            5.490            4.941           52.907            7.283            0.000            0.000
   365    12    31  2023     264       0  hru264         0.000       0.000      -9.905     -11.739            0.000            0.000            0.000            1.943            0.827            7.881            0.139           41.878            4.341            5.490            4.941           38.626            5.583            0.000            0.000
   365    12    31  2023     265       0  hru265         0.000       0.000      -7.206     -10.483            0.000            0.000            0.000            2.372            0.750            8.407            0.126           44.832            4.782            5.490            4.941           45.013            6.478            0.000            0.000
   365    12    31  2023     266       0  hru266         0.000       0.000      -7.212     -10.469            0.000            0.000            0.000            2.638            0.747            8.671            0.125           46.622            4.950            5.490            4.941           49.260            6.926            0.000            0.000
   365    12    31  2023     267       0  hru267         0.000       0.000      -7.443     -10.571            0.000            0.000            0.000            2.687            0.751            8.701            0.126           46.842            4.970            5.490            4.941           49.787            6.984            0.000            0.000
   365    12    31  2023     268       0  hru268         0.000       0.000      -7.320     -10.528            0.000            0.000            0.000            2.557            0.754            8.577            0.126           46.035            4.896            5.490            4.941           47.895            6.788            0.000            0.000
   365    12    31  2023     269       0  hru269         0.000       0.000      -7.266     -10.502            0.000            0.000            0.000            2.545            0.752            8.563            0.126           45.934            4.887            5.490            4.941           47.683            6.766            0.000            0.000
   365    12    31  2023     270       0  hru270         0.000       0.000      -7.082     -10.431            0.000            0.000            0.000            2.501            0.751            8.576            0.126           45.978            4.890            5.490            4.941           47.615            6.752            0.000            0.000
   365    12    31  2023     271       0  hru271         0.000       0.000      -7.674      -9.471            0.000            0.000            0.000            1.448            0.481            8.834            0.078           46.296            4.912            5.490            4.941           48.670            6.838            0.000            0.000
   365    12    31  2023     272       0  hru272         0.000       0.000      -7.189      -9.229            0.000            0.000            0.000            1.513            0.467            8.956            0.076           47.015            4.972            5.490            4.941           50.263            6.986            0.000            0.000
   365    12    31  2023     273       0  hru273         0.000       0.000      -7.737      -9.487            0.000            0.000            0.000            1.457            0.481            8.845            0.078           46.334            4.915            5.490            4.941           48.675            6.835            0.000            0.000
   365    12    31  2023     274       0  hru274         0.000       0.000      32.238      18.054          363.741          104.113            0.000           24.956            1.038           40.532            0.194            4.535            0.796            5.490            4.941          128.189           22.606            0.000            0.000
   365    12    31  2023     275       0  hru275         0.000       0.000      32.080      18.067          363.741          104.113            0.000           24.367            1.044           40.630            0.194            5.031            0.825            5.490            4.941          128.242           22.703            0.000            0.000
   365    12    31  2023     276       0  hru276         0.000       0.000      32.132      14.581          367.413          104.638            0.000           25.266            0.958           34.948            0.177           10.895            1.670            5.490            4.941          133.866           20.357            0.000            0.000
   365    12    31  2023     277       0  hru277         0.000       0.000      31.288      13.961          367.413          104.638            0.000           22.856            0.966           35.416            0.178           12.236            1.885            5.490            4.941          137.287           21.500            0.000            0.000
   365    12    31  2023     278       0  hru278         0.000       0.000      -6.914     -10.339            0.000            0.000            0.000            2.595            0.766            8.600            0.128           46.182            4.909            5.490            4.941           48.034            6.801            0.000            0.000
   365    12    31  2023     279       0  hru279         0.000       0.000      -6.551      -8.927            0.000            0.000            0.000            1.616            0.487            9.152            0.079           48.430            5.114            5.490            4.941           53.451            7.366            0.000            0.000
   365    12    31  2023     280       0  hru280         0.000       0.000      -6.535      -8.916            0.000            0.000            0.000            1.640            0.486            9.197            0.079           48.726            5.141            5.490            4.941           54.146            7.439            0.000            0.000
   365    12    31  2023     281       0  hru281         0.000       0.000      -7.192     -10.739            0.000            0.000            0.000            0.824            0.753            1.807            0.129           13.804            2.414            5.490            4.941           21.488            4.265            0.000            0.000
   365    12    31  2023     282       0  hru282         0.000       0.000      -5.613      -8.688            0.000            0.000            0.000            5.432            5.459           -1.660            0.936           13.966            2.434            5.490            4.941           22.312            4.310            0.000            0.000
   365    12    31  2023     283       0  hru283         0.000       0.000      -7.706     -10.384            0.000            0.000            0.000            0.107            0.198            5.172            0.033           25.194            5.082            5.490            4.941           30.807            7.207            0.000            0.000
   365    12    31  2023     284       0  hru284         0.000       0.000      -5.894      -8.769            0.000            0.000            0.000            0.073            0.191            3.643            0.032           17.133            2.861            5.490            4.941           21.156            3.499            0.000            0.000
   365    12    31  2023     285       0  hru285         0.000       0.000      -6.488      -9.798            0.000            0.000            0.000            0.303            0.267            3.584            0.045           17.127            2.859            5.490            4.941           21.168            3.499            0.000            0.000
   365    12    31  2023     286       0  hru286         0.000       0.000      -6.417      -9.656            0.000            0.000            0.000            0.300            0.260            3.590            0.044           17.130            2.860            5.490            4.941           21.162            3.499            0.000            0.000
   365    12    31  2023     287       0  hru287         0.000       0.000      -6.551      -9.867            0.000            0.000            0.000            0.000            0.138            3.680            0.023           17.113            2.857            5.490            4.941           21.107            3.490            0.000            0.000
   365    12    31  2023     288       0  hru288         0.000       0.000      -9.984     -11.760            0.000            0.000            0.000            1.946            0.826            7.815            0.139           41.487            4.419            5.490            4.941           38.649            5.753            0.000            0.000
   365    12    31  2023     289       0  hru289         0.000       0.000      -7.627     -10.672            0.000            0.000            0.000            2.525            0.789            8.515            0.132           45.761            4.867            5.490            4.941           47.190            6.714            0.000            0.000
   365    12    31  2023     290       0  hru290         0.000       0.000      -6.091      -8.505            0.000            0.000            0.000            1.639            0.470            9.230            0.076           48.802            5.147            5.490            4.941           54.075            7.447            0.000            0.000
   365    12    31  2023     291       0  hru291         0.000       0.000      -9.013     -10.136            0.000            0.000            0.000            0.989            0.530            8.132            0.087           42.099            4.454            5.490            4.941           40.350            5.897            0.000            0.000
   365    12    31  2023     292       0  hru292         0.000       0.000      -5.218      -8.268            0.000            0.000            0.000           14.352            5.109            4.662            0.875           41.947            4.516            5.490            4.941           39.936            5.783            0.000            0.000
   365    12    31  2023     293       0  hru293         0.000       0.000      -5.175      -8.246            0.000            0.000            0.000           14.690            5.020            4.775            0.859           42.304            4.551            5.490            4.941           40.765            5.875            0.000            0.000
   365    12    31  2023     294       0  hru294         0.000       0.000     -12.728     -12.698           34.617            2.937          120.772            6.857            0.737           11.514            0.123           49.119            3.063            5.490            4.941          179.163           13.156            0.000            0.000
   365    12    31  2023     295       0  hru295         0.000       0.000     -10.916     -11.240           72.381            9.966           82.262            6.258            0.661            7.545            0.112           25.303            1.680            5.490            4.941          166.592           18.645            0.000            0.000
   365    12    31  2023     296       0  hru296         0.000       0.000     -13.288     -13.259           25.176            1.678           69.327            6.973            0.808            8.273            0.136           47.487            3.947            5.490            4.941          113.578           13.738            0.000            0.000
   365    12    31  2023     297       0  hru297         0.000       0.000      -7.308      -9.174           51.926           13.217           49.489            2.731            0.479            5.691            0.081           19.831            3.723            5.490            4.941          114.714           18.370            0.000            0.000
   365    12    31  2023     298       0  hru298         0.000       0.000     -14.669     -14.024           25.176            1.678          111.121           14.219            0.909           18.109            0.150           90.637            6.259            5.490            4.941          197.632           22.281            0.000            0.000
   365    12    31  2023     299       0  hru299         0.000       0.000      -7.477      -9.323            0.000            0.000            0.000           12.957            5.438            4.267            0.931           40.847            4.400            5.490            4.941           37.311            5.495            0.000            0.000
   365    12    31  2023     300       0  hru300         0.000       0.000      26.664      10.358          321.257           94.777           77.185           35.634            1.156           36.428            0.207           16.787            3.074            5.490            4.941          162.600           19.359            0.000            0.000
   365    12    31  2023     301       0  hru301         0.000       0.000     -10.173     -10.712           25.176            1.678           55.259           37.893            5.237            5.820            0.897           41.165            3.514            5.490            4.941           93.602           13.336            0.000            0.000
   365    12    31  2023     302       0  hru302         0.000       0.000      -5.334      -8.321            0.000            0.000            0.000           14.350            5.097            4.671            0.873           41.991            4.521            5.490            4.941           40.050            5.798            0.000            0.000
   365    12    31  2023     303       0  hru303         0.000       0.000      79.588      59.053          557.020          175.393            0.000          195.533            6.338           82.195            1.105           10.956            4.161            5.490            4.941          131.313           24.171            0.000            0.000
   365    12    31  2023     304       0  hru304         0.000       0.000      -6.911     -10.341            0.000            0.000            0.000            2.534            0.764            8.547            0.128           45.835            4.877            5.490            4.941           47.296            6.724            0.000            0.000
   365    12    31  2023     305       0  hru305         0.000       0.000      -7.657     -10.212            0.000            0.000            0.000            1.178            0.376            9.443            0.059           49.793            5.225            5.490            4.941           56.369            7.676            0.000            0.000
   365    12    31  2023     306       0  hru306         0.000       0.000      -7.797     -10.783            0.000            0.000            0.000            2.301            0.780            8.286            0.131           44.263            4.723            5.490            4.941           43.926            6.370            0.000            0.000
   365    12    31  2023     307       0  hru307         0.000       0.000     -12.751     -12.919            0.000            0.000            0.000            0.651            0.421            7.820            0.067           40.129            3.634            5.490            4.941           36.462            4.596            0.000            0.000
   365    12    31  2023     308       0  hru308         0.000       0.000      -7.625     -10.198            0.000            0.000            0.000            1.175            0.376            9.440            0.059           49.770            5.224            5.490            4.941           56.314            7.672            0.000            0.000
   365    12    31  2023     309       0  hru309         0.000       0.000      -7.118     -10.419            0.000            0.000            0.000            2.736            0.765            8.736            0.128           47.145            4.999            5.490            4.941           50.505            7.062            0.000            0.000
   365    12    31  2023     310       0  hru310         0.000       0.000      -7.690     -10.175            0.000            0.000            0.000            2.136            0.660            8.952            0.110           47.974            5.052            5.490            4.941           52.235            7.226            0.000            0.000
   365    12    31  2023     311       0  hru311         0.000       0.000      -7.003     -10.376            0.000            0.000            0.000            2.644            0.767            8.646            0.128           46.535            4.942            5.490            4.941           49.028            6.908            0.000            0.000
   365    12    31  2023     312       0  hru312         0.000       0.000      -7.627     -10.199            0.000            0.000            0.000            1.175            0.376            9.440            0.059           49.771            5.224            5.490            4.941           56.316            7.672            0.000            0.000
   365    12    31  2023     313       0  hru313         0.000       0.000      -6.798     -10.280            0.000            0.000            0.000            2.630            0.748            8.667            0.125           46.596            4.947            5.490            4.941           49.209            6.920            0.000            0.000
   365    12    31  2023     314       0  hru314         0.000       0.000      33.036      15.094          367.413          104.638            0.000           29.240            0.936           35.486            0.172           14.825            2.100            5.490            4.941          140.709           20.548            0.000            0.000
