 Mini_CREATE               SWAT+ Jan 11 2024        MODULAR Rev 2024.61.0                                 
  jday   mon   day    yr    unit  gis_id  name            grzn        grzp        lab_min_p   act_sta_p       fertn            fertp            fixn             denit            act_nit_n        act_sta_n        org_lab_p        rsd_nitorg_n     rsd_laborg_p    no3atmo          nh4atmo          nuptake          puptake                gwsoiln          gwsoilp
                                                          kgha        kgha        kgha        kgha             kgha             kgha             kgha             kgha             kgha             kgha             kgha             kgha             kgha             kgha             kgha             kgha             kgha                    kgha             kgha
   365    12    31  2023       1       0  hru001         0.000       0.000      -7.865     -10.183            0.000            0.000            0.000            2.211            0.643            9.056            0.107           48.542            5.102            5.490            4.941           53.570            7.353            0.000            0.000
   365    12    31  2023       2       0  hru002         0.000       0.000      -7.907     -10.266            0.000            0.000            0.000            2.214            0.644            9.062            0.107           48.592            5.102            5.490            4.941           53.658            7.359            0.000            0.000
   365    12    31  2023       3       0  hru003         0.000       0.000      -6.653      -8.775            0.000            0.000            0.000            1.447            0.460            8.916            0.075           46.571            4.936            5.490            4.941           48.458            6.854            0.000            0.000
   365    12    31  2023       4       0  hru004         0.000       0.000      -7.022     -10.386            0.000            0.000            0.000            2.590            0.744            8.643            0.125           46.397            4.929            5.490            4.941           48.715            6.865            0.000            0.000
   365    12    31  2023       5       0  hru005         0.000       0.000      -7.247     -10.484            0.000            0.000            0.000            2.645            0.748            8.676            0.125           46.657            4.953            5.490            4.941           49.345            6.935            0.000            0.000
   365    12    31  2023       6       0  hru006         0.000       0.000      -7.116     -10.427            0.000            0.000            0.000            2.617            0.746            8.658            0.125           46.519            4.940            5.490            4.941           49.010            6.898            0.000            0.000
   365    12    31  2023       7       0  hru007         0.000       0.000      -7.446     -10.572            0.000            0.000            0.000            2.689            0.751            8.701            0.126           46.844            4.970            5.490            4.941           49.792            6.984            0.000            0.000
   365    12    31  2023       8       0  hru008         0.000       0.000      -7.008     -10.379            0.000            0.000            0.000            2.585            0.744            8.640            0.125           46.376            4.927            5.490            4.941           48.664            6.859            0.000            0.000
   365    12    31  2023       9       0  hru009         0.000       0.000      -9.106     -10.944            0.000            0.000            0.000            1.612            0.695            8.428            0.116           44.976            4.552            5.490            4.941           45.467            6.216            0.000            0.000
   365    12    31  2023      10       0  hru010         0.000       0.000      -7.466     -10.581            0.000            0.000            0.000            2.695            0.752            8.704            0.126           46.861            4.972            5.490            4.941           49.833            6.989            0.000            0.000
   365    12    31  2023      11       0  hru011         0.000       0.000      -7.450     -10.574            0.000            0.000            0.000            2.690            0.751            8.702            0.126           46.848            4.971            5.490            4.941           49.801            6.985            0.000            0.000
   365    12    31  2023      12       0  hru012         0.000       0.000      -7.838     -10.746            0.000            0.000            0.000            2.753            0.759            8.747            0.127           47.198            5.003            5.490            4.941           50.641            7.076            0.000            0.000
   365    12    31  2023      13       0  hru013         0.000       0.000      -7.352     -10.530            0.000            0.000            0.000            2.670            0.750            8.690            0.125           46.757            4.962            5.490            4.941           49.584            6.962            0.000            0.000
   365    12    31  2023      14       0  hru014         0.000       0.000      -7.393     -10.549            0.000            0.000            0.000            2.677            0.750            8.695            0.126           46.795            4.966            5.490            4.941           49.675            6.972            0.000            0.000
   365    12    31  2023      15       0  hru015         0.000       0.000      -7.230     -10.477            0.000            0.000            0.000            2.642            0.748            8.674            0.125           46.640            4.951            5.490            4.941           49.304            6.931            0.000            0.000
   365    12    31  2023      16       0  hru016         0.000       0.000      -8.549     -10.214            0.000            0.000            0.000            1.546            0.685            8.090            0.114           42.478            4.495            5.490            4.941           40.206            5.849            0.000            0.000
   365    12    31  2023      17       0  hru017         0.000       0.000      -6.030      -8.256            0.000            0.000            0.000            1.579            0.454            9.118            0.074           47.944            5.058            5.490            4.941           51.915            7.199            0.000            0.000
   365    12    31  2023      18       0  hru018         0.000       0.000      -7.445      -9.161            0.000            0.000            0.000            1.308            0.484            8.673            0.079           45.058            4.792            5.490            4.941           44.824            6.480            0.000            0.000
   365    12    31  2023      19       0  hru019         0.000       0.000      -9.238     -11.444            0.000            0.000            0.000            1.966            0.814            8.018            0.137           42.491            4.532            5.490            4.941           39.329            5.845            0.000            0.000
   365    12    31  2023      20       0  hru020         0.000       0.000      -7.448      -9.187            0.000            0.000            0.000            1.204            0.484            8.472            0.079           43.704            4.661            5.490            4.941           41.848            6.148            0.000            0.000
   365    12    31  2023      21       0  hru021         0.000       0.000      -6.501      -8.693            0.000            0.000            0.000            1.596            0.456            9.150            0.074           48.183            5.083            5.490            4.941           52.555            7.270            0.000            0.000
   365    12    31  2023      22       0  hru022         0.000       0.000      -6.537      -8.709            0.000            0.000            0.000            1.599            0.457            9.155            0.074           48.222            5.087            5.490            4.941           52.652            7.280            0.000            0.000
   365    12    31  2023      23       0  hru023         0.000       0.000      -5.861      -8.564            0.000            0.000            0.000           14.690            4.990            4.787            0.854           42.271            4.548            5.490            4.941           40.672            5.867            0.000            0.000
   365    12    31  2023      24       0  hru024         0.000       0.000      -5.941      -8.600            0.000            0.000            0.000           14.747            5.004            4.784            0.857           42.313            4.552            5.490            4.941           40.754            5.876            0.000            0.000
   365    12    31  2023      25       0  hru025         0.000       0.000      -6.251      -8.584            0.000            0.000            0.000            1.577            0.453            9.118            0.073           47.939            5.058            5.490            4.941           51.933            7.197            0.000            0.000
   365    12    31  2023      26       0  hru026         0.000       0.000      -6.546      -8.714            0.000            0.000            0.000            1.591            0.457            9.142            0.074           48.136            5.079            5.490            4.941           52.438            7.259            0.000            0.000
   365    12    31  2023      27       0  hru027         0.000       0.000      -7.149      -9.197            0.000            0.000            0.000            1.592            0.463            9.091            0.075           47.888            5.048            5.490            4.941           52.280            7.187            0.000            0.000
   365    12    31  2023      28       0  hru028         0.000       0.000      -6.226      -8.574            0.000            0.000            0.000            1.575            0.452            9.115            0.073           47.917            5.056            5.490            4.941           51.876            7.190            0.000            0.000
   365    12    31  2023      29       0  hru029         0.000       0.000      -6.799      -9.043            0.000            0.000            0.000            1.538            0.457            9.002            0.074           47.246            4.986            5.490            4.941           50.748            7.018            0.000            0.000
   365    12    31  2023      30       0  hru030         0.000       0.000      -7.769     -10.252            0.000            0.000            0.000            2.116            0.643            8.994            0.107           48.153            5.078            5.490            4.941           52.373            7.265            0.000            0.000
   365    12    31  2023      31       0  hru031         0.000       0.000      -6.538      -8.540            0.000            0.000            0.000            1.300            0.476            8.636            0.078           44.861            4.784            5.490            4.941           44.529            6.463            0.000            0.000
   365    12    31  2023      32       0  hru032         0.000       0.000      -7.839     -10.422            0.000            0.000            0.000            0.580            0.554            1.263            0.095            9.184            1.877            5.490            4.941           18.481            3.961            0.000            0.000
   365    12    31  2023      33       0  hru033         0.000       0.000      -6.475      -8.944            0.000            0.000            0.000            0.380            0.371            1.351            0.063            8.856            1.827            5.490            4.941           17.905            3.874            0.000            0.000
   365    12    31  2023      34       0  hru034         0.000       0.000      -8.152     -10.443            0.000            0.000            0.000            0.641            0.613            1.936            0.105           14.009            2.448            5.490            4.941           21.946            4.350            0.000            0.000
   365    12    31  2023      35       0  hru035         0.000       0.000      -6.816      -9.112            0.000            0.000            0.000            0.476            0.423            2.084            0.072           14.044            2.455            5.490            4.941           22.025            4.367            0.000            0.000
   365    12    31  2023      36       0  hru036         0.000       0.000      -7.471      -9.394            0.000            0.000            0.000            0.484            0.431            2.087            0.073           14.103            2.464            5.490            4.941           22.153            4.390            0.000            0.000
   365    12    31  2023      37       0  hru037         0.000       0.000      -9.018     -11.051            0.000            0.000            0.000            0.592            0.641            1.868            0.109           13.674            2.379            5.490            4.941           21.370            4.225            0.000            0.000
   365    12    31  2023      38       0  hru038         0.000       0.000      -7.048      -9.211            0.000            0.000            0.000            0.478            0.425            2.084            0.072           14.056            2.457            5.490            4.941           22.054            4.372            0.000            0.000
   365    12    31  2023      39       0  hru039         0.000       0.000      -6.754      -9.085            0.000            0.000            0.000            0.476            0.423            2.084            0.072           14.042            2.454            5.490            4.941           22.019            4.366            0.000            0.000
   365    12    31  2023      40       0  hru040         0.000       0.000      -8.868     -10.913            0.000            0.000            0.000            0.637            0.637            1.850            0.109           13.707            2.361            5.490            4.941           21.609            4.233            0.000            0.000
   365    12    31  2023      41       0  hru041         0.000       0.000      -7.402      -9.377            0.000            0.000            0.000            0.439            0.430            2.004            0.073           13.556            2.374            5.490            4.941           21.113            4.200            0.000            0.000
   365    12    31  2023      42       0  hru042         0.000       0.000      -9.055     -11.067            0.000            0.000            0.000            0.589            0.641            1.863            0.110           13.647            2.374            5.490            4.941           21.327            4.215            0.000            0.000
   365    12    31  2023      43       0  hru043         0.000       0.000      -7.024      -9.992            0.000            0.000            0.000            0.268            0.327            4.122            0.056           20.391            3.675            5.490            4.941           25.397            5.078            0.000            0.000
   365    12    31  2023      44       0  hru044         0.000       0.000      -8.065     -10.586            0.000            0.000            0.000            0.750            0.481            4.927            0.082           24.741            5.252            5.490            4.941           29.105            7.231            0.000            0.000
   365    12    31  2023      45       0  hru045         0.000       0.000      -6.417      -9.656            0.000            0.000            0.000            0.300            0.260            3.590            0.044           17.130            2.860            5.490            4.941           21.164            3.499            0.000            0.000
   365    12    31  2023      46       0  hru046         0.000       0.000      -7.223      -9.695            0.000            0.000            0.000            0.534            0.418            4.871            0.071           24.401            5.013            5.490            4.941           28.940            6.952            0.000            0.000
   365    12    31  2023      47       0  hru047         0.000       0.000      -6.552      -9.867            0.000            0.000            0.000            0.000            0.138            3.680            0.023           17.113            2.857            5.490            4.941           21.108            3.490            0.000            0.000
   365    12    31  2023      48       0  hru048         0.000       0.000      -5.535      -8.508            0.000            0.000            0.000            0.000            1.933            2.288            0.331           16.876            2.811            5.490            4.941           20.738            3.383            0.000            0.000
   365    12    31  2023      49       0  hru049         0.000       0.000      -6.965     -10.491            0.000            0.000            0.000            0.001            0.309            3.586            0.053           17.295            2.897            5.490            4.941           21.442            3.562            0.000            0.000
   365    12    31  2023      50       0  hru050         0.000       0.000      -6.965     -10.491            0.000            0.000            0.000            0.001            0.309            3.586            0.053           17.295            2.897            5.490            4.941           21.442            3.562            0.000            0.000
   365    12    31  2023      51       0  hru051         0.000       0.000      -6.965     -10.491            0.000            0.000            0.000            0.001            0.309            3.586            0.053           17.294            2.897            5.490            4.941           21.440            3.562            0.000            0.000
   365    12    31  2023      52       0  hru052         0.000       0.000      -8.065     -10.990            0.000            0.000            0.000            0.284            0.432            4.879            0.073           24.689            4.958            5.490            4.941           30.294            7.045            0.000            0.000
   365    12    31  2023      53       0  hru053         0.000       0.000     -10.357     -12.149            0.000            0.000            0.000            0.396            0.647            3.974            0.110           20.262            4.345            5.490            4.941           22.279            5.745            0.000            0.000
   365    12    31  2023      54       0  hru054         0.000       0.000      -6.965     -10.491            0.000            0.000            0.000            0.001            0.309            3.586            0.053           17.295            2.897            5.490            4.941           21.443            3.562            0.000            0.000
   365    12    31  2023      55       0  hru055         0.000       0.000      -6.949     -10.050            0.000            0.000            0.000            2.093            0.573           -0.225            0.098            0.830            0.132            5.490            4.941            1.888            0.305            0.000            0.000
   365    12    31  2023      56       0  hru056         0.000       0.000      -6.455     -10.343            0.000            0.000            0.000            2.468            0.700           -0.314            0.120            0.818            0.130            5.490            4.941            1.964            0.314            0.000            0.000
   365    12    31  2023      57       0  hru057         0.000       0.000      -7.038     -10.059            0.000            0.000            0.000            2.122            0.579           -0.228            0.099            0.820            0.130            5.490            4.941            1.811            0.293            0.000            0.000
   365    12    31  2023      58       0  hru058         0.000       0.000      -7.036     -10.162            0.000            0.000            0.000            1.918            0.576           -0.222            0.099            0.919            0.145            5.490            4.941            2.108            0.336            0.000            0.000
   365    12    31  2023      59       0  hru059         0.000       0.000      -7.090     -10.067            0.000            0.000            0.000            2.125            0.580           -0.226            0.099            0.851            0.135            5.490            4.941            1.972            0.316            0.000            0.000
   365    12    31  2023      60       0  hru060         0.000       0.000      -7.093     -10.297            0.000            0.000            0.000            1.672            0.582           -0.245            0.100            0.805            0.128            5.490            4.941            1.854            0.295            0.000            0.000
   365    12    31  2023      61       0  hru061         0.000       0.000      -6.521      -9.478            0.000            0.000            0.000            1.643            0.571           -0.221            0.098            0.783            0.124            5.490            4.941            2.118            0.340            0.000            0.000
   365    12    31  2023      62       0  hru062         0.000       0.000      -6.709      -9.728            0.000            0.000            0.000            1.308            0.580           -0.249            0.099            0.777            0.123            5.490            4.941            2.097            0.336            0.000            0.000
   365    12    31  2023      63       0  hru063         0.000       0.000      -7.517     -10.368            0.000            0.000            0.000            1.753            0.593           -0.248            0.102            0.758            0.120            5.490            4.941            1.752            0.277            0.000            0.000
   365    12    31  2023      64       0  hru064         0.000       0.000      -6.266     -10.259            0.000            0.000            0.000            2.515            0.699           -0.308            0.120            0.856            0.136            5.490            4.941            1.944            0.310            0.000            0.000
   365    12    31  2023      65       0  hru065         0.000       0.000      -6.310     -10.279            0.000            0.000            0.000            2.477            0.698           -0.307            0.120            0.851            0.134            5.490            4.941            2.066            0.328            0.000            0.000
   365    12    31  2023      66       0  hru066         0.000       0.000      -6.201     -10.231            0.000            0.000            0.000            2.535            0.698           -0.310            0.120            0.847            0.135            5.490            4.941            1.917            0.306            0.000            0.000
   365    12    31  2023      67       0  hru067         0.000       0.000      -5.135      -8.115            0.000            0.000            0.000            1.474            0.384           -0.073            0.066            0.870            0.139            5.490            4.941            2.015            0.322            0.000            0.000
   365    12    31  2023      68       0  hru068         0.000       0.000      -6.580     -10.397            0.000            0.000            0.000            2.462            0.699           -0.309            0.120            0.845            0.134            5.490            4.941            2.010            0.324            0.000            0.000
   365    12    31  2023      69       0  hru069         0.000       0.000      -6.756     -10.473            0.000            0.000            0.000            2.483            0.704           -0.310            0.121            0.866            0.137            5.490            4.941            1.944            0.309            0.000            0.000
   365    12    31  2023      70       0  hru070         0.000       0.000      -6.922     -10.548            0.000            0.000            0.000            2.415            0.699           -0.316            0.120            0.807            0.128            5.490            4.941            2.207            0.360            0.000            0.000
   365    12    31  2023      71       0  hru071         0.000       0.000      -7.005     -10.585            0.000            0.000            0.000            2.499            0.707           -0.317            0.121            0.845            0.134            5.490            4.941            1.914            0.306            0.000            0.000
   365    12    31  2023      72       0  hru072         0.000       0.000      -6.698     -10.450            0.000            0.000            0.000            2.482            0.700           -0.310            0.120            0.847            0.134            5.490            4.941            1.959            0.311            0.000            0.000
   365    12    31  2023      73       0  hru073         0.000       0.000      -8.326     -10.644            0.000            0.000            0.000            1.278            0.625           -0.315            0.107            0.534            0.084            5.490            4.941            0.825            0.130            0.000            0.000
   365    12    31  2023      74       0  hru074         0.000       0.000      -7.097     -10.134            0.000            0.000            0.000            2.147            0.579           -0.226            0.099            0.819            0.130            5.490            4.941            1.872            0.299            0.000            0.000
   365    12    31  2023      75       0  hru075         0.000       0.000      -7.125     -10.098            0.000            0.000            0.000            2.073            0.583           -0.235            0.100            0.794            0.126            5.490            4.941            1.775            0.282            0.000            0.000
   365    12    31  2023      76       0  hru076         0.000       0.000      -6.747      -9.575            0.000            0.000            0.000            1.660            0.580           -0.219            0.099            0.853            0.135            5.490            4.941            1.982            0.316            0.000            0.000
   365    12    31  2023      77       0  hru077         0.000       0.000      -6.605      -8.999            0.000            0.000            0.000            0.999            0.403           -0.082            0.069            0.886            0.140            5.490            4.941            2.121            0.338            0.000            0.000
   365    12    31  2023      78       0  hru078         0.000       0.000      -6.074      -8.760            0.000            0.000            0.000            1.201            0.394           -0.085            0.068            0.845            0.135            5.490            4.941            1.920            0.306            0.000            0.000
   365    12    31  2023      79       0  hru079         0.000       0.000      -8.234      -9.716            0.000            0.000            0.000            0.737            0.438           -0.171            0.075            0.536            0.086            5.490            4.941            0.798            0.126            0.000            0.000
   365    12    31  2023      80       0  hru080         0.000       0.000      -5.419      -8.472            0.000            0.000            0.000            1.459            0.383           -0.074            0.066            0.843            0.133            5.490            4.941            1.946            0.311            0.000            0.000
   365    12    31  2023      81       0  hru081         0.000       0.000      -9.028     -10.127            0.000            0.000            0.000            0.593            0.467           -0.235            0.080            0.273            0.045            5.490            4.941            0.272            0.045            0.000            0.000
   365    12    31  2023      82       0  hru082         0.000       0.000      -7.297      -9.299            0.000            0.000            0.000            0.930            0.418           -0.119            0.072            0.727            0.116            5.490            4.941            1.655            0.265            0.000            0.000
   365    12    31  2023      83       0  hru083         0.000       0.000      -7.190      -9.245            0.000            0.000            0.000            0.919            0.414           -0.113            0.071            0.743            0.118            5.490            4.941            1.692            0.271            0.000            0.000
   365    12    31  2023      84       0  hru084         0.000       0.000      -6.080      -8.763            0.000            0.000            0.000            1.289            0.393           -0.084            0.067            0.831            0.131            5.490            4.941            1.988            0.317            0.000            0.000
   365    12    31  2023      85       0  hru085         0.000       0.000      -5.717      -8.603            0.000            0.000            0.000            1.462            0.388           -0.079            0.066            0.858            0.136            5.490            4.941            1.951            0.311            0.000            0.000
   365    12    31  2023      86       0  hru086         0.000       0.000      -8.043     -10.700            0.000            0.000            0.000            1.432            0.611           -0.278            0.105            0.762            0.121            5.490            4.941            1.387            0.221            0.000            0.000
   365    12    31  2023      87       0  hru087         0.000       0.000     -11.895     -12.799            0.000            0.000            0.000            0.953            0.831           -0.500            0.143            0.306            0.053            5.490            4.941            0.307            0.054            0.000            0.000
   365    12    31  2023      88       0  hru088         0.000       0.000      -5.684      -8.757            0.000            0.000            0.000           10.929            5.261           -3.724            0.902            0.766            0.122            5.490            4.941            2.142            0.342            0.000            0.000
   365    12    31  2023      89       0  hru089         0.000       0.000      -6.480      -8.937            0.000            0.000            0.000            0.993            0.397           -0.093            0.068            0.770            0.122            5.490            4.941            2.081            0.333            0.000            0.000
   365    12    31  2023      90       0  hru090         0.000       0.000      -6.351      -8.882            0.000            0.000            0.000            1.056            0.396           -0.078            0.068            0.878            0.139            5.490            4.941            2.033            0.324            0.000            0.000
   365    12    31  2023      91       0  hru091         0.000       0.000      -5.679      -8.754            0.000            0.000            0.000           11.331            5.259           -3.719            0.902            0.770            0.123            5.490            4.941            2.072            0.333            0.000            0.000
   365    12    31  2023      92       0  hru092         0.000       0.000      -7.503     -10.371            0.000            0.000            0.000            1.708            0.593           -0.248            0.102            0.766            0.121            5.490            4.941            1.773            0.282            0.000            0.000
   365    12    31  2023      93       0  hru093         0.000       0.000      -6.543      -8.970            0.000            0.000            0.000            1.069            0.402           -0.089            0.069            0.852            0.134            5.490            4.941            2.033            0.324            0.000            0.000
   365    12    31  2023      94       0  hru094         0.000       0.000      -5.604      -8.720            0.000            0.000            0.000           11.486            5.256           -3.709            0.901            0.830            0.132            5.490            4.941            1.957            0.318            0.000            0.000
   365    12    31  2023      95       0  hru095         0.000       0.000      -7.183     -10.211            0.000            0.000            0.000            1.853            0.585           -0.234            0.100            0.796            0.126            5.490            4.941            1.793            0.286            0.000            0.000
   365    12    31  2023      96       0  hru096         0.000       0.000      -6.176      -8.988            0.000            0.000            0.000            9.716            5.388           -3.807            0.924            0.869            0.138            5.490            4.941            1.952            0.312            0.000            0.000
   365    12    31  2023      97       0  hru097         0.000       0.000      -5.004      -8.457            0.000            0.000            0.000           11.383            5.188           -3.658            0.890            0.831            0.132            5.490            4.941            1.914            0.312            0.000            0.000
   365    12    31  2023      98       0  hru098         0.000       0.000      -7.176     -10.240            0.000            0.000            0.000            1.781            0.583           -0.233            0.100            0.822            0.130            5.490            4.941            1.893            0.301            0.000            0.000
   365    12    31  2023      99       0  hru099         0.000       0.000      -8.492     -10.986            0.000            0.000            0.000            1.287            0.632           -0.351            0.108            0.515            0.082            5.490            4.941            0.827            0.131            0.000            0.000
   365    12    31  2023     100       0  hru100         0.000       0.000      -8.801     -10.970            0.000            0.000            0.000            1.231            0.646           -0.357            0.111            0.363            0.059            5.490            4.941            0.469            0.075            0.000            0.000
   365    12    31  2023     101       0  hru101         0.000       0.000      -5.870      -8.664            0.000            0.000            0.000            1.127            0.388           -0.072            0.066            0.869            0.138            5.490            4.941            2.027            0.329            0.000            0.000
   365    12    31  2023     102       0  hru102         0.000       0.000      -9.557     -11.372            0.000            0.000           95.886            6.147            0.695            9.167            0.117           47.425            2.115            5.490            4.941          127.448            6.109            0.000            0.000
   365    12    31  2023     103       0  hru103         0.000       0.000      -9.485     -10.360            0.000            0.000           96.642            3.109            0.522            7.808            0.087           40.570            1.807            5.490            4.941          109.482            5.246            0.000            0.000
   365    12    31  2023     104       0  hru104         0.000       0.000     -11.138     -12.066           25.176            1.678           77.080            5.779            0.687            8.563            0.116           40.813            2.959            5.490            4.941          129.591           11.452            0.000            0.000
   365    12    31  2023     105       0  hru105         0.000       0.000      -8.095      -9.524           19.931            3.567           69.527            3.682            0.483            6.508            0.081           33.893            2.585            5.490            4.941          108.630            9.385            0.000            0.000
   365    12    31  2023     106       0  hru106         0.000       0.000      -9.592     -11.240            9.441            1.259          124.389            7.627            0.715           11.767            0.119           53.067            2.291            5.490            4.941          170.796            8.228            0.000            0.000
   365    12    31  2023     107       0  hru107         0.000       0.000      -8.730     -10.620           58.744            8.392           42.024            3.866            0.645            5.966            0.109           20.856            3.412            5.490            4.941          118.535           14.959            0.000            0.000
   365    12    31  2023     108       0  hru108         0.000       0.000      62.460      41.918          485.425          153.154           20.095           36.062            1.494           75.943            0.296            9.850            1.715            5.490            4.941          105.187           14.819            0.000            0.000
   365    12    31  2023     109       0  hru109         0.000       0.000      31.348      15.687          328.600           99.026           21.726           22.481            1.008           38.501            0.186            9.118            1.275            5.490            4.941          128.498           18.818            0.000            0.000
   365    12    31  2023     110       0  hru110         0.000       0.000     -12.254     -12.095           44.583            2.727           40.638            4.483            0.606            4.713            0.103           18.876            2.628            5.490            4.941           97.196           16.011            0.000            0.000
   365    12    31  2023     111       0  hru111         0.000       0.000     -11.551     -11.661           50.877            4.773           23.231            3.960            0.628            3.805            0.108           14.598            2.547            5.490            4.941           78.086           15.537            0.000            0.000
   365    12    31  2023     112       0  hru112         0.000       0.000      65.445      38.734          567.772          178.068           21.294           43.104            1.389           69.085            0.272            3.934            1.743            5.490            4.941          125.049           20.780            0.000            0.000
   365    12    31  2023     113       0  hru113         0.000       0.000      -6.423      -7.641           73.168           15.473           40.188            2.363            0.412            3.623            0.069            6.886            2.914            5.490            4.941          120.466           22.088            0.000            0.000
   365    12    31  2023     114       0  hru114         0.000       0.000     103.152      68.889          646.185          228.263           85.798           34.212            1.529           94.774            0.318           43.660            2.318            5.490            4.941          210.783           14.527            0.000            0.000
   365    12    31  2023     115       0  hru115         0.000       0.000     -11.568     -11.920           77.364            7.920           23.286            3.929            0.636            5.104            0.109           15.455            2.881            5.490            4.941          111.735           18.942            0.000            0.000
   365    12    31  2023     116       0  hru116         0.000       0.000     -11.086     -10.634           66.612            6.923           40.612            3.130            0.443            5.468            0.075           18.036            3.003            5.490            4.941          117.973           19.949            0.000            0.000
   365    12    31  2023     117       0  hru117         0.000       0.000     -10.183     -10.192           72.906            8.969           22.900            2.902            0.425            4.952            0.073           15.420            3.337            5.490            4.941          109.312           21.402            0.000            0.000
   365    12    31  2023     118       0  hru118         0.000       0.000     -10.243     -10.204           72.906            8.969           23.036            2.943            0.424            4.924            0.073           15.303            3.283            5.490            4.941          109.111           21.454            0.000            0.000
   365    12    31  2023     119       0  hru119         0.000       0.000     -10.250     -10.803           72.381            9.966           78.528            6.455            0.651            7.793            0.110           24.793            1.682            5.490            4.941          166.494           18.776            0.000            0.000
   365    12    31  2023     120       0  hru120         0.000       0.000     -10.300     -10.714           44.583            2.727           41.604           28.951            5.351           -0.177            0.917           13.316            1.998            5.490            4.941           80.451           11.875            0.000            0.000
   365    12    31  2023     121       0  hru121         0.000       0.000      60.921      40.810          481.229          152.105           42.503           37.825            1.495           76.003            0.291            8.872            1.899            5.490            4.941          121.953           15.606            0.000            0.000
   365    12    31  2023     122       0  hru122         0.000       0.000      28.805      13.943          332.796          100.704           22.572           16.646            1.032           38.042            0.190            6.083            1.159            5.490            4.941          124.015           22.430            0.000            0.000
   365    12    31  2023     123       0  hru123         0.000       0.000      28.003      11.689          326.764           94.410           23.482           16.678            0.804           35.815            0.152           13.277            2.768            5.490            4.941          125.190           18.375            0.000            0.000
   365    12    31  2023     124       0  hru124         0.000       0.000      26.872      17.764          285.066           81.612            0.000           18.448            1.086           45.234            0.207            4.721            1.790            5.490            4.941          115.355           22.042            0.000            0.000
   365    12    31  2023     125       0  hru125         0.000       0.000      -8.413      -9.858           94.410           13.637           51.359            4.142            0.652            6.952            0.111           17.234            4.155            5.490            4.941          159.555           21.211            0.000            0.000
   365    12    31  2023     126       0  hru126         0.000       0.000     -10.909     -10.777           60.842            5.245           54.191            2.798            0.462            5.322            0.077           16.531            3.093            5.490            4.941          123.796           16.854            0.000            0.000
   365    12    31  2023     127       0  hru127         0.000       0.000     -10.163     -11.135           83.920           10.070           22.379            3.134            0.635            4.911            0.108           11.583            3.822            5.490            4.941          117.153           19.253            0.000            0.000
   365    12    31  2023     128       0  hru128         0.000       0.000      -8.692     -10.061          110.932           14.004            0.000            3.073            0.617            4.874            0.106           11.120            4.129            5.490            4.941          121.028           22.562            0.000            0.000
   365    12    31  2023     129       0  hru129         0.000       0.000     -11.877     -11.331          110.407           11.277            0.000            3.049            0.618            5.086            0.106            9.136            4.554            5.490            4.941          121.806           25.918            0.000            0.000
   365    12    31  2023     130       0  hru130         0.000       0.000     -14.212     -12.880          106.474            8.182            0.000            3.461            0.617            4.575            0.106            7.897            4.287            5.490            4.941          112.594           25.710            0.000            0.000
   365    12    31  2023     131       0  hru131         0.000       0.000     -12.192     -12.144          102.802           10.070            0.000            3.275            0.617            4.296            0.106            7.370            3.437            5.490            4.941          109.247           23.153            0.000            0.000
   365    12    31  2023     132       0  hru132         0.000       0.000      -7.905      -9.593          104.376           17.413           65.408            5.363            0.656            8.521            0.111           21.841            3.986            5.490            4.941          185.596           24.167            0.000            0.000
   365    12    31  2023     133       0  hru133         0.000       0.000     143.808     104.067          999.436          318.267            0.000           60.152            2.139          148.186            0.503            3.901            0.811            5.490            4.941          139.149           20.449            0.000            0.000
   365    12    31  2023     134       0  hru134         0.000       0.000      29.676      15.900          347.744           97.452            0.000           26.333            1.039           40.811            0.195            4.873            1.257            5.490            4.941          114.978           20.307            0.000            0.000
   365    12    31  2023     135       0  hru135         0.000       0.000     -12.029     -11.901           25.176            1.678          219.124           17.271            0.954           31.347            0.150          175.061            9.595            5.490            4.941          326.564           20.658            0.000            0.000
   365    12    31  2023     136       0  hru136         0.000       0.000     -10.816     -11.164            0.000            0.000            4.094            4.098            6.386           -4.231            1.095            3.689            0.250            5.490            4.941            6.526            0.424            0.000            0.000
   365    12    31  2023     137       0  hru137         0.000       0.000     -10.228     -10.684            0.000            0.000           79.672            3.047            0.512            7.490            0.085           46.844            2.569            5.490            4.941           93.585            6.983            0.000            0.000
   365    12    31  2023     138       0  hru138         0.000       0.000     -12.862     -12.208           41.698            5.193           73.575            7.490            0.710            8.936            0.120           46.275            4.034            5.490            4.941          141.766           19.512            0.000            0.000
   365    12    31  2023     139       0  hru139         0.000       0.000     -10.257     -12.155            0.000            0.000           69.893            7.011            0.738            7.571            0.124           46.208            2.750            5.490            4.941           97.026            8.869            0.000            0.000
   365    12    31  2023     140       0  hru140         0.000       0.000      -9.319     -10.321            0.000            0.000           70.113            4.086            0.444            7.815            0.073           46.263            2.701            5.490            4.941           97.813            8.921            0.000            0.000
   365    12    31  2023     141       0  hru141         0.000       0.000      -9.300     -10.821           32.519            5.455           47.605            4.025            0.632            4.876            0.107           21.998            3.212            5.490            4.941           93.494           12.717            0.000            0.000
   365    12    31  2023     142       0  hru142         0.000       0.000      -5.176      -7.694           70.545           15.473           22.716            2.090            0.416            4.403            0.072           10.518            3.732            5.490            4.941          104.572           19.996            0.000            0.000
   365    12    31  2023     143       0  hru143         0.000       0.000     -10.123     -11.355           32.519            5.455           47.729            4.200            0.660            5.544            0.112           25.196            3.120            5.490            4.941           90.282           12.707            0.000            0.000
   365    12    31  2023     144       0  hru144         0.000       0.000     -10.080     -11.123           33.568            4.773           47.052            4.221            0.643            5.328            0.109           23.408            3.454            5.490            4.941           97.072           13.906            0.000            0.000
   365    12    31  2023     145       0  hru145         0.000       0.000     -11.441     -11.654           50.877            4.773           22.817            3.753            0.590            3.342            0.101           11.587            2.717            5.490            4.941           82.361           16.321            0.000            0.000
   365    12    31  2023     146       0  hru146         0.000       0.000      -7.428      -9.921           51.926           13.217           33.192            3.020            0.660            4.328            0.113           14.657            3.222            5.490            4.941           90.748           15.806            0.000            0.000
   365    12    31  2023     147       0  hru147         0.000       0.000     -10.275     -11.218           94.410            9.651            0.000            4.886            0.670            3.762            0.115           11.014            3.031            5.490            4.941           84.717           16.379            0.000            0.000
   365    12    31  2023     148       0  hru148         0.000       0.000      -7.015      -9.321           97.295           22.449           17.510            3.671            0.603            3.065            0.103            2.899            1.326            5.490            4.941          115.552           24.805            0.000            0.000
   365    12    31  2023     149       0  hru149         0.000       0.000      -5.199      -7.097           47.205           11.015            0.000            2.831            0.393            1.946            0.067            2.707            0.668            5.490            4.941           49.702           12.371            0.000            0.000
   365    12    31  2023     150       0  hru150         0.000       0.000      -7.674      -8.293           70.021           14.948            0.000            3.370            0.429            2.566            0.074            2.425            0.777            5.490            4.941           67.647           18.629            0.000            0.000
   365    12    31  2023     151       0  hru151         0.000       0.000      23.422      14.698          245.204           74.479            0.000           16.891            1.117           43.616            0.211            1.855            0.770            5.490            4.941           62.631           14.924            0.000            0.000
   365    12    31  2023     152       0  hru152         0.000       0.000      31.824      17.329          343.286           99.812           54.537           23.657            1.083           42.126            0.197            8.872            1.779            5.490            4.941          162.640           19.722            0.000            0.000
   365    12    31  2023     153       0  hru153         0.000       0.000      66.378      48.852          536.302          163.120            0.000           44.044            1.529           82.310            0.307            3.769            0.626            5.490            4.941          134.694           22.939            0.000            0.000
   365    12    31  2023     154       0  hru154         0.000       0.000      66.333      48.704          536.302          163.120            0.000           43.100            1.530           82.222            0.307            2.771            0.480            5.490            4.941          133.078           22.467            0.000            0.000
   365    12    31  2023     155       0  hru155         0.000       0.000      -5.124      -8.409           99.393           21.400           16.830            4.432            0.610            3.305            0.104            6.083            1.935            5.490            4.941          117.472           20.244            0.000            0.000
   365    12    31  2023     156       0  hru156         0.000       0.000      -4.491      -7.669          106.474           22.029           70.771            2.972            0.437            5.316            0.073            8.311            2.664            5.490            4.941          180.559           23.669            0.000            0.000
   365    12    31  2023     157       0  hru157         0.000       0.000      89.470      60.938          648.283          208.751            0.000           51.600            1.606           88.282            0.321            8.110            1.733            5.490            4.941          133.423           20.331            0.000            0.000
   365    12    31  2023     158       0  hru158         0.000       0.000      31.805      16.110          361.119          104.638            0.000           23.336            1.014           39.215            0.190            6.734            1.339            5.490            4.941          128.353           23.254            0.000            0.000
   365    12    31  2023     159       0  hru159         0.000       0.000      -7.923      -9.860          126.929           19.721            0.000            5.627            0.624            5.647            0.108           16.406            3.392            5.490            4.941          134.697           25.642            0.000            0.000
   365    12    31  2023     160       0  hru160         0.000       0.000      83.245      62.499          547.841          179.956           60.448           34.695            1.567           99.068            0.332           56.794            4.364            5.490            4.941          177.079           19.097            0.000            0.000
   365    12    31  2023     161       0  hru161         0.000       0.000     212.426     159.955         1210.810          428.779            0.000           58.959            2.643          186.612            0.638           15.667            3.251            5.490            4.941          194.328           24.792            0.000            0.000
   365    12    31  2023     162       0  hru162         0.000       0.000      31.461      14.147          339.090           99.393            0.000           19.557            1.039           34.336            0.191            9.492            1.760            5.490            4.941           78.664           13.679            0.000            0.000
   365    12    31  2023     163       0  hru163         0.000       0.000      -5.984      -8.718            0.000            0.000            0.000            1.315            0.391           -0.092            0.067            0.753            0.120            5.490            4.941            2.083            0.338            0.000            0.000
   365    12    31  2023     164       0  hru164         0.000       0.000      -5.391      -8.624            0.000            0.000            0.000           10.432            5.252           -3.706            0.901            0.767            0.122            5.490            4.941            2.099            0.336            0.000            0.000
   365    12    31  2023     165       0  hru165         0.000       0.000      -7.725     -10.007            0.000            0.000            0.000            0.903            0.609           -0.243            0.104            0.866            0.138            5.490            4.941            1.949            0.312            0.000            0.000
   365    12    31  2023     166       0  hru166         0.000       0.000      -9.154     -10.199            0.000            0.000            0.000            0.580            0.469           -0.237            0.080            0.279            0.046            5.490            4.941            0.266            0.044            0.000            0.000
   365    12    31  2023     167       0  hru167         0.000       0.000      -6.228      -8.834            0.000            0.000            0.000            1.134            0.395           -0.080            0.068            0.867            0.137            5.490            4.941            2.029            0.330            0.000            0.000
   365    12    31  2023     168       0  hru168         0.000       0.000      -6.809      -9.826            0.000            0.000            0.000            1.935            0.571           -0.215            0.098            0.832            0.132            5.490            4.941            1.963            0.316            0.000            0.000
   365    12    31  2023     169       0  hru169         0.000       0.000      -7.287     -10.041            0.000            0.000            0.000            1.532            0.579           -0.231            0.099            0.762            0.122            5.490            4.941            2.054            0.330            0.000            0.000
   365    12    31  2023     170       0  hru170         0.000       0.000      -5.555      -8.531            0.000            0.000            0.000            1.440            0.384           -0.072            0.066            0.879            0.139            5.490            4.941            2.028            0.322            0.000            0.000
   365    12    31  2023     171       0  hru171         0.000       0.000      -8.839     -10.069           25.176            1.678            0.000            1.782            0.386            1.296            0.066            4.876            1.940            5.490            4.941           32.245            8.347            0.000            0.000
   365    12    31  2023     172       0  hru172         0.000       0.000      -7.670      -8.797           22.816            3.934            0.000            1.131            0.418            0.769            0.072            2.501            1.584            5.490            4.941           24.048            6.696            0.000            0.000
   365    12    31  2023     173       0  hru173         0.000       0.000      -9.230     -10.899           18.882            1.259            0.000            1.465            0.547            1.695            0.094            5.532            1.855            5.490            4.941           29.970            7.883            0.000            0.000
   365    12    31  2023     174       0  hru174         0.000       0.000     -15.023     -13.364           44.058            2.937           75.576            6.713            0.705           11.116            0.118           55.345            5.413            5.490            4.941          154.726           23.395            0.000            0.000
   365    12    31  2023     175       0  hru175         0.000       0.000      23.041      14.949          269.331           79.724            0.000           17.279            1.121           44.485            0.214            3.180            1.190            5.490            4.941           89.980           23.643            0.000            0.000
   365    12    31  2023     176       0  hru176         0.000       0.000      27.073      11.653          321.257           94.777           77.752           13.318            0.866           36.727            0.160           16.986            3.057            5.490            4.941          157.157           18.771            0.000            0.000
   365    12    31  2023     177       0  hru177         0.000       0.000      -6.758      -9.802            0.000            0.000            0.000            1.885            0.570           -0.213            0.098            0.854            0.136            5.490            4.941            1.918            0.306            0.000            0.000
   365    12    31  2023     178       0  hru178         0.000       0.000      -6.835      -9.837            0.000            0.000            0.000            1.942            0.571           -0.215            0.098            0.851            0.135            5.490            4.941            1.911            0.305            0.000            0.000
   365    12    31  2023     179       0  hru179         0.000       0.000      -5.386      -8.624            0.000            0.000            0.000           11.496            5.231           -3.691            0.897            0.839            0.134            5.490            4.941            1.881            0.301            0.000            0.000
   365    12    31  2023     180       0  hru180         0.000       0.000     -10.235     -10.355           44.058            4.616          145.549            7.364            0.552           12.999            0.090           52.200            3.214            5.490            4.941          217.491           16.124            0.000            0.000
   365    12    31  2023     181       0  hru181         0.000       0.000      24.501      15.665          277.723           79.724           49.345           16.622            1.130           47.348            0.213           13.390            1.587            5.490            4.941          154.244           21.767            0.000            0.000
   365    12    31  2023     182       0  hru182         0.000       0.000      26.330      17.569          277.723           79.724           46.972           16.422            0.933           47.475            0.183           13.308            1.532            5.490            4.941          156.271           21.605            0.000            0.000
   365    12    31  2023     183       0  hru183         0.000       0.000      -7.239      -8.578          100.966           20.718           67.224            3.378            0.441            6.783            0.076           13.008            2.533            5.490            4.941          178.134           27.424            0.000            0.000
   365    12    31  2023     184       0  hru184         0.000       0.000      -7.941      -9.496           87.854           19.511           85.011            3.857            0.607            3.828            0.101            4.547            1.759            5.490            4.941          174.392           24.435            0.000            0.000
   365    12    31  2023     185       0  hru185         0.000       0.000      -7.787      -9.435          102.802           22.186           64.445            4.117            0.613            4.300            0.104            3.747            1.504            5.490            4.941          169.800           26.886            0.000            0.000
   365    12    31  2023     186       0  hru186         0.000       0.000     -11.660     -11.808           56.646            5.402           43.606            5.026            0.656            6.884            0.111           29.485            4.334            5.490            4.941          120.980           17.810            0.000            0.000
   365    12    31  2023     187       0  hru187         0.000       0.000     -13.380     -12.878           69.234            4.616           45.405            5.576            0.662            7.956            0.112           31.125            4.427            5.490            4.941          138.356           20.576            0.000            0.000
   365    12    31  2023     188       0  hru188         0.000       0.000      -8.126      -9.777           79.986           11.487           25.537            3.415            0.627            4.871            0.107           14.302            3.783            5.490            4.941          118.891           18.225            0.000            0.000
   365    12    31  2023     189       0  hru189         0.000       0.000      -9.593     -10.480           93.623           12.326            0.000            2.989            0.625            4.671            0.107           10.039            4.442            5.490            4.941          104.873           21.956            0.000            0.000
   365    12    31  2023     190       0  hru190         0.000       0.000     -13.757     -13.245           49.303            4.406          141.649           12.845            0.804           18.443            0.132          102.159            7.021            5.490            4.941          239.270           23.220            0.000            0.000
   365    12    31  2023     191       0  hru191         0.000       0.000     -10.068     -10.620           76.315           14.266           38.543            3.777            0.621            4.025            0.106           12.457            1.118            5.490            4.941          123.016           21.516            0.000            0.000
   365    12    31  2023     192       0  hru192         0.000       0.000      -7.062      -8.906          104.638           19.511           15.150            4.897            0.602            3.802            0.103            9.418            1.820            5.490            4.941          123.049           23.143            0.000            0.000
   365    12    31  2023     193       0  hru193         0.000       0.000     -11.159     -11.877           69.234            4.616            0.000            6.587            0.650            4.561            0.111           17.047            3.284            5.490            4.941           73.470           14.284            0.000            0.000
   365    12    31  2023     194       0  hru194         0.000       0.000     -13.478     -13.070           69.234            4.616           50.968            5.433            0.680            8.284            0.115           33.045            4.416            5.490            4.941          141.273           20.184            0.000            0.000
   365    12    31  2023     195       0  hru195         0.000       0.000     -13.948     -12.317          115.652            9.389            0.000            4.179            0.630            6.053            0.108           13.746            5.300            5.490            4.941          129.590           28.438            0.000            0.000
   365    12    31  2023     196       0  hru196         0.000       0.000     -13.207     -12.287          114.341            9.861            0.000            3.881            0.626            5.768            0.107           14.383            5.468            5.490            4.941          127.797           27.516            0.000            0.000
   365    12    31  2023     197       0  hru197         0.000       0.000     -11.812     -10.794          119.586            7.972            0.000           32.802            4.986            1.126            0.855            8.493            5.332            5.490            4.941          107.112           26.532            0.000            0.000
   365    12    31  2023     198       0  hru198         0.000       0.000     -13.204     -11.126          117.226           10.228            0.000            3.163            0.462            4.812            0.079            8.794            5.104            5.490            4.941          117.353           28.651            0.000            0.000
   365    12    31  2023     199       0  hru199         0.000       0.000     -12.745     -12.074          123.258           11.959            0.000            4.700            0.649            7.117            0.111           17.198            5.293            5.490            4.941          136.358           28.029            0.000            0.000
   365    12    31  2023     200       0  hru200         0.000       0.000     -12.835     -12.026          123.258           11.959            0.000            4.712            0.644            7.357            0.110           17.253            5.447            5.490            4.941          139.026           28.767            0.000            0.000
   365    12    31  2023     201       0  hru201         0.000       0.000      25.551      10.355          344.335           93.099            0.000           15.578            0.786           35.260            0.151            8.272            3.028            5.490            4.941          113.024           21.886            0.000            0.000
   365    12    31  2023     202       0  hru202         0.000       0.000     -16.264     -14.322           86.543            3.357           17.077            4.305            0.614            4.286            0.105           10.165            3.014            5.490            4.941          110.093           23.249            0.000            0.000
   365    12    31  2023     203       0  hru203         0.000       0.000     -12.521     -11.083          109.096           12.326            0.000            2.397            0.411            4.226            0.071            5.689            2.395            5.490            4.941          115.009           28.361            0.000            0.000
   365    12    31  2023     204       0  hru204         0.000       0.000     -17.193     -14.801          110.145            5.035            0.000            4.908            0.612            4.649            0.105            7.707            3.536            5.490            4.941          113.550           27.391            0.000            0.000
   365    12    31  2023     205       0  hru205         0.000       0.000      -3.241      -6.884           84.969           15.735           16.108            4.241            0.618            5.514            0.105           21.845            3.105            5.490            4.941          115.135           15.394            0.000            0.000
   365    12    31  2023     206       0  hru206         0.000       0.000      -3.984      -7.535           84.969           15.735           12.311            4.812            0.651            4.974            0.111           21.448            3.066            5.490            4.941          106.332           14.038            0.000            0.000
   365    12    31  2023     207       0  hru207         0.000       0.000      32.813      19.105          347.482          100.022           54.651           15.252            0.952           47.348            0.181           21.542            2.774            5.490            4.941          181.692           21.030            0.000            0.000
   365    12    31  2023     208       0  hru208         0.000       0.000     -11.869     -12.303           51.401            5.455           23.297            4.109            0.628            3.874            0.108           14.337            2.363            5.490            4.941           77.917           15.311            0.000            0.000
   365    12    31  2023     209       0  hru209         0.000       0.000     -15.343     -14.217           59.793            1.678           49.453            4.930            0.645            5.412            0.109           18.964            2.271            5.490            4.941          117.663           18.125            0.000            0.000
   365    12    31  2023     210       0  hru210         0.000       0.000     -13.910     -12.926           81.298            5.245           16.817            3.692            0.634            3.872            0.108            9.076            2.980            5.490            4.941          101.458           20.154            0.000            0.000
   365    12    31  2023     211       0  hru211         0.000       0.000     -12.378     -12.372          102.802           10.070            0.000            3.247            0.624            4.108            0.107            5.848            3.274            5.490            4.941          107.783           22.827            0.000            0.000
   365    12    31  2023     212       0  hru212         0.000       0.000     -15.841     -13.654           88.116            4.616           74.862            6.007            0.663            8.560            0.110           34.199            5.165            5.490            4.941          183.733           27.097            0.000            0.000
   365    12    31  2023     213       0  hru213         0.000       0.000     -12.817     -12.045          114.603           12.536            0.000            4.060            0.612            5.242            0.106            8.681            3.603            5.490            4.941          123.662           27.638            0.000            0.000
   365    12    31  2023     214       0  hru214         0.000       0.000     -16.087     -14.202           86.543            3.724            0.000            4.277            0.603            3.219            0.104            5.711            2.372            5.490            4.941           88.015           22.398            0.000            0.000
   365    12    31  2023     215       0  hru215         0.000       0.000     -16.104     -14.252           86.543            3.724            0.000            4.338            0.603            3.171            0.104            5.768            2.395            5.490            4.941           88.084           22.402            0.000            0.000
   365    12    31  2023     216       0  hru216         0.000       0.000      37.483      18.707          393.375          118.118            0.000           27.561            1.110           45.894            0.207           16.620            2.743            5.490            4.941          144.068           23.232            0.000            0.000
   365    12    31  2023     217       0  hru217         0.000       0.000     -18.099     -15.443          103.851            3.357            0.000            4.799            0.624            4.033            0.107            5.518            2.536            5.490            4.941          102.995           25.596            0.000            0.000
   365    12    31  2023     218       0  hru218         0.000       0.000     -14.964     -13.580           93.361            8.182           69.434            5.430            0.644            7.024            0.109           15.957            2.861            5.490            4.941          171.033           25.783            0.000            0.000
   365    12    31  2023     219       0  hru219         0.000       0.000     -11.366     -11.743           81.822           10.070           23.378            3.609            0.619            4.404            0.106           10.266            3.139            5.490            4.941          112.029           21.417            0.000            0.000
   365    12    31  2023     220       0  hru220         0.000       0.000      -5.235      -7.734          108.834           19.249           49.676            5.493            0.641            7.841            0.109           23.656            4.085            5.490            4.941          176.022           22.492            0.000            0.000
   365    12    31  2023     221       0  hru221         0.000       0.000      -5.118      -7.914           68.447           16.784            0.000           20.654            5.172           -1.274            0.888            2.180            1.657            5.490            4.941           62.661           18.118            0.000            0.000
   365    12    31  2023     222       0  hru222         0.000       0.000      -4.904      -8.602           90.476           17.571            0.938            3.420            0.769            0.266            0.132            0.657            0.118            5.490            4.941            7.430            0.956            0.000            0.000
   365    12    31  2023     223       0  hru223         0.000       0.000      60.974      40.879          514.797          156.511            0.000           37.468            1.478           76.162            0.295            7.356            2.967            5.490            4.941          110.879           21.075            0.000            0.000
   365    12    31  2023     224       0  hru224         0.000       0.000      24.666      16.801          294.507           81.403            0.000           15.887            0.896           45.665            0.179            3.677            2.484            5.490            4.941          129.057           27.519            0.000            0.000
   365    12    31  2023     225       0  hru225         0.000       0.000      41.853      22.872          397.572          125.146            0.000           23.155            1.043           45.087            0.196            8.234            2.723            5.490            4.941          150.217           26.732            0.000            0.000
   365    12    31  2023     226       0  hru226         0.000       0.000      39.949      21.152          397.572          125.146            0.000           25.916            1.078           45.244            0.204            9.077            2.894            5.490            4.941          154.377           28.010            0.000            0.000
   365    12    31  2023     227       0  hru227         0.000       0.000     -12.214     -11.618           91.788            8.969            0.000            4.049            0.574            3.376            0.099            6.606            3.238            5.490            4.941           92.438           23.601            0.000            0.000
   365    12    31  2023     228       0  hru228         0.000       0.000      25.231      16.445          293.458           84.969            0.000           20.373            1.086           45.149            0.209            2.767            1.766            5.490            4.941          116.311           26.430            0.000            0.000
   365    12    31  2023     229       0  hru229         0.000       0.000      31.361      14.299          349.842          103.222            0.000           16.565            0.780           35.296            0.154            6.145            2.849            5.490            4.941          118.929           23.263            0.000            0.000
   365    12    31  2023     230       0  hru230         0.000       0.000      -4.680      -7.687          119.848           27.274            0.000            3.968            0.560            3.786            0.097            3.333            2.480            5.490            4.941          121.839           28.615            0.000            0.000
   365    12    31  2023     231       0  hru231         0.000       0.000      25.095      16.746          292.934           79.304            0.000           20.173            1.115           45.563            0.209           10.564            2.101            5.490            4.941          117.327           21.105            0.000            0.000
   365    12    31  2023     232       0  hru232         0.000       0.000      -4.214      -7.205          106.474           22.029           69.503            3.598            0.437            6.507            0.074           14.022            2.429            5.490            4.941          185.224           23.559            0.000            0.000
   365    12    31  2023     233       0  hru233         0.000       0.000      -4.472      -7.248          106.474           22.029           64.211            3.761            0.437            6.482            0.074           14.626            2.450            5.490            4.941          180.322           24.071            0.000            0.000
   365    12    31  2023     234       0  hru234         0.000       0.000      70.603      43.109          585.867          181.058           46.255           34.955            1.201           71.029            0.244           12.755            0.947            5.490            4.941          168.668           19.867            0.000            0.000
   365    12    31  2023     235       0  hru235         0.000       0.000     -11.467     -11.464          117.488           14.476            0.000            5.101            0.612            4.204            0.105            7.221            2.438            5.490            4.941          117.789           25.683            0.000            0.000
   365    12    31  2023     236       0  hru236         0.000       0.000     -11.624     -11.291          111.981           15.473            0.000            3.875            0.580            3.661            0.100            3.432            1.628            5.490            4.941          113.733           27.111            0.000            0.000
   365    12    31  2023     237       0  hru237         0.000       0.000      29.666      20.328          297.654           84.969            0.000           15.370            0.885           44.995            0.176            4.170            1.675            5.490            4.941          126.021           23.258            0.000            0.000
   365    12    31  2023     238       0  hru238         0.000       0.000      -6.083      -7.646          113.030           20.823           75.635            4.692            0.613            5.658            0.103           13.167            3.159            5.490            4.941          200.344           25.561            0.000            0.000
   365    12    31  2023     239       0  hru239         0.000       0.000      -7.604      -9.735            0.000            0.000            0.000            1.899            0.642            8.614            0.107           45.667            4.850            5.490            4.941           47.189            6.652            0.000            0.000
   365    12    31  2023     240       0  hru240         0.000       0.000      -9.137     -11.514            0.000            0.000            0.000            1.322            0.798            7.246            0.134           37.888            4.089            5.490            4.941           30.220            4.747            0.000            0.000
   365    12    31  2023     241       0  hru241         0.000       0.000      -7.462     -10.592            0.000            0.000            0.000            2.598            0.756            8.622            0.127           46.338            4.924            5.490            4.941           48.553            6.858            0.000            0.000
   365    12    31  2023     242       0  hru242         0.000       0.000      -7.691     -10.683            0.000            0.000            0.000            2.710            0.757            8.707            0.127           46.918            4.978            5.490            4.941           49.991            7.008            0.000            0.000
   365    12    31  2023     243       0  hru243         0.000       0.000      -7.161      -9.514            0.000            0.000            0.000            2.091            0.619            8.892            0.103           47.395            4.998            5.490            4.941           51.119            7.051            0.000            0.000
   365    12    31  2023     244       0  hru244         0.000       0.000      -7.564     -10.624            0.000            0.000            0.000            2.717            0.753            8.716            0.126           46.949            4.980            5.490            4.941           50.045            7.012            0.000            0.000
   365    12    31  2023     245       0  hru245         0.000       0.000      -7.223     -10.474            0.000            0.000            0.000            2.641            0.748            8.673            0.125           46.633            4.951            5.490            4.941           49.286            6.929            0.000            0.000
   365    12    31  2023     246       0  hru246         0.000       0.000      -8.876     -10.992            0.000            0.000            0.000            0.605            0.637            1.882            0.109           13.763            2.398            5.490            4.941           21.512            4.256            0.000            0.000
   365    12    31  2023     247       0  hru247         0.000       0.000      32.875      18.653          363.741          104.113            0.000           25.424            1.029           40.421            0.192            4.005            0.693            5.490            4.941          130.177           22.592            0.000            0.000
   365    12    31  2023     248       0  hru248         0.000       0.000      29.952      16.482          339.614           94.358           47.115           29.639            1.126           47.192            0.208           26.053            2.866            5.490            4.941          169.252           18.635            0.000            0.000
   365    12    31  2023     249       0  hru249         0.000       0.000      29.822      16.360          339.614           94.358           46.536           29.414            1.122           47.114            0.208           25.031            2.822            5.490            4.941          169.160           18.833            0.000            0.000
   365    12    31  2023     250       0  hru250         0.000       0.000      31.146      13.788          367.413          104.638            0.000           22.930            0.959           35.190            0.177           11.212            1.795            5.490            4.941          137.987           21.784            0.000            0.000
   365    12    31  2023     251       0  hru251         0.000       0.000      -7.353     -10.536            0.000            0.000            0.000            2.597            0.753            8.609            0.126           46.242            4.915            5.490            4.941           48.381            6.838            0.000            0.000
   365    12    31  2023     252       0  hru252         0.000       0.000     -13.612     -13.694            0.000            0.000            0.000            0.741            0.942            4.972            0.159           25.862            2.033            5.490            4.941           10.867            1.380            0.000            0.000
   365    12    31  2023     253       0  hru253         0.000       0.000      -8.119     -10.980            0.000            0.000            0.000            2.126            0.777            8.237            0.130           43.816            4.683            5.490            4.941           42.723            6.241            0.000            0.000
   365    12    31  2023     254       0  hru254         0.000       0.000      -7.591     -10.654            0.000            0.000            0.000            2.422            0.758            8.432            0.127           45.053            4.803            5.490            4.941           45.558            6.541            0.000            0.000
   365    12    31  2023     255       0  hru255         0.000       0.000      -7.483     -10.588            0.000            0.000            0.000            2.705            0.752            8.706            0.126           46.875            4.973            5.490            4.941           49.865            6.993            0.000            0.000
   365    12    31  2023     256       0  hru256         0.000       0.000      -7.790     -10.153            0.000            0.000            0.000            2.203            0.639            9.044            0.106           48.487            5.104            5.490            4.941           53.431            7.345            0.000            0.000
   365    12    31  2023     257       0  hru257         0.000       0.000      -7.362     -10.535            0.000            0.000            0.000            2.671            0.750            8.691            0.126           46.766            4.963            5.490            4.941           49.604            6.964            0.000            0.000
   365    12    31  2023     258       0  hru258         0.000       0.000      -7.888     -10.781            0.000            0.000            0.000            2.529            0.763            8.519            0.128           45.669            4.861            5.490            4.941           47.022            6.698            0.000            0.000
   365    12    31  2023     259       0  hru259         0.000       0.000      -7.793     -10.154            0.000            0.000            0.000            2.204            0.639            9.044            0.106           48.487            5.103            5.490            4.941           53.434            7.345            0.000            0.000
   365    12    31  2023     260       0  hru260         0.000       0.000      -7.925     -10.231            0.000            0.000            0.000            2.176            0.645            8.996            0.107           48.261            5.073            5.490            4.941           52.938            7.282            0.000            0.000
   365    12    31  2023     261       0  hru261         0.000       0.000      -7.937     -10.227            0.000            0.000            0.000            2.140            0.645            8.947            0.107           47.963            5.043            5.490            4.941           52.253            7.208            0.000            0.000
   365    12    31  2023     262       0  hru262         0.000       0.000      -7.290     -10.503            0.000            0.000            0.000            2.659            0.749            8.682            0.125           46.698            4.957            5.490            4.941           49.440            6.946            0.000            0.000
   365    12    31  2023     263       0  hru263         0.000       0.000      -7.882     -10.213            0.000            0.000            0.000            2.179            0.645            8.989            0.107           48.261            5.077            5.490            4.941           52.907            7.283            0.000            0.000
   365    12    31  2023     264       0  hru264         0.000       0.000      -9.906     -11.740            0.000            0.000            0.000            1.943            0.827            7.881            0.139           41.876            4.340            5.490            4.941           38.623            5.582            0.000            0.000
   365    12    31  2023     265       0  hru265         0.000       0.000      -7.215     -10.487            0.000            0.000            0.000            2.330            0.750            8.384            0.126           44.650            4.764            5.490            4.941           44.424            6.415            0.000            0.000
   365    12    31  2023     266       0  hru266         0.000       0.000      -7.212     -10.469            0.000            0.000            0.000            2.638            0.747            8.671            0.125           46.622            4.950            5.490            4.941           49.260            6.926            0.000            0.000
   365    12    31  2023     267       0  hru267         0.000       0.000      -7.443     -10.571            0.000            0.000            0.000            2.687            0.751            8.701            0.126           46.842            4.970            5.490            4.941           49.787            6.984            0.000            0.000
   365    12    31  2023     268       0  hru268         0.000       0.000      -7.320     -10.528            0.000            0.000            0.000            2.557            0.754            8.576            0.126           46.035            4.896            5.490            4.941           47.894            6.788            0.000            0.000
   365    12    31  2023     269       0  hru269         0.000       0.000      -7.266     -10.502            0.000            0.000            0.000            2.545            0.752            8.563            0.126           45.933            4.887            5.490            4.941           47.682            6.766            0.000            0.000
   365    12    31  2023     270       0  hru270         0.000       0.000      -7.082     -10.431            0.000            0.000            0.000            2.501            0.751            8.576            0.126           45.978            4.890            5.490            4.941           47.615            6.752            0.000            0.000
   365    12    31  2023     271       0  hru271         0.000       0.000      -7.675      -9.472            0.000            0.000            0.000            1.447            0.481            8.832            0.078           46.284            4.911            5.490            4.941           48.652            6.835            0.000            0.000
   365    12    31  2023     272       0  hru272         0.000       0.000      -7.189      -9.229            0.000            0.000            0.000            1.513            0.467            8.956            0.076           47.014            4.972            5.490            4.941           50.261            6.986            0.000            0.000
   365    12    31  2023     273       0  hru273         0.000       0.000      -7.737      -9.488            0.000            0.000            0.000            1.457            0.481            8.845            0.078           46.332            4.915            5.490            4.941           48.669            6.835            0.000            0.000
   365    12    31  2023     274       0  hru274         0.000       0.000      32.237      18.053          363.741          104.113            0.000           24.955            1.038           40.531            0.194            4.535            0.796            5.490            4.941          128.182           22.605            0.000            0.000
   365    12    31  2023     275       0  hru275         0.000       0.000      32.080      18.066          363.741          104.113            0.000           24.366            1.044           40.629            0.194            5.031            0.825            5.490            4.941          128.222           22.698            0.000            0.000
   365    12    31  2023     276       0  hru276         0.000       0.000      32.132      14.581          367.413          104.638            0.000           25.266            0.958           34.948            0.177           10.895            1.670            5.490            4.941          133.866           20.357            0.000            0.000
   365    12    31  2023     277       0  hru277         0.000       0.000      31.288      13.961          367.413          104.638            0.000           22.856            0.966           35.416            0.178           12.236            1.885            5.490            4.941          137.287           21.500            0.000            0.000
   365    12    31  2023     278       0  hru278         0.000       0.000      -6.914     -10.339            0.000            0.000            0.000            2.594            0.766            8.600            0.128           46.182            4.909            5.490            4.941           48.030            6.801            0.000            0.000
   365    12    31  2023     279       0  hru279         0.000       0.000      -6.551      -8.927            0.000            0.000            0.000            1.616            0.487            9.152            0.079           48.430            5.114            5.490            4.941           53.451            7.366            0.000            0.000
   365    12    31  2023     280       0  hru280         0.000       0.000      -6.535      -8.916            0.000            0.000            0.000            1.640            0.486            9.197            0.079           48.726            5.141            5.490            4.941           54.146            7.439            0.000            0.000
   365    12    31  2023     281       0  hru281         0.000       0.000      -7.192     -10.739            0.000            0.000            0.000            0.824            0.753            1.807            0.129           13.804            2.414            5.490            4.941           21.488            4.265            0.000            0.000
   365    12    31  2023     282       0  hru282         0.000       0.000      -5.613      -8.688            0.000            0.000            0.000            5.432            5.459           -1.660            0.936           13.966            2.434            5.490            4.941           22.312            4.310            0.000            0.000
   365    12    31  2023     283       0  hru283         0.000       0.000      -7.704     -10.382            0.000            0.000            0.000            0.109            0.197            5.172            0.033           25.196            5.076            5.490            4.941           30.823            7.201            0.000            0.000
   365    12    31  2023     284       0  hru284         0.000       0.000      -5.894      -8.769            0.000            0.000            0.000            0.073            0.191            3.643            0.032           17.133            2.861            5.490            4.941           21.156            3.499            0.000            0.000
   365    12    31  2023     285       0  hru285         0.000       0.000      -6.488      -9.798            0.000            0.000            0.000            0.303            0.267            3.584            0.045           17.127            2.859            5.490            4.941           21.168            3.499            0.000            0.000
   365    12    31  2023     286       0  hru286         0.000       0.000      -6.417      -9.656            0.000            0.000            0.000            0.300            0.260            3.590            0.044           17.130            2.860            5.490            4.941           21.162            3.499            0.000            0.000
   365    12    31  2023     287       0  hru287         0.000       0.000      -6.551      -9.867            0.000            0.000            0.000            0.000            0.138            3.680            0.023           17.113            2.857            5.490            4.941           21.107            3.490            0.000            0.000
   365    12    31  2023     288       0  hru288         0.000       0.000      -9.061     -11.558            0.000            0.000            0.000            1.416            0.749           -0.358            0.128            0.802            0.128            5.490            4.941            1.885            0.302            0.000            0.000
   365    12    31  2023     289       0  hru289         0.000       0.000      -6.844     -10.518            0.000            0.000            0.000            2.003            0.721           -0.318            0.124            0.898            0.143            5.490            4.941            2.075            0.332            0.000            0.000
   365    12    31  2023     290       0  hru290         0.000       0.000      -5.179      -8.367            0.000            0.000            0.000            1.536            0.397           -0.086            0.068            0.852            0.135            5.490            4.941            1.926            0.307            0.000            0.000
   365    12    31  2023     291       0  hru291         0.000       0.000      -8.334     -10.003            0.000            0.000            0.000            0.702            0.442           -0.123            0.076            0.817            0.130            5.490            4.941            1.808            0.289            0.000            0.000
   365    12    31  2023     292       0  hru292         0.000       0.000      -4.841      -8.387            0.000            0.000            0.000           10.863            5.309           -3.745            0.910            0.861            0.137            5.490            4.941            1.949            0.311            0.000            0.000
   365    12    31  2023     293       0  hru293         0.000       0.000      -4.770      -8.357            0.000            0.000            0.000           11.632            5.271           -3.719            0.904            0.857            0.136            5.490            4.941            1.939            0.309            0.000            0.000
   365    12    31  2023     294       0  hru294         0.000       0.000     -11.455     -12.186            9.441            1.259          138.612            6.867            0.744           11.795            0.124           53.648            2.309            5.490            4.941          173.921            8.370            0.000            0.000
   365    12    31  2023     295       0  hru295         0.000       0.000     -10.916     -11.240           72.381            9.966           82.262            6.258            0.661            7.545            0.112           25.303            1.680            5.490            4.941          166.592           18.645            0.000            0.000
   365    12    31  2023     296       0  hru296         0.000       0.000     -11.818     -12.843            0.000            0.000           69.136            5.206            0.782            7.294            0.132           44.828            2.602            5.490            4.941           89.923            8.000            0.000            0.000
   365    12    31  2023     297       0  hru297         0.000       0.000      -7.344      -9.187           51.926           13.217           49.546            2.723            0.480            5.681            0.081           19.796            3.713            5.490            4.941          114.564           18.338            0.000            0.000
   365    12    31  2023     298       0  hru298         0.000       0.000     -13.284     -13.644            0.000            0.000          110.781           12.187            0.867           16.877            0.143           86.641            4.881            5.490            4.941          172.925           16.730            0.000            0.000
   365    12    31  2023     299       0  hru299         0.000       0.000      -7.273      -9.440            0.000            0.000            0.000            9.180            5.572           -3.942            0.955            0.837            0.133            5.490            4.941            1.938            0.311            0.000            0.000
   365    12    31  2023     300       0  hru300         0.000       0.000      26.664      10.358          321.257           94.777           77.185           35.634            1.156           36.428            0.207           16.787            3.074            5.490            4.941          162.600           19.359            0.000            0.000
   365    12    31  2023     301       0  hru301         0.000       0.000      -9.806     -10.811            0.000            0.000           55.273           25.521            5.095            5.197            0.872           39.773            2.474            5.490            4.941           79.552            9.735            0.000            0.000
   365    12    31  2023     302       0  hru302         0.000       0.000      -4.973      -8.443            0.000            0.000            0.000           10.669            5.299           -3.748            0.909            0.779            0.124            5.490            4.941            2.115            0.340            0.000            0.000
   365    12    31  2023     303       0  hru303         0.000       0.000     -11.476     -10.646          119.586            7.972            0.000           35.499            5.349            0.568            0.917            7.285            5.112            5.490            4.941          102.165           25.662            0.000            0.000
   365    12    31  2023     304       0  hru304         0.000       0.000      -6.911     -10.341            0.000            0.000            0.000            2.534            0.764            8.547            0.128           45.836            4.877            5.490            4.941           47.300            6.724            0.000            0.000
   365    12    31  2023     305       0  hru305         0.000       0.000      -7.657     -10.212            0.000            0.000            0.000            1.178            0.376            9.443            0.059           49.793            5.225            5.490            4.941           56.369            7.676            0.000            0.000
   365    12    31  2023     306       0  hru306         0.000       0.000      -7.802     -10.783            0.000            0.000            0.000            2.278            0.780            8.266            0.131           44.131            4.711            5.490            4.941           43.619            6.338            0.000            0.000
   365    12    31  2023     307       0  hru307         0.000       0.000     -12.755     -12.922            0.000            0.000            0.000            0.648            0.421            7.813            0.067           40.077            3.634            5.490            4.941           36.318            4.588            0.000            0.000
   365    12    31  2023     308       0  hru308         0.000       0.000      -7.625     -10.198            0.000            0.000            0.000            1.175            0.376            9.440            0.059           49.770            5.224            5.490            4.941           56.314            7.672            0.000            0.000
   365    12    31  2023     309       0  hru309         0.000       0.000      -7.118     -10.419            0.000            0.000            0.000            2.736            0.765            8.736            0.128           47.145            4.999            5.490            4.941           50.505            7.062            0.000            0.000
   365    12    31  2023     310       0  hru310         0.000       0.000      -7.693     -10.176            0.000            0.000            0.000            2.133            0.660            8.947            0.110           47.939            5.049            5.490            4.941           52.159            7.219            0.000            0.000
   365    12    31  2023     311       0  hru311         0.000       0.000      -7.003     -10.376            0.000            0.000            0.000            2.644            0.767            8.646            0.128           46.533            4.942            5.490            4.941           49.024            6.908            0.000            0.000
   365    12    31  2023     312       0  hru312         0.000       0.000      -7.627     -10.199            0.000            0.000            0.000            1.175            0.376            9.440            0.059           49.771            5.224            5.490            4.941           56.316            7.672            0.000            0.000
   365    12    31  2023     313       0  hru313         0.000       0.000      -6.799     -10.280            0.000            0.000            0.000            2.630            0.748            8.667            0.125           46.596            4.947            5.490            4.941           49.209            6.920            0.000            0.000
   365    12    31  2023     314       0  hru314         0.000       0.000      33.036      15.094          367.413          104.638            0.000           29.240            0.936           35.486            0.172           14.825            2.100            5.490            4.941          140.709           20.548            0.000            0.000
