 Mini_CREATE               SWAT+ Jan 11 2024        MODULAR Rev 2024.61.0                                 
   jday   mon   day    yr   unit  gis_id  name                     lai       bioms       yield     residue     sol_tmp       strsw       strsa     strstmp       strsn       strsp       strss        nplt       percn       pplnt         tmx         tmn       tmpav     solarad      wndspd        rhum     phubas0     lai_max      bm_max     bm_grow       c_gro
                                                             m**2/m**2        kgha        kgha        kgha        degc         ---         ---         ---         ---         ---         ---        kgha        kgha        kgha        degc        degc        degc      mj/m^2         m/s        frac        degc   m**2/m**2       kg/ha       kg/ha       kg/ha
   365    12    31  2023       1       0  hru001                 2.510   73151.805       0.000    2524.589       8.367       1.976      51.164     117.625     111.837       0.024       0.000     419.689       2.870      54.774      12.744       5.267       9.005      10.786       4.202       0.810       0.475       0.000       0.000       0.000       0.000
   365    12    31  2023       2       0  hru002                 2.510   73143.305       0.000    2522.180       8.388       1.454      54.725     117.625     111.068       0.024       0.000     420.614       2.826      54.886      12.744       5.267       9.005      10.786       4.202       0.810       0.475       0.000       0.000       0.000       0.000
   365    12    31  2023       3       0  hru003                 2.510   71166.570       0.000    2460.604       8.180       5.313       2.965     117.625     121.439       0.032       0.000     388.569       2.128      50.977      12.744       5.267       9.005      10.786       4.202       0.810       0.475       0.000       0.000       0.000       0.000
   365    12    31  2023       4       0  hru004                 2.510   70698.820       0.000    2461.382       8.294       2.421       0.002     117.625     123.737       0.033       0.000     383.054       0.527      50.479      12.744       5.267       9.005      10.786       4.202       0.810       0.475       0.000       0.000       0.000       0.000
   365    12    31  2023       5       0  hru005                 2.510   71046.422       0.000    2473.287       8.299       2.302       0.196     117.625     122.516       0.032       0.000     388.728       0.962      51.124      12.744       5.267       9.005      10.786       4.202       0.810       0.475       0.000       0.000       0.000       0.000
   365    12    31  2023       6       0  hru006                 2.510   70861.930       0.000    2466.568       8.296       2.371       0.040     117.625     123.173       0.033       0.000     385.735       0.700      50.782      12.744       5.267       9.005      10.786       4.202       0.810       0.475       0.000       0.000       0.000       0.000
   365    12    31  2023       7       0  hru007                 2.510   71295.477       0.000    2479.925       8.306       2.159       1.046     117.625     121.628       0.031       0.000     392.482       1.385      51.557      12.744       5.267       9.005      10.786       4.202       0.810       0.475       0.000       0.000       0.000       0.000
   365    12    31  2023       8       0  hru008                 2.510   70670.539       0.000    2460.482       8.294       2.428       0.000     117.625     123.838       0.033       0.000     382.591       0.502      50.427      12.744       5.267       9.005      10.786       4.202       0.810       0.475       0.000       0.000       0.000       0.000
   365    12    31  2023       9       0  hru009                 2.510   65016.191       0.000    2240.493       8.519       1.051     137.956     117.625      98.220       0.060       0.000     368.508       7.156      48.605      12.744       5.267       9.005      10.786       4.202       0.810       0.475       0.000       0.000       0.000       0.000
   365    12    31  2023      10       0  hru010                 2.510   71319.586       0.000    2480.699       8.307       2.141       1.214     117.625     121.559       0.031       0.000     392.807       1.429      51.596      12.744       5.267       9.005      10.786       4.202       0.810       0.475       0.000       0.000       0.000       0.000
   365    12    31  2023      11       0  hru011                 2.510   71300.648       0.000    2480.091       8.306       2.152       1.077     117.625     121.614       0.031       0.000     392.554       1.394      51.566      12.744       5.267       9.005      10.786       4.202       0.810       0.475       0.000       0.000       0.000       0.000
   365    12    31  2023      12       0  hru012                 2.510   71772.992       0.000    2494.690       8.333       1.531       8.680     117.625     120.130       0.030       0.000     399.206       2.292      52.345      12.744       5.267       9.005      10.786       4.202       0.810       0.475       0.000       0.000       0.000       0.000
   365    12    31  2023      13       0  hru013                 2.510   71178.898       0.000    2477.527       8.302       2.235       0.503     117.625     122.034       0.032       0.000     390.752       1.180      51.358      12.744       5.267       9.005      10.786       4.202       0.810       0.475       0.000       0.000       0.000       0.000
   365    12    31  2023      14       0  hru014                 2.510   71230.906       0.000    2477.858       8.304       2.203       0.702     117.625     121.856       0.032       0.000     391.512       1.270      51.445      12.744       5.267       9.005      10.786       4.202       0.810       0.475       0.000       0.000       0.000       0.000
   365    12    31  2023      15       0  hru015                 2.510   71023.859       0.000    2472.566       8.299       2.309       0.169     117.625     122.603       0.032       0.000     388.365       0.927      51.082      12.744       5.267       9.005      10.786       4.202       0.810       0.475       0.000       0.000       0.000       0.000
   365    12    31  2023      16       0  hru016                 2.510   64304.914       0.000    2239.417       8.344       2.580      85.942     117.625     130.810       0.062       0.000     325.710       5.029      43.424      12.744       5.267       9.005      10.786       4.202       0.810       0.475       0.000       0.000       0.000       0.000
   365    12    31  2023      17       0  hru017                 2.510   72572.461       0.000    2506.468       8.123       7.215       0.026     117.625     115.854       0.028       0.000     408.000       1.162      53.159      12.744       5.267       9.005      10.786       4.202       0.810       0.475       0.000       0.000       0.000       0.000
   365    12    31  2023      18       0  hru018                 2.510   68715.680       0.000    2380.070       8.344       1.363      30.596     117.625     129.399       0.040       0.000     354.238       3.837      47.090      12.744       5.267       9.005      10.786       4.202       0.810       0.475       0.000       0.000       0.000       0.000
   365    12    31  2023      19       0  hru019                 2.510   65480.922       0.000    2288.122       8.477       0.024      76.704     117.625     132.897       0.056       0.000     331.745       3.743      44.256      12.744       5.267       9.005      10.786       4.202       0.810       0.475       0.000       0.000       0.000       0.000
   365    12    31  2023      20       0  hru020                 2.510   66873.703       0.000    2314.621       8.349       1.935      42.212     117.625     134.613       0.049       0.000     336.582       3.636      44.829      12.744       5.267       9.005      10.786       4.202       0.810       0.475       0.000       0.000       0.000       0.000
   365    12    31  2023      21       0  hru021                 2.510   72920.727       0.000    2517.619       8.149       6.461       0.518     117.625     114.931       0.027       0.000     413.391       1.936      53.800      12.744       5.267       9.005      10.786       4.202       0.810       0.475       0.000       0.000       0.000       0.000
   365    12    31  2023      22       0  hru022                 2.510   72978.609       0.000    2519.451       8.155       6.254       0.744     117.625     114.815       0.027       0.000     414.165       2.038      53.886      12.744       5.267       9.005      10.786       4.202       0.810       0.475       0.000       0.000       0.000       0.000
   365    12    31  2023      23       0  hru023                 2.510   65167.914       0.000    2241.591       8.379       0.463       5.802     117.625     144.365       0.060       0.000     315.694       0.830      42.395      12.744       5.267       9.005      10.786       4.202       0.810       0.475       0.000       0.000       0.000       0.000
   365    12    31  2023      24       0  hru024                 2.510   65224.336       0.000    2242.645       8.385       0.394       7.975     117.625     144.169       0.059       0.000     316.253       0.911      42.464      12.744       5.267       9.005      10.786       4.202       0.810       0.475       0.000       0.000       0.000       0.000
   365    12    31  2023      25       0  hru025                 2.510   72562.594       0.000    2503.975       8.119       7.390       0.047     117.625     115.737       0.028       0.000     408.190       1.267      53.143      12.744       5.267       9.005      10.786       4.202       0.810       0.475       0.000       0.000       0.000       0.000
   365    12    31  2023      26       0  hru026                 2.510   72866.812       0.000    2515.883       8.157       6.215       0.871     117.625     115.203       0.027       0.000     412.532       2.068      53.700      12.744       5.267       9.005      10.786       4.202       0.810       0.475       0.000       0.000       0.000       0.000
   365    12    31  2023      27       0  hru027                 2.510   72430.695       0.000    2500.622       8.057       9.239       3.669     117.625     114.481       0.028       0.000     410.572       2.858      53.207      12.744       5.267       9.005      10.786       4.202       0.810       0.475       0.000       0.000       0.000       0.000
   365    12    31  2023      28       0  hru028                 2.510   72530.641       0.000    2502.975       8.117       7.453       0.032     117.625     115.822       0.028       0.000     407.688       1.205      53.075      12.744       5.267       9.005      10.786       4.202       0.810       0.475       0.000       0.000       0.000       0.000
   365    12    31  2023      29       0  hru029                 2.510   71536.781       0.000    2469.902       7.995      10.414       0.416     117.625     116.739       0.031       0.000     398.730       1.915      51.767      12.744       5.267       9.005      10.786       4.202       0.810       0.475       0.000       0.000       0.000       0.000
   365    12    31  2023      30       0  hru030                 2.510   72831.969       0.000    2526.873       8.347       2.228      37.273     117.625     115.246       0.027       0.000     411.580       3.058      53.809      12.744       5.267       9.005      10.786       4.202       0.810       0.475       0.000       0.000       0.000       0.000
   365    12    31  2023      31       0  hru031                 2.510   68616.414       0.000    2381.874       8.285       0.332       9.534     117.625     131.168       0.041       0.000     353.803       2.100      46.991      12.744       5.267       9.005      10.786       4.202       0.810       0.475       0.000       0.000       0.000       0.000
   365    12    31  2023      32       0  hru032                 2.146   45484.582     346.538    2611.970       8.387       1.639      39.567     156.101      31.491       0.734       0.000      36.725       1.679       9.104      12.744       5.267       9.005      10.786       4.202       0.810       0.475       0.000       0.000       0.000       0.000
   365    12    31  2023      33       0  hru033                 2.135   44512.453     337.351    2539.819       8.235       4.489       0.120     155.298      36.232       0.734       0.000      35.265       0.622       8.724      12.744       5.267       9.005      10.786       4.202       0.810       0.475       0.000       0.000       0.000       0.000
   365    12    31  2023      34       0  hru034                 0.549   29229.971       0.000    1049.289       8.461       0.084       6.377     140.090     116.012       0.734       0.000      83.895       1.070      22.166      12.744       5.267       9.005      10.786       4.202       0.810       0.475       0.000       0.000       0.000       0.000
   365    12    31  2023      35       0  hru035                 0.548   29308.371       0.000    1050.048       8.440       0.189       0.077     140.090     115.437       0.734       0.000      84.345       0.505      22.286      12.744       5.267       9.005      10.786       4.202       0.810       0.475       0.000       0.000       0.000       0.000
   365    12    31  2023      36       0  hru036                 0.548   29422.510       0.000    1053.538       8.463       0.187       8.683     140.090     114.641       0.734       0.000      85.103       1.207      22.448      12.744       5.267       9.005      10.786       4.202       0.810       0.475       0.000       0.000       0.000       0.000
   365    12    31  2023      37       0  hru037                 0.548   28411.951       0.000    1017.102       8.530       0.240     136.301     140.090     112.088       0.734       0.000      82.187       2.177      21.692      12.744       5.267       9.005      10.786       4.202       0.810       0.475       0.000       0.000       0.000       0.000
   365    12    31  2023      38       0  hru038                 0.548   29331.605       0.000    1051.032       8.444       0.189       0.520     140.090     115.258       0.734       0.000      84.548       0.708      22.329      12.744       5.267       9.005      10.786       4.202       0.810       0.475       0.000       0.000       0.000       0.000
   365    12    31  2023      39       0  hru039                 0.548   29304.482       0.000    1049.938       8.440       0.189       0.041     140.090     115.476       0.734       0.000      84.297       0.457      22.276      12.744       5.267       9.005      10.786       4.202       0.810       0.475       0.000       0.000       0.000       0.000
   365    12    31  2023      40       0  hru040                 0.548   28170.494       0.000    1003.281       8.534       0.094     166.386     140.090      97.061       0.734       0.000      85.418       1.663      22.283      12.744       5.267       9.005      10.786       4.202       0.810       0.475       0.000       0.000       0.000       0.000
   365    12    31  2023      41       0  hru041                 0.549   28417.227       0.000    1019.673       8.462       0.058       7.206     140.090     120.344       0.734       0.000      80.907       0.987      21.450      12.744       5.267       9.005      10.786       4.202       0.810       0.475       0.000       0.000       0.000       0.000
   365    12    31  2023      42       0  hru042                 0.548   28339.500       0.000    1014.274       8.532       0.240     139.936     140.090     111.521       0.734       0.000      82.124       2.238      21.669      12.744       5.267       9.005      10.786       4.202       0.810       0.475       0.000       0.000       0.000       0.000
   365    12    31  2023      43       0  hru043                 1.383   50879.613       0.000    1490.573       8.188      73.444       0.000     163.281      16.245       0.677       0.000     109.667       0.000      30.477      12.744       5.267       9.005      10.786       4.202       0.810       0.475       0.000       0.000       0.000       0.000
   365    12    31  2023      44       0  hru044                 1.685   68886.133       0.000    2304.606       8.210      13.168       7.935     163.281     143.069       0.245       0.000      77.340       1.016      30.891      12.744       5.267       9.005      10.786       4.202       0.810       0.475       0.000       0.000       0.000       0.000
   365    12    31  2023      45       0  hru045                 1.085   41496.461       0.000    1165.569       8.376     104.586       0.000     163.281       0.435       0.734       0.000     116.418       0.000      22.750      12.744       5.267       9.005      10.786       4.202       0.810       0.475       0.000       0.000       0.000       0.000
   365    12    31  2023      46       0  hru046                 1.674   65803.844       0.000    2138.276       7.927      45.183       0.000     163.281     114.062       0.285       0.000      81.444       0.178      31.647      12.744       5.267       9.005      10.786       4.202       0.810       0.475       0.000       0.000       0.000       0.000
   365    12    31  2023      47       0  hru047                 1.088   41435.176       0.000    1164.607       8.382     104.644       0.000     163.281       0.439       0.734       0.000     115.862       0.000      22.660      12.744       5.267       9.005      10.786       4.202       0.810       0.475       0.000       0.000       0.000       0.000
   365    12    31  2023      48       0  hru048                 1.100   40697.211       0.000    1142.661       8.424     105.753       0.000     163.281       0.000       0.734       0.000     115.562       0.000      21.956      12.744       5.267       9.005      10.786       4.202       0.810       0.475       0.000       0.000       0.000       0.000
   365    12    31  2023      49       0  hru049                 1.121   41879.113       0.000    1205.893       8.377     109.797       0.000     163.281       1.197       0.734       0.000     116.825       0.000      22.864      12.744       5.267       9.005      10.786       4.202       0.810       0.475       0.000       0.000       0.000       0.000
   365    12    31  2023      50       0  hru050                 1.121   41879.223       0.000    1205.897       8.377     109.797       0.000     163.281       1.197       0.734       0.000     116.826       0.000      22.864      12.744       5.267       9.005      10.786       4.202       0.810       0.475       0.000       0.000       0.000       0.000
   365    12    31  2023      51       0  hru051                 1.121   41876.625       0.000    1205.819       8.376     109.797       0.000     163.281       1.194       0.734       0.000     116.814       0.000      22.861      12.744       5.267       9.005      10.786       4.202       0.810       0.475       0.000       0.000       0.000       0.000
   365    12    31  2023      52       0  hru052                 1.625   65664.234       0.000    2083.483       8.169      52.815       0.000     163.281      90.695       0.289       0.000      89.022       0.000      33.084      12.744       5.267       9.005      10.786       4.202       0.810       0.475       0.000       0.000       0.000       0.000
   365    12    31  2023      53       0  hru053                 1.685   57004.605       0.000    1910.278       8.495       0.599      97.979     163.281     157.604       0.546       0.000      66.896       2.352      26.725      12.744       5.267       9.005      10.786       4.202       0.810       0.475       0.000       0.000       0.000       0.000
   365    12    31  2023      54       0  hru054                 1.121   41879.453       0.000    1205.903       8.377     109.797       0.000     163.281       1.197       0.734       0.000     116.827       0.000      22.864      12.744       5.267       9.005      10.786       4.202       0.810       0.475       0.000       0.000       0.000       0.000
   365    12    31  2023      55       0  hru055                 2.510   73182.438       0.000    2526.191       8.326       2.504      39.594     117.625     113.433       0.024       0.000     417.665       2.562      54.490      12.744       5.267       9.005      10.786       4.202       0.810       0.475       0.000       0.000       0.000       0.000
   365    12    31  2023      56       0  hru056                 2.510   70967.172       0.000    2469.935       8.298       2.331       0.111     117.625     122.796       0.032       0.000     387.445       0.843      50.975      12.744       5.267       9.005      10.786       4.202       0.810       0.475       0.000       0.000       0.000       0.000
   365    12    31  2023      57       0  hru057                 2.510   73176.359       0.000    2525.725       8.346       2.243      44.974     117.625     112.744       0.024       0.000     418.605       2.710      54.624      12.744       5.267       9.005      10.786       4.202       0.810       0.475       0.000       0.000       0.000       0.000
   365    12    31  2023      58       0  hru058                 2.510   72417.516       0.000    2500.471       8.384       1.263      58.379     117.625     113.551       0.028       0.000     410.249       3.056      53.684      12.744       5.267       9.005      10.786       4.202       0.810       0.475       0.000       0.000       0.000       0.000
   365    12    31  2023      59       0  hru059                 2.510   73166.297       0.000    2525.213       8.359       2.084      48.464     117.625     112.252       0.024       0.000     419.223       2.801      54.712      12.744       5.267       9.005      10.786       4.202       0.810       0.475       0.000       0.000       0.000       0.000
   365    12    31  2023      60       0  hru060                 2.510   71762.734       0.000    2492.819       8.370       1.606      43.374     117.625     118.232       0.030       0.000     397.566       3.057      52.201      12.744       5.267       9.005      10.786       4.202       0.810       0.475       0.000       0.000       0.000       0.000
   365    12    31  2023      61       0  hru061                 2.510   70932.188       0.000    2469.824       8.007       9.895       4.369     117.625     119.311       0.033       0.000     390.212       2.800      50.815      12.744       5.267       9.005      10.786       4.202       0.810       0.475       0.000       0.000       0.000       0.000
   365    12    31  2023      62       0  hru062                 2.510   68424.727       0.000    2388.827       8.093       6.260      13.680     117.625     129.191       0.042       0.000     359.847       3.032      47.420      12.744       5.267       9.005      10.786       4.202       0.810       0.475       0.000       0.000       0.000       0.000
   365    12    31  2023      63       0  hru063                 2.510   71690.195       0.000    2485.765       8.430       1.311      67.934     117.625     111.875       0.030       0.000     406.820       4.146      53.272      12.744       5.267       9.005      10.786       4.202       0.810       0.475       0.000       0.000       0.000       0.000
   365    12    31  2023      64       0  hru064                 2.510   70675.422       0.000    2460.637       8.294       2.426       0.000     117.625     123.821       0.033       0.000     382.673       0.506      50.436      12.744       5.267       9.005      10.786       4.202       0.810       0.475       0.000       0.000       0.000       0.000
   365    12    31  2023      65       0  hru065                 2.510   70747.242       0.000    2462.920       8.295       2.409       0.006     117.625     123.562       0.033       0.000     383.864       0.574      50.570      12.744       5.267       9.005      10.786       4.202       0.810       0.475       0.000       0.000       0.000       0.000
   365    12    31  2023      66       0  hru066                 2.510   70537.219       0.000    2455.805       8.294       2.454       0.000     117.625     124.315       0.034       0.000     380.437       0.399      50.182      12.744       5.267       9.005      10.786       4.202       0.810       0.475       0.000       0.000       0.000       0.000
   365    12    31  2023      67       0  hru067                 2.510   72442.656       0.000    2502.385       8.118       7.384       0.000     117.625     116.241       0.028       0.000     405.934       0.936      52.889      12.744       5.267       9.005      10.786       4.202       0.810       0.475       0.000       0.000       0.000       0.000
   365    12    31  2023      68       0  hru068                 2.510   71125.461       0.000    2475.817       8.301       2.264       0.347     117.625     122.222       0.032       0.000     389.908       1.091      51.262      12.744       5.267       9.005      10.786       4.202       0.810       0.475       0.000       0.000       0.000       0.000
   365    12    31  2023      69       0  hru069                 2.510   71338.562       0.000    2481.315       8.308       2.120       1.379     117.625     121.510       0.031       0.000     393.060       1.467      51.627      12.744       5.267       9.005      10.786       4.202       0.810       0.475       0.000       0.000       0.000       0.000
   365    12    31  2023      70       0  hru070                 2.510   71525.219       0.000    2487.267       8.317       1.884       3.659     117.625     120.936       0.031       0.000     395.758       1.809      51.939      12.744       5.267       9.005      10.786       4.202       0.810       0.475       0.000       0.000       0.000       0.000
   365    12    31  2023      71       0  hru071                 2.510   71623.359       0.000    2489.930       8.323       1.751       5.510     117.625     120.608       0.030       0.000     397.168       2.004      52.103      12.744       5.267       9.005      10.786       4.202       0.810       0.475       0.000       0.000       0.000       0.000
   365    12    31  2023      72       0  hru072                 2.510   71281.656       0.000    2479.481       8.306       2.166       0.956     117.625     121.673       0.031       0.000     392.290       1.359      51.534      12.744       5.267       9.005      10.786       4.202       0.810       0.475       0.000       0.000       0.000       0.000
   365    12    31  2023      73       0  hru073                 2.510   58628.680       0.000    1992.682       8.554       0.901     169.346     117.625      74.837       0.127       0.000     357.370       7.745      47.111      12.744       5.267       9.005      10.786       4.202       0.810       0.475       0.000       0.000       0.000       0.000
   365    12    31  2023      74       0  hru074                 2.510   73170.578       0.000    2523.933       8.379       1.604      51.883     117.625     111.582       0.024       0.000     420.121       2.753      54.829      12.744       5.267       9.005      10.786       4.202       0.810       0.475       0.000       0.000       0.000       0.000
   365    12    31  2023      75       0  hru075                 2.510   72782.000       0.000    2510.600       8.377       1.724      55.504     117.625     111.848       0.025       0.000     416.611       2.975      54.419      12.744       5.267       9.005      10.786       4.202       0.810       0.475       0.000       0.000       0.000       0.000
   365    12    31  2023      76       0  hru076                 2.510   71041.625       0.000    2472.082       8.055       9.210       8.261     117.625     119.485       0.032       0.000     390.734       3.254      50.969      12.744       5.267       9.005      10.786       4.202       0.810       0.475       0.000       0.000       0.000       0.000
   365    12    31  2023      77       0  hru077                 2.510   69840.836       0.000    2415.203       8.334       1.443      22.436     117.625     126.351       0.036       0.000     368.575       3.027      48.739      12.744       5.267       9.005      10.786       4.202       0.810       0.475       0.000       0.000       0.000       0.000
   365    12    31  2023      78       0  hru078                 2.510   71752.805       0.000    2478.990       8.220       4.102       4.941     117.625     119.796       0.030       0.000     396.386       2.423      51.957      12.744       5.267       9.005      10.786       4.202       0.810       0.475       0.000       0.000       0.000       0.000
   365    12    31  2023      79       0  hru079                 2.510   59544.488       0.000    2053.174       8.565       0.211     133.872     117.625     134.644       0.103       0.000     279.171       7.347      37.684      12.744       5.267       9.005      10.786       4.202       0.810       0.475       0.000       0.000       0.000       0.000
   365    12    31  2023      80       0  hru080                 2.510   72519.414       0.000    2502.622       8.117       7.465       0.027     117.625     115.854       0.028       0.000     407.505       1.183      53.054      12.744       5.267       9.005      10.786       4.202       0.810       0.475       0.000       0.000       0.000       0.000
   365    12    31  2023      81       0  hru081                 2.510   51255.531       0.000    1741.586       8.602       0.505     183.615     117.625      79.293       0.247       0.000     284.341       7.332      37.885      12.744       5.267       9.005      10.786       4.202       0.810       0.475       0.000       0.000       0.000       0.000
   365    12    31  2023      82       0  hru082                 2.510   67322.836       0.000    2326.711       8.456       0.241      66.167     117.625     125.428       0.046       0.000     348.655       4.771      46.359      12.744       5.267       9.005      10.786       4.202       0.810       0.475       0.000       0.000       0.000       0.000
   365    12    31  2023      83       0  hru083                 2.510   67510.344       0.000    2332.244       8.431       0.500      64.597     117.625     127.393       0.045       0.000     352.421       5.335      46.763      12.744       5.267       9.005      10.786       4.202       0.810       0.475       0.000       0.000       0.000       0.000
   365    12    31  2023      84       0  hru084                 2.510   72398.055       0.000    2499.549       8.227       4.004       5.954     117.625     117.666       0.028       0.000     404.986       2.666      52.963      12.744       5.267       9.005      10.786       4.202       0.810       0.475       0.000       0.000       0.000       0.000
   365    12    31  2023      85       0  hru085                 2.510   72902.562       0.000    2517.049       8.147       6.530       0.461     117.625     114.972       0.027       0.000     413.138       1.902      53.768      12.744       5.267       9.005      10.786       4.202       0.810       0.475       0.000       0.000       0.000       0.000
   365    12    31  2023      86       0  hru086                 2.510   66594.641       0.000    2297.162       8.500       0.615     123.949     117.625     100.371       0.052       0.000     382.666       5.880      50.403      12.744       5.267       9.005      10.786       4.202       0.810       0.475       0.000       0.000       0.000       0.000
   365    12    31  2023      87       0  hru087                 2.510   34884.996       0.000    1232.748       8.561       0.004     225.017     117.625      17.313       0.680       0.000     239.571      10.436      29.489      12.744       5.267       9.005      10.786       4.202       0.810       0.475       0.000       0.000       0.000       0.000
   365    12    31  2023      88       0  hru088                 2.510   64919.875       0.000    2232.865       8.393       0.371       8.120     117.625     145.253       0.062       0.000     313.291       0.878      42.082      12.744       5.267       9.005      10.786       4.202       0.810       0.475       0.000       0.000       0.000       0.000
   365    12    31  2023      89       0  hru089                 2.510   69581.664       0.000    2405.805       8.251       3.919      24.675     117.625     126.908       0.037       0.000     367.823       3.721      48.590      12.744       5.267       9.005      10.786       4.202       0.810       0.475       0.000       0.000       0.000       0.000
   365    12    31  2023      90       0  hru090                 2.510   70293.141       0.000    2430.851       8.235       4.015      16.686     117.625     124.777       0.034       0.000     375.695       3.227      49.540      12.744       5.267       9.005      10.786       4.202       0.810       0.475       0.000       0.000       0.000       0.000
   365    12    31  2023      91       0  hru091                 2.510   65230.223       0.000    2242.831       8.386       0.403       8.186     117.625     144.148       0.059       0.000     316.315       0.918      42.472      12.744       5.267       9.005      10.786       4.202       0.810       0.475       0.000       0.000       0.000       0.000
   365    12    31  2023      92       0  hru092                 2.510   71683.086       0.000    2486.162       8.428       1.221      66.547     117.625     114.115       0.030       0.000     402.336       4.109      52.750      12.744       5.267       9.005      10.786       4.202       0.810       0.475       0.000       0.000       0.000       0.000
   365    12    31  2023      93       0  hru093                 2.510   70492.750       0.000    2435.747       8.323       1.492      22.506     117.625     124.191       0.034       0.000     377.250       3.409      49.738      12.744       5.267       9.005      10.786       4.202       0.810       0.475       0.000       0.000       0.000       0.000
   365    12    31  2023      94       0  hru094                 2.510   65181.035       0.000    2241.275       8.381       0.448       6.423     117.625     144.319       0.060       0.000     315.815       0.854      42.410      12.744       5.267       9.005      10.786       4.202       0.810       0.475       0.000       0.000       0.000       0.000
   365    12    31  2023      95       0  hru095                 2.510   58349.359       0.000    2000.565       8.609       0.983     167.333     117.625      92.454       0.113       0.000     320.125       9.068      42.275      12.744       5.267       9.005      10.786       4.202       0.810       0.475       0.000       0.000       0.000       0.000
   365    12    31  2023      96       0  hru096                 2.510   63303.219       0.000    2176.433       8.448       0.046      22.385     117.625     150.747       0.074       0.000     295.744       1.341      39.855      12.744       5.267       9.005      10.786       4.202       0.810       0.475       0.000       0.000       0.000       0.000
   365    12    31  2023      97       0  hru097                 2.510   64646.566       0.000    2225.944       8.356       0.908       0.095     117.625     146.146       0.064       0.000     310.060       0.330      41.695      12.744       5.267       9.005      10.786       4.202       0.810       0.475       0.000       0.000       0.000       0.000
   365    12    31  2023      98       0  hru098                 2.510   72478.711       0.000    2515.125       8.367       1.724      42.253     117.625     115.869       0.028       0.000     407.505       3.215      53.361      12.744       5.267       9.005      10.786       4.202       0.810       0.475       0.000       0.000       0.000       0.000
   365    12    31  2023      99       0  hru099                 2.510   60013.688       0.000    2056.853       8.544       0.178     166.854     117.625      74.619       0.113       0.000     364.533       7.148      47.863      12.744       5.267       9.005      10.786       4.202       0.810       0.475       0.000       0.000       0.000       0.000
   365    12    31  2023     100       0  hru100                 2.510   60522.609       0.000    2074.397       8.568       0.996     162.399     117.625      82.294       0.097       0.000     353.609       8.179      46.412      12.744       5.267       9.005      10.786       4.202       0.810       0.475       0.000       0.000       0.000       0.000
   365    12    31  2023     101       0  hru101                 2.510   70742.469       0.000    2450.502       8.147       6.347       1.468     117.625     122.746       0.033       0.000     380.074       2.139      49.988      12.744       5.267       9.005      10.786       4.202       0.810       0.475       0.000       0.000       0.000       0.000
   365    12    31  2023     102       0  hru102                 0.183     779.705     897.436     647.302       8.476       0.434      10.436      27.989       0.000       0.008       0.000       0.000      18.407       0.000      12.744       5.267       9.005      10.786       4.202       0.810       0.475       0.000       0.000       0.000       0.000
   365    12    31  2023     103       0  hru103                 0.182     606.181     718.032     517.667       8.447       0.020      35.883      27.326       0.000       0.034       0.000       0.000      13.083       0.000      12.744       5.267       9.005      10.786       4.202       0.810       0.475       0.000       0.000       0.000       0.000
   365    12    31  2023     104       0  hru104                 0.246    1073.436    1387.982    1070.999       8.478       0.456      10.938      25.246       1.468       0.000       0.000       0.000      16.678       0.000      12.744       5.267       9.005      10.786       4.202       0.810       0.475       0.000       0.000       0.000       0.000
   365    12    31  2023     105       0  hru105                 2.244     974.456    2031.675     770.088       8.347       0.078       1.638      26.282       5.245       0.000       0.000       0.000       9.768       0.000      12.744       5.267       9.005      10.786       4.202       0.810       0.475       0.000       0.000       0.000       0.000
   365    12    31  2023     106       0  hru106                 0.249     877.615    1633.239     763.457       8.446       0.362       7.340      27.222       0.000       0.004       0.000       0.000      16.318       0.000      12.744       5.267       9.005      10.786       4.202       0.810       0.475       0.000       0.000       0.000       0.000
   365    12    31  2023     107       0  hru107                 0.350    1125.297    2622.688    1143.807       8.415       0.510      15.505      27.308       7.557       0.000       0.000       0.000       9.156       0.000      12.744       5.267       9.005      10.786       4.202       0.810       0.475       0.000       0.000       0.000       0.000
   365    12    31  2023     108       0  hru108                 0.379    1182.063    3582.388     587.346       8.444       7.046       2.875      27.636      10.725       0.002       0.000       0.000     130.360       0.000      12.744       5.267       9.005      10.786       4.202       0.810       0.475       0.000       0.000       0.000       0.000
   365    12    31  2023     109       0  hru109                 0.910    1463.134    3764.592     559.828       8.248      11.510       0.613      59.272      26.345       0.578       0.000      66.023      49.290       4.724      12.744       5.267       9.005      10.786       4.202       0.810       0.475       0.000       0.000       0.000       0.000
   365    12    31  2023     110       0  hru110                 0.487    1187.447    2352.255     980.845       8.162       2.559       0.327      65.683      17.401       0.000       0.000       0.000       7.051       0.000      12.744       5.267       9.005      10.786       4.202       0.810       0.475       0.000       0.000       0.000       0.000
   365    12    31  2023     111       0  hru111                 0.497    1130.870    2275.176     978.049       8.308       0.674      11.304      61.946      27.130       0.000       0.000       0.000       8.564       0.000      12.744       5.267       9.005      10.786       4.202       0.810       0.475       0.000       0.000       0.000       0.000
   365    12    31  2023     112       0  hru112                 0.843    1523.193    4534.887     627.545       8.403      12.050      27.451      61.394      20.363       0.000       0.000       0.000     138.371       0.000      12.744       5.267       9.005      10.786       4.202       0.810       0.475       0.000       0.000       0.000       0.000
   365    12    31  2023     113       0  hru113                 0.963    1875.047    3724.100    1032.486       8.131       3.301       0.113      70.936      36.809       0.000       0.000       0.000       2.630       0.000      12.744       5.267       9.005      10.786       4.202       0.810       0.475       0.000       0.000       0.000       0.000
   365    12    31  2023     114       0  hru114                 0.407    1509.680    5457.229     757.875       8.341       0.231       0.022      31.163       0.000       0.000       0.000       0.000      72.040       0.000      12.744       5.267       9.005      10.786       4.202       0.810       0.475       0.000       0.000       0.000       0.000
   365    12    31  2023     115       0  hru115                 0.467    1313.617    3247.121    1083.729       8.393       0.651      22.750      48.175      14.349       0.009       0.000       0.000      10.555       0.000      12.744       5.267       9.005      10.786       4.202       0.810       0.475       0.000       0.000       0.000       0.000
   365    12    31  2023     116       0  hru116                 0.632    1564.952    2992.645    1115.877       8.216       1.326       1.275      58.288      20.437       0.000       0.000       0.000       5.830       0.000      12.744       5.267       9.005      10.786       4.202       0.810       0.475       0.000       0.000       0.000       0.000
   365    12    31  2023     117       0  hru117                 0.699    1693.656    3113.632    1208.253       8.165       2.337       0.000      54.765      28.128       0.001       0.000       0.000       3.484       0.000      12.744       5.267       9.005      10.786       4.202       0.810       0.475       0.000       0.000       0.000       0.000
   365    12    31  2023     118       0  hru118                 0.687    1755.456    3120.633    1197.849       8.162       2.341       0.000      56.060      26.772       0.000       0.000       0.000       3.636       0.000      12.744       5.267       9.005      10.786       4.202       0.810       0.475       0.000       0.000       0.000       0.000
   365    12    31  2023     119       0  hru119                 0.731    1417.563    3858.138     821.922       8.366       0.621      13.871      69.751      15.099       0.115       0.000      22.796      12.220       4.370      12.744       5.267       9.005      10.786       4.202       0.810       0.475       0.000       0.000       0.000       0.000
   365    12    31  2023     120       0  hru120                 0.477     992.976    1844.365     778.602       8.398       0.000      20.128      66.174      25.311       0.034       0.000       0.000       3.347       0.000      12.744       5.267       9.005      10.786       4.202       0.810       0.475       0.000       0.000       0.000       0.000
   365    12    31  2023     121       0  hru121                 0.563    1334.826    3682.291     636.003       8.440       9.453      18.934      41.593      13.191       0.003       0.000       0.000     144.524       0.000      12.744       5.267       9.005      10.786       4.202       0.810       0.475       0.000       0.000       0.000       0.000
   365    12    31  2023     122       0  hru122                 1.157    2052.852    4305.284     560.706       8.279       8.943       8.970      69.236      42.582       1.195       0.000      66.023      46.056       4.724      12.744       5.267       9.005      10.786       4.202       0.810       0.475       0.000       0.000       0.000       0.000
   365    12    31  2023     123       0  hru123                 0.595    1376.737    3124.520     823.424       8.287      12.889       0.669      38.134      11.738       0.000       0.000       0.000      47.589       0.000      12.744       5.267       9.005      10.786       4.202       0.810       0.475       0.000       0.000       0.000       0.000
   365    12    31  2023     124       0  hru124                 1.029    1748.785    4447.877     555.997       8.225      13.248       1.383      63.706      27.750       1.177       0.000      15.464      43.536       1.939      12.744       5.267       9.005      10.786       4.202       0.810       0.475       0.000       0.000       0.000       0.000
   365    12    31  2023     125       0  hru125                 0.488    1388.484    4129.653    1371.733       8.367       0.695      15.259      26.778      10.021       0.000       0.000       0.000       9.359       0.000      12.744       5.267       9.005      10.786       4.202       0.810       0.475       0.000       0.000       0.000       0.000
   365    12    31  2023     126       0  hru126                 0.434    1282.583    2795.503    1210.932       8.342       0.202       2.838      43.838       9.936       0.105       0.000      21.644       5.965       2.595      12.744       5.267       9.005      10.786       4.202       0.810       0.475       0.000       0.000       0.000       0.000
   365    12    31  2023     127       0  hru127                 0.420    1403.222    3250.287    1346.502       8.406       0.510      27.080      26.662       9.511       0.004       0.000       0.000       7.396       0.000      12.744       5.267       9.005      10.786       4.202       0.810       0.475       0.000       0.000       0.000       0.000
   365    12    31  2023     128       0  hru128                 0.678    1788.177    3645.018    1376.920       8.320       0.954      13.701      37.283      27.661       0.000       0.000       0.000       5.712       0.000      12.744       5.267       9.005      10.786       4.202       0.810       0.475       0.000       0.000       0.000       0.000
   365    12    31  2023     129       0  hru129                 0.482    1767.994    3715.834    1666.331       8.357       0.765      11.056      22.955      12.061       0.000       0.000       0.000       5.290       0.000      12.744       5.267       9.005      10.786       4.202       0.810       0.475       0.000       0.000       0.000       0.000
   365    12    31  2023     130       0  hru130                 0.592    1848.860    3633.977    1733.644       8.345       0.427       9.633      44.897      20.088       0.000       0.000       0.000       6.419       0.000      12.744       5.267       9.005      10.786       4.202       0.810       0.475       0.000       0.000       0.000       0.000
   365    12    31  2023     131       0  hru131                 0.635    1614.377    3765.738    1309.760       8.353       0.837      22.072      47.097      19.390       0.000       0.000       0.000       7.418       0.000      12.744       5.267       9.005      10.786       4.202       0.810       0.475       0.000       0.000       0.000       0.000
   365    12    31  2023     132       0  hru132                 0.918    1858.955    4431.672    1353.065       8.297       1.344      29.234      47.167      29.048       0.105       0.000      14.813      11.967       1.153      12.744       5.267       9.005      10.786       4.202       0.810       0.475       0.000       0.000       0.000       0.000
   365    12    31  2023     133       0  hru133                 0.493    1543.294    6353.988     258.398       8.291       8.507       0.000      32.470       1.986       0.000       0.000       0.000     154.960       0.000      12.744       5.267       9.005      10.786       4.202       0.810       0.475       0.000       0.000       0.000       0.000
   365    12    31  2023     134       0  hru134                 0.981    1600.273    4132.744     541.582       8.361      13.388      31.753      84.120      29.436       0.105       0.000      40.912      87.317       8.179      12.744       5.267       9.005      10.786       4.202       0.810       0.475       0.000       0.000       0.000       0.000
   365    12    31  2023     135       0  hru135                 0.467    2817.451     708.464    2561.211       8.306       0.770       1.356      39.583       0.289       0.013       0.000       0.000      39.796       0.000      12.744       5.267       9.005      10.786       4.202       0.810       0.475       0.000       0.000       0.000       0.000
   365    12    31  2023     136       0  hru136                 2.342      50.494       0.000      41.313       8.508       0.000     112.383      34.788       0.024       2.038       0.000       0.000       5.021       0.000      12.744       5.267       9.005      10.786       4.202       0.810       0.475       0.000       0.000       0.000       0.000
   365    12    31  2023     137       0  hru137                 2.218     992.355    1187.238     569.927       8.430       0.075      40.812      25.500      11.241       0.027       0.000       0.000      12.443       0.000      12.744       5.267       9.005      10.786       4.202       0.810       0.475       0.000       0.000       0.000       0.000
   365    12    31  2023     138       0  hru138                 2.537    1838.832    4234.890    1114.177       8.424       0.378      67.289      40.782      24.290       0.000       0.000       0.000      20.497       0.000      12.744       5.267       9.005      10.786       4.202       0.810       0.475       0.000       0.000       0.000       0.000
   365    12    31  2023     139       0  hru139                 2.180    1338.447    2112.960     599.806       8.386       0.126       0.701      26.159      20.740       0.001       0.000       0.000       9.250       0.000      12.744       5.267       9.005      10.786       4.202       0.810       0.475       0.000       0.000       0.000       0.000
   365    12    31  2023     140       0  hru140                 2.198    1323.795    2153.738     591.591       8.186       0.359       0.332      25.176      19.454       0.000       0.000       0.000      11.291       0.000      12.744       5.267       9.005      10.786       4.202       0.810       0.475       0.000       0.000       0.000       0.000
   365    12    31  2023     141       0  hru141                 0.359    1273.748    1697.388    1033.323       8.426       0.301       1.674      36.509      19.683       0.105       0.000       2.865       9.345       0.386      12.744       5.267       9.005      10.786       4.202       0.810       0.475       0.000       0.000       0.000       0.000
   365    12    31  2023     142       0  hru142                 0.802    1834.593    3483.074    1087.635       8.125       1.102       0.000      41.100      38.205       0.262       0.000      13.660       1.970       1.726      12.744       5.267       9.005      10.786       4.202       0.810       0.475       0.000       0.000       0.000       0.000
   365    12    31  2023     143       0  hru143                 0.320    1094.177    1607.693     964.397       8.459       0.164      13.851      36.259      14.930       0.113       0.000      11.612      12.376       1.429      12.744       5.267       9.005      10.786       4.202       0.810       0.475       0.000       0.000       0.000       0.000
   365    12    31  2023     144       0  hru144                 0.418    1194.799    1916.431    1102.323       8.455       0.648      22.243      42.716      17.121       0.004       0.000       0.000      12.578       0.000      12.744       5.267       9.005      10.786       4.202       0.810       0.475       0.000       0.000       0.000       0.000
   365    12    31  2023     145       0  hru145                 0.549    1225.633    2489.890    1060.974       8.316       1.099       5.377      62.906      28.427       0.000       0.000       0.000       8.043       0.000      12.744       5.267       9.005      10.786       4.202       0.810       0.475       0.000       0.000       0.000       0.000
   365    12    31  2023     146       0  hru146                 0.752    1449.150    2417.461     946.164       8.468       0.557      72.034      42.101      22.629       0.332       0.000      20.001      13.850       2.467      12.744       5.267       9.005      10.786       4.202       0.810       0.475       0.000       0.000       0.000       0.000
   365    12    31  2023     147       0  hru147                 0.525    1118.843    2398.167    1096.667       8.502       0.426      72.377      38.527      11.737       0.121       0.000      17.705      21.165       2.124      12.744       5.267       9.005      10.786       4.202       0.810       0.475       0.000       0.000       0.000       0.000
   365    12    31  2023     148       0  hru148                 1.287    1941.848    4409.705     650.598       8.375       1.995      41.580      96.532      37.950       1.782       0.000       0.000       5.796       0.000      12.744       5.267       9.005      10.786       4.202       0.810       0.475       0.000       0.000       0.000       0.000
   365    12    31  2023     149       0  hru149                 2.355     824.373    2318.652     542.751       8.205       4.017       2.177      68.387     102.322       0.160       0.000      11.211       3.059       2.503      12.744       5.267       9.005      10.786       4.202       0.810       0.475       0.000       0.000       0.000       0.000
   365    12    31  2023     150       0  hru150                 2.896    1543.886    3257.010     465.628       8.204       2.768      22.928      81.926      92.292       0.839       0.000      13.602       7.701       2.902      12.744       5.267       9.005      10.786       4.202       0.810       0.475       0.000       0.000       0.000       0.000
   365    12    31  2023     151       0  hru151                 2.752    1138.196    3071.325     394.468       8.432      14.672      63.961      61.344      87.559       0.107       0.000      22.928      86.807       3.493      12.744       5.267       9.005      10.786       4.202       0.810       0.475       0.000       0.000       0.000       0.000
   365    12    31  2023     152       0  hru152                 1.024    1494.767    4239.761     640.941       8.410      12.964      32.337      66.166      22.513       0.625       0.000       0.000      89.852       0.000      12.744       5.267       9.005      10.786       4.202       0.810       0.475       0.000       0.000       0.000       0.000
   365    12    31  2023     153       0  hru153                 1.140    1770.384    4813.661     313.944       8.375      13.691      31.801      85.969      22.803       0.262       0.000      24.895     157.875       4.716      12.744       5.267       9.005      10.786       4.202       0.810       0.475       0.000       0.000       0.000       0.000
   365    12    31  2023     154       0  hru154                 1.248    1917.215    4875.905     278.209       8.382      12.968      35.806      91.565      22.330       0.711       0.000      29.463     158.364       6.504      12.744       5.267       9.005      10.786       4.202       0.810       0.475       0.000       0.000       0.000       0.000
   365    12    31  2023     155       0  hru155                 1.165    1833.163    3706.877     769.009       8.370       1.762      54.590      88.783      36.347       0.550       0.000       0.000       9.142       0.000      12.744       5.267       9.005      10.786       4.202       0.810       0.475       0.000       0.000       0.000       0.000
   365    12    31  2023     156       0  hru156                 1.186    2089.908    4507.855     952.486       8.110       1.486       0.384      72.612      46.006       1.228       0.000      23.059       2.571       2.819      12.744       5.267       9.005      10.786       4.202       0.810       0.475       0.000       0.000       0.000       0.000
   365    12    31  2023     157       0  hru157                 0.858    1556.450    4722.931     633.883       8.382      13.264      24.450      82.906      22.967       0.105       0.000      11.612     173.194       1.429      12.744       5.267       9.005      10.786       4.202       0.810       0.475       0.000       0.000       0.000       0.000
   365    12    31  2023     158       0  hru158                 1.373    2215.673    4341.419     534.561       8.340      16.978      28.710      85.597      48.450       0.907       0.000      19.741      75.377       1.522      12.744       5.267       9.005      10.786       4.202       0.810       0.475       0.000       0.000       0.000       0.000
   365    12    31  2023     159       0  hru159                 1.154    2142.519    3297.054    1303.944       8.330       1.817      41.680      74.650      39.756       1.083       0.000       0.000       9.967       0.000      12.744       5.267       9.005      10.786       4.202       0.810       0.475       0.000       0.000       0.000       0.000
   365    12    31  2023     160       0  hru160                 0.450    1832.463    3697.641    1206.249       8.363       9.508       0.060      31.113       3.722       0.040       0.000       0.000      91.192       0.000      12.744       5.267       9.005      10.786       4.202       0.810       0.475       0.000       0.000       0.000       0.000
   365    12    31  2023     161       0  hru161                 0.660    2395.024    9087.989     965.088       8.320       0.302       7.939      44.184       4.541       0.000       0.000       0.000     160.858       0.000      12.744       5.267       9.005      10.786       4.202       0.810       0.475       0.000       0.000       0.000       0.000
   365    12    31  2023     162       0  hru162                 2.864    1155.292    2738.748     685.448       8.435       8.659     101.669      75.597      58.632       0.000       0.000       0.000      99.099       0.000      12.744       5.267       9.005      10.786       4.202       0.810       0.475       0.000       0.000       0.000       0.000
   365    12    31  2023     163       0  hru163                 2.510   72487.203       0.000    2503.272       8.192       5.020       3.421     117.625     117.088       0.028       0.000     406.033       2.506      53.060      12.744       5.267       9.005      10.786       4.202       0.810       0.475       0.000       0.000       0.000       0.000
   365    12    31  2023     164       0  hru164                 2.510   64327.180       0.000    2215.562       8.403       0.238       0.467     117.625     147.579       0.066       0.000     306.492       0.509      41.227      12.744       5.267       9.005      10.786       4.202       0.810       0.475       0.000       0.000       0.000       0.000
   365    12    31  2023     165       0  hru165                 2.510   63381.348       0.000    2220.255       8.306       1.638      33.450     117.625     144.740       0.072       0.000     303.124       5.062      40.746      12.744       5.267       9.005      10.786       4.202       0.810       0.475       0.000       0.000       0.000       0.000
   365    12    31  2023     166       0  hru166                 2.510   47951.836       0.000    1631.075       8.604       0.247     197.078     117.625      60.318       0.368       0.000     282.973       7.514      37.658      12.744       5.267       9.005      10.786       4.202       0.810       0.475       0.000       0.000       0.000       0.000
   365    12    31  2023     167       0  hru167                 2.510   71064.055       0.000    2456.244       8.274       1.889      10.724     117.625     122.545       0.032       0.000     386.468       2.772      50.859      12.744       5.267       9.005      10.786       4.202       0.810       0.475       0.000       0.000       0.000       0.000
   365    12    31  2023     168       0  hru168                 2.510   72896.672       0.000    2528.830       8.188       5.261       6.881     117.625     115.906       0.027       0.000     411.326       2.875      53.654      12.744       5.267       9.005      10.786       4.202       0.810       0.475       0.000       0.000       0.000       0.000
   365    12    31  2023     169       0  hru169                 2.510   71189.609       0.000    2473.838       8.278       2.767      24.508     117.625     121.624       0.032       0.000     386.698       3.931      50.888      12.744       5.267       9.005      10.786       4.202       0.810       0.475       0.000       0.000       0.000       0.000
   365    12    31  2023     170       0  hru170                 2.510   72689.930       0.000    2508.788       8.128       7.128       0.135     117.625     115.400       0.028       0.000     410.109       1.509      53.391      12.744       5.267       9.005      10.786       4.202       0.810       0.475       0.000       0.000       0.000       0.000
   365    12    31  2023     171       0  hru171                 2.213     786.810    1279.774     659.589       8.263       0.207       3.514      20.743      33.336       0.003       0.000       0.000       2.147       0.000      12.744       5.267       9.005      10.786       4.202       0.810       0.475       0.000       0.000       0.000       0.000
   365    12    31  2023     172       0  hru172                 2.414     611.468    1058.101     396.272       8.411       0.069      46.093      31.909      32.502       0.003       0.000       0.000       4.703       0.000      12.744       5.267       9.005      10.786       4.202       0.810       0.475       0.000       0.000       0.000       0.000
   365    12    31  2023     173       0  hru173                 2.150     744.425    1546.059     580.795       8.084       8.920       0.819      30.415     132.975       0.003       0.000       0.000       1.969       0.000      12.744       5.267       9.005      10.786       4.202       0.810       0.475       0.000       0.000       0.000       0.000
   365    12    31  2023     174       0  hru174                 2.303    2219.834    4820.494    1651.477       8.227       3.810       1.158      30.106      53.008       0.003       0.000       0.000      10.321       0.000      12.744       5.267       9.005      10.786       4.202       0.810       0.475       0.000       0.000       0.000       0.000
   365    12    31  2023     175       0  hru175                 3.093    1909.153    4548.190     547.889       8.286       8.937       2.609      70.553      78.229       0.738       0.000      19.304      44.987       2.467      12.744       5.267       9.005      10.786       4.202       0.810       0.475       0.000       0.000       0.000       0.000
   365    12    31  2023     176       0  hru176                 2.840    1768.039    4265.548    1019.518       8.358       4.268      16.425      50.651      70.089       0.000       0.000       0.000      43.840       0.000      12.744       5.267       9.005      10.786       4.202       0.810       0.475       0.000       0.000       0.000       0.000
   365    12    31  2023     177       0  hru177                 2.510   72641.859       0.000    2520.688       8.182       5.395       5.737     117.625     116.621       0.028       0.000     407.909       2.710      53.250      12.744       5.267       9.005      10.786       4.202       0.810       0.475       0.000       0.000       0.000       0.000
   365    12    31  2023     178       0  hru178                 2.510   72939.531       0.000    2530.185       8.194       5.081       7.717     117.625     115.799       0.027       0.000     411.892       2.956      53.718      12.744       5.267       9.005      10.786       4.202       0.810       0.475       0.000       0.000       0.000       0.000
   365    12    31  2023     179       0  hru179                 2.510   65023.422       0.000    2237.000       8.369       0.688       2.260     117.625     144.860       0.061       0.000     314.228       0.665      42.212      12.744       5.267       9.005      10.786       4.202       0.810       0.475       0.000       0.000       0.000       0.000
   365    12    31  2023     180       0  hru180                 2.376    1257.450    3719.746    1170.688       8.277       2.306       0.011      26.873      27.806       0.000       0.000       0.000      10.213       0.000      12.744       5.267       9.005      10.786       4.202       0.810       0.475       0.000       0.000       0.000       0.000
   365    12    31  2023     181       0  hru181                 1.024    1703.912    4495.521     606.917       8.275      11.506       2.635      62.548      25.637       0.424       0.000      26.169      47.003       3.176      12.744       5.267       9.005      10.786       4.202       0.810       0.475       0.000       0.000       0.000       0.000
   365    12    31  2023     182       0  hru182                 0.966    1776.046    4498.402     578.969       8.280      12.691       0.013      60.947      23.845       1.262       0.000      23.059      43.252       2.819      12.744       5.267       9.005      10.786       4.202       0.810       0.475       0.000       0.000       0.000       0.000
   365    12    31  2023     183       0  hru183                 1.175    2234.572    5471.692     958.710       8.054       2.465       0.063      67.370      40.638       0.930       0.000      20.001       4.631       2.467      12.744       5.267       9.005      10.786       4.202       0.810       0.475       0.000       0.000       0.000       0.000
   365    12    31  2023     184       0  hru184                 1.247    2056.254    4560.105     855.013       8.321       1.559      32.090      84.379      31.640       0.719       0.000       0.000       5.258       0.000      12.744       5.267       9.005      10.786       4.202       0.810       0.475       0.000       0.000       0.000       0.000
   365    12    31  2023     185       0  hru185                 1.396    2157.062    5182.573     745.353       8.306       2.846      29.222      82.898      38.274       1.813       0.000       0.000       5.639       0.000      12.744       5.267       9.005      10.786       4.202       0.810       0.475       0.000       0.000       0.000       0.000
   365    12    31  2023     186       0  hru186                 0.330    1406.543    1932.759    1526.085       8.453       0.638      21.438      23.469       6.273       0.001       0.000       0.000      12.352       0.000      12.744       5.267       9.005      10.786       4.202       0.810       0.475       0.000       0.000       0.000       0.000
   365    12    31  2023     187       0  hru187                 0.354    1647.536    2274.882    1731.489       8.426       0.750      13.641      25.409       3.314       0.000       0.000       0.000      11.389       0.000      12.744       5.267       9.005      10.786       4.202       0.810       0.475       0.000       0.000       0.000       0.000
   365    12    31  2023     188       0  hru188                 0.404    1299.282    3193.888    1199.232       8.372       0.600      11.373      27.109       9.355       0.004       0.000       0.000       6.563       0.000      12.744       5.267       9.005      10.786       4.202       0.810       0.475       0.000       0.000       0.000       0.000
   365    12    31  2023     189       0  hru189                 0.443    1428.242    3077.465    1537.057       8.403       0.550      13.521      21.663      15.070       0.000       0.000       0.000       6.537       0.000      12.744       5.267       9.005      10.786       4.202       0.810       0.475       0.000       0.000       0.000       0.000
   365    12    31  2023     190       0  hru190                 0.505    2328.261    1927.337    2137.469       8.478       0.603      13.846      46.427       5.863       0.105       0.000       2.512      39.509       0.340      12.744       5.267       9.005      10.786       4.202       0.810       0.475       0.000       0.000       0.000       0.000
   365    12    31  2023     191       0  hru191                 0.895    1657.808    3113.212     741.016       8.406       1.928      36.766      69.173      22.345       1.263       0.000       0.000       6.246       0.000      12.744       5.267       9.005      10.786       4.202       0.810       0.475       0.000       0.000       0.000       0.000
   365    12    31  2023     192       0  hru192                 1.073    1885.821    3359.090     922.588       8.324       2.553      36.301      82.979      34.489       0.367       0.000       0.000       8.362       0.000      12.744       5.267       9.005      10.786       4.202       0.810       0.475       0.000       0.000       0.000       0.000
   365    12    31  2023     193       0  hru193                 2.294    1062.128    1914.591    1144.094       8.454       0.797      50.012      25.130      56.466       0.000       0.000       0.000      16.261       0.000      12.744       5.267       9.005      10.786       4.202       0.810       0.475       0.000       0.000       0.000       0.000
   365    12    31  2023     194       0  hru194                 0.355    1633.870    2236.474    1733.722       8.463       0.575      14.677      24.787       2.946       0.004       0.000       0.000      13.431       0.000      12.744       5.267       9.005      10.786       4.202       0.810       0.475       0.000       0.000       0.000       0.000
   365    12    31  2023     195       0  hru195                 0.479    2065.647    3353.855    2113.390       8.390       0.908      13.956      22.373       9.851       0.002       0.000       0.000       6.887       0.000      12.744       5.267       9.005      10.786       4.202       0.810       0.475       0.000       0.000       0.000       0.000
   365    12    31  2023     196       0  hru196                 0.469    1920.454    3220.608    2093.213       8.378       0.867       9.525      22.007       9.138       0.000       0.000       0.000       6.040       0.000      12.744       5.267       9.005      10.786       4.202       0.810       0.475       0.000       0.000       0.000       0.000
   365    12    31  2023     197       0  hru197                 0.477    1947.723    2740.119    2188.794       8.318       0.279       0.000      19.698      18.376       0.000       0.000       0.000       0.567       0.000      12.744       5.267       9.005      10.786       4.202       0.810       0.475       0.000       0.000       0.000       0.000
   365    12    31  2023     198       0  hru198                 0.699    2158.035    3432.230    1971.539       8.370       0.207      27.374      32.812      22.184       0.004       0.000       0.000       6.083       0.000      12.744       5.267       9.005      10.786       4.202       0.810       0.475       0.000       0.000       0.000       0.000
   365    12    31  2023     199       0  hru199                 0.627    2173.449    4545.234    1839.945       8.408       0.967      23.916      31.322      15.398       0.106       0.000       8.481      91.649       0.669      12.744       5.267       9.005      10.786       4.202       0.810       0.475       0.000       0.000       0.000       0.000
   365    12    31  2023     200       0  hru200                 0.656    2237.015    4591.693    1879.626       8.379       1.333      18.275      32.766      15.384       0.105       0.000      22.566      86.530       1.732      12.744       5.267       9.005      10.786       4.202       0.810       0.475       0.000       0.000       0.000       0.000
   365    12    31  2023     201       0  hru201                 0.753    1686.973    3866.334     993.684       8.260      13.772       0.207      60.084      21.788       0.000       0.000       0.000      22.850       0.000      12.744       5.267       9.005      10.786       4.202       0.810       0.475       0.000       0.000       0.000       0.000
   365    12    31  2023     202       0  hru202                 0.508    1629.831    3246.677    1430.847       8.385       0.973      19.672      68.184      16.002       0.000       0.000       0.000       8.266       0.000      12.744       5.267       9.005      10.786       4.202       0.810       0.475       0.000       0.000       0.000       0.000
   365    12    31  2023     203       0  hru203                 0.949    2095.302    4347.864    1242.498       8.122       1.195       0.099      69.284      29.317       1.963       0.000       0.000       1.629       0.000      12.744       5.267       9.005      10.786       4.202       0.810       0.475       0.000       0.000       0.000       0.000
   365    12    31  2023     204       0  hru204                 0.528    1875.568    3521.200    1653.506       8.360       0.880      19.589      62.760      15.602       0.382       0.000       2.865       6.853       0.386      12.744       5.267       9.005      10.786       4.202       0.810       0.475       0.000       0.000       0.000       0.000
   365    12    31  2023     205       0  hru205                 2.941    1841.264    3051.175    1047.996       8.118       3.107       0.044      66.258      82.583       0.000       0.000       0.000       3.804       0.000      12.744       5.267       9.005      10.786       4.202       0.810       0.475       0.000       0.000       0.000       0.000
   365    12    31  2023     206       0  hru206                 2.887    1549.755    2539.768     996.067       8.383       0.729      62.757      65.909      70.087       0.000       0.000       0.000      15.965       0.000      12.744       5.267       9.005      10.786       4.202       0.810       0.475       0.000       0.000       0.000       0.000
   365    12    31  2023     207       0  hru207                 1.127    2042.686    4385.877     939.917       8.291      11.745      14.733      58.739      40.027       0.315       0.000      48.501      42.870       4.422      12.744       5.267       9.005      10.786       4.202       0.810       0.475       0.000       0.000       0.000       0.000
   365    12    31  2023     208       0  hru208                 0.464    1196.348    2227.505     939.372       8.417       0.153      12.412      58.865      26.231       0.157       0.000       6.736      10.477       0.861      12.744       5.267       9.005      10.786       4.202       0.810       0.475       0.000       0.000       0.000       0.000
   365    12    31  2023     209       0  hru209                 0.411    1432.077    2743.285    1075.103       8.417       0.694      26.410      65.368      10.342       0.159       0.000       2.865      13.127       0.386      12.744       5.267       9.005      10.786       4.202       0.810       0.475       0.000       0.000       0.000       0.000
   365    12    31  2023     210       0  hru210                 0.576    1338.769    3335.311    1223.113       8.420       0.705      44.778      69.831      19.094       0.020       0.000       0.000      11.356       0.000      12.744       5.267       9.005      10.786       4.202       0.810       0.475       0.000       0.000       0.000       0.000
   365    12    31  2023     211       0  hru211                 0.517    1594.955    3861.207    1268.579       8.374       0.776      24.886      47.762      16.876       0.000       0.000       0.000       7.658       0.000      12.744       5.267       9.005      10.786       4.202       0.810       0.475       0.000       0.000       0.000       0.000
   365    12    31  2023     212       0  hru212                 0.478    2071.010    4370.199    1734.454       8.162       0.573       0.593      51.813       2.481       0.000       0.000       0.000      43.861       0.000      12.744       5.267       9.005      10.786       4.202       0.810       0.475       0.000       0.000       0.000       0.000
   365    12    31  2023     213       0  hru213                 0.965    2248.369    3979.876    1476.446       8.302       1.413      27.834      65.505      38.229       0.105       0.000      20.953       7.936       1.612      12.744       5.267       9.005      10.786       4.202       0.810       0.475       0.000       0.000       0.000       0.000
   365    12    31  2023     214       0  hru214                 0.643    1528.319    3454.742    1168.413       8.371       0.840      34.171      87.201      27.856       0.133       0.000       0.000      10.532       0.000      12.744       5.267       9.005      10.786       4.202       0.810       0.475       0.000       0.000       0.000       0.000
   365    12    31  2023     215       0  hru215                 0.668    1536.632    3421.769    1171.350       8.381       0.852      35.713      87.696      27.773       0.078       0.000       0.000      10.124       0.000      12.744       5.267       9.005      10.786       4.202       0.810       0.475       0.000       0.000       0.000       0.000
   365    12    31  2023     216       0  hru216                 0.583    1618.125    5090.371    1096.734       8.365       1.164      18.589      72.392      13.330       0.000       0.000       0.000      63.579       0.000      12.744       5.267       9.005      10.786       4.202       0.810       0.475       0.000       0.000       0.000       0.000
   365    12    31  2023     217       0  hru217                 0.698    1784.486    3736.462    1309.314       8.398       1.127      45.421      86.785      23.700       0.879       0.000       7.921       9.836       1.001      12.744       5.267       9.005      10.786       4.202       0.810       0.475       0.000       0.000       0.000       0.000
   365    12    31  2023     218       0  hru218                 0.830    1939.653    4721.698    1294.238       8.338       0.990      27.719      80.532      28.195       0.000       0.000       0.000      11.172       0.000      12.744       5.267       9.005      10.786       4.202       0.810       0.475       0.000       0.000       0.000       0.000
   365    12    31  2023     219       0  hru219                 0.733    1639.748    3597.368    1157.712       8.334       0.915      29.266      61.230      25.172       0.000       0.000       0.000       9.716       0.000      12.744       5.267       9.005      10.786       4.202       0.810       0.475       0.000       0.000       0.000       0.000
   365    12    31  2023     220       0  hru220                 1.095    1986.407    4126.518    1223.616       8.241       1.518      33.689      64.833      43.245       0.000       0.000       0.000      10.360       0.000      12.744       5.267       9.005      10.786       4.202       0.810       0.475       0.000       0.000       0.000       0.000
   365    12    31  2023     221       0  hru221                 3.030    1582.096    3189.023     592.420       8.280       1.035       8.727      70.347     117.632       2.513       0.000      23.487       1.063       3.483      12.744       5.267       9.005      10.786       4.202       0.810       0.475       0.000       0.000       0.000       0.000
   365    12    31  2023     222       0  hru222                 1.027      75.052     176.244      40.223       8.564       0.000     161.035      63.339       2.044       0.951       0.000       0.000      62.034       0.000      12.744       5.267       9.005      10.786       4.202       0.810       0.475       0.000       0.000       0.000       0.000
   365    12    31  2023     223       0  hru223                 0.624    1656.644    3906.693     938.079       8.426      10.252      15.576      37.927      18.691       0.002       0.000       0.000     144.219       0.000      12.744       5.267       9.005      10.786       4.202       0.810       0.475       0.000       0.000       0.000       0.000
   365    12    31  2023     224       0  hru224                 1.205    2171.341    4306.572     685.032       8.244      17.393       0.000      69.862      33.218       1.932       0.000      17.573      29.942       2.186      12.744       5.267       9.005      10.786       4.202       0.810       0.475       0.000       0.000       0.000       0.000
   365    12    31  2023     225       0  hru225                 0.917    2383.446    6369.596     967.869       7.924       2.698       0.446      74.061      30.652       0.000       0.000       0.000      26.232       0.000      12.744       5.267       9.005      10.786       4.202       0.810       0.475       0.000       0.000       0.000       0.000
   365    12    31  2023     226       0  hru226                 0.993    2405.444    6530.460    1001.694       8.262       0.892      22.752      73.030      31.148       0.000       0.000       0.000      49.459       0.000      12.744       5.267       9.005      10.786       4.202       0.810       0.475       0.000       0.000       0.000       0.000
   365    12    31  2023     227       0  hru227                 0.717    1754.117    3558.510    1275.872       7.997       3.662       0.869      78.336      34.432       0.000       0.000       0.000       4.282       0.000      12.744       5.267       9.005      10.786       4.202       0.810       0.475       0.000       0.000       0.000       0.000
   365    12    31  2023     228       0  hru228                 1.305    2182.524    4393.559     497.767       8.333      20.215      38.290      81.705      45.795       1.056       0.000      26.698      84.541       3.765      12.744       5.267       9.005      10.786       4.202       0.810       0.475       0.000       0.000       0.000       0.000
   365    12    31  2023     229       0  hru229                 1.081    1956.423    4073.064     709.172       8.202      18.618       0.478      62.389      36.639       0.000       0.000       0.000      35.138       0.000      12.744       5.267       9.005      10.786       4.202       0.810       0.475       0.000       0.000       0.000       0.000
   365    12    31  2023     230       0  hru230                 1.588    2655.991    4744.792     812.733       7.786       7.322       0.845      92.247      63.934       0.725       0.000      28.285       4.161       2.932      12.744       5.267       9.005      10.786       4.202       0.810       0.475       0.000       0.000       0.000       0.000
   365    12    31  2023     231       0  hru231                 1.046    1642.999    3669.840     591.965       8.400      14.901      39.729      68.136      27.629       1.444       0.000       0.000      90.720       0.000      12.744       5.267       9.005      10.786       4.202       0.810       0.475       0.000       0.000       0.000       0.000
   365    12    31  2023     232       0  hru232                 1.190    2084.453    4598.067     892.175       8.029       3.589       0.113      73.166      40.062       0.367       0.000      20.001       3.938       2.467      12.744       5.267       9.005      10.786       4.202       0.810       0.475       0.000       0.000       0.000       0.000
   365    12    31  2023     233       0  hru233                 1.208    2146.238    4603.044     893.908       8.040       3.573       0.156      71.755      39.834       1.328       0.000      26.169       4.384       3.176      12.744       5.267       9.005      10.786       4.202       0.810       0.475       0.000       0.000       0.000       0.000
   365    12    31  2023     234       0  hru234                 0.930    1683.634    4518.005     401.449       8.281      15.370       0.051      66.098      21.182       0.382       0.000       0.000      48.211       0.000      12.744       5.267       9.005      10.786       4.202       0.810       0.475       0.000       0.000       0.000       0.000
   365    12    31  2023     235       0  hru235                 1.015    2002.249    3538.517    1173.958       8.343       2.017      42.798      80.900      35.130       0.894       0.000       0.000      10.329       0.000      12.744       5.267       9.005      10.786       4.202       0.810       0.475       0.000       0.000       0.000       0.000
   365    12    31  2023     236       0  hru236                 1.465    2315.618    4694.596     794.772       8.214       3.391      32.078     111.770      60.312       1.875       0.000       9.410       6.079       1.175      12.744       5.267       9.005      10.786       4.202       0.810       0.475       0.000       0.000       0.000       0.000
   365    12    31  2023     237       0  hru237                 1.411    2010.719    3886.865     505.055       8.233      21.098       0.093      84.355      48.232       0.907       0.000      17.573      28.679       2.186      12.744       5.267       9.005      10.786       4.202       0.810       0.475       0.000       0.000       0.000       0.000
   365    12    31  2023     238       0  hru238                 1.343    2367.432    4411.498    1064.118       8.237       1.911      24.514      81.803      52.846       0.908       0.000      32.184       7.793       7.807      12.744       5.267       9.005      10.786       4.202       0.810       0.475       0.000       0.000       0.000       0.000
   365    12    31  2023     239       0  hru239                 2.510   69605.078       0.000    2427.796       8.096       7.091      11.765     117.625     125.193       0.037       0.000     370.495       3.421      48.676      12.744       5.267       9.005      10.786       4.202       0.810       0.475       0.000       0.000       0.000       0.000
   365    12    31  2023     240       0  hru240                 2.510   58494.172       0.000    2061.440       8.446       0.413      81.339     117.625     163.627       0.138       0.000     251.166       1.631      34.133      12.744       5.267       9.005      10.786       4.202       0.810       0.475       0.000       0.000       0.000       0.000
   365    12    31  2023     241       0  hru241                 2.510   70625.047       0.000    2458.261       8.318       1.654       1.339     117.625     124.008       0.033       0.000     383.242       1.427      50.477      12.744       5.267       9.005      10.786       4.202       0.810       0.475       0.000       0.000       0.000       0.000
   365    12    31  2023     242       0  hru242                 2.510   71402.555       0.000    2482.709       8.321       1.759       5.478     117.625     121.277       0.031       0.000     394.566       1.974      51.795      12.744       5.267       9.005      10.786       4.202       0.810       0.475       0.000       0.000       0.000       0.000
   365    12    31  2023     243       0  hru243                 2.510   71734.672       0.000    2495.424       7.986      10.858       1.872     117.625     116.156       0.030       0.000     401.092       2.601      52.002      12.744       5.267       9.005      10.786       4.202       0.810       0.475       0.000       0.000       0.000       0.000
   365    12    31  2023     244       0  hru244                 2.510   71437.359       0.000    2484.467       8.312       2.025       2.431     117.625     121.188       0.031       0.000     394.521       1.647      51.796      12.744       5.267       9.005      10.786       4.202       0.810       0.475       0.000       0.000       0.000       0.000
   365    12    31  2023     245       0  hru245                 2.510   71011.391       0.000    2472.167       8.299       2.302       0.157     117.625     122.654       0.032       0.000     388.164       0.913      51.060      12.744       5.267       9.005      10.786       4.202       0.810       0.475       0.000       0.000       0.000       0.000
   365    12    31  2023     246       0  hru246                 0.548   28637.643       0.000    1025.985       8.526       0.245     122.772     140.090     113.596       0.734       0.000      82.461       1.956      21.777      12.744       5.267       9.005      10.786       4.202       0.810       0.475       0.000       0.000       0.000       0.000
   365    12    31  2023     247       0  hru247                 1.504    2193.336    4095.252     352.200       8.348      14.419      37.080     101.519      40.615       1.522       0.000      40.388      80.549       8.570      12.744       5.267       9.005      10.786       4.202       0.810       0.475       0.000       0.000       0.000       0.000
   365    12    31  2023     248       0  hru248                 0.678    1488.956    3782.853     923.426       8.395      12.485      18.890      38.587      14.892       0.000       0.000       0.000      85.695       0.000      12.744       5.267       9.005      10.786       4.202       0.810       0.475       0.000       0.000       0.000       0.000
   365    12    31  2023     249       0  hru249                 0.717    1612.031    3899.032     903.899       8.388      12.367      18.104      39.447      16.654       0.000       0.000       0.000      84.294       0.000      12.744       5.267       9.005      10.786       4.202       0.810       0.475       0.000       0.000       0.000       0.000
   365    12    31  2023     250       0  hru250                 1.374    1951.307    3588.510     590.450       8.341      23.289      41.769      88.187      47.349       1.130       0.000       0.000      62.633       0.000      12.744       5.267       9.005      10.786       4.202       0.810       0.475       0.000       0.000       0.000       0.000
   365    12    31  2023     251       0  hru251                 2.510   70505.875       0.000    2454.386       8.311       1.884       0.997     117.625     124.315       0.034       0.000     382.298       1.211      50.366      12.744       5.267       9.005      10.786       4.202       0.810       0.475       0.000       0.000       0.000       0.000
   365    12    31  2023     252       0  hru252                 2.510   28519.182       0.000    1005.594       8.574       0.025     234.581     117.625      19.602       0.720       0.000     171.771       5.019      20.961      12.744       5.267       9.005      10.786       4.202       0.810       0.475       0.000       0.000       0.000       0.000
   365    12    31  2023     253       0  hru253                 2.510   67171.086       0.000    2344.754       8.381       0.436      26.679     117.625     135.566       0.048       0.000     343.903       2.495      45.693      12.744       5.267       9.005      10.786       4.202       0.810       0.475       0.000       0.000       0.000       0.000
   365    12    31  2023     254       0  hru254                 2.510   68899.438       0.000    2402.430       8.329       1.544       5.305     117.625     129.675       0.040       0.000     362.513       1.515      47.978      12.744       5.267       9.005      10.786       4.202       0.810       0.475       0.000       0.000       0.000       0.000
   365    12    31  2023     255       0  hru255                 2.510   71338.359       0.000    2481.309       8.308       2.119       1.377     117.625     121.511       0.031       0.000     393.057       1.466      51.627      12.744       5.267       9.005      10.786       4.202       0.810       0.475       0.000       0.000       0.000       0.000
   365    12    31  2023     256       0  hru256                 2.510   73185.469       0.000    2526.085       8.343       2.279      43.984     117.625     112.879       0.024       0.000     418.457       2.684      54.597      12.744       5.267       9.005      10.786       4.202       0.810       0.475       0.000       0.000       0.000       0.000
   365    12    31  2023     257       0  hru257                 2.510   71190.766       0.000    2477.232       8.303       2.231       0.546     117.625     121.996       0.032       0.000     390.916       1.202      51.377      12.744       5.267       9.005      10.786       4.202       0.810       0.475       0.000       0.000       0.000       0.000
   365    12    31  2023     258       0  hru258                 2.510   69712.844       0.000    2428.507       8.345       1.209      14.259     117.625     126.817       0.037       0.000     373.162       2.220      49.248      12.744       5.267       9.005      10.786       4.202       0.810       0.475       0.000       0.000       0.000       0.000
   365    12    31  2023     259       0  hru259                 2.510   73177.266       0.000    2525.782       8.344       2.264      44.432     117.625     112.810       0.024       0.000     418.513       2.696      54.605      12.744       5.267       9.005      10.786       4.202       0.810       0.475       0.000       0.000       0.000       0.000
   365    12    31  2023     260       0  hru260                 2.510   72750.430       0.000    2510.278       8.373       1.816      53.735     117.625     112.451       0.026       0.000     415.468       2.935      54.282      12.744       5.267       9.005      10.786       4.202       0.810       0.475       0.000       0.000       0.000       0.000
   365    12    31  2023     261       0  hru261                 2.510   72343.688       0.000    2496.387       8.376       1.894      58.528     117.625     112.406       0.029       0.000     412.366       3.050      53.914      12.744       5.267       9.005      10.786       4.202       0.810       0.475       0.000       0.000       0.000       0.000
   365    12    31  2023     262       0  hru262                 2.510   71100.672       0.000    2475.025       8.300       2.278       0.289     117.625     122.312       0.032       0.000     389.512       1.050      51.217      12.744       5.267       9.005      10.786       4.202       0.810       0.475       0.000       0.000       0.000       0.000
   365    12    31  2023     263       0  hru263                 2.510   72777.992       0.000    2512.607       8.366       1.790      50.940     117.625     112.979       0.026       0.000     414.687       2.813      54.195      12.744       5.267       9.005      10.786       4.202       0.810       0.475       0.000       0.000       0.000       0.000
   365    12    31  2023     264       0  hru264                 2.510   61919.203       0.000    2160.567       8.504       0.283     125.863     117.625     119.360       0.078       0.000     319.906       5.200      42.689      12.744       5.267       9.005      10.786       4.202       0.810       0.475       0.000       0.000       0.000       0.000
   365    12    31  2023     265       0  hru265                 2.510   68574.227       0.000    2393.850       8.307       2.133       0.499     117.625     130.916       0.041       0.000     356.956       0.884      47.326      12.744       5.267       9.005      10.786       4.202       0.810       0.475       0.000       0.000       0.000       0.000
   365    12    31  2023     266       0  hru266                 2.510   70999.961       0.000    2471.802       8.298       2.318       0.142     117.625     122.695       0.032       0.000     387.974       0.890      51.036      12.744       5.267       9.005      10.786       4.202       0.810       0.475       0.000       0.000       0.000       0.000
   365    12    31  2023     267       0  hru267                 2.510   71292.320       0.000    2479.822       8.306       2.161       1.024     117.625     121.637       0.031       0.000     392.447       1.379      51.552      12.744       5.267       9.005      10.786       4.202       0.810       0.475       0.000       0.000       0.000       0.000
   365    12    31  2023     268       0  hru268                 2.510   70224.188       0.000    2446.023       8.312       1.689       1.220     117.625     125.242       0.035       0.000     378.786       1.192      49.952      12.744       5.267       9.005      10.786       4.202       0.810       0.475       0.000       0.000       0.000       0.000
   365    12    31  2023     269       0  hru269                 2.510   70088.281       0.000    2442.056       8.309       1.798       1.118     117.625     125.648       0.035       0.000     377.401       1.083      49.789      12.744       5.267       9.005      10.786       4.202       0.810       0.475       0.000       0.000       0.000       0.000
   365    12    31  2023     270       0  hru270                 2.510   70133.781       0.000    2443.179       8.305       1.971       0.017     117.625     125.851       0.035       0.000     374.395       0.668      49.464      12.744       5.267       9.005      10.786       4.202       0.810       0.475       0.000       0.000       0.000       0.000
   365    12    31  2023     271       0  hru271                 2.510   70454.820       0.000    2437.348       8.205       4.607      23.571     117.625     122.477       0.034       0.000     383.878       3.964      50.407      12.744       5.267       9.005      10.786       4.202       0.810       0.475       0.000       0.000       0.000       0.000
   365    12    31  2023     272       0  hru272                 2.510   71333.305       0.000    2466.424       8.071       8.342       6.005     117.625     118.594       0.031       0.000     395.550       2.962      51.544      12.744       5.267       9.005      10.786       4.202       0.810       0.475       0.000       0.000       0.000       0.000
   365    12    31  2023     273       0  hru273                 2.510   70486.336       0.000    2439.124       8.208       4.567      28.469     117.625     122.342       0.034       0.000     382.934       4.152      50.317      12.744       5.267       9.005      10.786       4.202       0.810       0.475       0.000       0.000       0.000       0.000
   365    12    31  2023     274       0  hru274                 1.597    2175.145    4052.299     371.887       8.369      12.903      51.462     101.515      44.018       1.661       0.000      32.468      83.154       5.955      12.744       5.267       9.005      10.786       4.202       0.810       0.475       0.000       0.000       0.000       0.000
   365    12    31  2023     275       0  hru275                 1.464    1971.663    3798.517     374.557       8.382      15.434      61.918      98.421      38.901       0.890       0.000      39.124      89.409       8.567      12.744       5.267       9.005      10.786       4.202       0.810       0.475       0.000       0.000       0.000       0.000
   365    12    31  2023     276       0  hru276                 1.373    1976.397    3353.084     534.504       8.354      22.489      43.398      89.696      44.433       0.842       0.000       0.000      69.917       0.000      12.744       5.267       9.005      10.786       4.202       0.810       0.475       0.000       0.000       0.000       0.000
   365    12    31  2023     277       0  hru277                 1.400    1943.617    3538.807     559.639       8.350      22.327      47.875      88.420      47.506       1.100       0.000       0.000      64.139       0.000      12.744       5.267       9.005      10.786       4.202       0.810       0.475       0.000       0.000       0.000       0.000
   365    12    31  2023     278       0  hru278                 2.510   70410.133       0.000    2452.375       8.343       0.873       3.324     117.625     125.122       0.034       0.000     377.642       0.258      49.849      12.744       5.267       9.005      10.786       4.202       0.810       0.475       0.000       0.000       0.000       0.000
   365    12    31  2023     279       0  hru279                 2.510   73354.328       0.000    2530.277       8.304       2.405      28.768     117.625     114.483       0.024       0.000     419.815       0.615      54.727      12.744       5.267       9.005      10.786       4.202       0.810       0.475       0.000       0.000       0.000       0.000
   365    12    31  2023     280       0  hru280                 2.510   73748.703       0.000    2544.118       8.299       2.499      26.848     117.625     113.283       0.022       0.000     425.016       0.621      55.328      12.744       5.267       9.005      10.786       4.202       0.810       0.475       0.000       0.000       0.000       0.000
   365    12    31  2023     281       0  hru281                 0.549   28823.703       0.000    1032.982       8.502       0.000       4.263     140.090     118.928       0.734       0.000      81.108       0.103      21.523      12.744       5.267       9.005      10.786       4.202       0.810       0.475       0.000       0.000       0.000       0.000
   365    12    31  2023     282       0  hru282                 0.549   29017.193       0.000    1018.794       8.495       0.000       1.466     140.090     120.482       0.734       0.000      83.782       0.048      21.872      12.744       5.267       9.005      10.786       4.202       0.810       0.475       0.000       0.000       0.000       0.000
   365    12    31  2023     283       0  hru283                 1.627   67203.148       0.000    2102.043       8.126      49.943       0.000     163.281      97.617       0.257       0.000      87.076       0.000      33.146      12.744       5.267       9.005      10.786       4.202       0.810       0.475       0.000       0.000       0.000       0.000
   365    12    31  2023     284       0  hru284                 1.087   41499.066       0.000    1165.788       8.376     104.543       0.000     163.281       0.465       0.734       0.000     116.212       0.000      22.726      12.744       5.267       9.005      10.786       4.202       0.810       0.475       0.000       0.000       0.000       0.000
   365    12    31  2023     285       0  hru285                 1.085   41495.754       0.000    1169.461       8.351     104.586       0.000     163.281       0.399       0.734       0.000     116.432       0.000      22.750      12.744       5.267       9.005      10.786       4.202       0.810       0.475       0.000       0.000       0.000       0.000
   365    12    31  2023     286       0  hru286                 1.085   41495.652       0.000    1165.545       8.376     104.586       0.000     163.281       0.436       0.734       0.000     116.413       0.000      22.750      12.744       5.267       9.005      10.786       4.202       0.810       0.475       0.000       0.000       0.000       0.000
   365    12    31  2023     287       0  hru287                 1.088   41435.043       0.000    1164.603       8.382     104.643       0.000     163.281       0.439       0.734       0.000     115.862       0.000      22.660      12.744       5.267       9.005      10.786       4.202       0.810       0.475       0.000       0.000       0.000       0.000
   365    12    31  2023     288       0  hru288                 2.510   63362.109       0.000    2214.575       8.491       0.113      87.708     117.625     140.684       0.070       0.000     305.769       0.444      41.101      12.744       5.267       9.005      10.786       4.202       0.810       0.475       0.000       0.000       0.000       0.000
   365    12    31  2023     289       0  hru289                 2.510   69807.641       0.000    2432.183       8.425       0.435      33.515     117.625     126.282       0.036       0.000     373.837       0.408      49.361      12.744       5.267       9.005      10.786       4.202       0.810       0.475       0.000       0.000       0.000       0.000
   365    12    31  2023     290       0  hru290                 2.510   73841.172       0.000    2544.302       8.298       2.612      10.612     117.625     113.294       0.021       0.000     424.931       0.453      55.307      12.744       5.267       9.005      10.786       4.202       0.810       0.475       0.000       0.000       0.000       0.000
   365    12    31  2023     291       0  hru291                 2.510   63831.270       0.000    2215.271       8.497       0.243     107.873     117.625     133.124       0.065       0.000     317.588       0.898      42.622      12.744       5.267       9.005      10.786       4.202       0.810       0.475       0.000       0.000       0.000       0.000
   365    12    31  2023     292       0  hru292                 2.510   64707.777       0.000    2227.226       8.410       0.326       8.899     117.625     146.188       0.063       0.000     310.402       0.123      41.721      12.744       5.267       9.005      10.786       4.202       0.810       0.475       0.000       0.000       0.000       0.000
   365    12    31  2023     293       0  hru293                 2.510   65213.371       0.000    2243.353       8.392       0.391       5.884     117.625     144.193       0.060       0.000     316.245       0.113      42.465      12.744       5.267       9.005      10.786       4.202       0.810       0.475       0.000       0.000       0.000       0.000
   365    12    31  2023     294       0  hru294                 0.312    1192.867    2136.925    1124.233       8.483       0.012       6.569      25.709       0.931       0.014       0.000       0.000       1.584       0.000      12.744       5.267       9.005      10.786       4.202       0.810       0.475       0.000       0.000       0.000       0.000
   365    12    31  2023     295       0  hru295                 0.775    1442.905    3777.249     816.286       8.406       0.073       2.890      72.401      17.035       0.621       0.000      32.590       1.000       7.187      12.744       5.267       9.005      10.786       4.202       0.810       0.475       0.000       0.000       0.000       0.000
   365    12    31  2023     296       0  hru296                 2.288    1626.369    2219.835    1067.639       8.479       0.037       2.265      23.982      19.621       0.000       0.000       0.000       1.087       0.000      12.744       5.267       9.005      10.786       4.202       0.810       0.475       0.000       0.000       0.000       0.000
   365    12    31  2023     297       0  hru297                 0.736    1742.753    2830.132    1084.347       8.318       0.054       0.735      42.545      32.302       0.323       0.000      20.001       1.103       2.467      12.744       5.267       9.005      10.786       4.202       0.810       0.475       0.000       0.000       0.000       0.000
   365    12    31  2023     298       0  hru298                 2.313    2450.970    4720.758    1722.756       8.417       1.191       0.098      36.168      45.985       0.003       0.000       0.000       1.706       0.000      12.744       5.267       9.005      10.786       4.202       0.810       0.475       0.000       0.000       0.000       0.000
   365    12    31  2023     299       0  hru299                 2.510   63011.621       0.000    2166.252       8.495       0.163      64.710     117.625     151.766       0.077       0.000     293.460       0.208      39.549      12.744       5.267       9.005      10.786       4.202       0.810       0.475       0.000       0.000       0.000       0.000
   365    12    31  2023     300       0  hru300                 2.788    1880.740    4552.613    1020.385       8.449       3.864       0.000      50.944      67.350       0.003       0.000       0.000       0.283       0.000      12.744       5.267       9.005      10.786       4.202       0.810       0.475       0.000       0.000       0.000       0.000
   365    12    31  2023     301       0  hru301                 2.208    1463.977    2902.878     960.880       8.350       0.296       0.276      31.400      92.853       0.014       0.000       0.000       0.379       0.000      12.744       5.267       9.005      10.786       4.202       0.810       0.475       0.000       0.000       0.000       0.000
   365    12    31  2023     302       0  hru302                 2.510   64769.145       0.000    2227.414       8.413       0.363      13.183     117.625     145.849       0.063       0.000     311.666       0.127      41.875      12.744       5.267       9.005      10.786       4.202       0.810       0.475       0.000       0.000       0.000       0.000
   365    12    31  2023     303       0  hru303                 0.487    1966.677    4869.487    1629.812       8.385       0.052       1.108      24.152      14.540       0.004       0.000       0.000       1.812       0.000      12.744       5.267       9.005      10.786       4.202       0.810       0.475       0.000       0.000       0.000       0.000
   365    12    31  2023     304       0  hru304                 2.510   69948.414       0.000    2435.993       8.349       0.817       4.467     117.625     126.452       0.036       0.000     373.279       0.245      49.302      12.744       5.267       9.005      10.786       4.202       0.810       0.475       0.000       0.000       0.000       0.000
   365    12    31  2023     305       0  hru305                 2.510   74983.820       0.000    2584.807       8.458       1.090      61.840     117.625     108.526       0.019       0.000     442.174       0.306      57.362      12.744       5.267       9.005      10.786       4.202       0.810       0.475       0.000       0.000       0.000       0.000
   365    12    31  2023     306       0  hru306                 2.510   67721.188       0.000    2360.861       8.407       0.455      35.921     117.625     132.397       0.045       0.000     353.859       0.408      46.909      12.744       5.267       9.005      10.786       4.202       0.810       0.475       0.000       0.000       0.000       0.000
   365    12    31  2023     307       0  hru307                 2.510   47133.598       0.000    1615.959       8.600       0.248     194.608     117.625      40.100       0.407       0.000     319.863       0.557      41.300      12.744       5.267       9.005      10.786       4.202       0.810       0.475       0.000       0.000       0.000       0.000
   365    12    31  2023     308       0  hru308                 2.510   32334.977       0.000    1137.945       8.577       0.071     230.178     117.625      10.962       0.697       0.000     227.631       0.483      25.297      12.744       5.267       9.005      10.786       4.202       0.810       0.475       0.000       0.000       0.000       0.000
   365    12    31  2023     309       0  hru309                 2.510   71701.984       0.000    2491.863       8.356       0.734      10.113     117.625     120.472       0.030       0.000     397.931       0.319      52.222      12.744       5.267       9.005      10.786       4.202       0.810       0.475       0.000       0.000       0.000       0.000
   365    12    31  2023     310       0  hru310                 2.510   72475.570       0.000    2502.721       8.458       1.002      69.163     117.625     115.057       0.028       0.000     410.686       0.353      53.749      12.744       5.267       9.005      10.786       4.202       0.810       0.475       0.000       0.000       0.000       0.000
   365    12    31  2023     311       0  hru311                 2.510   70883.875       0.000    2465.758       8.352       0.485       6.059     117.625     123.265       0.033       0.000     386.814       0.279      50.917      12.744       5.267       9.005      10.786       4.202       0.810       0.475       0.000       0.000       0.000       0.000
   365    12    31  2023     312       0  hru312                 2.510   74966.797       0.000    2584.350       8.455       1.090      60.482     117.625     108.694       0.019       0.000     441.754       0.305      57.316      12.744       5.267       9.005      10.786       4.202       0.810       0.475       0.000       0.000       0.000       0.000
   365    12    31  2023     313       0  hru313                 2.510   70966.898       0.000    2470.742       8.299       2.311       0.169     117.625     122.812       0.032       0.000     387.501       0.126      50.985      12.744       5.267       9.005      10.786       4.202       0.810       0.475       0.000       0.000       0.000       0.000
   365    12    31  2023     314       0  hru314                 1.489    2007.181    3178.180     539.875       8.290      23.665       0.000      90.468      54.247       0.555       0.000       0.000       0.160       0.000      12.744       5.267       9.005      10.786       4.202       0.810       0.475       0.000       0.000       0.000       0.000
