 Mini_CREATE               SWAT+ Jan 11 2024        MODULAR Rev 2024.61.0                                 
  jday   mon   day    yr    unit  gis_id  name            grzn        grzp        lab_min_p   act_sta_p       fertn            fertp            fixn             denit            act_nit_n        act_sta_n        org_lab_p        rsd_nitorg_n     rsd_laborg_p    no3atmo          nh4atmo          nuptake          puptake                gwsoiln          gwsoilp
                                                          kgha        kgha        kgha        kgha             kgha             kgha             kgha             kgha             kgha             kgha             kgha             kgha             kgha             kgha             kgha             kgha             kgha                    kgha             kgha
   365    12    31  2023       1       0  hru001         0.000       0.000      -7.865     -10.183            0.000            0.000            0.000            2.211            0.643            9.056            0.107           48.542            5.102            5.490            4.941           53.570            7.353            0.000            0.000
   365    12    31  2023       2       0  hru002         0.000       0.000      -7.907     -10.266            0.000            0.000            0.000            2.214            0.644            9.062            0.107           48.592            5.102            5.490            4.941           53.658            7.359            0.000            0.000
   365    12    31  2023       3       0  hru003         0.000       0.000      -6.653      -8.775            0.000            0.000            0.000            1.447            0.460            8.916            0.075           46.571            4.936            5.490            4.941           48.458            6.854            0.000            0.000
   365    12    31  2023       4       0  hru004         0.000       0.000      -7.022     -10.386            0.000            0.000            0.000            2.590            0.744            8.643            0.125           46.397            4.929            5.490            4.941           48.715            6.865            0.000            0.000
   365    12    31  2023       5       0  hru005         0.000       0.000      -7.247     -10.484            0.000            0.000            0.000            2.645            0.748            8.676            0.125           46.657            4.953            5.490            4.941           49.345            6.935            0.000            0.000
   365    12    31  2023       6       0  hru006         0.000       0.000      -7.116     -10.427            0.000            0.000            0.000            2.617            0.746            8.658            0.125           46.519            4.940            5.490            4.941           49.010            6.898            0.000            0.000
   365    12    31  2023       7       0  hru007         0.000       0.000      -7.446     -10.572            0.000            0.000            0.000            2.689            0.751            8.701            0.126           46.844            4.970            5.490            4.941           49.792            6.984            0.000            0.000
   365    12    31  2023       8       0  hru008         0.000       0.000      -7.008     -10.379            0.000            0.000            0.000            2.585            0.744            8.640            0.125           46.376            4.927            5.490            4.941           48.664            6.859            0.000            0.000
   365    12    31  2023       9       0  hru009         0.000       0.000      -9.117     -10.950            0.000            0.000            0.000            1.605            0.696            8.421            0.116           44.941            4.545            5.490            4.941           45.393            6.203            0.000            0.000
   365    12    31  2023      10       0  hru010         0.000       0.000      -7.466     -10.581            0.000            0.000            0.000            2.695            0.752            8.704            0.126           46.861            4.972            5.490            4.941           49.833            6.989            0.000            0.000
   365    12    31  2023      11       0  hru011         0.000       0.000      -7.450     -10.574            0.000            0.000            0.000            2.690            0.751            8.702            0.126           46.848            4.971            5.490            4.941           49.801            6.985            0.000            0.000
   365    12    31  2023      12       0  hru012         0.000       0.000      -7.838     -10.746            0.000            0.000            0.000            2.753            0.759            8.747            0.127           47.198            5.003            5.490            4.941           50.641            7.076            0.000            0.000
   365    12    31  2023      13       0  hru013         0.000       0.000      -7.352     -10.530            0.000            0.000            0.000            2.670            0.750            8.690            0.125           46.757            4.962            5.490            4.941           49.584            6.962            0.000            0.000
   365    12    31  2023      14       0  hru014         0.000       0.000      -7.393     -10.549            0.000            0.000            0.000            2.677            0.750            8.695            0.126           46.795            4.966            5.490            4.941           49.675            6.972            0.000            0.000
   365    12    31  2023      15       0  hru015         0.000       0.000      -7.230     -10.477            0.000            0.000            0.000            2.642            0.748            8.674            0.125           46.640            4.951            5.490            4.941           49.304            6.931            0.000            0.000
   365    12    31  2023      16       0  hru016         0.000       0.000      -8.549     -10.214            0.000            0.000            0.000            1.546            0.685            8.090            0.114           42.478            4.495            5.490            4.941           40.206            5.849            0.000            0.000
   365    12    31  2023      17       0  hru017         0.000       0.000      -6.030      -8.256            0.000            0.000            0.000            1.579            0.454            9.118            0.074           47.944            5.058            5.490            4.941           51.915            7.199            0.000            0.000
   365    12    31  2023      18       0  hru018         0.000       0.000      -7.445      -9.161            0.000            0.000            0.000            1.308            0.484            8.672            0.079           45.054            4.791            5.490            4.941           44.817            6.480            0.000            0.000
   365    12    31  2023      19       0  hru019         0.000       0.000      -9.238     -11.444            0.000            0.000            0.000            1.966            0.814            8.018            0.137           42.491            4.532            5.490            4.941           39.329            5.845            0.000            0.000
   365    12    31  2023      20       0  hru020         0.000       0.000      -7.448      -9.187            0.000            0.000            0.000            1.204            0.484            8.472            0.079           43.704            4.661            5.490            4.941           41.847            6.148            0.000            0.000
   365    12    31  2023      21       0  hru021         0.000       0.000      -6.501      -8.693            0.000            0.000            0.000            1.596            0.456            9.150            0.074           48.183            5.083            5.490            4.941           52.555            7.270            0.000            0.000
   365    12    31  2023      22       0  hru022         0.000       0.000      -6.537      -8.709            0.000            0.000            0.000            1.599            0.457            9.155            0.074           48.222            5.087            5.490            4.941           52.652            7.280            0.000            0.000
   365    12    31  2023      23       0  hru023         0.000       0.000      -5.861      -8.564            0.000            0.000            0.000           14.690            4.990            4.787            0.854           42.271            4.548            5.490            4.941           40.672            5.867            0.000            0.000
   365    12    31  2023      24       0  hru024         0.000       0.000      -5.941      -8.600            0.000            0.000            0.000           14.747            5.004            4.784            0.857           42.313            4.552            5.490            4.941           40.754            5.876            0.000            0.000
   365    12    31  2023      25       0  hru025         0.000       0.000      -6.251      -8.584            0.000            0.000            0.000            1.577            0.453            9.118            0.073           47.939            5.058            5.490            4.941           51.933            7.197            0.000            0.000
   365    12    31  2023      26       0  hru026         0.000       0.000      -6.546      -8.714            0.000            0.000            0.000            1.591            0.457            9.142            0.074           48.136            5.079            5.490            4.941           52.438            7.259            0.000            0.000
   365    12    31  2023      27       0  hru027         0.000       0.000      -7.149      -9.197            0.000            0.000            0.000            1.592            0.463            9.091            0.075           47.888            5.048            5.490            4.941           52.280            7.187            0.000            0.000
   365    12    31  2023      28       0  hru028         0.000       0.000      -6.226      -8.574            0.000            0.000            0.000            1.575            0.452            9.115            0.073           47.917            5.056            5.490            4.941           51.876            7.190            0.000            0.000
   365    12    31  2023      29       0  hru029         0.000       0.000      -6.799      -9.043            0.000            0.000            0.000            1.538            0.457            9.002            0.074           47.246            4.986            5.490            4.941           50.748            7.018            0.000            0.000
   365    12    31  2023      30       0  hru030         0.000       0.000      -7.769     -10.252            0.000            0.000            0.000            2.116            0.643            8.994            0.107           48.153            5.078            5.490            4.941           52.373            7.265            0.000            0.000
   365    12    31  2023      31       0  hru031         0.000       0.000      -6.538      -8.540            0.000            0.000            0.000            1.300            0.476            8.636            0.078           44.861            4.784            5.490            4.941           44.529            6.463            0.000            0.000
   365    12    31  2023      32       0  hru032         0.000       0.000      -7.839     -10.422            0.000            0.000            0.000            0.580            0.554            1.263            0.095            9.184            1.877            5.490            4.941           18.481            3.961            0.000            0.000
   365    12    31  2023      33       0  hru033         0.000       0.000      -6.475      -8.944            0.000            0.000            0.000            0.380            0.371            1.351            0.063            8.856            1.827            5.490            4.941           17.905            3.874            0.000            0.000
   365    12    31  2023      34       0  hru034         0.000       0.000      -8.152     -10.443            0.000            0.000            0.000            0.641            0.613            1.936            0.105           14.009            2.448            5.490            4.941           21.946            4.350            0.000            0.000
   365    12    31  2023      35       0  hru035         0.000       0.000      -6.816      -9.112            0.000            0.000            0.000            0.476            0.423            2.084            0.072           14.044            2.455            5.490            4.941           22.025            4.367            0.000            0.000
   365    12    31  2023      36       0  hru036         0.000       0.000      -7.471      -9.394            0.000            0.000            0.000            0.484            0.431            2.087            0.073           14.103            2.464            5.490            4.941           22.153            4.390            0.000            0.000
   365    12    31  2023      37       0  hru037         0.000       0.000      -9.018     -11.051            0.000            0.000            0.000            0.592            0.641            1.868            0.109           13.674            2.379            5.490            4.941           21.370            4.225            0.000            0.000
   365    12    31  2023      38       0  hru038         0.000       0.000      -7.048      -9.211            0.000            0.000            0.000            0.478            0.425            2.084            0.072           14.056            2.457            5.490            4.941           22.054            4.372            0.000            0.000
   365    12    31  2023      39       0  hru039         0.000       0.000      -6.754      -9.085            0.000            0.000            0.000            0.476            0.423            2.084            0.072           14.042            2.454            5.490            4.941           22.019            4.366            0.000            0.000
   365    12    31  2023      40       0  hru040         0.000       0.000      -8.868     -10.913            0.000            0.000            0.000            0.637            0.637            1.850            0.109           13.707            2.361            5.490            4.941           21.609            4.233            0.000            0.000
   365    12    31  2023      41       0  hru041         0.000       0.000      -7.402      -9.377            0.000            0.000            0.000            0.439            0.430            2.004            0.073           13.556            2.374            5.490            4.941           21.112            4.200            0.000            0.000
   365    12    31  2023      42       0  hru042         0.000       0.000      -9.055     -11.067            0.000            0.000            0.000            0.589            0.641            1.863            0.110           13.647            2.374            5.490            4.941           21.327            4.215            0.000            0.000
   365    12    31  2023      43       0  hru043         0.000       0.000      -7.024      -9.992            0.000            0.000            0.000            0.268            0.327            4.121            0.056           20.390            3.674            5.490            4.941           25.395            5.077            0.000            0.000
   365    12    31  2023      44       0  hru044         0.000       0.000      -8.060     -10.583            0.000            0.000            0.000            0.750            0.481            4.927            0.082           24.740            5.252            5.490            4.941           29.103            7.231            0.000            0.000
   365    12    31  2023      45       0  hru045         0.000       0.000      -6.417      -9.656            0.000            0.000            0.000            0.300            0.260            3.590            0.044           17.130            2.860            5.490            4.941           21.164            3.499            0.000            0.000
   365    12    31  2023      46       0  hru046         0.000       0.000      -7.224      -9.697            0.000            0.000            0.000            0.531            0.418            4.873            0.071           24.409            5.017            5.490            4.941           28.942            6.955            0.000            0.000
   365    12    31  2023      47       0  hru047         0.000       0.000      -6.552      -9.867            0.000            0.000            0.000            0.000            0.138            3.680            0.023           17.113            2.857            5.490            4.941           21.108            3.490            0.000            0.000
   365    12    31  2023      48       0  hru048         0.000       0.000      -5.535      -8.508            0.000            0.000            0.000            0.000            1.933            2.288            0.331           16.876            2.811            5.490            4.941           20.738            3.383            0.000            0.000
   365    12    31  2023      49       0  hru049         0.000       0.000      -6.965     -10.491            0.000            0.000            0.000            0.001            0.309            3.586            0.053           17.295            2.897            5.490            4.941           21.442            3.562            0.000            0.000
   365    12    31  2023      50       0  hru050         0.000       0.000      -6.965     -10.491            0.000            0.000            0.000            0.001            0.309            3.586            0.053           17.295            2.897            5.490            4.941           21.442            3.562            0.000            0.000
   365    12    31  2023      51       0  hru051         0.000       0.000      -6.965     -10.491            0.000            0.000            0.000            0.001            0.309            3.586            0.053           17.294            2.897            5.490            4.941           21.440            3.562            0.000            0.000
   365    12    31  2023      52       0  hru052         0.000       0.000      -8.065     -10.990            0.000            0.000            0.000            0.284            0.432            4.879            0.073           24.689            4.958            5.490            4.941           30.294            7.045            0.000            0.000
   365    12    31  2023      53       0  hru053         0.000       0.000     -10.357     -12.149            0.000            0.000            0.000            0.396            0.647            3.974            0.110           20.262            4.345            5.490            4.941           22.279            5.745            0.000            0.000
   365    12    31  2023      54       0  hru054         0.000       0.000      -6.965     -10.491            0.000            0.000            0.000            0.001            0.309            3.586            0.053           17.295            2.897            5.490            4.941           21.443            3.562            0.000            0.000
   365    12    31  2023      55       0  hru055         0.000       0.000      -6.949     -10.050            0.000            0.000            0.000            2.093            0.573           -0.225            0.098            0.830            0.132            5.490            4.941            1.888            0.305            0.000            0.000
   365    12    31  2023      56       0  hru056         0.000       0.000      -6.455     -10.343            0.000            0.000            0.000            2.468            0.700           -0.314            0.120            0.818            0.130            5.490            4.941            1.964            0.314            0.000            0.000
   365    12    31  2023      57       0  hru057         0.000       0.000      -7.038     -10.059            0.000            0.000            0.000            2.122            0.579           -0.228            0.099            0.820            0.130            5.490            4.941            1.811            0.293            0.000            0.000
   365    12    31  2023      58       0  hru058         0.000       0.000      -7.036     -10.162            0.000            0.000            0.000            1.918            0.576           -0.222            0.099            0.919            0.145            5.490            4.941            2.108            0.336            0.000            0.000
   365    12    31  2023      59       0  hru059         0.000       0.000      -7.090     -10.067            0.000            0.000            0.000            2.125            0.580           -0.226            0.099            0.851            0.135            5.490            4.941            1.972            0.316            0.000            0.000
   365    12    31  2023      60       0  hru060         0.000       0.000      -7.092     -10.296            0.000            0.000            0.000            1.672            0.582           -0.245            0.100            0.805            0.128            5.490            4.941            1.855            0.295            0.000            0.000
   365    12    31  2023      61       0  hru061         0.000       0.000      -6.521      -9.478            0.000            0.000            0.000            1.643            0.571           -0.221            0.098            0.783            0.124            5.490            4.941            2.118            0.340            0.000            0.000
   365    12    31  2023      62       0  hru062         0.000       0.000      -6.706      -9.726            0.000            0.000            0.000            1.311            0.580           -0.249            0.099            0.776            0.123            5.490            4.941            2.097            0.336            0.000            0.000
   365    12    31  2023      63       0  hru063         0.000       0.000      -7.517     -10.366            0.000            0.000            0.000            1.753            0.593           -0.248            0.102            0.759            0.120            5.490            4.941            1.754            0.278            0.000            0.000
   365    12    31  2023      64       0  hru064         0.000       0.000      -6.266     -10.259            0.000            0.000            0.000            2.515            0.699           -0.308            0.120            0.856            0.136            5.490            4.941            1.944            0.310            0.000            0.000
   365    12    31  2023      65       0  hru065         0.000       0.000      -6.310     -10.279            0.000            0.000            0.000            2.477            0.698           -0.307            0.120            0.851            0.134            5.490            4.941            2.066            0.328            0.000            0.000
   365    12    31  2023      66       0  hru066         0.000       0.000      -6.201     -10.231            0.000            0.000            0.000            2.535            0.698           -0.310            0.120            0.847            0.135            5.490            4.941            1.917            0.306            0.000            0.000
   365    12    31  2023      67       0  hru067         0.000       0.000      -5.135      -8.115            0.000            0.000            0.000            1.474            0.384           -0.073            0.066            0.870            0.139            5.490            4.941            2.015            0.322            0.000            0.000
   365    12    31  2023      68       0  hru068         0.000       0.000      -6.580     -10.397            0.000            0.000            0.000            2.462            0.699           -0.309            0.120            0.845            0.134            5.490            4.941            2.010            0.324            0.000            0.000
   365    12    31  2023      69       0  hru069         0.000       0.000      -6.756     -10.473            0.000            0.000            0.000            2.483            0.704           -0.310            0.121            0.866            0.137            5.490            4.941            1.944            0.309            0.000            0.000
   365    12    31  2023      70       0  hru070         0.000       0.000      -6.922     -10.548            0.000            0.000            0.000            2.415            0.699           -0.316            0.120            0.807            0.128            5.490            4.941            2.207            0.360            0.000            0.000
   365    12    31  2023      71       0  hru071         0.000       0.000      -7.005     -10.585            0.000            0.000            0.000            2.499            0.707           -0.317            0.121            0.845            0.134            5.490            4.941            1.914            0.306            0.000            0.000
   365    12    31  2023      72       0  hru072         0.000       0.000      -6.698     -10.450            0.000            0.000            0.000            2.482            0.700           -0.310            0.120            0.847            0.134            5.490            4.941            1.959            0.311            0.000            0.000
   365    12    31  2023      73       0  hru073         0.000       0.000      -8.326     -10.644            0.000            0.000            0.000            1.278            0.625           -0.315            0.107            0.534            0.084            5.490            4.941            0.825            0.130            0.000            0.000
   365    12    31  2023      74       0  hru074         0.000       0.000      -7.097     -10.134            0.000            0.000            0.000            2.147            0.579           -0.226            0.099            0.819            0.130            5.490            4.941            1.872            0.299            0.000            0.000
   365    12    31  2023      75       0  hru075         0.000       0.000      -7.125     -10.098            0.000            0.000            0.000            2.073            0.583           -0.235            0.100            0.794            0.126            5.490            4.941            1.775            0.282            0.000            0.000
   365    12    31  2023      76       0  hru076         0.000       0.000      -6.747      -9.575            0.000            0.000            0.000            1.660            0.580           -0.219            0.099            0.853            0.135            5.490            4.941            1.982            0.316            0.000            0.000
   365    12    31  2023      77       0  hru077         0.000       0.000      -6.603      -8.998            0.000            0.000            0.000            1.000            0.403           -0.081            0.069            0.886            0.140            5.490            4.941            2.121            0.338            0.000            0.000
   365    12    31  2023      78       0  hru078         0.000       0.000      -6.073      -8.759            0.000            0.000            0.000            1.201            0.394           -0.085            0.068            0.845            0.135            5.490            4.941            1.920            0.306            0.000            0.000
   365    12    31  2023      79       0  hru079         0.000       0.000      -8.234      -9.716            0.000            0.000            0.000            0.737            0.438           -0.171            0.075            0.536            0.086            5.490            4.941            0.798            0.126            0.000            0.000
   365    12    31  2023      80       0  hru080         0.000       0.000      -5.419      -8.472            0.000            0.000            0.000            1.459            0.383           -0.074            0.066            0.843            0.133            5.490            4.941            1.946            0.311            0.000            0.000
   365    12    31  2023      81       0  hru081         0.000       0.000      -9.050     -10.137            0.000            0.000            0.000            0.588            0.468           -0.236            0.080            0.272            0.045            5.490            4.941            0.268            0.045            0.000            0.000
   365    12    31  2023      82       0  hru082         0.000       0.000      -7.304      -9.302            0.000            0.000            0.000            0.929            0.418           -0.120            0.072            0.727            0.116            5.490            4.941            1.653            0.265            0.000            0.000
   365    12    31  2023      83       0  hru083         0.000       0.000      -7.190      -9.245            0.000            0.000            0.000            0.919            0.414           -0.113            0.071            0.743            0.118            5.490            4.941            1.692            0.271            0.000            0.000
   365    12    31  2023      84       0  hru084         0.000       0.000      -6.080      -8.763            0.000            0.000            0.000            1.289            0.393           -0.084            0.067            0.831            0.131            5.490            4.941            1.988            0.317            0.000            0.000
   365    12    31  2023      85       0  hru085         0.000       0.000      -5.717      -8.603            0.000            0.000            0.000            1.462            0.388           -0.079            0.066            0.858            0.136            5.490            4.941            1.951            0.311            0.000            0.000
   365    12    31  2023      86       0  hru086         0.000       0.000      -8.043     -10.700            0.000            0.000            0.000            1.432            0.611           -0.278            0.105            0.762            0.121            5.490            4.941            1.387            0.221            0.000            0.000
   365    12    31  2023      87       0  hru087         0.000       0.000     -11.895     -12.799            0.000            0.000            0.000            0.953            0.831           -0.500            0.143            0.306            0.053            5.490            4.941            0.307            0.054            0.000            0.000
   365    12    31  2023      88       0  hru088         0.000       0.000      -5.684      -8.757            0.000            0.000            0.000           10.929            5.261           -3.724            0.902            0.766            0.122            5.490            4.941            2.142            0.342            0.000            0.000
   365    12    31  2023      89       0  hru089         0.000       0.000      -6.479      -8.936            0.000            0.000            0.000            0.993            0.397           -0.093            0.068            0.769            0.122            5.490            4.941            2.080            0.333            0.000            0.000
   365    12    31  2023      90       0  hru090         0.000       0.000      -6.349      -8.881            0.000            0.000            0.000            1.057            0.396           -0.078            0.068            0.878            0.139            5.490            4.941            2.033            0.324            0.000            0.000
   365    12    31  2023      91       0  hru091         0.000       0.000      -5.679      -8.754            0.000            0.000            0.000           11.331            5.259           -3.719            0.902            0.770            0.123            5.490            4.941            2.072            0.333            0.000            0.000
   365    12    31  2023      92       0  hru092         0.000       0.000      -7.503     -10.371            0.000            0.000            0.000            1.708            0.593           -0.248            0.102            0.766            0.121            5.490            4.941            1.773            0.282            0.000            0.000
   365    12    31  2023      93       0  hru093         0.000       0.000      -6.547      -8.972            0.000            0.000            0.000            1.067            0.402           -0.089            0.069            0.851            0.134            5.490            4.941            2.032            0.324            0.000            0.000
   365    12    31  2023      94       0  hru094         0.000       0.000      -5.604      -8.720            0.000            0.000            0.000           11.486            5.256           -3.709            0.901            0.830            0.132            5.490            4.941            1.957            0.318            0.000            0.000
   365    12    31  2023      95       0  hru095         0.000       0.000      -9.005     -11.177            0.000            0.000            0.000            1.071            0.661           -0.384            0.113            0.300            0.049            5.490            4.941            0.316            0.052            0.000            0.000
   365    12    31  2023      96       0  hru096         0.000       0.000      -6.176      -8.988            0.000            0.000            0.000            9.716            5.388           -3.807            0.924            0.869            0.138            5.490            4.941            1.952            0.312            0.000            0.000
   365    12    31  2023      97       0  hru097         0.000       0.000      -5.004      -8.457            0.000            0.000            0.000           11.383            5.188           -3.658            0.890            0.831            0.132            5.490            4.941            1.914            0.312            0.000            0.000
   365    12    31  2023      98       0  hru098         0.000       0.000      -7.176     -10.240            0.000            0.000            0.000            1.781            0.583           -0.233            0.100            0.822            0.130            5.490            4.941            1.893            0.301            0.000            0.000
   365    12    31  2023      99       0  hru099         0.000       0.000      -8.492     -10.986            0.000            0.000            0.000            1.287            0.632           -0.351            0.108            0.515            0.082            5.490            4.941            0.827            0.131            0.000            0.000
   365    12    31  2023     100       0  hru100         0.000       0.000      -8.801     -10.970            0.000            0.000            0.000            1.231            0.646           -0.357            0.111            0.363            0.059            5.490            4.941            0.469            0.075            0.000            0.000
   365    12    31  2023     101       0  hru101         0.000       0.000      -5.870      -8.664            0.000            0.000            0.000            1.127            0.388           -0.072            0.066            0.869            0.138            5.490            4.941            2.027            0.329            0.000            0.000
   365    12    31  2023     102       0  hru102         0.000       0.000      -9.557     -11.372            0.000            0.000           95.886            6.147            0.695            9.167            0.117           47.425            2.115            5.490            4.941          127.448            6.109            0.000            0.000
   365    12    31  2023     103       0  hru103         0.000       0.000      -9.484     -10.360            0.000            0.000           96.662            3.110            0.522            7.811            0.087           40.582            1.808            5.490            4.941          109.513            5.247            0.000            0.000
   365    12    31  2023     104       0  hru104         0.000       0.000     -11.173     -12.091           25.176            1.678           77.224            5.663            0.687            8.569            0.116           40.784            2.966            5.490            4.941          130.117           11.510            0.000            0.000
   365    12    31  2023     105       0  hru105         0.000       0.000      -8.095      -9.524           19.931            3.567           69.521            3.682            0.483            6.508            0.081           33.894            2.585            5.490            4.941          108.633            9.385            0.000            0.000
   365    12    31  2023     106       0  hru106         0.000       0.000      -9.592     -11.240            9.441            1.259          124.389            7.627            0.715           11.767            0.119           53.067            2.291            5.490            4.941          170.796            8.228            0.000            0.000
   365    12    31  2023     107       0  hru107         0.000       0.000      -9.048     -10.709           58.744            8.392           48.730            3.911            0.656            6.760            0.111           24.407            3.700            5.490            4.941          128.837           15.893            0.000            0.000
   365    12    31  2023     108       0  hru108         0.000       0.000      62.460      41.918          485.425          153.154           20.095           36.062            1.494           75.943            0.296            9.850            1.715            5.490            4.941          105.187           14.819            0.000            0.000
   365    12    31  2023     109       0  hru109         0.000       0.000      31.348      15.687          328.600           99.026           21.726           22.481            1.008           38.501            0.186            9.118            1.275            5.490            4.941          128.498           18.818            0.000            0.000
   365    12    31  2023     110       0  hru110         0.000       0.000     -12.254     -12.095           44.583            2.727           40.638            4.483            0.606            4.713            0.103           18.876            2.628            5.490            4.941           97.196           16.011            0.000            0.000
   365    12    31  2023     111       0  hru111         0.000       0.000     -11.551     -11.661           50.877            4.773           23.232            3.960            0.628            3.805            0.108           14.597            2.547            5.490            4.941           78.073           15.534            0.000            0.000
   365    12    31  2023     112       0  hru112         0.000       0.000      65.445      38.734          567.772          178.068           21.294           43.102            1.389           69.086            0.272            3.934            1.743            5.490            4.941          125.051           20.780            0.000            0.000
   365    12    31  2023     113       0  hru113         0.000       0.000      -6.423      -7.641           73.168           15.473           40.188            2.363            0.412            3.623            0.069            6.886            2.914            5.490            4.941          120.466           22.088            0.000            0.000
   365    12    31  2023     114       0  hru114         0.000       0.000     103.061      68.824          646.185          228.263           85.801           34.089            1.530           94.840            0.318           44.224            2.370            5.490            4.941          212.812           14.713            0.000            0.000
   365    12    31  2023     115       0  hru115         0.000       0.000     -11.674     -11.970           77.364            7.920           24.185            3.779            0.638            5.276            0.109           16.305            2.956            5.490            4.941          114.690           19.212            0.000            0.000
   365    12    31  2023     116       0  hru116         0.000       0.000     -11.193     -10.682           66.612            6.923           41.263            2.935            0.445            5.596            0.075           18.682            3.073            5.490            4.941          120.230           20.213            0.000            0.000
   365    12    31  2023     117       0  hru117         0.000       0.000     -10.231     -10.130           72.906            8.969           23.296            2.757            0.426            5.120            0.073           15.991            3.373            5.490            4.941          111.023           21.636            0.000            0.000
   365    12    31  2023     118       0  hru118         0.000       0.000     -10.496     -10.341           72.906            8.969           24.948            2.595            0.427            5.190            0.073           16.663            3.383            5.490            4.941          114.279           21.983            0.000            0.000
   365    12    31  2023     119       0  hru119         0.000       0.000     -10.250     -10.803           72.381            9.966           78.528            6.455            0.651            7.793            0.110           24.793            1.682            5.490            4.941          166.494           18.776            0.000            0.000
   365    12    31  2023     120       0  hru120         0.000       0.000     -10.300     -10.714           44.583            2.727           41.604           28.951            5.351           -0.177            0.917           13.316            1.998            5.490            4.941           80.451           11.875            0.000            0.000
   365    12    31  2023     121       0  hru121         0.000       0.000      60.922      40.811          481.229          152.105           42.503           37.824            1.495           76.003            0.291            8.873            1.899            5.490            4.941          121.955           15.605            0.000            0.000
   365    12    31  2023     122       0  hru122         0.000       0.000      28.805      13.943          332.796          100.704           22.572           16.646            1.032           38.042            0.190            6.083            1.159            5.490            4.941          124.015           22.430            0.000            0.000
   365    12    31  2023     123       0  hru123         0.000       0.000      28.003      11.695          326.764           94.410           23.445           16.674            0.805           35.867            0.153           13.532            2.780            5.490            4.941          125.502           18.393            0.000            0.000
   365    12    31  2023     124       0  hru124         0.000       0.000      26.872      17.764          285.066           81.612            0.000           18.448            1.086           45.234            0.207            4.721            1.790            5.490            4.941          115.355           22.042            0.000            0.000
   365    12    31  2023     125       0  hru125         0.000       0.000      -8.439      -9.859           94.410           13.637           51.407            4.001            0.652            6.953            0.111           16.727            4.130            5.490            4.941          159.776           21.258            0.000            0.000
   365    12    31  2023     126       0  hru126         0.000       0.000     -11.068     -10.866           60.842            5.245           56.720            2.760            0.465            5.555            0.078           17.777            3.200            5.490            4.941          128.075           17.240            0.000            0.000
   365    12    31  2023     127       0  hru127         0.000       0.000     -10.334     -11.186           83.920           10.070           25.703            3.048            0.644            5.497            0.109           14.144            4.000            5.490            4.941          123.549           19.749            0.000            0.000
   365    12    31  2023     128       0  hru128         0.000       0.000      -9.346     -10.253          110.932           14.004           14.149            2.941            0.630            5.735            0.108           16.607            4.595            5.490            4.941          141.644           24.347            0.000            0.000
   365    12    31  2023     129       0  hru129         0.000       0.000     -12.226     -11.470          110.407           11.277            6.036            2.729            0.621            5.293            0.107           11.426            4.788            5.490            4.941          131.335           26.832            0.000            0.000
   365    12    31  2023     130       0  hru130         0.000       0.000     -14.908     -13.069          106.474            8.182           13.928            3.323            0.628            5.405            0.107           14.045            4.770            5.490            4.941          134.582           27.677            0.000            0.000
   365    12    31  2023     131       0  hru131         0.000       0.000     -12.979     -12.394          102.802           10.070           16.458            3.256            0.632            5.257            0.108           12.675            3.944            5.490            4.941          131.887           25.226            0.000            0.000
   365    12    31  2023     132       0  hru132         0.000       0.000      -7.931      -9.605          104.376           17.413           65.526            5.304            0.656            8.551            0.111           22.015            4.006            5.490            4.941          186.250           24.240            0.000            0.000
   365    12    31  2023     133       0  hru133         0.000       0.000     143.808     104.067          999.436          318.267            0.000           60.152            2.139          148.186            0.503            3.901            0.811            5.490            4.941          139.149           20.449            0.000            0.000
   365    12    31  2023     134       0  hru134         0.000       0.000      29.676      15.900          347.744           97.452            0.000           26.333            1.039           40.811            0.195            4.873            1.257            5.490            4.941          114.978           20.307            0.000            0.000
   365    12    31  2023     135       0  hru135         0.000       0.000     -12.206     -11.987           25.176            1.678          220.795           17.093            0.958           31.665            0.150          176.808            9.777            5.490            4.941          331.049           21.153            0.000            0.000
   365    12    31  2023     136       0  hru136         0.000       0.000     -10.816     -11.164            0.000            0.000            4.094            4.098            6.386           -4.231            1.095            3.689            0.250            5.490            4.941            6.526            0.424            0.000            0.000
   365    12    31  2023     137       0  hru137         0.000       0.000     -10.226     -10.685            0.000            0.000           79.340            3.029            0.512            7.454            0.085           46.644            2.557            5.490            4.941           93.128            6.938            0.000            0.000
   365    12    31  2023     138       0  hru138         0.000       0.000     -13.131     -12.251           41.698            5.193           76.150            6.980            0.718            9.442            0.121           47.717            4.185            5.490            4.941          149.250           20.241            0.000            0.000
   365    12    31  2023     139       0  hru139         0.000       0.000     -10.257     -12.155            0.000            0.000           69.893            7.011            0.738            7.571            0.124           46.208            2.750            5.490            4.941           97.026            8.869            0.000            0.000
   365    12    31  2023     140       0  hru140         0.000       0.000      -9.319     -10.321            0.000            0.000           70.113            4.086            0.444            7.815            0.073           46.263            2.701            5.490            4.941           97.813            8.921            0.000            0.000
   365    12    31  2023     141       0  hru141         0.000       0.000      -9.301     -10.821           32.519            5.455           47.605            4.025            0.632            4.876            0.107           21.998            3.212            5.490            4.941           93.494           12.717            0.000            0.000
   365    12    31  2023     142       0  hru142         0.000       0.000      -5.176      -7.694           70.545           15.473           22.716            2.090            0.416            4.403            0.072           10.518            3.732            5.490            4.941          104.572           19.996            0.000            0.000
   365    12    31  2023     143       0  hru143         0.000       0.000     -10.122     -11.355           32.519            5.455           47.729            4.201            0.660            5.545            0.112           25.198            3.121            5.490            4.941           90.293           12.710            0.000            0.000
   365    12    31  2023     144       0  hru144         0.000       0.000     -10.080     -11.123           33.568            4.773           47.052            4.221            0.643            5.328            0.109           23.408            3.454            5.490            4.941           97.072           13.906            0.000            0.000
   365    12    31  2023     145       0  hru145         0.000       0.000     -11.442     -11.654           50.877            4.773           22.817            3.753            0.590            3.342            0.101           11.587            2.717            5.490            4.941           82.362           16.321            0.000            0.000
   365    12    31  2023     146       0  hru146         0.000       0.000      -7.430      -9.922           51.926           13.217           33.261            3.021            0.660            4.330            0.113           14.667            3.223            5.490            4.941           90.820           15.810            0.000            0.000
   365    12    31  2023     147       0  hru147         0.000       0.000     -10.335     -11.252           94.410            9.651            0.001            4.822            0.670            3.812            0.115           11.257            3.033            5.490            4.941           85.736           16.497            0.000            0.000
   365    12    31  2023     148       0  hru148         0.000       0.000      -7.015      -9.321           97.295           22.449           17.511            3.671            0.603            3.065            0.103            2.900            1.326            5.490            4.941          115.559           24.807            0.000            0.000
   365    12    31  2023     149       0  hru149         0.000       0.000      -5.199      -7.097           47.205           11.015            0.000            2.831            0.393            1.946            0.067            2.707            0.668            5.490            4.941           49.701           12.371            0.000            0.000
   365    12    31  2023     150       0  hru150         0.000       0.000      -7.674      -8.293           70.021           14.948            0.000            3.370            0.429            2.566            0.074            2.425            0.777            5.490            4.941           67.651           18.630            0.000            0.000
   365    12    31  2023     151       0  hru151         0.000       0.000      23.422      14.698          245.204           74.479            0.000           16.891            1.117           43.616            0.211            1.855            0.770            5.490            4.941           62.631           14.923            0.000            0.000
   365    12    31  2023     152       0  hru152         0.000       0.000      31.825      17.330          343.286           99.812           54.536           23.656            1.083           42.126            0.197            8.873            1.779            5.490            4.941          162.640           19.722            0.000            0.000
   365    12    31  2023     153       0  hru153         0.000       0.000      66.378      48.852          536.302          163.120            0.000           44.044            1.529           82.310            0.307            3.769            0.626            5.490            4.941          134.694           22.939            0.000            0.000
   365    12    31  2023     154       0  hru154         0.000       0.000      66.331      48.702          536.302          163.120            0.000           43.089            1.530           82.221            0.307            2.770            0.480            5.490            4.941          133.051           22.466            0.000            0.000
   365    12    31  2023     155       0  hru155         0.000       0.000      -5.120      -8.404           99.393           21.400           16.838            4.434            0.609            3.306            0.104            6.084            1.935            5.490            4.941          117.503           20.253            0.000            0.000
   365    12    31  2023     156       0  hru156         0.000       0.000      -4.491      -7.669          106.474           22.029           70.771            2.972            0.437            5.316            0.073            8.311            2.664            5.490            4.941          180.559           23.669            0.000            0.000
   365    12    31  2023     157       0  hru157         0.000       0.000      89.443      60.915          648.283          208.751            0.055           51.536            1.606           88.301            0.321            8.221            1.740            5.490            4.941          133.856           20.369            0.000            0.000
   365    12    31  2023     158       0  hru158         0.000       0.000      31.805      16.110          361.119          104.638            0.000           23.336            1.014           39.215            0.190            6.734            1.339            5.490            4.941          128.353           23.254            0.000            0.000
   365    12    31  2023     159       0  hru159         0.000       0.000      -8.427     -10.097          126.929           19.721            7.513            5.089            0.637            6.536            0.109           20.562            3.790            5.490            4.941          148.913           26.968            0.000            0.000
   365    12    31  2023     160       0  hru160         0.000       0.000      83.136      62.425          547.841          179.956           60.219           34.271            1.571           99.367            0.333           57.847            4.380            5.490            4.941          179.590           19.286            0.000            0.000
   365    12    31  2023     161       0  hru161         0.000       0.000     212.160     159.772         1210.810          428.779            0.106           59.054            2.651          187.152            0.638           17.156            3.384            5.490            4.941          200.128           25.299            0.000            0.000
   365    12    31  2023     162       0  hru162         0.000       0.000      31.461      14.147          339.090           99.393            0.000           19.557            1.039           34.336            0.191            9.492            1.760            5.490            4.941           78.664           13.679            0.000            0.000
   365    12    31  2023     163       0  hru163         0.000       0.000      -5.984      -8.718            0.000            0.000            0.000            1.315            0.391           -0.092            0.067            0.753            0.120            5.490            4.941            2.083            0.338            0.000            0.000
   365    12    31  2023     164       0  hru164         0.000       0.000      -5.391      -8.624            0.000            0.000            0.000           10.432            5.252           -3.706            0.901            0.767            0.122            5.490            4.941            2.099            0.336            0.000            0.000
   365    12    31  2023     165       0  hru165         0.000       0.000      -7.725     -10.007            0.000            0.000            0.000            0.903            0.609           -0.243            0.104            0.866            0.138            5.490            4.941            1.949            0.312            0.000            0.000
   365    12    31  2023     166       0  hru166         0.000       0.000      -9.156     -10.199            0.000            0.000            0.000            0.580            0.469           -0.238            0.080            0.279            0.046            5.490            4.941            0.265            0.044            0.000            0.000
   365    12    31  2023     167       0  hru167         0.000       0.000      -6.228      -8.834            0.000            0.000            0.000            1.134            0.395           -0.080            0.068            0.866            0.137            5.490            4.941            2.028            0.329            0.000            0.000
   365    12    31  2023     168       0  hru168         0.000       0.000      -6.809      -9.826            0.000            0.000            0.000            1.935            0.571           -0.215            0.098            0.832            0.132            5.490            4.941            1.963            0.316            0.000            0.000
   365    12    31  2023     169       0  hru169         0.000       0.000      -7.287     -10.041            0.000            0.000            0.000            1.532            0.579           -0.231            0.099            0.761            0.122            5.490            4.941            2.054            0.330            0.000            0.000
   365    12    31  2023     170       0  hru170         0.000       0.000      -5.555      -8.531            0.000            0.000            0.000            1.440            0.384           -0.072            0.066            0.879            0.139            5.490            4.941            2.028            0.322            0.000            0.000
   365    12    31  2023     171       0  hru171         0.000       0.000      -9.089     -10.175           25.176            1.678            3.671            1.778            0.390            1.559            0.067            6.483            2.078            5.490            4.941           37.854            8.920            0.000            0.000
   365    12    31  2023     172       0  hru172         0.000       0.000      -7.667      -8.796           22.816            3.934            0.000            1.132            0.418            0.769            0.072            2.503            1.584            5.490            4.941           24.050            6.695            0.000            0.000
   365    12    31  2023     173       0  hru173         0.000       0.000      -9.671     -10.998           18.882            1.259            9.229            1.567            0.558            2.486            0.095            8.858            2.082            5.490            4.941           42.306            9.001            0.000            0.000
   365    12    31  2023     174       0  hru174         0.000       0.000     -15.162     -13.414           44.058            2.937           77.668            6.597            0.714           11.649            0.119           56.322            5.485            5.490            4.941          158.442           23.748            0.000            0.000
   365    12    31  2023     175       0  hru175         0.000       0.000      23.041      14.949          269.331           79.724            0.000           17.279            1.121           44.485            0.214            3.180            1.190            5.490            4.941           89.980           23.643            0.000            0.000
   365    12    31  2023     176       0  hru176         0.000       0.000      27.073      11.653          321.257           94.777           77.752           13.318            0.866           36.727            0.160           16.986            3.057            5.490            4.941          157.157           18.771            0.000            0.000
   365    12    31  2023     177       0  hru177         0.000       0.000      -6.758      -9.802            0.000            0.000            0.000            1.885            0.570           -0.213            0.098            0.854            0.136            5.490            4.941            1.918            0.306            0.000            0.000
   365    12    31  2023     178       0  hru178         0.000       0.000      -6.835      -9.837            0.000            0.000            0.000            1.942            0.571           -0.215            0.098            0.851            0.135            5.490            4.941            1.911            0.305            0.000            0.000
   365    12    31  2023     179       0  hru179         0.000       0.000      -5.386      -8.624            0.000            0.000            0.000           11.496            5.231           -3.691            0.897            0.839            0.134            5.490            4.941            1.881            0.301            0.000            0.000
   365    12    31  2023     180       0  hru180         0.000       0.000     -10.343     -10.349           44.058            4.616          148.063            7.255            0.558           13.336            0.091           52.386            3.230            5.490            4.941          220.565           16.386            0.000            0.000
   365    12    31  2023     181       0  hru181         0.000       0.000      24.501      15.665          277.723           79.724           49.345           16.622            1.130           47.348            0.213           13.390            1.587            5.490            4.941          154.244           21.767            0.000            0.000
   365    12    31  2023     182       0  hru182         0.000       0.000      26.330      17.569          277.723           79.724           46.972           16.422            0.933           47.475            0.183           13.308            1.532            5.490            4.941          156.271           21.605            0.000            0.000
   365    12    31  2023     183       0  hru183         0.000       0.000      -7.239      -8.578          100.966           20.718           67.224            3.378            0.441            6.783            0.076           13.008            2.533            5.490            4.941          178.134           27.424            0.000            0.000
   365    12    31  2023     184       0  hru184         0.000       0.000      -7.939      -9.494           87.854           19.511           85.006            3.857            0.607            3.828            0.101            4.547            1.759            5.490            4.941          174.400           24.438            0.000            0.000
   365    12    31  2023     185       0  hru185         0.000       0.000      -7.787      -9.435          102.802           22.186           64.445            4.117            0.613            4.300            0.104            3.747            1.504            5.490            4.941          169.800           26.886            0.000            0.000
   365    12    31  2023     186       0  hru186         0.000       0.000     -11.930     -11.896           56.646            5.402           45.977            4.310            0.661            7.238            0.112           31.239            4.462            5.490            4.941          128.342           18.482            0.000            0.000
   365    12    31  2023     187       0  hru187         0.000       0.000     -14.020     -13.073           69.234            4.616           57.049            4.992            0.675            8.987            0.114           36.394            4.879            5.490            4.941          157.316           22.315            0.000            0.000
   365    12    31  2023     188       0  hru188         0.000       0.000      -8.339      -9.872           79.986           11.487           29.970            3.297            0.632            5.279            0.108           16.834            3.999            5.490            4.941          126.307           18.832            0.000            0.000
   365    12    31  2023     189       0  hru189         0.000       0.000      -9.850     -10.586           93.623           12.326            2.706            2.778            0.627            4.771            0.108           10.666            4.367            5.490            4.941          109.092           22.371            0.000            0.000
   365    12    31  2023     190       0  hru190         0.000       0.000     -13.765     -13.248           49.303            4.406          141.707           12.772            0.805           18.523            0.132          102.649            7.095            5.490            4.941          240.251           23.315            0.000            0.000
   365    12    31  2023     191       0  hru191         0.000       0.000     -10.293     -10.749           76.315           14.266           41.937            3.680            0.624            4.195            0.106           13.481            1.227            5.490            4.941          127.799           22.008            0.000            0.000
   365    12    31  2023     192       0  hru192         0.000       0.000      -7.885      -9.335          104.638           19.511           29.215            4.793            0.611            4.426            0.104           13.587            2.234            5.490            4.941          141.946           24.951            0.000            0.000
   365    12    31  2023     193       0  hru193         0.000       0.000     -11.519     -12.019           69.234            4.616            6.613            6.498            0.662            5.305            0.113           20.278            3.453            5.490            4.941           84.672           15.071            0.000            0.000
   365    12    31  2023     194       0  hru194         0.000       0.000     -13.794     -13.161           69.234            4.616           54.958            4.706            0.690            8.975            0.116           35.714            4.632            5.490            4.941          150.750           21.036            0.000            0.000
   365    12    31  2023     195       0  hru195         0.000       0.000     -15.149     -12.851          115.652            9.389           22.189            3.674            0.645            7.172            0.110           22.589            6.070            5.490            4.941          162.456           31.551            0.000            0.000
   365    12    31  2023     196       0  hru196         0.000       0.000     -14.307     -12.765          114.341            9.861           20.462            3.614            0.649            7.518            0.111           22.967            6.256            5.490            4.941          159.170           30.476            0.000            0.000
   365    12    31  2023     197       0  hru197         0.000       0.000     -13.449     -11.536          119.586            7.972           26.136           30.884            5.023            3.147            0.861           20.235            6.422            5.490            4.941          148.047           30.643            0.000            0.000
   365    12    31  2023     198       0  hru198         0.000       0.000     -13.884     -11.442          117.226           10.228           11.234            2.838            0.479            5.943            0.082           14.463            5.599            5.490            4.941          137.628           30.626            0.000            0.000
   365    12    31  2023     199       0  hru199         0.000       0.000     -13.342     -12.404          123.258           11.959            8.688            4.033            0.662            8.019            0.113           22.104            5.733            5.490            4.941          152.840           29.566            0.000            0.000
   365    12    31  2023     200       0  hru200         0.000       0.000     -13.329     -12.325          123.258           11.959            7.485            4.131            0.653            7.956            0.111           20.967            5.802            5.490            4.941          151.670           29.977            0.000            0.000
   365    12    31  2023     201       0  hru201         0.000       0.000      25.347      10.207          344.335           93.099            2.578           15.519            0.789           35.460            0.151            9.267            3.118            5.490            4.941          117.151           22.259            0.000            0.000
   365    12    31  2023     202       0  hru202         0.000       0.000     -16.673     -14.550           86.543            3.357           22.094            3.857            0.621            4.796            0.106           12.831            3.280            5.490            4.941          119.865           24.264            0.000            0.000
   365    12    31  2023     203       0  hru203         0.000       0.000     -12.641     -11.137          109.096           12.326            1.301            2.309            0.413            4.359            0.072            6.388            2.485            5.490            4.941          117.925           28.671            0.000            0.000
   365    12    31  2023     204       0  hru204         0.000       0.000     -17.768     -15.074          110.145            5.035           10.435            4.624            0.620            5.255            0.106           11.613            3.903            5.490            4.941          129.116           28.934            0.000            0.000
   365    12    31  2023     205       0  hru205         0.000       0.000      -3.241      -6.884           84.969           15.735           16.108            4.241            0.618            5.514            0.105           21.845            3.105            5.490            4.941          115.135           15.394            0.000            0.000
   365    12    31  2023     206       0  hru206         0.000       0.000      -3.984      -7.535           84.969           15.735           12.311            4.812            0.651            4.974            0.111           21.448            3.066            5.490            4.941          106.332           14.038            0.000            0.000
   365    12    31  2023     207       0  hru207         0.000       0.000      32.813      19.105          347.482          100.022           54.652           15.252            0.952           47.348            0.181           21.543            2.774            5.490            4.941          181.693           21.030            0.000            0.000
   365    12    31  2023     208       0  hru208         0.000       0.000     -11.869     -12.303           51.401            5.455           23.295            4.109            0.628            3.873            0.108           14.336            2.363            5.490            4.941           77.914           15.310            0.000            0.000
   365    12    31  2023     209       0  hru209         0.000       0.000     -15.484     -14.295           59.793            1.678           50.458            4.629            0.647            5.575            0.110           19.865            2.321            5.490            4.941          120.987           18.439            0.000            0.000
   365    12    31  2023     210       0  hru210         0.000       0.000     -14.059     -12.983           81.298            5.245           19.063            3.602            0.635            3.994            0.108           10.185            3.086            5.490            4.941          105.529           20.557            0.000            0.000
   365    12    31  2023     211       0  hru211         0.000       0.000     -12.719     -12.437          102.802           10.070            8.230            3.192            0.636            5.002            0.109            9.435            3.602            5.490            4.941          120.203           23.876            0.000            0.000
   365    12    31  2023     212       0  hru212         0.000       0.000     -16.201     -13.788           88.116            4.616           81.400            5.680            0.672            9.258            0.111           37.601            5.433            5.490            4.941          195.816           28.121            0.000            0.000
   365    12    31  2023     213       0  hru213         0.000       0.000     -13.281     -12.274          114.603           12.536            7.169            3.713            0.619            5.730            0.107           11.411            3.855            5.490            4.941          134.793           28.714            0.000            0.000
   365    12    31  2023     214       0  hru214         0.000       0.000     -16.365     -14.375           86.543            3.724            4.391            4.217            0.609            3.576            0.105            7.502            2.506            5.490            4.941           94.637           23.018            0.000            0.000
   365    12    31  2023     215       0  hru215         0.000       0.000     -16.485     -14.409           86.543            3.724            8.631            4.299            0.614            3.988            0.105            9.582            2.699            5.490            4.941          100.859           23.488            0.000            0.000
   365    12    31  2023     216       0  hru216         0.000       0.000      37.271      18.595          393.375          118.118            1.370           26.926            1.117           46.323            0.208           17.593            2.844            5.490            4.941          148.480           23.680            0.000            0.000
   365    12    31  2023     217       0  hru217         0.000       0.000     -18.292     -15.542          103.851            3.357            2.450            4.671            0.626            4.223            0.108            6.623            2.631            5.490            4.941          107.454           26.083            0.000            0.000
   365    12    31  2023     218       0  hru218         0.000       0.000     -15.037     -13.578           93.361            8.182           71.062            5.360            0.651            7.490            0.110           16.926            2.935            5.490            4.941          174.044           26.044            0.000            0.000
   365    12    31  2023     219       0  hru219         0.000       0.000     -11.912     -11.926           81.822           10.070           34.602            3.609            0.631            5.295            0.108           14.524            3.516            5.490            4.941          127.724           22.871            0.000            0.000
   365    12    31  2023     220       0  hru220         0.000       0.000      -5.234      -7.734          108.834           19.249           49.676            5.493            0.641            7.841            0.109           23.656            4.085            5.490            4.941          176.025           22.493            0.000            0.000
   365    12    31  2023     221       0  hru221         0.000       0.000      -5.118      -7.914           68.447           16.784            0.000           20.654            5.172           -1.274            0.888            2.180            1.657            5.490            4.941           62.661           18.118            0.000            0.000
   365    12    31  2023     222       0  hru222         0.000       0.000      -4.946      -8.630           90.476           17.571            0.819            3.374            0.770            0.261            0.132            0.628            0.113            5.490            4.941            7.098            0.919            0.000            0.000
   365    12    31  2023     223       0  hru223         0.000       0.000      60.828      40.774          514.797          156.511            4.423           37.455            1.483           76.530            0.296           10.415            3.364            5.490            4.941          118.654           21.691            0.000            0.000
   365    12    31  2023     224       0  hru224         0.000       0.000      24.613      16.774          294.507           81.403            0.850           15.800            0.897           45.707            0.179            4.157            2.491            5.490            4.941          130.993           27.614            0.000            0.000
   365    12    31  2023     225       0  hru225         0.000       0.000      41.826      22.848          397.572          125.146            0.143           22.916            1.043           45.118            0.196            8.694            2.762            5.490            4.941          151.167           26.813            0.000            0.000
   365    12    31  2023     226       0  hru226         0.000       0.000      39.917      21.131          397.572          125.146            0.065           25.831            1.078           45.267            0.204            9.244            2.907            5.490            4.941          155.105           28.079            0.000            0.000
   365    12    31  2023     227       0  hru227         0.000       0.000     -12.269     -11.643           91.788            8.969            0.964            4.021            0.575            3.485            0.099            7.335            3.335            5.490            4.941           94.691           23.804            0.000            0.000
   365    12    31  2023     228       0  hru228         0.000       0.000      25.231      16.445          293.458           84.969            0.000           20.373            1.086           45.149            0.209            2.767            1.766            5.490            4.941          116.311           26.430            0.000            0.000
   365    12    31  2023     229       0  hru229         0.000       0.000      31.361      14.299          349.842          103.222            0.000           16.565            0.780           35.296            0.154            6.145            2.849            5.490            4.941          118.929           23.263            0.000            0.000
   365    12    31  2023     230       0  hru230         0.000       0.000      -4.680      -7.687          119.848           27.274            0.000            3.968            0.560            3.786            0.097            3.333            2.480            5.490            4.941          121.839           28.615            0.000            0.000
   365    12    31  2023     231       0  hru231         0.000       0.000      24.992      16.726          292.934           79.304            2.533           20.100            1.122           46.035            0.210           11.685            2.217            5.490            4.941          121.573           21.442            0.000            0.000
   365    12    31  2023     232       0  hru232         0.000       0.000      -4.214      -7.205          106.474           22.029           69.503            3.598            0.437            6.507            0.074           14.022            2.429            5.490            4.941          185.224           23.559            0.000            0.000
   365    12    31  2023     233       0  hru233         0.000       0.000      -4.472      -7.248          106.474           22.029           64.211            3.761            0.437            6.482            0.074           14.626            2.450            5.490            4.941          180.322           24.071            0.000            0.000
   365    12    31  2023     234       0  hru234         0.000       0.000      70.603      43.109          585.867          181.058           46.255           34.955            1.201           71.029            0.244           12.755            0.947            5.490            4.941          168.668           19.867            0.000            0.000
   365    12    31  2023     235       0  hru235         0.000       0.000     -11.932     -11.596          117.488           14.476            9.414            5.089            0.622            5.005            0.107           10.685            2.728            5.490            4.941          131.253           26.917            0.000            0.000
   365    12    31  2023     236       0  hru236         0.000       0.000     -11.624     -11.291          111.981           15.473            0.000            3.875            0.580            3.661            0.100            3.432            1.628            5.490            4.941          113.733           27.111            0.000            0.000
   365    12    31  2023     237       0  hru237         0.000       0.000      29.666      20.328          297.654           84.969            0.000           15.370            0.885           44.995            0.176            4.170            1.675            5.490            4.941          126.021           23.258            0.000            0.000
   365    12    31  2023     238       0  hru238         0.000       0.000      -6.083      -7.646          113.030           20.823           75.635            4.692            0.613            5.658            0.103           13.167            3.159            5.490            4.941          200.344           25.561            0.000            0.000
   365    12    31  2023     239       0  hru239         0.000       0.000      -7.608      -9.737            0.000            0.000            0.000            1.899            0.643            8.614            0.107           45.662            4.850            5.490            4.941           47.171            6.651            0.000            0.000
   365    12    31  2023     240       0  hru240         0.000       0.000      -9.137     -11.514            0.000            0.000            0.000            1.322            0.798            7.246            0.134           37.888            4.089            5.490            4.941           30.220            4.747            0.000            0.000
   365    12    31  2023     241       0  hru241         0.000       0.000      -7.462     -10.592            0.000            0.000            0.000            2.598            0.756            8.622            0.127           46.338            4.924            5.490            4.941           48.553            6.858            0.000            0.000
   365    12    31  2023     242       0  hru242         0.000       0.000      -7.691     -10.683            0.000            0.000            0.000            2.710            0.757            8.707            0.127           46.918            4.978            5.490            4.941           49.991            7.008            0.000            0.000
   365    12    31  2023     243       0  hru243         0.000       0.000      -7.161      -9.514            0.000            0.000            0.000            2.091            0.619            8.892            0.103           47.395            4.998            5.490            4.941           51.119            7.051            0.000            0.000
   365    12    31  2023     244       0  hru244         0.000       0.000      -7.564     -10.624            0.000            0.000            0.000            2.717            0.753            8.716            0.126           46.949            4.980            5.490            4.941           50.045            7.012            0.000            0.000
   365    12    31  2023     245       0  hru245         0.000       0.000      -7.224     -10.474            0.000            0.000            0.000            2.640            0.748            8.672            0.125           46.631            4.951            5.490            4.941           49.280            6.928            0.000            0.000
   365    12    31  2023     246       0  hru246         0.000       0.000      -8.876     -10.992            0.000            0.000            0.000            0.605            0.637            1.882            0.109           13.763            2.398            5.490            4.941           21.512            4.256            0.000            0.000
   365    12    31  2023     247       0  hru247         0.000       0.000      32.875      18.653          363.741          104.113            0.000           25.424            1.029           40.421            0.192            4.005            0.693            5.490            4.941          130.177           22.592            0.000            0.000
   365    12    31  2023     248       0  hru248         0.000       0.000      29.932      16.487          339.614           94.358           47.060           29.529            1.131           47.484            0.209           26.331            2.899            5.490            4.941          170.232           18.724            0.000            0.000
   365    12    31  2023     249       0  hru249         0.000       0.000      29.710      16.306          339.614           94.358           46.930           29.147            1.127           47.491            0.208           25.680            2.902            5.490            4.941          171.345           19.109            0.000            0.000
   365    12    31  2023     250       0  hru250         0.000       0.000      31.146      13.788          367.413          104.638            0.000           22.930            0.959           35.190            0.177           11.212            1.795            5.490            4.941          137.987           21.784            0.000            0.000
   365    12    31  2023     251       0  hru251         0.000       0.000      -7.353     -10.536            0.000            0.000            0.000            2.597            0.753            8.610            0.126           46.245            4.915            5.490            4.941           48.388            6.839            0.000            0.000
   365    12    31  2023     252       0  hru252         0.000       0.000     -13.612     -13.694            0.000            0.000            0.000            0.740            0.942            4.972            0.159           25.862            2.033            5.490            4.941           10.868            1.380            0.000            0.000
   365    12    31  2023     253       0  hru253         0.000       0.000      -8.119     -10.979            0.000            0.000            0.000            2.125            0.777            8.237            0.130           43.815            4.683            5.490            4.941           42.723            6.241            0.000            0.000
   365    12    31  2023     254       0  hru254         0.000       0.000      -7.591     -10.654            0.000            0.000            0.000            2.422            0.758            8.432            0.127           45.053            4.803            5.490            4.941           45.559            6.541            0.000            0.000
   365    12    31  2023     255       0  hru255         0.000       0.000      -7.483     -10.588            0.000            0.000            0.000            2.705            0.752            8.706            0.126           46.875            4.973            5.490            4.941           49.865            6.993            0.000            0.000
   365    12    31  2023     256       0  hru256         0.000       0.000      -7.790     -10.153            0.000            0.000            0.000            2.203            0.639            9.044            0.106           48.487            5.104            5.490            4.941           53.431            7.345            0.000            0.000
   365    12    31  2023     257       0  hru257         0.000       0.000      -7.362     -10.535            0.000            0.000            0.000            2.671            0.750            8.691            0.126           46.766            4.963            5.490            4.941           49.604            6.964            0.000            0.000
   365    12    31  2023     258       0  hru258         0.000       0.000      -7.888     -10.781            0.000            0.000            0.000            2.529            0.763            8.519            0.128           45.669            4.861            5.490            4.941           47.022            6.698            0.000            0.000
   365    12    31  2023     259       0  hru259         0.000       0.000      -7.793     -10.154            0.000            0.000            0.000            2.204            0.639            9.044            0.106           48.487            5.103            5.490            4.941           53.434            7.345            0.000            0.000
   365    12    31  2023     260       0  hru260         0.000       0.000      -7.925     -10.231            0.000            0.000            0.000            2.176            0.645            8.996            0.107           48.262            5.074            5.490            4.941           52.941            7.283            0.000            0.000
   365    12    31  2023     261       0  hru261         0.000       0.000      -7.937     -10.227            0.000            0.000            0.000            2.140            0.645            8.947            0.107           47.963            5.043            5.490            4.941           52.253            7.208            0.000            0.000
   365    12    31  2023     262       0  hru262         0.000       0.000      -7.290     -10.503            0.000            0.000            0.000            2.659            0.749            8.682            0.125           46.698            4.957            5.490            4.941           49.440            6.946            0.000            0.000
   365    12    31  2023     263       0  hru263         0.000       0.000      -7.882     -10.213            0.000            0.000            0.000            2.179            0.645            8.989            0.107           48.261            5.077            5.490            4.941           52.907            7.283            0.000            0.000
   365    12    31  2023     264       0  hru264         0.000       0.000      -9.906     -11.740            0.000            0.000            0.000            1.943            0.827            7.881            0.139           41.876            4.340            5.490            4.941           38.624            5.582            0.000            0.000
   365    12    31  2023     265       0  hru265         0.000       0.000      -7.215     -10.487            0.000            0.000            0.000            2.330            0.750            8.384            0.126           44.650            4.764            5.490            4.941           44.424            6.415            0.000            0.000
   365    12    31  2023     266       0  hru266         0.000       0.000      -7.212     -10.469            0.000            0.000            0.000            2.638            0.747            8.671            0.125           46.622            4.950            5.490            4.941           49.260            6.926            0.000            0.000
   365    12    31  2023     267       0  hru267         0.000       0.000      -7.443     -10.571            0.000            0.000            0.000            2.687            0.751            8.701            0.126           46.842            4.970            5.490            4.941           49.787            6.984            0.000            0.000
   365    12    31  2023     268       0  hru268         0.000       0.000      -7.320     -10.528            0.000            0.000            0.000            2.557            0.754            8.576            0.126           46.035            4.896            5.490            4.941           47.894            6.788            0.000            0.000
   365    12    31  2023     269       0  hru269         0.000       0.000      -7.266     -10.502            0.000            0.000            0.000            2.545            0.752            8.563            0.126           45.934            4.887            5.490            4.941           47.682            6.766            0.000            0.000
   365    12    31  2023     270       0  hru270         0.000       0.000      -7.082     -10.431            0.000            0.000            0.000            2.501            0.751            8.576            0.126           45.978            4.890            5.490            4.941           47.615            6.752            0.000            0.000
   365    12    31  2023     271       0  hru271         0.000       0.000      -7.675      -9.472            0.000            0.000            0.000            1.448            0.481            8.833            0.078           46.289            4.912            5.490            4.941           48.657            6.836            0.000            0.000
   365    12    31  2023     272       0  hru272         0.000       0.000      -7.189      -9.229            0.000            0.000            0.000            1.513            0.467            8.956            0.076           47.014            4.972            5.490            4.941           50.261            6.986            0.000            0.000
   365    12    31  2023     273       0  hru273         0.000       0.000      -7.737      -9.487            0.000            0.000            0.000            1.457            0.481            8.845            0.078           46.332            4.915            5.490            4.941           48.670            6.835            0.000            0.000
   365    12    31  2023     274       0  hru274         0.000       0.000      32.237      18.054          363.741          104.113            0.000           24.955            1.038           40.531            0.194            4.535            0.796            5.490            4.941          128.186           22.606            0.000            0.000
   365    12    31  2023     275       0  hru275         0.000       0.000      32.079      18.066          363.741          104.113            0.000           24.366            1.044           40.629            0.194            5.031            0.825            5.490            4.941          128.238           22.702            0.000            0.000
   365    12    31  2023     276       0  hru276         0.000       0.000      32.132      14.581          367.413          104.638            0.000           25.266            0.958           34.948            0.177           10.895            1.670            5.490            4.941          133.866           20.357            0.000            0.000
   365    12    31  2023     277       0  hru277         0.000       0.000      31.288      13.961          367.413          104.638            0.000           22.856            0.966           35.416            0.178           12.236            1.885            5.490            4.941          137.287           21.500            0.000            0.000
   365    12    31  2023     278       0  hru278         0.000       0.000      -6.914     -10.339            0.000            0.000            0.000            2.594            0.766            8.600            0.128           46.182            4.909            5.490            4.941           48.030            6.801            0.000            0.000
   365    12    31  2023     279       0  hru279         0.000       0.000      -6.551      -8.927            0.000            0.000            0.000            1.616            0.487            9.152            0.079           48.430            5.114            5.490            4.941           53.451            7.366            0.000            0.000
   365    12    31  2023     280       0  hru280         0.000       0.000      -6.535      -8.916            0.000            0.000            0.000            1.640            0.486            9.197            0.079           48.726            5.141            5.490            4.941           54.146            7.439            0.000            0.000
   365    12    31  2023     281       0  hru281         0.000       0.000      -7.192     -10.739            0.000            0.000            0.000            0.824            0.753            1.807            0.129           13.804            2.414            5.490            4.941           21.488            4.265            0.000            0.000
   365    12    31  2023     282       0  hru282         0.000       0.000      -5.613      -8.688            0.000            0.000            0.000            5.432            5.459           -1.660            0.936           13.966            2.434            5.490            4.941           22.312            4.310            0.000            0.000
   365    12    31  2023     283       0  hru283         0.000       0.000      -7.704     -10.383            0.000            0.000            0.000            0.109            0.197            5.173            0.033           25.200            5.078            5.490            4.941           30.826            7.203            0.000            0.000
   365    12    31  2023     284       0  hru284         0.000       0.000      -5.894      -8.769            0.000            0.000            0.000            0.073            0.191            3.643            0.032           17.133            2.861            5.490            4.941           21.156            3.499            0.000            0.000
   365    12    31  2023     285       0  hru285         0.000       0.000      -6.488      -9.798            0.000            0.000            0.000            0.303            0.267            3.584            0.045           17.127            2.859            5.490            4.941           21.168            3.499            0.000            0.000
   365    12    31  2023     286       0  hru286         0.000       0.000      -6.417      -9.656            0.000            0.000            0.000            0.300            0.260            3.590            0.044           17.130            2.860            5.490            4.941           21.162            3.499            0.000            0.000
   365    12    31  2023     287       0  hru287         0.000       0.000      -6.551      -9.867            0.000            0.000            0.000            0.000            0.138            3.680            0.023           17.113            2.857            5.490            4.941           21.107            3.490            0.000            0.000
   365    12    31  2023     288       0  hru288         0.000       0.000      -9.061     -11.558            0.000            0.000            0.000            1.416            0.749           -0.358            0.128            0.802            0.128            5.490            4.941            1.885            0.302            0.000            0.000
   365    12    31  2023     289       0  hru289         0.000       0.000      -6.844     -10.518            0.000            0.000            0.000            2.003            0.721           -0.318            0.124            0.898            0.143            5.490            4.941            2.075            0.332            0.000            0.000
   365    12    31  2023     290       0  hru290         0.000       0.000      -5.179      -8.367            0.000            0.000            0.000            1.536            0.397           -0.086            0.068            0.852            0.135            5.490            4.941            1.926            0.307            0.000            0.000
   365    12    31  2023     291       0  hru291         0.000       0.000      -8.334     -10.003            0.000            0.000            0.000            0.702            0.442           -0.123            0.076            0.817            0.130            5.490            4.941            1.808            0.289            0.000            0.000
   365    12    31  2023     292       0  hru292         0.000       0.000      -4.841      -8.387            0.000            0.000            0.000           10.862            5.309           -3.745            0.910            0.861            0.137            5.490            4.941            1.949            0.311            0.000            0.000
   365    12    31  2023     293       0  hru293         0.000       0.000      -4.770      -8.357            0.000            0.000            0.000           11.632            5.271           -3.719            0.904            0.857            0.136            5.490            4.941            1.939            0.309            0.000            0.000
   365    12    31  2023     294       0  hru294         0.000       0.000     -11.455     -12.186            9.441            1.259          138.612            6.867            0.744           11.795            0.124           53.648            2.309            5.490            4.941          173.921            8.370            0.000            0.000
   365    12    31  2023     295       0  hru295         0.000       0.000     -10.916     -11.240           72.381            9.966           82.262            6.258            0.661            7.545            0.112           25.303            1.680            5.490            4.941          166.592           18.645            0.000            0.000
   365    12    31  2023     296       0  hru296         0.000       0.000     -11.818     -12.843            0.000            0.000           69.136            5.206            0.782            7.294            0.132           44.828            2.602            5.490            4.941           89.923            8.000            0.000            0.000
   365    12    31  2023     297       0  hru297         0.000       0.000      -7.344      -9.187           51.926           13.217           49.543            2.723            0.480            5.681            0.081           19.796            3.713            5.490            4.941          114.565           18.339            0.000            0.000
   365    12    31  2023     298       0  hru298         0.000       0.000     -13.284     -13.644            0.000            0.000          110.781           12.187            0.867           16.877            0.143           86.641            4.881            5.490            4.941          172.925           16.730            0.000            0.000
   365    12    31  2023     299       0  hru299         0.000       0.000      -7.274      -9.441            0.000            0.000            0.000            9.179            5.572           -3.942            0.955            0.837            0.133            5.490            4.941            1.938            0.311            0.000            0.000
   365    12    31  2023     300       0  hru300         0.000       0.000      26.664      10.358          321.257           94.777           77.185           35.634            1.156           36.428            0.207           16.787            3.074            5.490            4.941          162.600           19.359            0.000            0.000
   365    12    31  2023     301       0  hru301         0.000       0.000      -9.806     -10.811            0.000            0.000           55.273           25.521            5.095            5.197            0.872           39.773            2.474            5.490            4.941           79.552            9.735            0.000            0.000
   365    12    31  2023     302       0  hru302         0.000       0.000      -4.973      -8.443            0.000            0.000            0.000           10.669            5.299           -3.748            0.909            0.779            0.124            5.490            4.941            2.115            0.340            0.000            0.000
   365    12    31  2023     303       0  hru303         0.000       0.000     -12.624     -11.064          119.586            7.972           18.369           32.935            5.385            2.076            0.923           17.107            5.934            5.490            4.941          134.337           28.724            0.000            0.000
   365    12    31  2023     304       0  hru304         0.000       0.000      -6.911     -10.341            0.000            0.000            0.000            2.533            0.764            8.547            0.128           45.832            4.877            5.490            4.941           47.290            6.723            0.000            0.000
   365    12    31  2023     305       0  hru305         0.000       0.000      -7.657     -10.212            0.000            0.000            0.000            1.178            0.376            9.443            0.059           49.793            5.225            5.490            4.941           56.369            7.676            0.000            0.000
   365    12    31  2023     306       0  hru306         0.000       0.000      -7.802     -10.783            0.000            0.000            0.000            2.278            0.780            8.266            0.131           44.130            4.710            5.490            4.941           43.616            6.338            0.000            0.000
   365    12    31  2023     307       0  hru307         0.000       0.000     -12.843     -13.013            0.000            0.000            0.000            0.578            0.425            7.358            0.068           38.589            3.341            5.490            4.941           33.733            4.060            0.000            0.000
   365    12    31  2023     308       0  hru308         0.000       0.000     -13.142     -13.078            0.000            0.000            0.000            0.434            0.441            6.066            0.071           29.677            2.302            5.490            4.941           16.846            1.775            0.000            0.000
   365    12    31  2023     309       0  hru309         0.000       0.000      -7.118     -10.419            0.000            0.000            0.000            2.736            0.765            8.736            0.128           47.145            4.999            5.490            4.941           50.505            7.062            0.000            0.000
   365    12    31  2023     310       0  hru310         0.000       0.000      -7.693     -10.176            0.000            0.000            0.000            2.133            0.660            8.947            0.110           47.940            5.049            5.490            4.941           52.160            7.219            0.000            0.000
   365    12    31  2023     311       0  hru311         0.000       0.000      -7.003     -10.376            0.000            0.000            0.000            2.644            0.767            8.646            0.128           46.533            4.942            5.490            4.941           49.024            6.908            0.000            0.000
   365    12    31  2023     312       0  hru312         0.000       0.000      -7.627     -10.199            0.000            0.000            0.000            1.175            0.376            9.440            0.059           49.771            5.224            5.490            4.941           56.316            7.672            0.000            0.000
   365    12    31  2023     313       0  hru313         0.000       0.000      -6.799     -10.280            0.000            0.000            0.000            2.630            0.748            8.667            0.125           46.596            4.947            5.490            4.941           49.209            6.920            0.000            0.000
   365    12    31  2023     314       0  hru314         0.000       0.000      33.036      15.094          367.413          104.638            0.000           29.240            0.936           35.486            0.172           14.825            2.100            5.490            4.941          140.709           20.548            0.000            0.000
