 Mini_CREATE               SWAT+ Jan 11 2024        MODULAR Rev 2024.61.0                                 
  jday   mon   day    yr    unit  gis_id  name                  precip     snofall      snomlt    surq_gen        latq    wateryld        perc          et     ecanopy      eplant       esoil   surq_cont          cn     sw_init    sw_final      sw_ave      sw_300    sno_init   sno_final     snopack         pet       qtile         irr  surq_runon  latq_runon    overbank    surq_cha    surq_res     surq_ls    latq_cha    latq_res     latq_ls     gwsoilq       satex  satex_chan   sw_change     lagsurf     laglatq    lagsatex    wet_evap
                                                                  mm            mm          mm          mm          mm          mm          mm          mm          mm          mm          mm          mm         ---          mm          mm          mm          mm          mm          mm          mm          mm          mm          mm          mm          mm          mm          mm          mm          mm          mm          mm          mm          mm          mm          mm          mm          mm          mm          mm          mm
   365    12    31  2023       1       0  hru001               792.783      74.583      74.567      24.834      12.794      37.628     202.244     557.698      82.332     459.209      16.158      24.830      78.027     407.492     317.444     248.959      26.286       0.000       0.000       0.290     690.085       0.000       0.000       0.000       0.000       0.000       0.000       0.000      24.830       0.000       0.000      12.794       0.000       0.000       0.000      -4.723       2.851     791.985       0.000       0.000
   365    12    31  2023       2       0  hru002               792.783      74.583      74.567      26.120      12.260      38.380     200.453     558.673      82.332     460.255      16.086      26.115      78.366     413.913     325.023     257.540      25.105       0.000       0.000       0.290     690.085       0.000       0.000       0.000       0.000       0.000       0.000       0.000      26.115       0.000       0.000      12.260       0.000       0.000       0.000      -4.662       3.632     758.917       0.000       0.000
   365    12    31  2023       3       0  hru003               792.783      74.583      74.567       0.000     313.665     313.666     159.833     545.534      82.334     444.871      18.330       0.000      25.026     369.292     318.754     196.850      27.012       0.000       0.000       0.290     690.072       0.000       0.000       0.000     223.433       0.000       0.000       0.000       0.000       0.000       0.000     313.665       0.000       0.000       0.000      -2.651       0.000    1001.616       0.000       0.000
   365    12    31  2023       4       0  hru004               792.783      74.584      74.568       0.000     207.827     207.827      27.732     558.996      82.331     457.861      18.805       0.000      20.938     307.419     279.312     203.877      43.108       0.000       0.000       0.290     690.093       0.000       0.000       0.000       0.000       0.000       0.000       0.000       0.000       0.000       0.000     207.827       0.000       0.000       0.000      -1.474       0.000     550.048       0.000       0.000
   365    12    31  2023       5       0  hru005               792.783      74.584      74.568       0.000     186.740     186.741      49.164     559.131      82.332     458.251      18.549       0.000      21.963     334.115     295.265     210.782      43.187       0.000       0.000       0.290     690.088       0.000       0.000       0.000       0.000       0.000       0.000       0.000       0.000       0.000       0.000     186.740       0.000       0.000       0.000      -2.038       0.000     494.239       0.000       0.000
   365    12    31  2023       6       0  hru006               792.783      74.583      74.567       0.000     199.562     199.563      36.149     559.026      82.333     458.009      18.684       0.000      21.335     318.762     286.398     206.699      43.147       0.000       0.000       0.290     690.080       0.000       0.000       0.000       0.000       0.000       0.000       0.000       0.000       0.000       0.000     199.562       0.000       0.000       0.000      -1.697       0.000     528.175       0.000       0.000
   365    12    31  2023       7       0  hru007               792.783      74.584      74.568       0.000     164.576     164.576      71.521     559.417      82.331     458.716      18.370       0.000      23.090     355.547     306.659     217.476      43.222       0.000       0.000       0.290     690.089       0.000       0.000       0.000       0.000       0.000       0.000       0.000       0.000       0.000       0.000     164.576       0.000       0.000       0.000      -2.564       0.000     435.576       0.000       0.000
   365    12    31  2023       8       0  hru008               792.783      74.584      74.568       0.000     209.029     209.030      26.508     558.995      82.331     457.838      18.826       0.000      20.881     305.669     278.166     203.451      43.100       0.000       0.000       0.290     690.093       0.000       0.000       0.000       0.000       0.000       0.000       0.000       0.000       0.000       0.000     209.029       0.000       0.000       0.000      -1.443       0.000     553.230       0.000       0.000
   365    12    31  2023       9       0  hru009               792.783      74.582      74.566      84.622      97.114     181.737     420.051     566.234      82.334     461.275      22.624      84.493      75.139     581.616     409.969     362.490      31.459       0.000       0.000       0.290     690.067       0.000       0.000     247.530     118.111       0.000      84.493       0.000       0.000      97.114       0.000       0.000       0.000       0.000       0.000      -9.003      36.702    1466.946       0.000       0.000
   365    12    31  2023      10       0  hru010               792.783      74.584      74.568       0.000     162.189     162.190      73.900     559.473      82.330     458.791      18.351       0.000      23.213     357.535     307.657     218.178      43.224       0.000       0.000       0.290     690.098       0.000       0.000       0.000       0.000       0.000       0.000       0.000       0.000       0.000       0.000     162.189       0.000       0.000       0.000      -2.616       0.000     429.260       0.000       0.000
   365    12    31  2023      11       0  hru011               792.783      74.582      74.566       0.000     164.123     164.123      71.998     559.402      82.335     458.699      18.368       0.000      23.115     355.942     306.879     217.632      43.224       0.000       0.000       0.290     690.067       0.000       0.000       0.000       0.000       0.000       0.000       0.000       0.000       0.000       0.000     164.123       0.000       0.000       0.000      -2.573       0.000     434.378       0.000       0.000
   365    12    31  2023      12       0  hru012               792.783      74.581      74.565       0.008     110.012     110.020     125.304     561.037      82.336     460.670      18.031       0.007      26.025     390.523     324.023     233.689      43.252       0.000       0.000       0.290     690.056       0.000       0.000       0.000       0.000       0.000       0.000       0.000       0.007       0.000       0.000     110.012       0.000       0.000       0.000      -3.488       0.001     291.166       0.000       0.000
   365    12    31  2023      13       0  hru013               792.783      74.582      74.566       0.000     175.558     175.559      60.507     559.218      82.336     458.427      18.455       0.000      22.527     345.648     301.570     214.216      43.210       0.000       0.000       0.290     690.060       0.000       0.000       0.000       0.000       0.000       0.000       0.000       0.000       0.000       0.000     175.558       0.000       0.000       0.000      -2.312       0.000     464.644       0.000       0.000
   365    12    31  2023      14       0  hru014               792.783      74.582      74.566       0.000     170.860     170.860      65.243     559.280      82.336     458.525      18.419       0.000      22.768     350.046     303.878     215.630      43.216       0.000       0.000       0.290     690.059       0.000       0.000       0.000       0.000       0.000       0.000       0.000       0.000       0.000       0.000     170.860       0.000       0.000       0.000      -2.422       0.000     452.209       0.000       0.000
   365    12    31  2023      15       0  hru015               792.783      74.583      74.567       0.000     188.491     188.491      47.400     559.105      82.333     458.206      18.566       0.000      21.877     332.171     294.181     210.246      43.184       0.000       0.000       0.290     690.076       0.000       0.000       0.000       0.000       0.000       0.000       0.000       0.000       0.000       0.000     188.491       0.000       0.000       0.000      -1.993       0.000     498.872       0.000       0.000
   365    12    31  2023      16       0  hru016               792.783      74.583      74.567      32.473     726.605     759.078     597.440     564.563      82.334     457.953      24.277      32.461      66.060     553.661     349.050     274.354      30.606       0.000       0.000       0.290     690.073       0.000       0.000       1.058    1116.007       0.000       0.000       0.000      32.461       0.000       0.000     726.605       0.000       0.000       0.000     -10.732       3.460    2485.966       0.000       0.000
   365    12    31  2023      17       0  hru017               792.783      74.583      74.567       0.000     189.500     189.501      66.312     539.006      82.333     439.966      16.707       0.000      21.409     294.839     259.040     169.187      28.368       0.000       0.000       0.290     690.075       0.000       0.000       0.000       0.000       0.000       0.000       0.000       0.000       0.000       0.000     189.500       0.000       0.000       0.000      -1.878       0.000     566.733       0.000       0.000
   365    12    31  2023      18       0  hru018               792.783      74.583      74.567      18.660     532.974     551.633     367.976     564.181      82.333     461.173      20.675      18.659      34.676     430.697     391.129     262.387      28.252       0.000       0.000       0.290     690.077       0.000       0.000      36.782     652.069       0.000       0.000       0.000      18.659       0.000       0.000     532.974       0.000       0.000       0.000      -2.075       0.948    1701.926       0.000       0.000
   365    12    31  2023      19       0  hru019               792.783      74.581      74.565      22.683     703.757     726.441     390.261     573.177      82.337     465.541      25.299      22.667      44.908     509.047     458.368     327.406      48.727       0.000       0.000       0.290     690.052       0.000       0.000     244.593     649.603       0.000      22.667       0.000       0.000     703.757       0.000       0.000       0.000       0.000       0.000      -2.658       3.651    1862.609       0.000       0.000
   365    12    31  2023      20       0  hru020               792.783      74.583      74.567      11.519     779.791     791.309     398.607     566.136      82.333     461.309      22.494      11.519      36.576     521.204     359.295     269.261      28.814       0.000       0.000       0.290     690.076       0.000       0.000      19.395     934.777       0.000       0.000       0.000      11.519       0.000       0.000     779.791       0.000       0.000       0.000      -8.492       1.061    2490.076       0.000       0.000
   365    12    31  2023      21       0  hru021               792.783      74.582      74.566       0.000     139.355     139.355     115.037     541.513      82.334     442.815      16.364       0.000      23.092     334.811     277.539     182.197      26.449       0.000       0.000       0.290     690.071       0.000       0.000       0.000       0.000       0.000       0.000       0.000       0.000       0.000       0.000     139.355       0.000       0.000       0.000      -3.004       0.000     444.997       0.000       0.000
   365    12    31  2023      22       0  hru022               792.783      74.582      74.566       0.000     131.618     131.618     122.234     542.202      82.334     443.539      16.329       0.000      23.357     339.894     279.643     184.428      26.450       0.000       0.000       0.290     690.068       0.000       0.000       0.000       0.000       0.000       0.000       0.000       0.000       0.000       0.000     131.618       0.000       0.000       0.000      -3.160       0.000     420.291       0.000       0.000
   365    12    31  2023      23       0  hru023               792.783      74.581      74.565       0.000     116.858     116.858     109.679     569.639      82.336     463.078      24.225       0.000      24.903     401.952     338.053     251.677      64.157       0.000       0.000       0.290     690.054       0.000       0.000       0.000       0.000       0.000       0.000       0.000       0.000       0.000       0.000     116.858       0.000       0.000       0.000      -3.351       0.000      94.033       0.000       0.000
   365    12    31  2023      24       0  hru024               792.783      74.581      74.565       0.003     104.085     104.088     122.360     569.870      82.336     463.361      24.172       0.003      25.577     407.945     341.228     255.392      64.161       0.000       0.000       0.290     690.054       0.000       0.000       0.000       0.000       0.000       0.000       0.000       0.003       0.000       0.000     104.085       0.000       0.000       0.000      -3.499       0.001      83.755       0.000       0.000
   365    12    31  2023      25       0  hru025               792.783      74.582      74.566       0.000     185.536     185.537      71.304     538.058      82.334     439.129      16.595       0.000      21.566     297.405     260.021     168.719      26.441       0.000       0.000       0.290     690.070       0.000       0.000       0.000       0.000       0.000       0.000       0.000       0.000       0.000       0.000     185.536       0.000       0.000       0.000      -1.961       0.000     592.467       0.000       0.000
   365    12    31  2023      26       0  hru026               792.783      74.581      74.565       0.000     138.991     138.991     125.017     542.439      82.336     443.667      16.436       0.000      23.478     342.683     281.118     185.343      26.487       0.000       0.000       0.290     690.054       0.000       0.000       0.000      10.317       0.000       0.000       0.000       0.000       0.000       0.000     138.991       0.000       0.000       0.000      -3.229       0.000     443.833       0.000       0.000
   365    12    31  2023      27       0  hru027               792.783      74.581      74.565       0.544      86.761      87.305     178.384     530.349      82.336     431.236      16.777       0.543      52.153     326.994     266.662     164.543      28.363       0.000       0.000       0.290     690.053       0.000       0.000       0.000       0.000       0.000       0.249       0.000       0.295      39.736       0.000      47.026       0.000       0.000       0.000      -3.164       0.148     499.169       0.000       0.000
   365    12    31  2023      28       0  hru028               792.783      74.584      74.568       0.000     189.384     189.385      67.561     537.862      82.330     438.920      16.612       0.000      21.444     293.616     258.000     167.590      26.439       0.000       0.000       0.290     690.096       0.000       0.000       0.000       0.000       0.000       0.000       0.000       0.000       0.000       0.000     189.384       0.000       0.000       0.000      -1.868       0.000     604.754       0.000       0.000
   365    12    31  2023      29       0  hru029               792.783      74.581      74.565       0.610     180.013     180.623     115.536     525.706      82.337     425.694      17.675       0.609      49.906     287.139     243.362     146.562      28.478       0.000       0.000       0.290     690.047       0.000       0.000       5.326      21.263       0.000       0.609       0.000       0.000     180.013       0.000       0.000       0.000       0.000       0.000      -2.296       0.005    1035.676       0.000       0.000
   365    12    31  2023      30       0  hru030               792.783      74.581      74.565       4.184      55.961      60.145     180.811     557.008      82.337     458.325      16.346       4.183      59.810     409.373     313.050     240.406      26.128       0.000       0.000       0.290     690.049       0.000       0.000       0.000       0.000       0.000       0.000       0.000       4.183       0.000       0.000      55.961       0.000       0.000       0.000      -5.052       0.042     845.316       0.000       0.000
   365    12    31  2023      31       0  hru031               792.783      74.582      74.566      22.857     601.767     624.624     188.393     567.683      82.336     464.497      20.850      22.857      26.745     470.355     282.972     215.275      30.270       0.000       0.000       0.290     690.060       0.000       0.000     174.546     402.541       0.000       0.000       0.000      22.857       0.000       0.000     601.767       0.000       0.000       0.000      -9.828       1.773    1799.686       0.000       0.000
   365    12    31  2023      32       0  hru032               792.783      73.564      73.549      22.470      32.388      54.859     182.054     560.862      87.800     413.807      59.255      22.469      77.029     401.802     310.159     237.397      26.021       0.000       0.000       0.285     690.103       0.000       0.000       0.000       0.000       0.000       0.000       0.000      22.469       0.000       0.000      32.388       0.000       0.000       0.000      -4.807       0.822    2004.884       0.000       0.000
   365    12    31  2023      33       0  hru033               792.783      73.641      73.626       0.000     158.701     158.701      84.328     552.415      87.111     404.474      60.830       0.000      21.971     311.819     263.934     175.135      26.164       0.000       0.000       0.285     690.062       0.000       0.000       0.000       0.000       0.000       0.000       0.000       0.000       0.000       0.000     158.701       0.000       0.000       0.000      -2.512       0.000     506.774       0.000       0.000
   365    12    31  2023      34       0  hru034               792.783      78.240      78.195       1.102     202.234     203.336     250.051     340.642      35.860     137.553     167.230       1.102      58.677     357.711     334.647     247.438      34.664       0.000       0.000       0.311     689.978       0.000       0.000       0.000       0.000       0.000       0.000       0.000       1.102       0.000       0.000     202.234       0.000       0.000       0.000      -1.210       0.032    1478.471       0.000       0.000
   365    12    31  2023      35       0  hru035               792.783      78.240      78.195       0.000     323.688     323.689     132.886     337.312      35.859     137.369     164.084       0.000      24.831     301.497     281.537     220.224      31.432       0.000       0.000       0.311     689.980       0.000       0.000       0.000       0.000       0.000       0.000       0.000       0.000       0.000       0.000     323.688       0.000       0.000       0.000      -1.047       0.000    1033.622       0.000       0.000
   365    12    31  2023      36       0  hru036               792.783      78.239      78.195       0.000     156.512     156.512     300.771     336.715      35.861     137.365     163.489       0.000      31.239     378.558     355.666     263.663      31.443       0.000       0.000       0.311     689.964       0.000       0.000       0.000       0.000       0.000       0.000       0.000       0.000       0.000       0.000     156.512       0.000       0.000       0.000      -1.200       0.000     499.783       0.000       0.000
   365    12    31  2023      37       0  hru037               792.783      78.239      78.195      19.205      43.025      62.229     388.358     342.145      35.861     137.246     169.038      19.204      76.422     455.114     455.543     357.520      31.464       0.000       0.000       0.311     689.961       0.000       0.000       0.000       0.000       0.000       0.000       0.000      19.204       0.000       0.000      43.025       0.000       0.000       0.000       0.023       0.658     649.902       0.000       0.000
   365    12    31  2023      38       0  hru038               792.783      78.239      78.195       0.000     274.997     274.997     181.765     337.194      35.862     137.359     163.974       0.000      26.528     328.525     306.904     232.915      31.435       0.000       0.000       0.311     689.957       0.000       0.000       0.000       0.000       0.000       0.000       0.000       0.000     153.726       0.000     121.271       0.000       0.000       0.000      -1.134       0.000     878.137       0.000       0.000
   365    12    31  2023      39       0  hru039               792.783      78.239      78.195       0.000     335.188     335.188     121.357     337.325      35.862     137.359     164.104       0.000      24.454     294.487     274.958     217.232      31.432       0.000       0.000       0.311     689.958       0.000       0.000       0.000       0.000       0.000       0.000       0.000       0.000       0.000       0.000     335.188       0.000       0.000       0.000      -1.024       0.000    1070.344       0.000       0.000
   365    12    31  2023      40       0  hru040               792.783      78.241      78.196     104.548      47.813     152.361     388.932     347.398      35.855     137.490     174.052     104.545      88.637     448.528     451.038     371.270      31.605       0.000       0.000       0.311     690.014       0.000       0.000      39.376      56.756       0.000       0.000       0.000     104.545       0.000       0.000      47.813       0.000       0.000       0.000       0.132       2.523    2959.697       0.000       0.000
   365    12    31  2023      41       0  hru041               792.783      78.240      78.195       0.051     337.122     337.174     266.452     348.176      35.861     137.539     174.776       0.051      29.999     377.177     328.454     256.013      32.081       0.000       0.000       0.311     689.967       0.000       0.000      32.443     123.929       0.000       0.000       0.000       0.051       0.000       0.000     337.122       0.000       0.000       0.000      -2.555       0.011    1076.521       0.000       0.000
   365    12    31  2023      42       0  hru042               792.783      78.239      78.195      20.201      35.168      55.370     394.603     342.708      35.861     137.246     169.601      20.200      76.814     456.722     458.202     360.359      31.528       0.000       0.000       0.311     689.962       0.000       0.000       0.000       0.000       0.000       0.000       0.000      20.200       0.000       0.000      35.168       0.000       0.000       0.000       0.078       1.961     531.227       0.000       0.000
   365    12    31  2023      43       0  hru043               792.783      75.327      75.305     508.452       0.005     508.457       0.000     595.763      42.325     113.873     439.565     508.449       0.000      20.585      18.633      15.105       9.521       0.000       0.000       0.294     690.081       0.000       0.000       0.000      37.161       0.000       0.000       0.000     508.449       0.000       0.000       0.005       0.000       0.000       0.000      -0.102      12.011       0.075       0.000     228.584
   365    12    31  2023      44       0  hru044               792.783      75.327      75.305     528.577       6.284     534.861      57.363     773.139      49.865     321.037     402.237     528.570       0.000     121.065      79.374     134.869      15.414       0.000       0.000       0.294     690.085       0.000       0.000       0.000     327.348       0.000       0.000       0.000     528.570       0.000       0.000       6.284       0.000       0.000       0.000      -2.187      32.672      94.927       0.000     188.846
   365    12    31  2023      45       0  hru045               792.783      75.326      75.304     471.168       0.000     471.168       0.000     622.881      34.640      76.445     511.796     471.161       0.000      11.975      12.435       8.250       8.250       0.000       0.000       0.294     690.073       0.000       0.000       0.000       0.000       0.000       0.000       0.000     471.161       0.000       0.000       0.000       0.000       0.000       0.000       0.024      26.937       0.000       0.000     265.583
   365    12    31  2023      46       0  hru046               792.783      75.326      75.303     525.128       5.796     530.923       4.738     652.522      49.496     201.677     401.349     525.116       0.000      93.048      55.980      49.423      13.388       0.000       0.000       0.294     690.059       0.000       0.000       0.000     134.614       0.000       0.000       0.000     525.116       0.000       0.000       5.796       0.000       0.000       0.000      -1.944      54.473      19.830       0.000     208.216
   365    12    31  2023      47       0  hru047               792.783      75.325      75.303     471.516       0.000     471.516       0.000     622.458      34.672      76.405     511.381     471.499       0.000      12.270      12.730       8.536       8.536       0.000       0.000       0.294     690.051       0.000       0.000       0.000       0.000       0.000     471.499       0.000       0.000       0.000       0.000       0.000       0.000       0.000       0.000       0.024      69.922       0.000       0.000     265.465
   365    12    31  2023      48       0  hru048               792.783      75.325      75.303     473.551       0.000     473.551       0.000     620.140      35.063      75.679     509.399     473.539       0.000      13.768      14.229       9.903       9.903       0.000       0.000       0.294     690.046       0.000       0.000       0.000       0.000       0.000       0.000     473.539       0.000       0.000       0.000       0.000       0.000       0.000       0.000       0.024      49.889       0.000       0.000     264.796
   365    12    31  2023      49       0  hru049               792.783      75.326      75.303     476.079       0.000     476.079       0.000     614.690      35.550      75.889     503.251     476.076       0.000      13.327      13.728       9.619       9.619       0.000       0.000       0.294     690.059       0.000       0.000       0.000       0.000       0.000     476.076       0.000       0.000       0.000       0.000       0.000       0.000       0.000       0.000       0.021      14.055       0.000       0.000     261.392
   365    12    31  2023      50       0  hru050               792.783      75.325      75.303     476.077       0.000     476.077       0.000     614.692      35.550      75.889     503.253     476.076       0.000      13.327      13.728       9.618       9.618       0.000       0.000       0.294     690.058       0.000       0.000       0.000       0.000       0.000       0.000       0.000     476.076       0.000       0.000       0.000       0.000       0.000       0.000       0.021       5.430       0.000       0.000     261.395
   365    12    31  2023      51       0  hru051               792.783      75.327      75.304     476.085       0.000     476.085       0.000     614.701      35.547      75.888     503.266     476.073       0.000      13.331      13.731       9.621       9.621       0.000       0.000       0.294     690.076       0.000       0.000       0.000       0.000       0.000       0.000       0.000     476.073       0.000       0.000       0.000       0.000       0.000       0.000       0.021      50.835       0.000       0.000     261.404
   365    12    31  2023      52       0  hru052               792.783      75.327      75.305     520.417       0.026     520.443       0.001     638.726      48.158     180.971     409.597     520.404       0.000      60.778      26.226      41.485      14.751       0.000       0.000       0.294     690.083       0.000       0.000       0.000     102.500       0.000       0.000       0.000     520.404       0.000       0.000       0.026       0.000       0.000       0.000      -1.812      60.173       0.069       0.000     212.842
   365    12    31  2023      53       0  hru053               792.783      75.325      75.303     618.013     533.363    1151.375     463.033     805.648      49.868     347.033     408.748     617.993       0.000     548.570     191.003     285.869      38.866       0.000       0.000       0.294     690.058       0.000       0.000       0.000    1346.428       0.000       0.000       0.000     617.993       0.000       0.000     533.363       0.000       0.000       0.000     -18.754     106.248    1411.632       0.000     209.556
   365    12    31  2023      54       0  hru054               792.783      75.325      75.303     476.088       0.000     476.088       0.000     614.697      35.550      75.890     503.257     476.075       0.000      13.327      13.727       9.618       9.618       0.000       0.000       0.294     690.056       0.000       0.000       0.000       0.000       0.000       0.000       0.000     476.075       0.000       0.000       0.000       0.000       0.000       0.000       0.021      55.281       0.000       0.000     261.398
   365    12    31  2023      55       0  hru055               792.783      78.597      78.549      32.189      53.238      85.427     222.533     486.993      10.025      37.514     439.454      32.188      80.675     416.828     377.098     269.687      28.350       0.000       0.000       0.316     689.974       0.000       0.000       0.000       0.000       0.000       0.000       0.000      32.188       0.000       0.000      53.238       0.000       0.000       0.000      -2.084       0.768    3295.503       0.000       0.000
   365    12    31  2023      56       0  hru056               792.783      78.566      78.517       0.000     224.423     224.424      52.086     517.652       8.786      26.203     482.663       0.000      22.688     330.306     306.615     239.345      46.431       0.000       0.000       0.316     689.971       0.000       0.000       0.000       0.000       0.000       0.000       0.000       0.000       0.000       0.000     224.423       0.000       0.000       0.000      -1.243       0.000     593.973       0.000       0.000
   365    12    31  2023      57       0  hru057               792.783      78.517      78.471      34.892      36.173      71.065     240.162     483.611       9.557      27.963     446.091      34.890      81.640     422.394     384.138     279.954      28.569       0.000       0.000       0.316     689.988       0.000       0.000       0.000       0.000       0.000       0.000       0.000      34.890       0.000       0.000      36.173       0.000       0.000       0.000      -2.007       1.141    2239.184       0.000       0.000
   365    12    31  2023      58       0  hru058               792.783      78.560      78.511      75.280      57.343     132.623     254.595     498.520      12.572      50.477     435.471      75.279      82.188     427.470     392.802     287.740      28.434       0.000       0.000       0.316     689.989       0.000       0.000      62.499      28.583       0.000       0.000       0.000      75.279       0.000       0.000      57.343       0.000       0.000       0.000      -1.818       0.695    3549.587       0.000       0.000
   365    12    31  2023      59       0  hru059               792.783      78.559      78.513      35.703      24.561      60.264     247.781     486.622      10.174      36.737     439.711      35.702      82.018     422.386     386.929     284.057      28.530       0.000       0.000       0.316     689.985       0.000       0.000       0.000       0.000       0.000       0.000       0.000      35.702       0.000       0.000      24.561       0.000       0.000       0.000      -1.860       1.168    1520.334       0.000       0.000
   365    12    31  2023      60       0  hru060               792.783      78.559      78.513      17.388     145.718     163.106     233.205     497.098      11.840      41.988     443.270      17.387      64.819     439.548     383.196     280.350      28.719       0.000       0.000       0.316     689.977       0.000       0.000      13.518      83.964       0.000       0.000       0.000      17.387       0.000       0.000     145.718       0.000       0.000       0.000      -2.955       0.188    2201.127       0.000       0.000
   365    12    31  2023      61       0  hru061               792.783      78.537      78.491       5.620     183.169     188.789     181.213     494.652      12.972      49.678     432.002       5.619      54.050     334.411     271.699     174.348      28.524       0.000       0.000       0.316     689.953       0.000       0.000      19.292      49.198       0.000       0.000       0.000       5.619       0.000       0.000     183.169       0.000       0.000       0.000      -3.289       0.333     626.685       0.000       0.000
   365    12    31  2023      62       0  hru062               792.783      78.503      78.457     199.563     360.018     559.581     229.780     515.495      13.772      51.443     450.279     199.562      56.144     369.101     261.132     191.139      30.621       0.000       0.000       0.316     689.950       0.000       0.000     342.964     163.189       0.000     199.562       0.000       0.000     360.018       0.000       0.000       0.000       0.000       0.000      -5.663       6.563    1231.745       0.000       0.000
   365    12    31  2023      63       0  hru063               792.783      78.597      78.549      26.116      29.082      55.198     307.266     496.013      12.070      42.930     441.012      26.114      69.785     469.711     414.433     313.670      28.764       0.000       0.000       0.316     689.970       0.000       0.000      17.025      45.722       0.000       0.000       0.000      26.114       0.000       0.000      29.082       0.000       0.000       0.000      -2.899       2.078     439.291       0.000       0.000
   365    12    31  2023      64       0  hru064               792.783      78.510      78.464       0.000     243.656     243.656      32.880     517.578      10.374      28.675     478.530       0.000      21.883     308.815     287.404     234.266      46.398       0.000       0.000       0.316     689.978       0.000       0.000       0.000       0.000       0.000       0.000       0.000       0.000       0.000       0.000     243.656       0.000       0.000       0.000      -1.123       0.000     644.875       0.000       0.000
   365    12    31  2023      65       0  hru065               792.783      78.559      78.513       0.000     236.811     236.811      36.198     521.112      11.316      39.756     470.040       0.000      22.004     313.329     291.431     234.881      46.283       0.000       0.000       0.316     689.976       0.000       0.000       0.000       0.000       0.000       0.000       0.000       0.000       0.000       0.000     236.811       0.000       0.000       0.000      -1.149       0.000     626.758       0.000       0.000
   365    12    31  2023      66       0  hru066               792.783      78.560      78.511       0.000     249.761     249.762      26.826     517.516      10.202      28.928     478.386       0.000      21.641     301.275     280.850     232.623      46.370       0.000       0.000       0.316     689.974       0.000       0.000       0.000       0.000       0.000       0.000       0.000       0.000       0.000       0.000     249.761       0.000       0.000       0.000      -1.071       0.000     661.034       0.000       0.000
   365    12    31  2023      67       0  hru067               792.783      78.559      78.513       0.000     241.491     241.491      64.332     488.376      10.224      36.738     441.413       0.000      22.181     282.400     257.512     195.755      30.830       0.000       0.000       0.316     689.966       0.000       0.000       0.000       0.000       0.000       0.000       0.000       0.000       0.000       0.000     241.491       0.000       0.000       0.000      -1.305       0.000     722.220       0.000       0.000
   365    12    31  2023      68       0  hru068               792.783      78.608      78.559       0.000     208.305     208.305      66.279     519.636       9.055      34.328     476.253       0.000      23.298     344.964     319.617     242.163      46.134       0.000       0.000       0.316     689.954       0.000       0.000       0.000       0.000       0.000       0.000       0.000       0.000       0.000       0.000     208.305       0.000       0.000       0.000      -1.330       0.000     551.312       0.000       0.000
   365    12    31  2023      69       0  hru069               792.783      78.559      78.513       0.000     186.151     186.151      90.312     517.804       9.050      26.843     481.911       0.000      24.453     364.940     338.073     249.397      46.507       0.000       0.000       0.316     689.951       0.000       0.000       0.000       0.000       0.000       0.000       0.000       0.000       0.000       0.000     186.151       0.000       0.000       0.000      -1.409       0.000     492.679       0.000       0.000
   365    12    31  2023      70       0  hru070               792.783      78.520      78.474       0.000     158.872     158.873     110.138     525.445      14.255      52.921     458.270       0.000      25.348     383.384     352.662     252.195      45.715       0.000       0.000       0.316     689.949       0.000       0.000       0.000       0.000       0.000       0.000       0.000       0.000       0.000       0.000     158.872       0.000       0.000       0.000      -1.612       0.000     420.481       0.000       0.000
   365    12    31  2023      71       0  hru071               792.783      78.586      78.540       0.000     149.466     149.466     126.816     518.194       8.525      26.649     483.019       0.000      26.241     390.777     359.488     258.742      46.493       0.000       0.000       0.316     689.952       0.000       0.000       0.000       0.000       0.000       0.000       0.000       0.000       0.000       0.000     149.466       0.000       0.000       0.000      -1.641       0.000     395.585       0.000       0.000
   365    12    31  2023      72       0  hru072               792.783      78.586      78.540       0.000     190.770     190.770      82.314     521.222      10.785      39.070     471.368       0.000      24.035     360.023     332.632     246.160      46.033       0.000       0.000       0.316     689.949       0.000       0.000       0.000       0.000       0.000       0.000       0.000       0.000       0.000       0.000     190.770       0.000       0.000       0.000      -1.437       0.000     504.903       0.000       0.000
   365    12    31  2023      73       0  hru073               792.783      78.559      78.513     228.860      31.534     260.394     467.580     537.953      10.645      31.959     495.349     228.833      90.649     605.116     567.709     415.913      33.168       0.000       0.000       0.316     689.959       0.000       0.000     471.049       0.000       0.000       0.000       0.000     228.833       0.000       0.000      31.534       0.000       0.000       0.000      -1.962      14.805    1951.992       0.000       0.000
   365    12    31  2023      74       0  hru074               792.783      78.559      78.513      37.927      23.799      61.726     243.020     489.960      11.462      40.437     438.061      37.924      82.195     432.426     396.255     291.586      27.087       0.000       0.000       0.316     689.973       0.000       0.000       0.000       0.000       0.000       0.000       0.000      37.924       0.000       0.000      23.799       0.000       0.000       0.000      -1.897       1.635    1473.179       0.000       0.000
   365    12    31  2023      75       0  hru075               792.783      78.566      78.517      54.858      27.234      82.092     262.076     486.459       8.786      26.191     451.481      54.853      82.705     430.180     390.125     292.403      28.713       0.000       0.000       0.316     689.969       0.000       0.000      23.567      12.142       0.000       0.000       0.000      54.853       0.000       0.000      27.234       0.000       0.000       0.000      -2.101       4.161    1685.804       0.000       0.000
   365    12    31  2023      76       0  hru076               792.783      78.536      78.490       2.668     163.740     166.408     230.628     493.813      10.674      36.753     446.386       2.668      55.904     344.073     293.626     188.639      28.801       0.000       0.000       0.316     689.961       0.000       0.000       0.657      94.712       0.000       0.000       0.000       2.668       0.000       0.000     163.740       0.000       0.000       0.000      -2.646       0.475     560.209       0.000       0.000
   365    12    31  2023      77       0  hru077               792.783      78.559      78.510       0.069     507.492     507.562     308.244     547.369      11.472      39.122     496.774       0.069      31.831     409.686     348.036     262.737      31.056       0.000       0.000       0.316     689.950       0.000       0.000       4.866     562.141       0.000       0.000       0.000       0.069       0.000       0.000     507.492       0.000       0.000       0.000      -3.233       0.009    1620.557       0.000       0.000
   365    12    31  2023      78       0  hru078               792.783      78.586      78.540       0.003     275.790     275.793     203.605     504.381       7.895      24.994     471.492       0.003      26.998     373.081     327.880     232.935      29.837       0.000       0.000       0.316     689.955       0.000       0.000       1.343     187.198       0.000       0.000       0.000       0.003       0.000       0.000     275.790       0.000       0.000       0.000      -2.371       0.001     880.671       0.000       0.000
   365    12    31  2023      79       0  hru079               792.783      78.566      78.517      80.447    1002.599    1083.046     930.554     593.228      10.936      40.899     541.392      80.427      60.641     761.174     672.976     424.876      41.549       0.000       0.000       0.316     689.943       0.000       0.000      17.136    1791.987       0.000       0.000       0.000      80.427       0.000       0.000    1002.599       0.000       0.000       0.000      -4.625       4.796    3201.562       0.000       0.000
   365    12    31  2023      80       0  hru080               792.783      78.505      78.459       0.000     227.955     227.956      80.162     486.162      11.455      38.218     436.490       0.000      22.648     294.206     267.251     198.160      28.748       0.000       0.000       0.316     689.954       0.000       0.000       0.000       0.000       0.000       0.000       0.000       0.000       0.000       0.000     227.955       0.000       0.000       0.000      -1.414       0.000     727.921       0.000       0.000
   365    12    31  2023      81       0  hru081               792.783      78.608      78.559     513.393    1568.666    2082.059    1297.534     623.443       8.883      27.494     587.067     513.228      72.494     803.710     665.590     522.445      63.400       0.000       0.000       0.316     689.957       0.000       0.000       0.004    3202.243       0.000       0.000       0.000     513.228       0.000       0.000    1568.666       0.000       0.000       0.000      -7.243      76.717    5009.163       0.000       0.000
   365    12    31  2023      82       0  hru082               792.783      78.511      78.465      15.602     590.036     605.638     535.454     572.956      10.383      30.200     532.374      15.599      42.558     516.508     405.281     323.616      33.103       0.000       0.000       0.316     689.942       0.000       0.000      62.219     853.029       0.000       0.000       0.000      15.599       0.000       0.000     590.036       0.000       0.000       0.000      -5.833       3.973    1884.139       0.000       0.000
   365    12    31  2023      83       0  hru083               792.783      78.559      78.510      10.863     423.695     434.558     509.408     548.554      10.082      29.331     509.142      10.854      41.740     539.656     468.455     316.874      34.327       0.000       0.000       0.316     689.939       0.000       0.000     285.363     410.529       0.000       0.000       0.000      10.854       0.000       0.000     423.695       0.000       0.000       0.000      -3.734       3.033    1352.969       0.000       0.000
   365    12    31  2023      84       0  hru084               792.783      78.576      78.527       0.000     187.130     187.130     213.591     500.799      10.193      36.511     454.096       0.000      27.187     381.932     332.441     234.259      29.372       0.000       0.000       0.316     689.940       0.000       0.000       0.545     105.535       0.000       0.000       0.000       0.000       0.000       0.000     187.130       0.000       0.000       0.000      -2.596       0.000     597.555       0.000       0.000
   365    12    31  2023      85       0  hru085               792.783      78.559      78.513       0.000     172.364     172.364     138.064     484.207      10.081      29.262     444.864       0.000      24.446     338.208     303.911     213.739      28.932       0.000       0.000       0.316     689.939       0.000       0.000       0.000       0.000       0.000       0.000       0.000       0.000      91.029       0.000      81.335       0.000       0.000       0.000      -1.799       0.000     550.403       0.000       0.000
   365    12    31  2023      86       0  hru086               792.783      78.573      78.527     173.660      61.896     235.556     405.121     522.681       9.790      36.768     476.124     173.600      76.380     535.308     480.507     361.201      31.035       0.000       0.000       0.316     689.942       0.000       0.000     237.956     129.596       0.000       0.000       0.000     173.600       0.000       0.000      61.896       0.000       0.000       0.000      -2.874      39.049     934.954       0.000       0.000
   365    12    31  2023      87       0  hru087               792.783      78.522      78.476     551.506    1464.718    2016.224    1167.575     675.704      16.263      68.660     590.781     551.412      86.234     666.534     666.534     547.960      90.214       0.000       0.000       0.316     689.936       0.000       0.000       0.002    3066.635       0.000       0.000       0.000     551.412       0.000       0.000    1464.718       0.000       0.000       0.000      -0.001      95.878    3876.615       0.000       0.000
   365    12    31  2023      88       0  hru088               792.783      78.559      78.513       0.020     182.308     182.327     134.980     548.140      11.167      39.335     497.638       0.019      26.432     420.252     386.697     282.456      70.720       0.000       0.000       0.316     689.940       0.000       0.000       0.086      70.783       0.000       0.000       0.000       0.019       0.000       0.000     182.308       0.000       0.000       0.000      -1.760       0.008     146.700       0.000       0.000
   365    12    31  2023      89       0  hru089               792.783      78.550      78.501       0.235     363.648     363.883     301.429     510.928      12.536      43.694     454.698       0.235      31.637     478.262     378.809     257.256      30.020       0.000       0.000       0.316     689.953       0.000       0.000       0.001     378.043       0.000       0.000       0.000       0.235       0.000       0.000     363.648       0.000       0.000       0.000      -5.216       0.029    1161.222       0.000       0.000
   365    12    31  2023      90       0  hru090               792.783      78.560      78.511       0.026     350.586     350.612     266.803     510.208      11.408      37.016     461.784       0.025      29.969     444.776     358.149     248.679      29.971       0.000       0.000       0.316     689.936       0.000       0.000       0.001     330.111       0.000       0.000       0.000       0.025       0.000       0.000     350.586       0.000       0.000       0.000      -4.543       0.003    1119.513       0.000       0.000
   365    12    31  2023      91       0  hru091               792.783      78.560      78.511       0.021     114.632     114.653     139.619     540.087      11.408      37.048     491.632       0.021      26.454     422.568     392.914     282.121      70.054       0.000       0.000       0.316     689.940       0.000       0.000       0.000       0.000       0.000       0.000       0.000       0.021       0.000       0.000     114.632       0.000       0.000       0.000      -1.555       0.005      92.242       0.000       0.000
   365    12    31  2023      92       0  hru092               792.783      78.608      78.559      30.847      56.823      87.670     304.214     494.999       9.137      34.690     451.172      30.846      69.606     452.230     421.294     312.648      29.034       0.000       0.000       0.316     689.938       0.000       0.000      32.929      59.520       0.000       0.000       0.000      30.846       0.000       0.000      56.823       0.000       0.000       0.000      -1.622       0.678     858.335       0.000       0.000
   365    12    31  2023      93       0  hru093               792.783      78.597      78.549       0.029     361.535     361.565     312.747     532.036      11.559      40.115     480.362       0.029      31.766     418.025     356.084     262.726      30.470       0.000       0.000       0.316     689.940       0.000       0.000       5.425     404.784       0.000       0.029       0.000       0.000     361.535       0.000       0.000       0.000       0.000       0.000      -3.248       0.012    1154.478       0.000       0.000
   365    12    31  2023      94       0  hru094               792.783      78.559      78.510       0.009     126.840     126.848     129.266     538.239       9.557      27.771     500.912       0.008      25.981     416.634     387.137     280.267      70.762       0.000       0.000       0.316     689.940       0.000       0.000       0.000       0.000       0.000       0.000       0.000       0.008       0.000       0.000     126.840       0.000       0.000       0.000      -1.547       0.003     102.066       0.000       0.000
   365    12    31  2023      95       0  hru095               792.783      78.608      78.559     288.685     400.642     689.327     608.778     566.443       7.601      24.288     534.554     288.672      83.851     716.838     658.851     460.820      53.209       0.000       0.000       0.316     689.933       0.000       0.000       0.002    1067.470       0.000     288.672       0.000       0.000     400.642       0.000       0.000       0.000       0.000       0.000      -3.041       3.379    6051.838       0.000       0.000
   365    12    31  2023      96       0  hru096               792.783      78.503      78.457      36.529     487.124     523.653     202.651     575.230      11.385      38.765     525.080      36.511      31.015     532.427     381.914     307.099      73.073       0.000       0.000       0.316     689.935       0.000       0.000     144.318     356.291       0.000      36.511       0.000       0.000     487.124       0.000       0.000       0.000       0.000       0.000      -7.894       6.915     391.980       0.000       0.000
   365    12    31  2023      97       0  hru097               792.783      78.577      78.531       0.000     208.308     208.309      48.335     537.391       8.028      25.226     504.137       0.000      22.270     356.055     333.692     259.229      70.762       0.000       0.000       0.316     689.933       0.000       0.000       0.000       0.000       0.000       0.000       0.000       0.000       0.000       0.000     208.308       0.000       0.000       0.000      -1.173       0.000     167.622       0.000       0.000
   365    12    31  2023      98       0  hru098               792.783      78.569      78.519      12.254      81.952      94.206     242.814     488.987      11.553      41.728     435.706      12.254      65.350     438.800     392.806     283.814      28.412       0.000       0.000       0.316     689.931       0.000       0.000       6.155      24.571       0.000      12.254       0.000       0.000      81.952       0.000       0.000       0.000       0.000       0.000      -2.412       0.089    1237.910       0.000       0.000
   365    12    31  2023      99       0  hru099               792.783      78.597      78.549     269.582     173.468     443.050     503.655     566.063       9.154      28.581     528.328     269.578      82.397     543.112     507.077     409.985      35.032       0.000       0.000       0.316     689.932       0.000       0.000     231.623     486.397       0.000     269.578       0.000       0.000     173.468       0.000       0.000       0.000       0.000       0.000      -1.889       4.578    2620.296       0.000       0.000
   365    12    31  2023     100       0  hru100               792.783      78.559      78.513     101.597     164.051     265.649     539.674     558.449       9.050      26.842     522.557     101.555      82.138     689.365     563.730     426.740      41.544       0.000       0.000       0.316     689.932       0.000       0.000       3.190     560.550       0.000     101.555       0.000       0.000     164.051       0.000       0.000       0.000       0.000       0.000      -6.589      12.679    2478.051       0.000       0.000
   365    12    31  2023     101       0  hru101               792.783      78.608      78.559       0.000     344.734     344.734     153.253     503.220      10.460      40.893     451.867       0.000      25.238     359.034     321.406     216.998      29.539       0.000       0.000       0.316     689.986       0.000       0.000       0.000     206.340       0.000       0.000       0.000       0.000       0.000       0.000     344.734       0.000       0.000       0.000      -1.973       0.000    1100.826       0.000       0.000
   365    12    31  2023     102       0  hru102               792.783      79.399      79.350      10.601      18.118      28.719     273.879     492.856      14.695      77.785     400.376      10.600      67.282     452.436     401.970     296.906      28.180       0.000       0.000       0.316     689.977       0.000       0.000       0.000       0.000       0.000       0.000       0.000      10.600       0.000       0.000      18.118       0.000       0.000       0.000      -2.646       1.105     273.684       0.000       0.000
   365    12    31  2023     103       0  hru103               792.783      79.399      79.350      14.436     875.490     889.926     637.204     595.921      14.671      78.703     502.546      14.436      48.328     535.789     424.007     349.497      33.388       0.000       0.000       0.316     689.952       0.000       0.000      13.968    1310.160       0.000       0.000       0.000      14.436       0.000       0.000     875.490       0.000       0.000       0.000      -5.862       1.044    2795.669       0.000       0.000
   365    12    31  2023     104       0  hru104               792.783      79.308      79.256      10.163      14.676      24.839     274.528     496.070       5.236     108.201     382.632      10.161      67.332     453.996     403.820     297.153      28.167       0.000       0.000       0.315     689.980       0.000       0.000       0.000       0.000       0.000       0.000       0.000      10.161       0.000       0.000      14.676       0.000       0.000       0.000      -2.631       1.770     221.686       0.000       0.000
   365    12    31  2023     105       0  hru105               792.783      73.489      73.476      17.718     314.110     331.829     310.017     345.971      42.019     137.606     166.347      17.718      32.362     453.758     344.700     263.539      32.906       0.000       0.000       0.284     690.115       0.000       0.000     134.286      54.858       0.000       0.000       0.000      17.718       0.000       0.000     314.110       0.000       0.000       0.000      -5.720       3.320    1003.036       0.000       0.000
   365    12    31  2023     106       0  hru106               792.783      79.399      79.350      39.004      44.270      83.273     231.618     498.908       6.670      98.933     393.305      38.993      80.876     436.180     376.303     273.361      28.077       0.000       0.000       0.316     689.977       0.000       0.000       8.295       9.466       0.000       0.000       0.000      38.993       0.000       0.000      44.270       0.000       0.000       0.000      -3.141       7.259    2740.344       0.000       0.000
   365    12    31  2023     107       0  hru107               792.783      79.033      78.984      90.094      12.238     102.332     262.512     513.798       6.209     144.357     363.232      90.070      82.210     465.459     372.880     290.834      28.013       0.000       0.000       0.316     689.977       0.000       0.000      68.152      12.779       0.000       0.000       0.000      90.070       0.000       0.000      12.238       0.000       0.000       0.000      -4.856      16.399     757.557       0.000       0.000
   365    12    31  2023     108       0  hru108               792.783      79.399      79.350       9.248      44.790      54.038     257.963     483.303       5.111     110.535     367.657       9.247      66.114     443.725     396.624     288.895      27.656       0.000       0.000       0.316     689.936       0.000       0.000       0.000       0.000       0.000       0.000       0.000       9.247       0.000       0.000      44.790       0.000       0.000       0.000      -2.470       0.484     676.575       0.000       0.000
   365    12    31  2023     109       0  hru109               792.783      78.370      78.340       1.550     114.850     116.400     185.273     493.016       8.741     179.761     304.513       1.550      53.909     313.197     277.408     172.331      26.598       0.000       0.000       0.308     689.959       0.000       0.000       0.000       0.000       0.000       0.000       0.000       1.550       0.000       0.000     114.850       0.000       0.000       0.000      -1.877       0.283     392.941       0.000       0.000
   365    12    31  2023     110       0  hru110               792.783      78.601      78.552       1.298     132.038     133.336     152.455     509.340       9.670     146.020     353.650       1.298      52.522     305.249     261.444     160.040      27.590       0.000       0.000       0.315     689.962       0.000       0.000       0.000       0.000       0.000       0.000       0.000       1.298       0.000       0.000     132.038       0.000       0.000       0.000      -2.298       0.234     451.748       0.000       0.000
   365    12    31  2023     111       0  hru111               792.783      78.566      78.518       6.225     310.219     316.444     308.864     551.903      10.152     161.576     380.176       6.225      58.746     377.596     297.730     207.932      28.976       0.000       0.000       0.313     689.963       0.000       0.000       5.796     374.311       0.000       0.000       0.000       6.225       0.000       0.000     310.219       0.000       0.000       0.000      -4.189       0.988    1061.365       0.000       0.000
   365    12    31  2023     112       0  hru112               792.783      78.683      78.634      41.918      11.276      53.194     264.171     489.475       8.929     156.639     323.907      41.879      82.460     432.306     391.913     289.791      27.065       0.000       0.000       0.313     690.005       0.000       0.000       8.391       3.496       0.000       0.000       0.000      41.879       0.000       0.000      11.276       0.000       0.000       0.000      -2.119      34.697     697.999       0.000       0.000
   365    12    31  2023     113       0  hru113               792.783      77.888      77.839       0.000     175.905     175.905      87.607     531.362      14.063     208.534     308.765       0.000      22.312     312.976     275.042     183.780      27.458       0.000       0.000       0.311     689.971       0.000       0.000       0.000       0.000       0.000       0.000       0.000       0.000       0.000       0.000     175.905       0.000       0.000       0.000      -1.990       0.000     561.711       0.000       0.000
   365    12    31  2023     114       0  hru114               792.783      79.375      79.326       0.182     412.511     412.693     215.726     539.895       5.672     152.023     382.200       0.182      27.745     390.584     337.287     232.776      29.510       0.000       0.000       0.316     689.943       0.000       0.000      15.355     357.234       0.000       0.000       0.000       0.182       0.000       0.000     412.511       0.000       0.000       0.000      -2.795       0.013    1317.256       0.000       0.000
   365    12    31  2023     115       0  hru115               792.783      79.168      79.119      16.744      29.509      46.254     267.262     526.692       6.024     174.503     346.165      16.742      66.770     459.657     384.166     293.030      27.858       0.000       0.000       0.315     689.996       0.000       0.000       7.738      35.670       0.000       0.000       0.000      16.742       0.000       0.000      29.509       0.000       0.000       0.000      -3.959       2.264     445.750       0.000       0.000
   365    12    31  2023     116       0  hru116               792.783      78.804      78.756       0.000     253.869     253.869     165.933     533.747       6.299     181.837     345.612       0.000      25.358     365.864     306.531     211.946      28.467       0.000       0.000       0.314     689.938       0.000       0.000       2.684     154.834       0.000       0.000       0.000       0.000       0.000       0.000     253.869       0.000       0.000       0.000      -3.112       0.000     810.669       0.000       0.000
   365    12    31  2023     117       0  hru117               792.783      78.726      78.678       0.000     173.632     173.632      96.672     524.696       6.096     194.631     323.970       0.000      22.615     318.380     278.051     187.178      27.667       0.000       0.000       0.314     689.945       0.000       0.000       0.000       0.000       0.000       0.000       0.000       0.000       0.000       0.000     173.632       0.000       0.000       0.000      -2.115       0.000     554.451       0.000       0.000
   365    12    31  2023     118       0  hru118               792.783      78.631      78.582       0.000     171.480     171.481      98.768     524.760       6.682     198.734     319.344       0.000      22.684     320.701     280.167     187.720      27.642       0.000       0.000       0.313     689.955       0.000       0.000       0.000       0.000       0.000       0.000       0.000       0.000       0.000       0.000     171.480       0.000       0.000       0.000      -2.126       0.000     547.582       0.000       0.000
   365    12    31  2023     119       0  hru119               792.783      78.628      78.579      28.471      40.253      68.724     202.979     525.766       7.704     185.688     332.374      28.468      79.099     418.486     333.510     255.022      27.257       0.000       0.000       0.314     689.988       0.000       0.000       0.000       0.000       0.000       0.000       0.000      28.468       0.000       0.000      40.253       0.000       0.000       0.000      -4.457       2.044    2491.699       0.000       0.000
   365    12    31  2023     120       0  hru120               792.783      78.881      78.832       2.178     150.152     152.330     294.869     565.511      10.233     149.547     405.730       2.178      35.304     499.200     453.079     320.249      68.265       0.000       0.000       0.314     689.964       0.000       0.000       0.039     217.452       0.000       0.000       0.000       2.178       0.000       0.000     150.152       0.000       0.000       0.000      -2.419       0.518     120.825       0.000       0.000
   365    12    31  2023     121       0  hru121               792.783      78.994      78.945      15.618      32.796      48.414     285.452     484.151       7.643     119.111     357.397      15.615      67.978     452.947     410.123     301.501      27.735       0.000       0.000       0.315     689.950       0.000       0.000       7.322      15.628       0.000       0.000       0.000      15.615       0.000       0.000      32.796       0.000       0.000       0.000      -2.246       2.833     495.400       0.000       0.000
   365    12    31  2023     122       0  hru122               792.783      78.196      78.167       6.879     389.649     396.528     321.230     530.282      10.133     221.119     299.030       6.879      59.146     395.412     342.230     210.768      27.887       0.000       0.000       0.306     689.966       0.000       0.000       4.141     448.229       0.000       0.000       0.000       6.879       0.000       0.000     389.649       0.000       0.000       0.000      -2.789       0.926    1333.124       0.000       0.000
   365    12    31  2023     123       0  hru123               792.783      79.126      79.077       0.000     115.719     115.719     198.146     481.189       4.220     132.840     344.129       0.000      26.363     373.707     331.060     226.592      27.740       0.000       0.000       0.315     689.940       0.000       0.000       0.000       0.000       0.000       0.000       0.000       0.000       0.000       0.000     115.719       0.000       0.000       0.000      -2.237       0.000     369.521       0.000       0.000
   365    12    31  2023     124       0  hru124               792.783      78.011      77.965       1.580     165.181     166.761     175.547     491.967       9.899     172.689     309.379       1.579      53.762     312.115     271.500     171.619      27.007       0.000       0.000       0.311     689.960       0.000       0.000       0.445      38.869       0.000       0.000       0.000       1.579       0.000       0.000     165.181       0.000       0.000       0.000      -2.130       0.387     565.142       0.000       0.000
   365    12    31  2023     125       0  hru125               792.783      79.206      79.157     119.534      20.327     139.861     254.785     534.759       6.159     189.413     339.186     119.514      81.716     454.167     383.634     285.988      27.856       0.000       0.000       0.315     689.980       0.000       0.000     106.598      26.235       0.000       0.000       0.000     119.514       0.000       0.000      20.327       0.000       0.000       0.000      -3.699      16.658    1258.273       0.000       0.000
   365    12    31  2023     126       0  hru126               792.783      78.934      78.885       2.818     405.941     408.759     293.026     551.720       5.749     157.526     388.445       2.817      31.036     418.872     335.699     254.449      29.843       0.000       0.000       0.315     689.970       0.000       0.000      28.541     427.633       0.000       0.000       0.000       2.817       0.000       0.000     405.941       0.000       0.000       0.000      -4.362       1.113    1296.276       0.000       0.000
   365    12    31  2023     127       0  hru127               792.783      79.059      79.010     287.087      24.301     311.388     293.789     531.458       6.982     173.654     350.822     287.058      83.546     496.628     388.687     309.338      28.386       0.000       0.000       0.316     689.977       0.000       0.000     286.512      51.552       0.000       0.000       0.000     287.058       0.000       0.000      24.301       0.000       0.000       0.000      -5.662      25.530    1504.262       0.000       0.000
   365    12    31  2023     128       0  hru128               792.783      78.159      78.130      12.185      75.642      87.826     205.769     540.832      11.282     237.881     291.669      12.184      62.389     442.303     364.387     261.665      27.099       0.000       0.000       0.309     690.012       0.000       0.000       8.497      28.905       0.000       0.000       0.000      12.184       0.000       0.000      75.642       0.000       0.000       0.000      -4.086       0.191    1142.593       0.000       0.000
   365    12    31  2023     129       0  hru129               792.783      78.513      78.464      32.299      12.844      45.143     223.776     527.962      10.122     201.179     316.661      32.293      80.218     438.532     361.565     268.195      27.410       0.000       0.000       0.311     689.988       0.000       0.000       0.000       0.000       0.000       0.000       0.000      32.293       0.000       0.000      12.844       0.000       0.000       0.000      -4.037       3.138     795.077       0.000       0.000
   365    12    31  2023     130       0  hru130               792.783      78.353      78.298      16.054     132.611     148.665     315.996     552.751       9.584     222.695     320.471      16.053      59.805     435.256     356.585     250.273      31.043       0.000       0.000       0.314     689.974       0.000       0.000      17.223     203.168       0.000       0.000       0.000      16.053       0.000       0.000     132.611       0.000       0.000       0.000      -4.126       2.543     969.480       0.000       0.000
   365    12    31  2023     131       0  hru131               792.783      77.848      77.798      12.556      23.879      36.435     241.197     536.121      11.124     216.613     308.384      12.554      64.858     461.379     337.513     279.231      27.452       0.000       0.000       0.312     689.991       0.000       0.000       9.908       4.494       0.000       0.000       0.000      12.554       0.000       0.000      23.879       0.000       0.000       0.000      -6.497       1.278     360.696       0.000       0.000
   365    12    31  2023     132       0  hru132               792.783      78.772      78.723      63.479      11.902      75.381     230.339     549.634       6.799     253.420     289.415      63.462      80.146     453.553     339.220     268.917      26.986       0.000       0.000       0.314     689.979       0.000       0.000      41.997      14.493       0.000       0.000       0.000      63.462       0.000       0.000      11.902       0.000       0.000       0.000      -5.997      11.165     736.764       0.000       0.000
   365    12    31  2023     133       0  hru133               792.783      79.399      79.350       0.000     153.133     153.134     150.956     490.684       9.014     113.309     368.361       0.000      24.774     348.388     311.335     214.591      27.906       0.000       0.000       0.316     689.943       0.000       0.000       0.000       0.000       0.000       0.000       0.000       0.000       0.000       0.000     153.133       0.000       0.000       0.000      -1.943       0.000     488.995       0.000       0.000
   365    12    31  2023     134       0  hru134               792.783      78.426      78.378      33.859      18.670      52.530     244.261     498.227       8.505     190.385     299.337      33.836      81.395     421.731     379.936     277.936      26.586       0.000       0.000       0.314     689.969       0.000       0.000       0.000       0.000       0.000       0.000       0.000      33.836       0.000       0.000      18.670       0.000       0.000       0.000      -2.192      19.599    1155.727       0.000       0.000
   365    12    31  2023     135       0  hru135               792.783      79.148      79.099       3.604     307.129     310.733     271.318     513.642       8.579     178.669     326.393       3.603      57.207     382.279     319.744     196.809      29.037       0.000       0.000       0.316     689.949       0.000       0.000       2.467     297.047       0.000       0.000       0.000       3.603       0.000       0.000     307.129       0.000       0.000       0.000      -3.280       0.251    1050.795       0.000       0.000
   365    12    31  2023     136       0  hru136               792.783      72.515      72.498    6860.134    2385.733    9245.867    1426.382     457.232      52.590     228.980     175.661    6859.959      90.731     700.681     700.681     624.825     142.891       0.000       0.000       0.278     690.121       0.000       0.000       1.109   10335.382       0.000       0.000       0.000    6859.959       0.000       0.000    2385.733       0.000       0.000       0.000      -0.008     444.276    1919.757       0.000       0.000
   365    12    31  2023     137       0  hru137               792.783      73.587      73.565     150.238    1307.505    1457.742     643.520     502.752      41.003     288.541     173.208     150.172      48.578     619.890     375.841     351.501      35.457       0.000       0.000       0.284     690.101       0.000       0.000     427.540    1369.812       0.000       0.000       0.000     150.172       0.000       0.000    1307.505       0.000       0.000       0.000     -12.800      14.796    4175.206       0.000       0.000
   365    12    31  2023     138       0  hru138               792.783      75.913      75.891      58.526      21.640      80.166     341.342     373.792      23.416     210.776     139.600      58.517      86.630     489.824     443.019     342.519      30.556       0.000       0.000       0.298     690.032       0.000       0.000       0.000       0.000       0.000       0.000       0.000      58.517       0.000       0.000      21.640       0.000       0.000       0.000      -2.455       5.019    1339.524       0.000       0.000
   365    12    31  2023     139       0  hru139               792.783      72.593      72.573       0.003     147.298     147.301     104.168     544.358      48.093     349.045     147.220       0.003      24.733     381.946     326.159     227.154      42.616       0.000       0.000       0.279     690.127       0.000       0.000       0.000       0.000       0.000       0.000       0.000       0.003       0.000       0.000     147.298       0.000       0.000       0.000      -2.926       0.000     389.848       0.000       0.000
   365    12    31  2023     140       0  hru140               792.783      72.603      72.582       0.000     190.170     190.170     164.031     532.301      48.373     345.740     138.188       0.000      25.003     368.852     300.664     200.044      26.740       0.000       0.000       0.279     690.128       0.000       0.000       0.000      90.013       0.000       0.000       0.000       0.000       0.000       0.000     190.170       0.000       0.000       0.000      -3.576       0.000     607.263       0.000       0.000
   365    12    31  2023     141       0  hru141               792.783      79.073      79.024      10.151     110.848     120.999     306.991     529.630       7.840     131.848     389.942      10.151      59.688     429.494     353.730     251.020      31.673       0.000       0.000       0.315     689.961       0.000       0.000      10.397     150.378       0.000       0.000       0.000      10.151       0.000       0.000     110.848       0.000       0.000       0.000      -3.974       2.295     810.372       0.000       0.000
   365    12    31  2023     142       0  hru142               792.783      78.730      78.679       0.000     189.438     189.439      75.146     530.225      10.098     197.038     323.089       0.000      21.894     300.816     264.462     179.393      27.761       0.000       0.000       0.314     689.953       0.000       0.000       0.000       0.000       0.000       0.000       0.000       0.000       0.000       0.000     189.438       0.000       0.000       0.000      -1.907       0.000     604.926       0.000       0.000
   365    12    31  2023     143       0  hru143               792.783      79.205      79.156      28.703     291.682     320.384     466.156     556.792       6.915     123.586     426.291      28.696      65.871     511.781     369.946     296.654      33.270       0.000       0.000       0.316     689.958       0.000       0.000      19.115     523.615       0.000       0.000       0.000      28.696       0.000       0.000     291.682       0.000       0.000       0.000      -7.440       3.818    2132.394       0.000       0.000
   365    12    31  2023     144       0  hru144               792.783      78.653      78.604      12.470      19.074      31.544     263.671     510.988       8.418     138.926     363.643      12.466      66.503     470.683     351.373     290.905      27.919       0.000       0.000       0.314     689.972       0.000       0.000       2.902       4.191       0.000       0.000       0.000      12.466       0.000       0.000      19.074       0.000       0.000       0.000      -6.257       1.769     288.121       0.000       0.000
   365    12    31  2023     145       0  hru145               792.783      78.590      78.541       3.319      62.386      65.705     208.421     529.560      11.044     167.154     351.363       3.319      55.547     389.676     309.819     217.835      30.622       0.000       0.000       0.315     689.965       0.000       0.000       2.713       3.918       0.000       0.000       0.000       3.319       0.000       0.000      62.386       0.000       0.000       0.000      -4.189       0.736     456.087       0.000       0.000
   365    12    31  2023     146       0  hru146               792.783      78.080      78.032      40.333      77.337     117.670     416.069     561.743      11.914     179.647     370.181      40.312      75.974     566.486     434.684     364.526      31.072       0.000       0.000       0.313     689.943       0.000       0.000       0.000     295.437       0.000       0.000       0.000      40.312       0.000       0.000      77.337       0.000       0.000       0.000      -6.912       5.534    1168.208       0.000       0.000
   365    12    31  2023     147       0  hru147               792.783      79.112      79.063      85.819     139.216     225.035     484.539     581.491       5.874     195.634     379.983      85.805      79.122     634.872     512.927     398.213      36.123       0.000       0.000       0.316     689.960       0.000       0.000      24.020     467.347       0.000       0.000       0.000       0.000       0.000       0.000       0.000       0.000       0.000       0.000      -6.396       4.019    2102.914       0.000       0.000
   365    12    31  2023     148       0  hru148               792.783      75.649      75.631      85.498      45.031     130.529     248.400     557.209      23.180     249.855     284.174      85.494      81.375     444.176     373.138     281.375      26.813       0.000       0.000       0.297     690.091       0.000       0.000      69.421      70.028       0.000       0.000       0.000      85.494       0.000       0.000      45.031       0.000       0.000       0.000      -3.726       3.565    2787.466       0.000       0.000
   365    12    31  2023     149       0  hru149               792.783      71.953      71.936       1.093     253.100     254.193     185.507     500.508      49.981     308.334     142.192       1.093      26.345     397.568     290.826     212.920      28.633       0.000       0.000       0.277     690.166       0.000       0.000      77.087      64.508       0.000       0.000       0.000       1.093       0.000       0.000     253.100       0.000       0.000       0.000      -5.598       0.239     808.216       0.000       0.000
   365    12    31  2023     150       0  hru150               792.783      73.558      73.546       6.769     197.116     203.885     409.611     455.581      37.375     289.339     128.868       6.765      61.935     461.367     350.235     239.625      31.591       0.000       0.000       0.287     690.095       0.000       0.000       0.000     270.295       0.000       0.000       0.000       6.765       0.000       0.000     197.116       0.000       0.000       0.000      -5.829       3.200    1134.078       0.000       0.000
   365    12    31  2023     151       0  hru151               792.783      75.438      75.424      29.700      68.495      98.196     366.103     396.585      26.107     244.778     125.700      29.663      74.360     509.252     410.367     343.465      29.089       0.000       0.000       0.296     690.061       0.000       0.000      15.847      46.732       0.000       0.000       0.000      29.663       0.000       0.000      68.495       0.000       0.000       0.000      -5.186      15.280    1034.644       0.000       0.000
   365    12    31  2023     152       0  hru152               792.783      78.058      78.015      18.282      41.356      59.638     291.421     502.639       8.819     192.360     301.460      18.281      68.323     466.159     412.544     303.676      27.043       0.000       0.000       0.311     690.039       0.000       0.000       8.977      49.053       0.000       0.000       0.000      18.281       0.000       0.000      41.356       0.000       0.000       0.000      -2.812       0.666     624.698       0.000       0.000
   365    12    31  2023     153       0  hru153               792.783      77.161      77.116      39.279      10.973      50.252     256.490     494.558      14.943     188.270     291.345      39.257      82.028     424.787     384.406     284.746      26.519       0.000       0.000       0.309     689.977       0.000       0.000       4.209       2.163       0.000       0.000       0.000      39.257       0.000       0.000      10.973       0.000       0.000       0.000      -2.118      20.120     679.229       0.000       0.000
   365    12    31  2023     154       0  hru154               792.783      76.727      76.683      44.677      11.660      56.337     262.117     497.484      16.307     193.937     287.240      44.646      82.258     431.215     384.660     287.780      26.483       0.000       0.000       0.307     689.987       0.000       0.000      13.042       7.634       0.000       0.000       0.000      44.646       0.000       0.000      11.660       0.000       0.000       0.000      -2.442      26.821     721.777       0.000       0.000
   365    12    31  2023     155       0  hru155               792.783      76.836      76.815     345.383      21.346     366.729     279.562     551.106      15.686     249.128     286.292     345.353      82.682     477.357     379.566     299.031      27.205       0.000       0.000       0.305     690.088       0.000       0.000     356.819      42.549       0.000       0.000       0.000     345.353       0.000       0.000      21.346       0.000       0.000       0.000      -5.129      31.497    1321.329       0.000       0.000
   365    12    31  2023     156       0  hru156               792.783      77.859      77.816       0.000     329.948     329.949      94.462     562.930      10.444     268.587     283.899       0.000      22.694     322.835     273.788     186.656      27.545       0.000       0.000       0.311     690.046       0.000       0.000      11.955     179.761       0.000       0.000       0.000       0.000       0.000       0.000     329.948       0.000       0.000       0.000      -2.572       0.000    1053.612       0.000       0.000
   365    12    31  2023     157       0  hru157               792.783      78.652      78.604       9.428      26.815      36.243     263.958     495.458       6.699     185.418     303.341       9.423      66.290     455.291     401.396     290.173      26.710       0.000       0.000       0.314     689.970       0.000       0.000       0.000       0.000       0.000       0.000       0.000       9.423       0.000       0.000      26.815       0.000       0.000       0.000      -2.827       3.846     405.047       0.000       0.000
   365    12    31  2023     158       0  hru158               792.783      77.524      77.477       7.467      46.331      53.799     238.667     502.448      12.984     239.263     250.202       7.467      64.329     433.516     393.612     276.673      25.815       0.000       0.000       0.309     690.054       0.000       0.000       0.000       0.000       0.000       0.000       0.000       7.466       0.000       0.000      46.331       0.000       0.000       0.000      -2.093       1.637     699.853       0.000       0.000
   365    12    31  2023     159       0  hru159               792.783      76.514      76.493      64.651      39.443     104.095     232.557     566.696      16.621     296.853     253.222      64.646      80.407     457.503     340.926     271.722      26.723       0.000       0.000       0.302     690.078       0.000       0.000      47.465      56.728       0.000       0.000       0.000      64.646       0.000       0.000      39.443       0.000       0.000       0.000      -6.114       2.900    2441.601       0.000       0.000
   365    12    31  2023     160       0  hru160               792.783      79.317      79.268       0.156     264.701     264.857     185.129     495.064       3.953     138.362     352.749       0.156      26.239     367.061     315.977     225.463      28.689       0.000       0.000       0.316     689.943       0.000       0.000      20.749     128.737       0.000       0.000       0.000       0.156       0.000       0.000     264.701       0.000       0.000       0.000      -2.679       0.015     845.259       0.000       0.000
   365    12    31  2023     161       0  hru161               792.783      79.033      78.984       4.380     454.214     458.594     329.878     566.792       9.424     207.347     350.020       4.380      32.935     443.003     355.806     261.776      29.876       0.000       0.000       0.314     689.955       0.000       0.000      13.301     544.419       0.000       4.380       0.000       0.000     454.214       0.000       0.000       0.000       0.000       0.000      -4.573       0.723    1450.424       0.000       0.000
   365    12    31  2023     162       0  hru162               792.783      75.133      75.115      33.051     107.526     140.577     429.579     364.502      29.576     214.990     119.936      33.024      78.617     538.860     503.780     375.461      31.548       0.000       0.000       0.293     690.036       0.000       0.000       0.000     139.843       0.000       0.000       0.000      33.024       0.000       0.000     107.526       0.000       0.000       0.000      -1.839       8.797    1624.221       0.000       0.000
   365    12    31  2023     163       0  hru163               792.783      78.608      78.559       0.000     180.666     180.666     188.255     496.010      10.147      37.220     448.642       0.000      26.263     370.758     329.209     227.376      29.213       0.000       0.000       0.316     689.942       0.000       0.000       0.931      68.985       0.000       0.000       0.000       0.000       0.000       0.000     180.666       0.000       0.000       0.000      -2.179       0.000     576.914       0.000       0.000
   365    12    31  2023     164       0  hru164               792.783      78.586      78.540       0.000     322.165     322.165      84.749     558.490      10.854      39.681     507.955       0.000      23.973     373.409     350.389     271.553      71.020       0.000       0.000       0.316     689.935       0.000       0.000       0.000     171.336       0.000       0.000       0.000       0.000     322.165       0.000       0.000       0.000       0.000       0.000      -1.207       0.000     259.240       0.000       0.000
   365    12    31  2023     165       0  hru165               792.783      78.487      78.441      26.115     540.877     566.992     412.982     543.672      10.540      29.762     503.370      26.106      63.306     439.684     405.609     242.255      32.763       0.000       0.000       0.316     689.947       0.000       0.000     721.072       7.958       0.000       0.000       0.000      26.106       0.000       0.000     540.877       0.000       0.000       0.000      -1.786       2.131    1850.527       0.000       0.000
   365    12    31  2023     166       0  hru166               792.783      78.608      78.559     435.601    1455.890    1891.491    1332.323     637.825      10.193      31.529     596.103     435.524      75.955     803.710     683.859     532.044      58.607       0.000       0.000       0.316     689.943       0.000       0.000     110.767    2951.259       0.000       0.000       0.000     435.524       0.000       0.000    1455.890       0.000       0.000       0.000      -6.285      29.341    4649.038       0.000       0.000
   365    12    31  2023     167       0  hru167               792.783      78.559      78.513       2.311     322.053     324.364     235.531     524.406      11.535      42.692     470.179       2.311      28.352     389.852     321.208     240.809      30.112       0.000       0.000       0.316     689.956       0.000       0.000      25.781     261.997       0.000       0.000       0.000       2.311       0.000       0.000     322.053       0.000       0.000       0.000      -3.600       0.304    1028.400       0.000       0.000
   365    12    31  2023     168       0  hru168               792.783      78.559      78.513       2.311      90.384      92.695     209.301     492.931       9.515      28.730     454.686       2.311      56.232     373.551     333.488     227.266      31.873       0.000       0.000       0.316     689.960       0.000       0.000       0.000       0.000       0.000       0.000       0.000       2.311       0.000       0.000      90.384       0.000       0.000       0.000      -2.102       0.170     660.772       0.000       0.000
   365    12    31  2023     169       0  hru169               792.783      78.505      78.457      11.923     178.021     189.944     307.109     519.799      13.756      50.669     455.374      11.923      59.997     406.161     368.852     253.780      32.399       0.000       0.000       0.316     689.962       0.000       0.000      11.857     210.208       0.000       0.000       0.000      11.923       0.000       0.000     178.021       0.000       0.000       0.000      -1.957       1.981    1301.454       0.000       0.000
   365    12    31  2023     170       0  hru170               792.783      78.552      78.506       0.000     202.708     202.709     104.320     487.365      10.790      39.208     437.367       0.000      23.340     314.616     285.152     203.833      28.694       0.000       0.000       0.316     689.956       0.000       0.000       0.000       0.000       0.000       0.000       0.000       0.000       0.000       0.000     202.708       0.000       0.000       0.000      -1.545       0.000     647.301       0.000       0.000
   365    12    31  2023     171       0  hru171               792.783      73.940      73.922       0.001     413.524     413.524     238.863     546.301      37.308     367.351     141.642       0.000      28.450     399.320     327.859     226.168      28.298       0.000       0.000       0.284     690.074       0.000       0.000       3.111     398.844       0.000       0.000       0.000       0.000       0.000       0.000     413.524       0.000       0.000       0.000      -3.748       0.000    1320.490       0.000       0.000
   365    12    31  2023     172       0  hru172               792.783      73.414      73.397       9.512     892.170     901.682     659.090     580.027      43.347     383.778     152.902       9.510      49.164     575.074     475.446     347.811      31.653       0.000       0.000       0.283     690.103       0.000       0.000       0.184    1342.302       0.000       0.000       0.000       9.510       0.000       0.000     892.170       0.000       0.000       0.000      -5.225       0.872    2848.934       0.000       0.000
   365    12    31  2023     173       0  hru173               792.783      73.767      73.744       2.510     174.169     176.680     185.622     541.450      37.679     362.856     140.915       2.510      53.417     349.144     264.990     161.981      26.583       0.000       0.000       0.286     690.068       0.000       0.000       1.706     104.724       0.000       0.000       0.000       2.510       0.000       0.000     174.169       0.000       0.000       0.000      -4.414       0.255     595.892       0.000       0.000
   365    12    31  2023     174       0  hru174               792.783      75.152      75.134       2.661     320.448     323.109     243.306     428.470      29.751     249.350     149.369       2.661      56.863     352.633     296.677     192.592      29.743       0.000       0.000       0.293     690.069       0.000       0.000       2.221     196.823       0.000       0.000       0.000       2.661       0.000       0.000     320.448       0.000       0.000       0.000      -2.935       0.305    1096.363       0.000       0.000
   365    12    31  2023     175       0  hru175               792.783      75.097      75.079       2.514     273.639     276.153     251.191     364.774      29.038     214.100     121.637       2.514      57.574     334.490     294.047     199.249      29.817       0.000       0.000       0.295     690.045       0.000       0.000       1.484      95.672       0.000       0.000       0.000       2.514       0.000       0.000     273.639       0.000       0.000       0.000      -2.121       0.464     936.214       0.000       0.000
   365    12    31  2023     176       0  hru176               792.783      76.294      76.274       1.977     636.728     638.706     406.833     377.172      22.611     224.015     130.546       1.977      36.901     482.543     408.454     291.267      31.983       0.000       0.000       0.298     689.988       0.000       0.000       9.782     616.073       0.000       0.000       0.000       1.977       0.000       0.000     636.728       0.000       0.000       0.000      -3.885       0.197    2033.241       0.000       0.000
   365    12    31  2023     177       0  hru177               792.783      78.608      78.559       2.422     121.879     124.301     197.258     495.186       8.714      27.274     459.198       2.422      55.896     368.400     329.658     224.653      32.008       0.000       0.000       0.316     689.955       0.000       0.000       0.629      21.243       0.000       0.000       0.000       2.422       0.000       0.000     121.879       0.000       0.000       0.000      -2.032       0.249     891.017       0.000       0.000
   365    12    31  2023     178       0  hru178               792.783      78.608      78.559       2.441      82.478      84.919     217.623     492.480       8.928      27.155     456.397       2.441      56.536     379.193     337.296     229.466      31.881       0.000       0.000       0.316     689.958       0.000       0.000       0.000       0.000       0.000       0.000       0.000       2.441       0.000       0.000      82.478       0.000       0.000       0.000      -2.198       0.189     602.968       0.000       0.000
   365    12    31  2023     179       0  hru179               792.783      78.608      78.559       0.000     158.854     158.854      97.908     537.452       7.601      24.289     505.562       0.000      24.507     397.744     371.163     272.274      70.812       0.000       0.000       0.316     689.937       0.000       0.000       0.000       0.000       0.000       0.000       0.000       0.000       0.000       0.000     158.854       0.000       0.000       0.000      -1.394       0.000     127.827       0.000       0.000
   365    12    31  2023     180       0  hru180               792.783      75.600      75.582       0.000     300.585     300.585     177.249     363.620      26.895     183.559     153.167       0.000      26.368     353.615     275.303     226.043      33.752       0.000       0.000       0.296     690.078       0.000       0.000      33.462      10.895       0.000       0.000       0.000       0.000       0.000       0.000     300.585       0.000       0.000       0.000      -4.108       0.000     898.950       0.000       0.000
   365    12    31  2023     181       0  hru181               792.783      78.327      78.281       3.910     252.011     255.921     255.615     508.818       8.170     180.092     320.556       3.909      56.719     364.488     310.007     193.629      27.713       0.000       0.000       0.313     689.958       0.000       0.000       1.926     222.710       0.000       0.000       0.000       3.909       0.000       0.000     252.011       0.000       0.000       0.000      -2.857       0.456     862.217       0.000       0.000
   365    12    31  2023     182       0  hru182               792.783      78.382      78.335       0.000     159.753     159.753     143.120     491.838       7.682     170.673     313.483       0.000      24.476     343.475     307.670     211.659      27.219       0.000       0.000       0.312     689.950       0.000       0.000       0.000       0.000       0.000       0.000       0.000       0.000       0.000       0.000     159.753       0.000       0.000       0.000      -1.878       0.000     510.132       0.000       0.000
   365    12    31  2023     183       0  hru183               792.783      77.922      77.874       0.000     127.338     127.338     117.335     551.308      11.822     257.708     281.778       0.000      23.095     345.878     286.751     186.856      27.042       0.000       0.000       0.310     689.966       0.000       0.000       0.000       0.000       0.000       0.000       0.000       0.000       0.000       0.000     127.338       0.000       0.000       0.000      -3.101       0.000     406.622       0.000       0.000
   365    12    31  2023     184       0  hru184               792.783      77.471      77.442     107.459      46.689     154.147     202.525     552.367      13.610     255.754     283.002     107.452      78.807     430.899     342.177     253.912      27.011       0.000       0.000       0.307     689.995       0.000       0.000     104.849       6.480       0.000       0.000       0.000     107.452       0.000       0.000      46.689       0.000       0.000       0.000      -4.653       7.224    2890.079       0.000       0.000
   365    12    31  2023     185       0  hru185               792.783      77.432      77.403       6.339      29.222      35.561     200.268     562.277      13.941     279.718     268.619       6.338      61.676     433.840     333.793     255.946      26.452       0.000       0.000       0.303     690.022       0.000       0.000       0.000       0.000       0.000       0.000       0.000       6.338       0.000       0.000      29.222       0.000       0.000       0.000      -5.247       0.739     441.404       0.000       0.000
   365    12    31  2023     186       0  hru186               792.783      78.163      78.121     190.137      22.673     212.809     274.356     516.862       7.901     155.395     353.566     190.110      82.641     479.887     382.584     297.651      28.265       0.000       0.000       0.311     690.007       0.000       0.000     185.036      20.986       0.000       0.000       0.000     190.110       0.000       0.000      22.673       0.000       0.000       0.000      -5.103      22.864    1403.481       0.000       0.000
   365    12    31  2023     187       0  hru187               792.783      77.898      77.852      34.284      12.394      46.677     238.101     511.870      10.771     161.051     340.048      34.276      80.980     445.395     372.755     276.708      27.759       0.000       0.000       0.312     689.987       0.000       0.000       0.000       0.000       0.000       0.000       0.000      34.276       0.000       0.000      12.394       0.000       0.000       0.000      -3.810       4.310     767.185       0.000       0.000
   365    12    31  2023     188       0  hru188               792.783      78.778      78.732      58.627      18.387      77.014     246.243     517.583       7.334     163.632     346.617      58.618      81.471     440.665     384.162     281.358      27.857       0.000       0.000       0.313     689.991       0.000       0.000      35.647       9.399       0.000       0.000       0.000      58.618       0.000       0.000      18.387       0.000       0.000       0.000      -2.964       6.806    1138.190       0.000       0.000
   365    12    31  2023     189       0  hru189               792.783      79.237      79.188     141.503      33.809     175.311     261.681     525.030       6.975     185.410     332.644     141.490      82.086     458.765     386.570     290.295      27.956       0.000       0.000       0.316     689.978       0.000       0.000     141.490      23.858       0.000       0.000       0.000     141.490       0.000       0.000      33.809       0.000       0.000       0.000      -3.787       9.720    2092.811       0.000       0.000
   365    12    31  2023     190       0  hru190               792.783      79.187      79.138      14.717      61.279      75.996     258.771     505.186       5.810     182.746     316.630      14.716      66.227     459.179     397.007     289.591      27.919       0.000       0.000       0.316     689.966       0.000       0.000      16.501      27.292       0.000       0.000       0.000      14.716       0.000       0.000      61.279       0.000       0.000       0.000      -3.260       0.313     925.641       0.000       0.000
   365    12    31  2023     191       0  hru191               792.783      77.216      77.192     135.275      47.263     182.537     262.200     540.888      13.842     211.409     315.637     135.270      82.134     448.509     391.686     289.957      27.396       0.000       0.000       0.307     690.009       0.000       0.000     124.300      65.467       0.000       0.000       0.000     135.270       0.000       0.000      47.263       0.000       0.000       0.000      -2.980       4.393    2925.617       0.000       0.000
   365    12    31  2023     192       0  hru192               792.783      76.558      76.537      95.703      45.537     141.240     218.037     555.893      14.688     264.414     276.790      95.700      79.642     432.877     336.080     262.915      26.746       0.000       0.000       0.303     690.073       0.000       0.000      86.731      30.302       0.000       0.000       0.000      95.700       0.000       0.000      45.537       0.000       0.000       0.000      -5.077       3.580    2818.814       0.000       0.000
   365    12    31  2023     193       0  hru193               792.783      73.387      73.375      25.083      27.535      52.619     356.933     450.168      40.937     265.468     143.763      25.070      73.492     530.462     330.725     337.283      30.130       0.000       0.000       0.281     690.086       0.000       0.000       2.842      53.427       0.000       0.000       0.000      25.070       0.000       0.000      27.535       0.000       0.000       0.000     -10.476       3.743     415.933       0.000       0.000
   365    12    31  2023     194       0  hru194               792.783      78.488      78.439      22.192      60.336      82.528     276.195     509.374       9.828     155.215     344.331      22.183      67.479     477.761     410.411     298.215      28.265       0.000       0.000       0.314     689.974       0.000       0.000      42.659      28.945       0.000       0.000       0.000      22.183       0.000       0.000      60.336       0.000       0.000       0.000      -3.532       4.753     911.393       0.000       0.000
   365    12    31  2023     195       0  hru195               792.783      77.403      77.383      30.206      13.700      43.906     225.251     527.485      13.828     218.249     295.407      30.200      80.179     436.881     364.547     268.628      27.336       0.000       0.000       0.312     690.065       0.000       0.000       0.000       0.000       0.000       0.000       0.000      30.200       0.000       0.000      13.700       0.000       0.000       0.000      -3.794       3.112     848.056       0.000       0.000
   365    12    31  2023     196       0  hru196               792.783      77.806      77.762      27.115      33.770      60.885     209.995     525.608      12.744     210.216     302.648      27.111      79.453     426.144     358.520     260.287      27.482       0.000       0.000       0.310     690.001       0.000       0.000       0.000       0.000       0.000       0.000       0.000      27.111       0.000       0.000      33.770       0.000       0.000       0.000      -3.547       2.261    2090.404       0.000       0.000
   365    12    31  2023     197       0  hru197               792.783      75.666      75.640       0.000     180.476     180.476      54.145     559.924      23.029     217.240     319.655       0.000      22.052     364.234     331.944     244.696      66.734       0.000       0.000       0.303     690.014       0.000       0.000       0.000       0.000       0.000       0.000       0.000       0.000      62.963       0.000     117.513       0.000       0.000       0.000      -1.693       0.000     145.226       0.000       0.000
   365    12    31  2023     198       0  hru198               792.783      77.603      77.579       6.309     728.809     735.118     454.408     583.235      13.257     238.757     331.221       6.309      39.188     502.402     395.944     298.495      31.181       0.000       0.000       0.309     690.048       0.000       0.000      21.857     952.266       0.000       0.000       0.000       6.309       0.000       0.000     728.809       0.000       0.000       0.000      -5.584       0.743    2327.278       0.000       0.000
   365    12    31  2023     199       0  hru199               792.783      77.428      77.381      74.492      17.179      91.671     265.681     539.144      14.836     240.065     284.243      74.479      81.997     476.495     387.975     291.037      27.447       0.000       0.000       0.309     690.084       0.000       0.000      72.269      26.721       0.000       0.000       0.000      74.479       0.000       0.000      17.179       0.000       0.000       0.000      -4.643       5.659    1063.427       0.000       0.000
   365    12    31  2023     200       0  hru200               792.783      77.574      77.546      50.318      13.688      64.007     237.023     533.869      13.904     237.860     282.105      50.312      80.519     439.780     365.610     273.583      27.222       0.000       0.000       0.308     689.997       0.000       0.000      27.303      10.857       0.000       0.000       0.000      50.312       0.000       0.000      13.688       0.000       0.000       0.000      -3.890       4.364     847.325       0.000       0.000
   365    12    31  2023     201       0  hru201               792.783      78.952      78.908       0.000     315.608     315.609     116.031     493.195       5.672     164.958     322.565       0.000      23.781     323.761     292.294     205.681      27.821       0.000       0.000       0.313     689.978       0.000       0.000       0.000     130.298       0.000       0.000       0.000       0.000       0.000       0.000     315.608       0.000       0.000       0.000      -1.650       0.000    1007.821       0.000       0.000
   365    12    31  2023     202       0  hru202               792.783      78.442      78.396       6.386      59.484      65.870     203.644     527.195      10.014     197.836     319.345       6.386      62.192     435.831     362.972     261.594      27.239       0.000       0.000       0.312     690.011       0.000       0.000       0.000       0.000       0.000       0.000       0.000       6.386       0.000       0.000      59.484       0.000       0.000       0.000      -3.821       0.232     898.530       0.000       0.000
   365    12    31  2023     203       0  hru203               792.783      78.109      78.082       0.000     253.980     253.980      80.558     549.289       9.946     250.446     288.897       0.000      22.037     306.915     269.211     179.635      27.320       0.000       0.000       0.303     690.002       0.000       0.000       0.000      88.894       0.000       0.000       0.000       0.000       0.000       0.000     253.982       0.000       0.000       0.000      -1.978       0.000     811.024       0.000       0.000
   365    12    31  2023     204       0  hru204               792.783      77.511      77.482      33.982      41.504      75.486     210.026     536.893      12.815     208.268     315.809      33.979      79.473     431.556     353.091     260.335      27.538       0.000       0.000       0.308     690.032       0.000       0.000       9.534      15.769       0.000       0.000       0.000      33.979       0.000       0.000      41.504       0.000       0.000       0.000      -4.115       1.497    2569.145       0.000       0.000
   365    12    31  2023     205       0  hru205               792.783      72.219      72.207       0.670     281.873     282.543     106.605     405.122      52.030     242.280     110.812       0.670      51.758     252.273     225.338     153.838      28.832       0.000       0.000       0.280     690.152       0.000       0.000       0.000       0.000       0.000       0.000       0.000       0.670       0.000       0.000     281.873       0.000       0.000       0.000      -1.413       0.020     964.385       0.000       0.000
   365    12    31  2023     206       0  hru206               792.783      72.363      72.349      15.673      39.969      55.642     328.024     412.744      51.233     246.995     114.515      15.670      71.843     504.295     438.259     324.981      29.284       0.000       0.000       0.281     690.139       0.000       0.000       0.000       0.000       0.000       0.000       0.000      15.670       0.000       0.000      39.969       0.000       0.000       0.000      -3.463       0.842     603.744       0.000       0.000
   365    12    31  2023     207       0  hru207               792.783      78.490      78.441      11.869     485.797     497.666     336.987     534.932      10.249     234.501     290.183      11.869      33.076     493.017     348.041     264.346      28.768       0.000       0.000       0.313     689.975       0.000       0.000      24.079     544.789       0.000       0.000       0.000      11.869       0.000       0.000     485.797       0.000       0.000       0.000      -7.604       2.030    1551.278       0.000       0.000
   365    12    31  2023     208       0  hru208               792.783      78.530      78.483      15.027     217.344     232.370     415.344     557.390      10.106     155.425     391.859      15.022      63.823     494.385     361.395     281.123      32.240       0.000       0.000       0.314     689.965       0.000       0.000       5.896     399.173       0.000       0.000       0.000      15.022       0.000       0.000     217.344       0.000       0.000       0.000      -6.976       2.176    1588.931       0.000       0.000
   365    12    31  2023     209       0  hru209               792.783      78.894      78.848      20.852      29.718      50.571     270.285     523.668       6.431     153.379     363.858      20.835      67.045     473.582     388.366     295.164      28.143       0.000       0.000       0.315     689.974       0.000       0.000      23.712      23.466       0.000       0.000       0.000      20.835       0.000       0.000      29.718       0.000       0.000       0.000      -4.469      12.069     448.908       0.000       0.000
   365    12    31  2023     210       0  hru210               792.783      78.241      78.188      27.474      50.783      78.258     324.029     547.544       8.294     193.780     345.469      27.462      70.697     512.002     451.982     320.956      28.972       0.000       0.000       0.311     689.998       0.000       0.000     140.790      12.938       0.000       0.000       0.000      27.462       0.000       0.000      50.783       0.000       0.000       0.000      -3.148       3.177     767.102       0.000       0.000
   365    12    31  2023     211       0  hru211               792.783      78.721      78.672      32.169      19.971      52.140     276.214     537.893       7.840     199.405     330.648      32.155      67.349     482.415     385.895     297.400      28.238       0.000       0.000       0.314     689.963       0.000       0.000      50.474      17.855       0.000       0.000       0.000      32.155       0.000       0.000      19.971       0.000       0.000       0.000      -5.062       8.987     301.675       0.000       0.000
   365    12    31  2023     212       0  hru212               792.783      78.783      78.734       2.067     183.088     185.154     186.394     523.387       7.840     194.470     321.077       2.066      53.656     331.873     269.109     168.596      28.005       0.000       0.000       0.315     689.959       0.000       0.000       0.744      98.022       0.000       0.000       0.000       2.066       0.000       0.000     183.088       0.000       0.000       0.000      -3.292       0.312     626.406       0.000       0.000
   365    12    31  2023     213       0  hru213               792.783      78.064      78.016      33.673      11.863      45.535     216.764     546.512      10.157     264.649     271.706      33.667      79.427     424.227     363.982     260.793      26.829       0.000       0.000       0.309     689.989       0.000       0.000       2.914       9.911       0.000       0.000       0.000      33.667       0.000       0.000      11.863       0.000       0.000       0.000      -3.160       4.143     734.322       0.000       0.000
   365    12    31  2023     214       0  hru214               792.783      78.203      78.156       8.176      21.957      30.134     234.088     534.468       9.837     205.019     319.612       8.174      64.295     453.950     342.562     275.385      27.346       0.000       0.000       0.313     690.002       0.000       0.000       0.000       0.000       0.000       0.000       0.000       8.174       0.000       0.000      21.957       0.000       0.000       0.000      -5.842       1.151     331.675       0.000       0.000
   365    12    31  2023     215       0  hru215               792.783      77.774      77.723       8.756      18.690      27.446     235.330     534.921      11.304     209.096     314.521       8.754      64.363     453.948     361.181     276.105      27.282       0.000       0.000       0.310     690.015       0.000       0.000       0.000       0.000       0.000       0.000       0.000       8.754       0.000       0.000      18.690       0.000       0.000       0.000      -4.865       1.213     282.317       0.000       0.000
   365    12    31  2023     216       0  hru216               792.783      78.795      78.746       8.508      28.940      37.447     231.686     527.445       6.649     197.389     323.407       8.506      64.255     453.119     381.879     275.544      27.307       0.000       0.000       0.315     689.984       0.000       0.000       0.000       0.000       0.000       0.000       0.000       8.506       0.000       0.000      28.940       0.000       0.000       0.000      -3.736       0.764     437.143       0.000       0.000
   365    12    31  2023     217       0  hru217               792.783      78.170      78.124      43.417      43.173      86.590     285.175     551.285      12.868     218.007     320.410      43.405      67.811     504.352     394.036     301.649      28.106       0.000       0.000       0.313     689.987       0.000       0.000      46.057      78.247       0.000       0.000       0.000      43.405       0.000       0.000      43.173       0.000       0.000       0.000      -5.786       4.395     652.141       0.000       0.000
   365    12    31  2023     218       0  hru218               792.783      78.582      78.534       7.415      40.517      47.932     210.200     540.424       7.764     229.958     302.702       7.414      62.611     456.450     349.014     263.582      26.934       0.000       0.000       0.314     689.982       0.000       0.000       0.000       0.000       0.000       0.000       0.000       7.414       0.000       0.000      40.517       0.000       0.000       0.000      -5.635       0.205     612.027       0.000       0.000
   365    12    31  2023     219       0  hru219               792.783      78.280      78.233       9.180      15.344      24.524     239.399     534.832       7.296     212.945     314.591       9.177      64.677     457.364     344.372     277.234      27.278       0.000       0.000       0.313     689.970       0.000       0.000       0.000       0.000       0.000       0.000       0.000       9.177       0.000       0.000      15.344       0.000       0.000       0.000      -5.926       1.872     231.781       0.000       0.000
   365    12    31  2023     220       0  hru220               792.783      78.096      78.068      39.415      10.393      49.807     208.367     560.406      11.021     284.624     264.761      39.406      78.978     432.237     330.739     255.628      26.457       0.000       0.000       0.310     690.006       0.000       0.000      15.081       5.313       0.000       0.000       0.000      39.406       0.000       0.000      10.393       0.000       0.000       0.000      -5.324       5.963     643.314       0.000       0.000
   365    12    31  2023     221       0  hru221               792.783      73.634      73.619       0.102     177.193     177.296     184.409     481.963      38.946     317.514     125.502       0.102      29.817     454.622     335.995     289.294      69.078       0.000       0.000       0.282     690.067       0.000       0.000       0.258      44.337       0.000       0.102       0.000       0.000     177.193       0.000       0.000       0.000       0.000       0.000      -6.222       0.046     142.584       0.000       0.000
   365    12    31  2023     222       0  hru222               792.783      77.959      77.914    2247.243     314.022    2561.265     981.557     666.899      10.646     239.890     416.363    2247.031      95.296     716.838     716.838     634.282     113.500       0.000       0.000       0.311     689.962       0.000       0.000       0.003    3416.312       0.000       0.000       0.000    2247.031       0.000       0.000     314.022       0.000       0.000       0.000       0.000     397.288    4743.418       0.000       0.000
   365    12    31  2023     223       0  hru223               792.783      78.811      78.762      14.135      28.211      42.347     284.710     482.960       6.333     148.378     328.248      14.134      67.869     451.222     408.179     300.737      27.362       0.000       0.000       0.315     689.947       0.000       0.000       5.102       9.842       0.000       0.000       0.000      14.134       0.000       0.000      28.211       0.000       0.000       0.000      -2.257       1.908     426.142       0.000       0.000
   365    12    31  2023     224       0  hru224               792.783      77.896      77.849       0.000     203.205     203.206     102.116     489.123      10.010     197.016     282.097       0.000      23.182     313.369     283.016     200.512      26.823       0.000       0.000       0.311     689.986       0.000       0.000       0.000       0.000       0.000       0.000       0.000       0.000       0.000       0.000     203.205       0.000       0.000       0.000      -1.592       0.000     648.888       0.000       0.000
   365    12    31  2023     225       0  hru225               792.783      78.687      78.641       3.291     190.577     193.869     113.269     538.736       8.230     231.447     299.059       3.291      50.884     284.917     238.486     144.727      27.348       0.000       0.000       0.313     689.974       0.000       0.000      22.676      27.875       0.000       0.000       0.000       3.291       0.000       0.000     190.577       0.000       0.000       0.000      -2.435       0.394     652.031       0.000       0.000
   365    12    31  2023     226       0  hru226               792.783      78.462      78.421      36.697      37.018      73.714     199.036     545.136       8.868     244.332     291.935      36.693      78.758     421.687     362.046     252.072      26.928       0.000       0.000       0.313     690.005       0.000       0.000      14.020       7.819       0.000       0.000       0.000      36.693       0.000       0.000      37.018       0.000       0.000       0.000      -3.128       2.298    2291.439       0.000       0.000
   365    12    31  2023     227       0  hru227               792.783      78.828      78.779       3.454     239.747     243.201     130.448     536.546       7.001     207.612     321.933       3.454      51.573     299.144     253.046     150.589      27.752       0.000       0.000       0.314     689.959       0.000       0.000      14.614     100.260       0.000       0.000       0.000       3.454       0.000       0.000     239.747       0.000       0.000       0.000      -2.418       0.438     820.256       0.000       0.000
   365    12    31  2023     228       0  hru228               792.783      77.316      77.270       9.069      36.206      45.275     263.887     485.617      14.763     195.115     275.740       9.069      66.275     438.104     400.548     289.690      26.338       0.000       0.000       0.310     689.952       0.000       0.000       0.000       0.000       0.000       0.000       0.000       9.069       0.000       0.000      36.206       0.000       0.000       0.000      -1.970       0.410     546.899       0.000       0.000
   365    12    31  2023     229       0  hru229               792.783      78.113      78.065       0.000     167.168     167.169     145.441     482.092      11.530     176.430     294.132       0.000      24.550     343.073     307.483     211.943      27.080       0.000       0.000       0.312     689.957       0.000       0.000       0.000       0.000       0.000       0.000       0.000       0.000       0.000       0.000     167.168       0.000       0.000       0.000      -1.867       0.000     533.812       0.000       0.000
   365    12    31  2023     230       0  hru230               792.783      76.618      76.590       1.117     113.363     114.480     133.414     547.036      20.216     288.599     238.222       1.117      51.164     300.448     260.464     144.436      26.005       0.000       0.000       0.296     689.988       0.000       0.000       0.000       0.000       0.000       0.000       0.000       1.117       0.000       0.000     113.363       0.000       0.000       0.000      -2.097       0.105     387.855       0.000       0.000
   365    12    31  2023     231       0  hru231               792.783      77.974      77.929      22.876      43.645      66.521     300.929     497.878       8.577     191.423     297.878      22.871      68.953     462.247     416.639     308.140      27.076       0.000       0.000       0.310     689.966       0.000       0.000      18.235      51.865       0.000       0.000       0.000      22.871       0.000       0.000      43.645       0.000       0.000       0.000      -2.392       5.392     659.274       0.000       0.000
   365    12    31  2023     232       0  hru232               792.783      78.089      78.041       0.000     154.262     154.262      85.901     555.152      10.586     267.725     276.841       0.000      22.018     320.054     274.175     176.524      26.778       0.000       0.000       0.312     690.008       0.000       0.000       0.000       0.000       0.000       0.000       0.000       0.000       0.000       0.000     154.262       0.000       0.000       0.000      -2.406       0.000     492.599       0.000       0.000
   365    12    31  2023     233       0  hru233               792.783      78.128      78.081       0.000     145.823     145.824      92.619     557.078      10.675     269.031     277.373       0.000      22.216     327.353     277.468     178.095      26.798       0.000       0.000       0.312     690.007       0.000       0.000       0.000       0.000       0.000       0.000       0.000       0.000       0.000       0.000     145.823       0.000       0.000       0.000      -2.616       0.000     465.653       0.000       0.000
   365    12    31  2023     234       0  hru234               792.783      78.402      78.355       0.000     212.150     212.151      89.079     493.086       9.534     170.631     312.922       0.000      22.796     302.846     275.108     197.384      27.030       0.000       0.000       0.313     690.006       0.000       0.000       0.000       0.000       0.000       0.000       0.000       0.000       0.000       0.000     212.150       0.000       0.000       0.000      -1.455       0.000     677.452       0.000       0.000
   365    12    31  2023     235       0  hru235               792.783      77.513      77.466      72.960      47.019     119.979     241.068     563.504      12.082     267.710     283.712      72.955      80.804     461.888     362.558     277.341      27.112       0.000       0.000       0.311     689.990       0.000       0.000      53.912      72.412       0.000       0.000       0.000      72.955       0.000       0.000      47.019       0.000       0.000       0.000      -5.210       3.193    2910.548       0.000       0.000
   365    12    31  2023     236       0  hru236               792.783      77.237      77.204      23.726      26.475      50.200     175.982     571.946      15.715     310.156     246.075      23.721      77.203     416.546     318.426     236.226      26.148       0.000       0.000       0.309     690.023       0.000       0.000       0.000       0.000       0.000       0.000       0.000      23.721       0.000       0.000      26.475       0.000       0.000       0.000      -5.146       2.611    1638.811       0.000       0.000
   365    12    31  2023     237       0  hru237               792.783      77.460      77.414       0.000     203.691     203.691      99.428     491.301      13.178     209.892     268.232       0.000      23.071     311.731     281.848     199.263      26.566       0.000       0.000       0.310     690.007       0.000       0.000       0.000       0.000       0.000       0.000       0.000       0.000       0.000       0.000     203.691       0.000       0.000       0.000      -1.567       0.000     650.438       0.000       0.000
   365    12    31  2023     238       0  hru238               792.783      77.813      77.780      26.190      20.713      46.902     185.013     565.176      13.850     310.674     240.652      26.187      77.655     420.013     340.173     241.497      26.073       0.000       0.000       0.309     689.989       0.000       0.000       0.000       0.000       0.000       0.000       0.000      26.187       0.000       0.000      20.713       0.000       0.000       0.000      -4.187       1.957    1282.140       0.000       0.000
   365    12    31  2023     239       0  hru239               792.783      74.582      74.566       2.324     275.773     278.097     251.734     540.305      82.335     438.546      19.423       2.323      55.684     371.498     304.309     182.528      26.911       0.000       0.000       0.290     690.063       0.000       0.000       2.254     271.444       0.000       0.000       0.000       2.323       0.000       0.000     275.773       0.000       0.000       0.000      -3.524       0.276     943.516       0.000       0.000
   365    12    31  2023     240       0  hru240               792.783      74.582      74.566      81.726    3819.300    3901.025     415.995     578.864      82.336     463.773      32.756      81.722      45.604     660.363     517.683     320.575      52.157       0.000       0.000       0.290     690.060       0.000       0.000       0.007    4091.473       0.000       0.000       0.000      81.722       0.000       0.000    3819.300       0.000       0.000       0.000      -7.484       0.729   10108.401       0.000       0.000
   365    12    31  2023     241       0  hru241               792.783      74.583      74.567       0.000     208.227     208.227      75.877     561.702      82.334     460.194      19.174       0.000      23.488     358.389     311.448     221.879      43.872       0.000       0.000       0.290     690.072       0.000       0.000      32.414      17.956       0.000       0.000       0.000       0.000     208.227       0.000       0.000       0.000       0.000       0.000      -2.462       0.000     551.107       0.000       0.000
   365    12    31  2023     242       0  hru242               792.783      74.583      74.567       0.014     141.013     141.027     105.232     560.557      82.332     459.878      18.346       0.014      24.960     381.792     318.933     227.990      43.373       0.000       0.000       0.290     690.082       0.000       0.000       8.292       2.316       0.000       0.000       0.000       0.014       0.000       0.000     141.013       0.000       0.000       0.000      -3.297       0.005     373.214       0.000       0.000
   365    12    31  2023     243       0  hru243               792.783      74.583      74.567       0.412     122.111     122.523     149.270     523.662      82.332     424.275      17.054       0.412      51.415     303.547     253.931     150.029      26.112       0.000       0.000       0.290     690.079       0.000       0.000       0.000       0.000       0.000       0.000       0.000       0.412       0.000       0.000     122.111       0.000       0.000       0.000      -2.602       0.065     417.784       0.000       0.000
   365    12    31  2023     244       0  hru244               792.783      74.583      74.567       0.000     149.781     149.781      86.287     559.724      82.333     459.123      18.269       0.000      23.867     367.101     312.450     221.874      43.231       0.000       0.000       0.290     690.081       0.000       0.000       0.000       0.000       0.000       0.000       0.000       0.000       0.000       0.000     149.781       0.000       0.000       0.000      -2.866       0.000     396.419       0.000       0.000
   365    12    31  2023     245       0  hru245               792.783      74.582      74.566       0.000     189.521     189.521      46.724     559.112      82.336     458.192      18.585       0.000      21.845     331.333     293.778     210.083      43.187       0.000       0.000       0.290     690.059       0.000       0.000       0.076       0.307       0.000       0.000       0.000       0.000       0.000       0.000     189.521       0.000       0.000       0.000      -1.970       0.000     501.598       0.000       0.000
   365    12    31  2023     246       0  hru246               792.783      78.240      78.195      15.966      70.962      86.928     365.537     340.454      35.860     137.248     167.346      15.966      74.965     448.893     445.667     347.187      31.290       0.000       0.000       0.311     689.974       0.000       0.000       0.000       0.000       0.000       0.000       0.000      15.966       0.000       0.000      70.962       0.000       0.000       0.000      -0.169       0.298    1071.899       0.000       0.000
   365    12    31  2023     247       0  hru247               792.783      76.199      76.169      40.683      40.261      80.944     234.726     511.934      19.317     245.760     246.857      40.667      80.754     429.060     379.047     271.601      25.888       0.000       0.000       0.302     690.064       0.000       0.000      20.639      11.477       0.000       0.000       0.000      40.667       0.000       0.000      40.261       0.000       0.000       0.000      -2.623      11.556    2492.213       0.000       0.000
   365    12    31  2023     248       0  hru248               792.783      79.171      79.126      39.476      14.794      54.270     259.082     489.063       5.243     169.374     314.446      39.439      82.178     431.556     394.394     286.924      26.908       0.000       0.000       0.315     689.981       0.000       0.000       5.741       1.892       0.000       0.000       0.000      39.439       0.000       0.000      14.794       0.000       0.000       0.000      -1.949      31.988     915.765       0.000       0.000
   365    12    31  2023     249       0  hru249               792.783      79.003      78.971      35.650      13.299      48.949     255.808     489.840       5.679     176.999     307.162      35.634      82.012     427.965     393.890     284.927      26.727       0.000       0.000       0.312     689.988       0.000       0.000       0.000       0.000       0.000       0.000       0.000      35.634       0.000       0.000      13.299       0.000       0.000       0.000      -1.787      12.801     823.232       0.000       0.000
   365    12    31  2023     250       0  hru250               792.783      77.114      77.088      33.474      21.799      55.273     245.923     493.595      17.545     240.973     235.077      33.469      81.399     424.951     387.310     277.761      25.640       0.000       0.000       0.307     690.013       0.000       0.000       0.000       0.000       0.000       0.000       0.000      33.469       0.000       0.000      21.799       0.000       0.000       0.000      -1.974       3.195    1349.375       0.000       0.000
   365    12    31  2023     251       0  hru251               792.783      74.583      74.567       0.000     217.188     217.188      64.701     561.009      82.333     459.527      19.150       0.000      22.863     349.219     303.611     217.096      43.491       0.000       0.000       0.290     690.081       0.000       0.000      11.544      35.952       0.000       0.000       0.000       0.000       0.000       0.000     217.188       0.000       0.000       0.000      -2.392       0.000     574.822       0.000       0.000
   365    12    31  2023     252       0  hru252               792.783      74.582      74.566   51496.863    3595.620   55092.480    1944.276     638.382      82.335     459.586      96.461   51495.820      90.436     666.534     666.534     600.394     119.311       0.000       0.000       0.290     690.062       0.000       0.000       0.728   56879.648       0.000       0.000       0.000   51495.820       0.000       0.000    3595.620       0.000       0.000       0.000      -0.000    2877.172    9516.395       0.000       0.000
   365    12    31  2023     253       0  hru253               792.783      74.582      74.566       1.089     462.979     464.068     174.049     568.104      82.335     463.033      22.736       1.089      30.400     432.043     342.177     255.861      47.319       0.000       0.000       0.290     690.064       0.000       0.000     364.020      44.343       0.000       0.000       0.000       1.089       0.000       0.000     462.979       0.000       0.000       0.000      -4.713       0.469    1225.350       0.000       0.000
   365    12    31  2023     254       0  hru254               792.783      74.583      74.567       0.005     364.557     364.562     101.773     563.412      82.333     460.529      20.551       0.004      25.129     381.631     320.816     229.058      43.934       0.000       0.000       0.290     690.080       0.000       0.000       0.000     233.447       0.000       0.000       0.000       0.004       0.000       0.000     364.557       0.000       0.000       0.000      -3.190       0.002     964.860       0.000       0.000
   365    12    31  2023     255       0  hru255               792.783      74.582      74.566       0.000     160.082     160.082      76.043     559.476      82.335     458.800      18.342       0.000      23.325     359.270     308.568     218.828      43.222       0.000       0.000       0.290     690.062       0.000       0.000       0.000       0.000       0.000       0.000       0.000       0.000       0.000       0.000     160.082       0.000       0.000       0.000      -2.659       0.000     423.682       0.000       0.000
   365    12    31  2023     256       0  hru256               792.783      74.584      74.568      22.670      31.279      53.949     186.869     556.891      82.330     458.402      16.159      22.669      77.190     402.730     311.811     239.563      26.283       0.000       0.000       0.290     690.097       0.000       0.000       0.000       0.000       0.000       0.000       0.000      22.669       0.000       0.000      31.279       0.000       0.000       0.000      -4.769       0.724    1936.231       0.000       0.000
   365    12    31  2023     257       0  hru257               792.783      74.583      74.567       0.000     174.445     174.445      61.613     559.250      82.333     458.471      18.446       0.000      22.583     346.701     302.113     214.536      43.209       0.000       0.000       0.290     690.076       0.000       0.000       0.000       0.000       0.000       0.000       0.000       0.000       0.000       0.000     174.445       0.000       0.000       0.000      -2.339       0.000     461.696       0.000       0.000
   365    12    31  2023     258       0  hru258               792.783      74.582      74.566       0.101     270.341     270.443     143.741     563.540      82.336     461.364      19.841       0.101      27.622     412.029     332.192     240.739      43.854       0.000       0.000       0.290     690.060       0.000       0.000       0.000     180.527       0.000       0.000       0.000       0.101       0.000       0.000     270.341       0.000       0.000       0.000      -4.187       0.051     715.502       0.000       0.000
   365    12    31  2023     259       0  hru259               792.783      74.584      74.568      22.584      30.363      52.947     187.830     556.924      82.331     458.430      16.163      22.583      77.240     402.988     312.118     240.144      26.283       0.000       0.000       0.290     690.087       0.000       0.000       0.000       0.000       0.000       0.000       0.000      22.583       0.000       0.000      30.363       0.000       0.000       0.000      -4.766       1.215    1879.484       0.000       0.000
   365    12    31  2023     260       0  hru260               792.783      74.584      74.568      41.297      31.145      72.442     208.251     558.833      82.331     459.777      16.725      41.291      78.358     416.017     319.673     252.901      26.417       0.000       0.000       0.290     690.094       0.000       0.000      24.006      17.535       0.000       0.000       0.000      41.291       0.000       0.000      31.145       0.000       0.000       0.000      -5.053       5.627    1927.935       0.000       0.000
   365    12    31  2023     261       0  hru261               792.783      74.584      74.568      29.053      45.840      74.893     219.011     558.676      82.331     459.569      16.776      29.045      78.766     429.635     344.391     258.736      26.451       0.000       0.000       0.290     690.090       0.000       0.000       0.000      55.133       0.000       0.000       0.000      29.045       0.000       0.000      45.840       0.000       0.000       0.000      -4.471       4.562    2837.580       0.000       0.000
   365    12    31  2023     262       0  hru262               792.783      74.583      74.568       0.000     182.268     182.268      53.699     559.169      82.332     458.328      18.509       0.000      22.186     338.909     297.928     212.156      43.196       0.000       0.000       0.290     690.086       0.000       0.000       0.000       0.000       0.000       0.000       0.000       0.000       0.000     119.338      62.930       0.000       0.000       0.000      -2.149       0.000     482.402       0.000       0.000
   365    12    31  2023     263       0  hru263               792.783      74.584      74.568      36.482      43.333      79.816     202.105     558.961      82.331     459.855      16.774      36.480      78.064     407.806     315.310     249.335      26.438       0.000       0.000       0.290     690.089       0.000       0.000      18.243      24.804       0.000       0.000       0.000      36.480       0.000       0.000      43.333       0.000       0.000       0.000      -4.851       1.837    2682.375       0.000       0.000
   365    12    31  2023     264       0  hru264               792.783      74.583      74.567      39.973     796.651     836.623     564.983     574.126      82.333     464.497      27.296      39.941      54.092     595.895     445.833     368.941      51.804       0.000       0.000       0.290     690.080       0.000       0.000       0.001    1174.534       0.000      39.941       0.000       0.000     796.651       0.000       0.000       0.000       0.000       0.000      -7.871       6.615    2108.466       0.000       0.000
   365    12    31  2023     265       0  hru265               792.783      74.583      74.567       0.000     395.121     395.121      59.263     561.776      82.332     458.555      20.889       0.000      22.730     343.997     312.001     216.243      43.648       0.000       0.000       0.290     690.083       0.000       0.000       0.000     221.388       0.000       0.000       0.000       0.000     395.121       0.000       0.000       0.000       0.000       0.000      -1.678       0.000    1045.752       0.000       0.000
   365    12    31  2023     266       0  hru266               792.783      74.583      74.567       0.000     190.300     190.300      45.562     559.091      82.333     458.174      18.584       0.000      21.787     330.102     293.012     209.678      43.179       0.000       0.000       0.290     690.075       0.000       0.000       0.000       0.000       0.000       0.000       0.000       0.000     190.300       0.000       0.000       0.000       0.000       0.000      -1.945       0.000     503.660       0.000       0.000
   365    12    31  2023     267       0  hru267               792.783      74.583      74.567       0.000     164.931     164.932      71.170     559.405      82.332     458.701      18.372       0.000      23.072     355.248     306.512     217.375      43.222       0.000       0.000       0.290     690.084       0.000       0.000       0.000       0.000       0.000       0.000       0.000       0.000       0.000       0.000     164.931       0.000       0.000       0.000      -2.556       0.000     436.518       0.000       0.000
   365    12    31  2023     268       0  hru268               792.783      74.583      74.567       0.044     229.842     229.885      62.568     561.820      82.333     460.025      19.462       0.043      22.844     351.448     303.761     217.511      43.807       0.000       0.000       0.290     690.076       0.000       0.000      41.112      17.619       0.000       0.043       0.000       0.000     229.842       0.000       0.000       0.000       0.000       0.000      -2.501       0.017     608.314       0.000       0.000
   365    12    31  2023     269       0  hru269               792.783      74.584      74.568       0.064     239.651     239.716      57.510     561.621      82.331     459.782      19.508       0.064      22.577     347.412     299.508     215.441      43.693       0.000       0.000       0.290     690.091       0.000       0.000      37.112      26.144       0.000       0.000       0.064       0.000       0.000     239.651       0.000       0.000       0.000       0.000      -2.513       0.021     634.277       0.000       0.000
   365    12    31  2023     270       0  hru270               792.783      74.583      74.567       0.000     245.980     245.980      34.867     561.003      82.332     459.169      19.502       0.000      21.475     313.973     290.745     210.242      43.955       0.000       0.000       0.290     690.082       0.000       0.000      47.618       0.000       0.000       0.000       0.000       0.000       0.000       0.000     245.980       0.000       0.000       0.000      -1.218       0.000     651.027       0.000       0.000
   365    12    31  2023     271       0  hru271               792.783      74.583      74.567      13.182     187.061     200.243     317.211     550.991      82.333     449.660      18.997      13.182      57.408     403.189     294.623     206.424      29.512       0.000       0.000       0.290     690.075       0.000       0.000      59.610     210.162       0.000       0.000       0.000      13.182       0.000       0.000     187.061       0.000       0.000       0.000      -5.694       6.486    1076.227       0.000       0.000
   365    12    31  2023     272       0  hru272               792.783      74.583      74.567       3.274     156.199     159.473     194.244     534.590      82.332     434.250      18.009       3.274      52.885     346.737     268.497     170.570      28.875       0.000       0.000       0.290     690.081       0.000       0.000      32.183      59.048       0.000       0.000       0.000       3.274       0.000       0.000     156.199       0.000       0.000       0.000      -4.104       1.365     898.668       0.000       0.000
   365    12    31  2023     273       0  hru273               792.783      74.583      74.567       5.530     183.563     189.092     339.353     551.140      82.333     449.933      18.874       5.529      58.158     414.222     301.211     211.626      29.226       0.000       0.000       0.290     690.075       0.000       0.000       6.639     274.042       0.000       0.000       0.000       5.529       0.000       0.000     183.563       0.000       0.000       0.000      -5.927       2.897    1056.100       0.000       0.000
   365    12    31  2023     274       0  hru274               792.783      75.810      75.789      73.479      32.209     105.688     257.230     519.714      20.357     256.336     243.020      73.444      82.256     446.751     394.875     294.626      24.995       0.000       0.000       0.301     690.078       0.000       0.000      61.658      25.402       0.000       0.000       0.000      73.444       0.000       0.000      32.209       0.000       0.000       0.000      -2.721      30.569    1993.769       0.000       0.000
   365    12    31  2023     275       0  hru275               792.783      76.379      76.347      63.239      26.053      89.292     294.286     513.708      18.883     243.097     251.728      63.198      83.522     457.617     395.429     305.669      26.350       0.000       0.000       0.303     690.076       0.000       0.000      26.191      74.977       0.000       0.000       0.000      63.198       0.000       0.000      26.053       0.000       0.000       0.000      -3.262      32.085    1612.705       0.000       0.000
   365    12    31  2023     276       0  hru276               792.783      77.057      77.021      34.314      22.133      56.448     248.060     492.863      17.454     231.009     244.400      34.292      81.521     427.130     387.780     279.272      25.783       0.000       0.000       0.305     690.005       0.000       0.000       1.498       0.975       0.000       0.000       0.000      34.292       0.000       0.000      22.133       0.000       0.000       0.000      -2.064      17.708    1370.086       0.000       0.000
   365    12    31  2023     277       0  hru277               792.783      77.019      76.984      46.443      25.294      71.738     260.918     497.572      17.872     243.533     236.167      46.413      82.118     436.744     394.537     286.381      25.817       0.000       0.000       0.306     690.065       0.000       0.000      19.383      15.786       0.000       0.000       0.000      46.413       0.000       0.000      25.294       0.000       0.000       0.000      -2.214      24.783    1565.736       0.000       0.000
   365    12    31  2023     278       0  hru278               792.783      74.581      74.565       0.000     323.108     334.872      16.278     563.906      82.337     462.094      19.476       0.000      15.429     372.441     335.882     236.353      43.881       0.000       0.000       0.290     690.053      11.764       0.000       0.021     119.886       0.000       0.000       0.000       0.000       0.000       0.000     323.108       0.000       0.000       0.000      -1.918       0.000     855.159       0.000       0.000
   365    12    31  2023     279       0  hru279               792.783      74.581      74.565       0.000     161.329     224.160      52.565     555.996      82.336     457.320      16.339       0.000      38.637     344.163     311.203     223.683      28.466       0.000       0.000       0.290     690.052      62.831       0.000       0.000      37.207       0.000       0.000       0.000       0.000       0.000       0.000     161.329       0.000       0.000       0.000      -1.729       0.000     928.179       0.000       0.000
   365    12    31  2023     280       0  hru280               792.783      74.581      74.565       0.000     134.422     188.431      51.981     555.219      82.336     456.946      15.937       0.000      38.637     343.959     307.456     222.158      28.328       0.000       0.000       0.290     690.054      54.009       0.000       0.000       0.000       0.000       0.000       0.000       0.000       0.000       0.000     134.422       0.000       0.000       0.000      -1.914       0.000     773.374       0.000       0.000
   365    12    31  2023     281       0  hru281               792.783      78.240      78.195       0.000     410.801     420.214      22.469     350.936      35.862     137.694     177.380       0.000      15.434     371.591     358.834     283.776      51.471       0.000       0.000       0.311     689.966       9.412       0.000       0.000       0.000       0.000       0.000       0.000       0.000       0.000       0.000     410.801       0.000       0.000       0.000      -0.669       0.000    1087.253       0.000       0.000
   365    12    31  2023     282       0  hru282               792.783      78.239      78.195       0.000     416.466     418.451      18.076     356.893      35.863     137.690     183.340       0.000      15.350     380.138     368.683     301.701      76.662       0.000       0.000       0.311     689.958       1.984       0.000       0.000       0.000       0.000       0.000       0.000       0.000       0.000       0.000     416.462       0.000       0.000       0.000      -0.601       0.000     335.123       0.000       0.000
   365    12    31  2023     283       0  hru283               792.783      75.325      75.303     522.003       0.046     522.049       0.048     636.190      48.241     181.365     406.584     521.967       0.000      48.723      24.489      35.673      12.803       0.000       0.000       0.294     690.053       0.000       0.000       0.000     103.325       0.000     521.967       0.000       0.000       0.046       0.000       0.000       0.000       0.000       0.000      -1.271     174.229       5.744       0.000     211.552
   365    12    31  2023     284       0  hru284               792.783      75.325      75.303     471.414       0.000     471.414       0.000     622.913      34.665      76.485     511.763     471.396       0.000      12.069      12.530       8.345       8.344       0.000       0.000       0.294     690.048       0.000       0.000       0.000       0.000       0.000       0.000       0.000     471.396       0.000       0.000       0.000       0.000       0.000       0.000       0.024      79.265       0.000       0.000     265.823
   365    12    31  2023     285       0  hru285               792.783      75.327      75.305     471.173       0.000     471.173       0.000     622.852      34.639      76.445     511.768     471.167       0.000      11.977      12.437       8.251       8.251       0.000       0.000       0.294     690.081       0.000       0.000       0.000       0.000       0.000       0.000       0.000     471.167       0.000       0.000       0.000       0.000       0.000       0.000       0.024      23.238       0.000       0.000     265.559
   365    12    31  2023     286       0  hru286               792.783      75.327      75.305     471.167       0.000     471.167       0.000     622.860      34.638      76.444     511.777     471.163       0.000      11.977      12.436       8.251       8.251       0.000       0.000       0.294     690.081       0.000       0.000       0.000       0.000       0.000       0.000       0.000     471.163       0.000       0.000       0.000       0.000       0.000       0.000       0.024      16.364       0.000       0.000     265.564
   365    12    31  2023     287       0  hru287               792.783      75.325      75.303     471.502       0.000     471.502       0.000     622.453      34.672      76.405     511.377     471.500       0.000      12.270      12.731       8.536       8.536       0.000       0.000       0.294     690.052       0.000       0.000       0.000       0.000       0.000       0.000       0.000     471.500       0.000       0.000       0.000       0.000       0.000       0.000       0.024       6.618       0.000       0.000     265.461
   365    12    31  2023     288       0  hru288               792.783      78.559      78.513       0.385     895.760    1503.937      59.579     617.955      10.904      41.343     565.707       0.384      15.682     440.732     372.213     351.092      52.171       0.000       0.000       0.316     689.942     607.792       0.000       0.001    1384.250       0.000       0.000       0.000       0.384       0.000       0.000     895.760       0.000       0.000       0.000      -3.594       0.012    2370.776       0.000       0.000
   365    12    31  2023     289       0  hru289               792.783      78.608      78.559       0.000     361.645     499.214      37.875     554.819      12.096      52.757     489.967       0.000      15.562     380.057     370.761     299.775      47.590       0.000       0.000       0.316     689.939     137.568       0.000      28.379     268.952       0.000       0.000       0.000       0.000     138.977       0.000     222.669       0.000       0.000       0.000      -0.487       0.000     957.153       0.000       0.000
   365    12    31  2023     290       0  hru290               792.783      78.559      78.513       0.000     241.757     265.879      44.345     483.625       8.463      26.017     449.146       0.000      15.543     376.513     369.892     261.427      28.933       0.000       0.000       0.316     689.939      24.121       0.000       0.000       0.000       0.000       0.000       0.000       0.000       0.000       0.000     241.757       0.000       0.000       0.000      -0.347       0.000     771.995       0.000       0.000
   365    12    31  2023     291       0  hru291               792.783      78.582      78.534       0.629     359.356    1355.666     106.467     597.939      10.391      41.107     546.441       0.628      39.477     426.871     361.873     345.143      36.174       0.000       0.000       0.316     689.934     995.681       0.000     594.543     669.418       0.000       0.000       0.000       0.628       0.000       0.000     359.356       0.000       0.000       0.000      -3.409       0.057    2067.499       0.000       0.000
   365    12    31  2023     292       0  hru292               792.783      78.535      78.489       0.000     335.794     365.783      22.584     550.783      10.455      35.698     504.631       0.000      15.516     402.131     395.949     291.553      71.068       0.000       0.000       0.316     689.935      29.989       0.000       0.005     145.347       0.000       0.000       0.000       0.000     224.797       0.000     110.997       0.000       0.000       0.000      -0.324       0.000     270.207       0.000       0.000
   365    12    31  2023     293       0  hru293               792.783      78.534      78.485       0.000     214.302     235.160      20.401     538.137       9.422      27.309     501.406       0.000      15.518     401.743     394.175     285.203      70.737       0.000       0.000       0.316     689.932      20.858       0.000       0.000       0.000       0.000       0.000       0.000       0.000       0.000     214.302       0.000       0.000       0.000       0.000      -0.397       0.000     172.445       0.000       0.000
   365    12    31  2023     294       0  hru294               792.783      79.399      79.350     207.155      24.459    1259.719      32.112     563.861       6.721     100.784     456.356     207.154      56.522     386.769     255.535     286.219      33.489       0.000       0.000       0.316     689.974    1028.105       0.000     494.597     561.372       0.000       0.000       0.000     207.154       0.000       0.000      24.459       0.000       0.000       0.000      -6.883       7.754    1514.057       0.000       0.000
   365    12    31  2023     295       0  hru295               792.783      78.575      78.526      77.909      55.779     754.832      24.828     563.672       8.104     192.496     363.071      77.908      56.391     393.911     252.655     250.187      29.689       0.000       0.000       0.314     689.982     621.145       0.000     224.393     317.246       0.000       0.000       0.000      77.908       0.000       0.000      55.779       0.000       0.000       0.000      -7.409       0.732    3452.770       0.000       0.000
   365    12    31  2023     296       0  hru296               792.783      72.582      72.561       0.000     358.876     957.433      30.887     566.868      48.989     362.033     155.846       0.000      15.561     413.918     315.643     279.567      45.691       0.000       0.000       0.279     690.124     598.557       0.000      33.372     723.367       0.000       0.000       0.000       0.000       0.000       0.000     358.876       0.000       0.000       0.000      -5.154       0.000     949.825       0.000       0.000
   365    12    31  2023     297       0  hru297               792.783      78.159      78.110       1.720     229.921     724.175      49.887     569.321      11.615     180.820     376.886       1.720      39.465     368.727     248.486     231.746      31.933       0.000       0.000       0.313     689.936     492.534       0.000      84.186     458.602       0.000       0.000       0.000       1.720       0.000       0.000     229.921       0.000       0.000       0.000      -6.306       0.131    1322.816       0.000       0.000
   365    12    31  2023     298       0  hru298               792.783      72.630      72.616       0.000     165.150     266.127      13.859     513.836      50.060     308.865     154.911       0.000      15.548     316.373     312.545     234.682      45.086       0.000       0.000       0.278     690.124     100.977       0.000       0.000       0.000       0.000       0.000       0.000       0.000       0.000       0.000     165.150       0.000       0.000       0.000      -0.201       0.000     437.096       0.000       0.000
   365    12    31  2023     299       0  hru299               792.783      78.559      78.513       0.000     773.288    1373.999      52.387     606.115      10.167      30.284     565.664       0.000      15.509     458.686     413.304     359.239      76.360       0.000       0.000       0.316     689.933     600.711       0.000       0.001    1237.409       0.000       0.000       0.000       0.000       0.000       0.000     773.288       0.000       0.000       0.000      -2.380       0.000     622.251       0.000       0.000
   365    12    31  2023     300       0  hru300               792.783      76.361      76.342       0.000      19.116     415.522       0.852     377.261      22.245     224.844     130.172       0.000      15.558     255.000     255.000     239.318      49.197       0.000       0.000       0.299     689.985     396.405       0.000       0.000       0.000       0.000       0.000       0.000       0.000       0.000       0.000      19.116       0.000       0.000       0.000      -0.000       0.000      50.595       0.000       0.000
   365    12    31  2023     301       0  hru301               792.783      72.674      72.653       0.000     186.038     400.337      19.699     585.222      47.664     376.728     160.830       0.000      15.516     345.513     341.738     267.321      64.202       0.000       0.000       0.279     690.119     214.299       0.000       0.000     211.653       0.000       0.000       0.000       0.000     186.038       0.000       0.000       0.000       0.000       0.000      -0.197       0.000     149.701       0.000       0.000
   365    12    31  2023     302       0  hru302               792.783      78.561      78.515       0.000     319.082     369.867      24.577     553.586      13.066      50.559     489.960       0.000      15.516     402.909     398.871     293.551      70.380       0.000       0.000       0.316     689.936      50.785       0.000       0.000     154.255       0.000       0.000       0.000       0.000       0.000       0.000     319.082       0.000       0.000       0.000      -0.211       0.000     256.760       0.000       0.000
   365    12    31  2023     303       0  hru303               792.783      76.918      76.873       0.000     513.356     581.160      35.006     578.892      19.215     214.180     345.497       0.000      15.463     402.997     397.368     315.406      69.602       0.000       0.000       0.304     689.959      67.804       0.000       2.978     398.122       0.000       0.000       0.000       0.000       0.000       0.000     513.356       0.000       0.000       0.000      -0.295       0.000     413.088       0.000       0.000
   365    12    31  2023     304       0  hru304               792.783      74.582      74.566       0.000     367.640     382.470      16.586     564.358      82.336     462.237      19.786       0.000      15.427     372.716     332.338     236.308      44.037       0.000       0.000       0.290     690.057      14.830       0.000       1.402     166.469       0.000       0.000       0.000       0.000     256.822       0.000     110.818       0.000       0.000       0.000      -2.118       0.000     973.019       0.000       0.000
   365    12    31  2023     305       0  hru305               792.783      74.581      74.565       1.095       4.410     203.757      30.581     559.234      82.336     461.438      15.460       1.094      55.393     350.287     346.376     283.469      33.046       0.000       0.000       0.290     690.056     198.253       0.000       0.000       0.000       0.000       0.000       0.000       1.094       0.000       0.000       4.410       0.000       0.000       0.000      -0.205       0.238     543.741       0.000       0.000
   365    12    31  2023     306       0  hru306               792.783      74.581      74.565      10.967     426.796     695.918      34.562     568.211      82.336     464.009      21.865      10.967      15.571     487.492     370.996     274.931      45.065       0.000       0.000       0.290     690.055     258.155       0.000     194.097     303.937       0.000       0.000       0.000      10.967       0.000       0.000     426.796       0.000       0.000       0.000      -6.110       2.033    1129.585       0.000       0.000
   365    12    31  2023     307       0  hru307               792.783      74.581      74.565    3525.659      49.870    5887.609      74.632     592.222      82.336     463.701      46.185    3524.920      71.231     730.579     645.239     521.746      78.719       0.000       0.000       0.290     690.056    2312.079       0.000    1843.058    3913.253       0.000    3524.920       0.000       0.000      49.870       0.000       0.000       0.000       0.000       0.000      -4.477     752.019    6149.505       0.000       0.000
   365    12    31  2023     308       0  hru308               792.783      74.581      74.565   15259.112      69.608   18202.312      95.914     627.984      82.336     460.955      84.693   15258.695      81.741     730.579     730.579     610.403     104.063       0.000       0.000       0.290     690.055    2873.592       0.000       6.790   18126.082       0.000       0.000       0.000   15258.695       0.000       0.000      69.608       0.000       0.000       0.000      -0.001    1065.637    8583.370       0.000       0.000
   365    12    31  2023     309       0  hru309               792.783      74.581      74.566       0.000     206.868     240.051      20.500     562.814      82.336     462.343      18.136       0.000      15.427     373.645     332.947     241.961      43.359       0.000       0.000       0.290     690.056      33.183       0.000       0.000      27.680       0.000       0.000       0.000       0.000       0.000       0.000     206.868       0.000       0.000       0.000      -2.135       0.000     547.509       0.000       0.000
   365    12    31  2023     310       0  hru310               792.783      74.583      74.567       6.365      34.438     317.203      32.707     561.260      82.332     461.741      17.187       6.365      55.393     345.475     340.807     286.590      25.928       0.000       0.000       0.290     690.083     276.399       0.000      72.844      44.292       0.000       0.000       0.000       6.365       0.000       0.000      34.438       0.000       0.000       0.000      -0.245       1.618    2131.785       0.000       0.000
   365    12    31  2023     311       0  hru311               792.783      74.583      74.567       0.000     274.872     298.782      17.840     564.390      82.332     462.996      19.062       0.000      15.427     373.067     328.717     238.639      43.806       0.000       0.000       0.290     690.082      23.909       0.000      11.435      73.847       0.000       0.000       0.000       0.000       0.000     106.862     168.010       0.000       0.000       0.000      -2.326       0.000     727.495       0.000       0.000
   365    12    31  2023     312       0  hru312               792.783      74.581      74.565       1.095      12.911     204.098      30.205     559.245      82.336     461.437      15.472       1.094      55.393     350.266     346.358     281.776      33.053       0.000       0.000       0.290     690.056     190.092       0.000       0.000       0.000       0.000       1.094       0.000       0.000      12.911       0.000       0.000       0.000       0.000       0.000      -0.205       0.050    1592.078       0.000       0.000
   365    12    31  2023     313       0  hru313               792.783      74.583      74.567       0.000     229.329     229.415       6.578     559.147      82.333     458.208      18.607       0.000      15.429     332.634     292.958     210.235      43.164       0.000       0.000       0.290     690.081       0.085       0.000       0.000       0.000       0.000       0.000       0.000       0.000     229.329       0.000       0.000       0.000       0.000       0.000      -2.081       0.000     606.956       0.000       0.000
   365    12    31  2023     314       0  hru314               792.783      76.537      76.502       0.010       2.978     304.498       0.382     488.829      19.016     233.295     236.518       0.010      39.567     192.500     192.500     170.424      25.345       0.000       0.000       0.304     689.987     301.510       0.000       0.000       0.000       0.000       0.000       0.000       0.010       0.000       0.000       2.978       0.000       0.000       0.000       0.001       0.001      44.988       0.000       0.000
