 Mini_CREATE               SWAT+ Jan 11 2024        MODULAR Rev 2024.61.0                                 
  jday   mon   day    yr    unit  gis_id  name                  precip     snofall      snomlt    surq_gen        latq    wateryld        perc          et     ecanopy      eplant       esoil   surq_cont          cn     sw_init    sw_final      sw_ave      sw_300    sno_init   sno_final     snopack         pet       qtile         irr  surq_runon  latq_runon    overbank    surq_cha    surq_res     surq_ls    latq_cha    latq_res     latq_ls     gwsoilq       satex  satex_chan   sw_change     lagsurf     laglatq    lagsatex    wet_evap
                                                                  mm            mm          mm          mm          mm          mm          mm          mm          mm          mm          mm          mm         ---          mm          mm          mm          mm          mm          mm          mm          mm          mm          mm          mm          mm          mm          mm          mm          mm          mm          mm          mm          mm          mm          mm          mm          mm          mm          mm          mm
   365    12    31  2023       1       0  hru001               792.783      74.583      74.567      24.834      12.794      37.628     202.244     557.698      82.332     459.209      16.158      24.830      78.027     407.492     317.444     248.959      26.286       0.000       0.000       0.290     690.085       0.000       0.000       0.000       0.000       0.000       0.000       0.000      24.830       0.000       0.000      12.794       0.000       0.000       0.000      -4.723       2.851     791.985       0.000       0.000
   365    12    31  2023       2       0  hru002               792.783      74.583      74.567      26.120      12.260      38.380     200.453     558.673      82.332     460.255      16.086      26.115      78.366     413.913     325.023     257.540      25.105       0.000       0.000       0.290     690.085       0.000       0.000       0.000       0.000       0.000       0.000       0.000      26.115       0.000       0.000      12.260       0.000       0.000       0.000      -4.662       3.632     758.917       0.000       0.000
   365    12    31  2023       3       0  hru003               792.783      74.583      74.567       0.000     313.665     313.666     159.833     545.534      82.334     444.871      18.330       0.000      25.026     369.292     318.754     196.850      27.012       0.000       0.000       0.290     690.072       0.000       0.000       0.000     223.433       0.000       0.000       0.000       0.000       0.000       0.000     313.665       0.000       0.000       0.000      -2.651       0.000    1001.616       0.000       0.000
   365    12    31  2023       4       0  hru004               792.783      74.584      74.568       0.000     207.827     207.827      27.732     558.996      82.331     457.861      18.805       0.000      20.938     307.419     279.312     203.877      43.108       0.000       0.000       0.290     690.093       0.000       0.000       0.000       0.000       0.000       0.000       0.000       0.000       0.000       0.000     207.827       0.000       0.000       0.000      -1.474       0.000     550.048       0.000       0.000
   365    12    31  2023       5       0  hru005               792.783      74.584      74.568       0.000     186.740     186.741      49.164     559.131      82.332     458.251      18.549       0.000      21.963     334.115     295.265     210.782      43.187       0.000       0.000       0.290     690.088       0.000       0.000       0.000       0.000       0.000       0.000       0.000       0.000       0.000       0.000     186.740       0.000       0.000       0.000      -2.038       0.000     494.239       0.000       0.000
   365    12    31  2023       6       0  hru006               792.783      74.583      74.567       0.000     199.562     199.563      36.149     559.026      82.333     458.009      18.684       0.000      21.335     318.762     286.398     206.699      43.147       0.000       0.000       0.290     690.080       0.000       0.000       0.000       0.000       0.000       0.000       0.000       0.000       0.000       0.000     199.562       0.000       0.000       0.000      -1.697       0.000     528.175       0.000       0.000
   365    12    31  2023       7       0  hru007               792.783      74.584      74.568       0.000     164.576     164.576      71.521     559.417      82.331     458.716      18.370       0.000      23.090     355.547     306.659     217.476      43.222       0.000       0.000       0.290     690.089       0.000       0.000       0.000       0.000       0.000       0.000       0.000       0.000       0.000       0.000     164.576       0.000       0.000       0.000      -2.564       0.000     435.576       0.000       0.000
   365    12    31  2023       8       0  hru008               792.783      74.584      74.568       0.000     209.029     209.030      26.508     558.995      82.331     457.838      18.826       0.000      20.881     305.669     278.166     203.451      43.100       0.000       0.000       0.290     690.093       0.000       0.000       0.000       0.000       0.000       0.000       0.000       0.000       0.000       0.000     209.029       0.000       0.000       0.000      -1.443       0.000     553.230       0.000       0.000
   365    12    31  2023       9       0  hru009               792.783      74.582      74.566      83.871      96.403     180.273     418.114     566.104      82.334     461.235      22.536      83.742      75.021     580.832     411.413     361.520      31.395       0.000       0.000       0.290     690.067       0.000       0.000     244.168     118.065       0.000      83.742       0.000       0.000      96.403       0.000       0.000       0.000       0.000       0.000      -8.886      36.376    1456.195       0.000       0.000
   365    12    31  2023      10       0  hru010               792.783      74.584      74.568       0.000     162.189     162.190      73.900     559.473      82.330     458.791      18.351       0.000      23.213     357.535     307.657     218.178      43.224       0.000       0.000       0.290     690.098       0.000       0.000       0.000       0.000       0.000       0.000       0.000       0.000       0.000       0.000     162.189       0.000       0.000       0.000      -2.616       0.000     429.260       0.000       0.000
   365    12    31  2023      11       0  hru011               792.783      74.582      74.566       0.000     164.123     164.123      71.998     559.402      82.335     458.699      18.368       0.000      23.115     355.942     306.879     217.632      43.224       0.000       0.000       0.290     690.067       0.000       0.000       0.000       0.000       0.000       0.000       0.000       0.000       0.000       0.000     164.123       0.000       0.000       0.000      -2.573       0.000     434.378       0.000       0.000
   365    12    31  2023      12       0  hru012               792.783      74.581      74.565       0.008     110.012     110.020     125.304     561.037      82.336     460.670      18.031       0.007      26.025     390.523     324.023     233.689      43.252       0.000       0.000       0.290     690.056       0.000       0.000       0.000       0.000       0.000       0.000       0.000       0.007       0.000       0.000     110.012       0.000       0.000       0.000      -3.488       0.001     291.166       0.000       0.000
   365    12    31  2023      13       0  hru013               792.783      74.582      74.566       0.000     175.558     175.559      60.507     559.218      82.336     458.427      18.455       0.000      22.527     345.648     301.570     214.216      43.210       0.000       0.000       0.290     690.060       0.000       0.000       0.000       0.000       0.000       0.000       0.000       0.000       0.000       0.000     175.558       0.000       0.000       0.000      -2.312       0.000     464.644       0.000       0.000
   365    12    31  2023      14       0  hru014               792.783      74.582      74.566       0.000     170.860     170.860      65.243     559.280      82.336     458.525      18.419       0.000      22.768     350.046     303.878     215.630      43.216       0.000       0.000       0.290     690.059       0.000       0.000       0.000       0.000       0.000       0.000       0.000       0.000       0.000       0.000     170.860       0.000       0.000       0.000      -2.422       0.000     452.209       0.000       0.000
   365    12    31  2023      15       0  hru015               792.783      74.583      74.567       0.000     188.491     188.491      47.400     559.105      82.333     458.206      18.566       0.000      21.877     332.171     294.181     210.246      43.184       0.000       0.000       0.290     690.076       0.000       0.000       0.000       0.000       0.000       0.000       0.000       0.000       0.000       0.000     188.491       0.000       0.000       0.000      -1.993       0.000     498.872       0.000       0.000
   365    12    31  2023      16       0  hru016               792.783      74.583      74.567      32.473     726.605     759.078     597.440     564.563      82.334     457.953      24.277      32.461      66.060     553.661     349.050     274.354      30.606       0.000       0.000       0.290     690.073       0.000       0.000       1.058    1116.007       0.000       0.000       0.000      32.461       0.000       0.000     726.605       0.000       0.000       0.000     -10.732       3.460    2485.966       0.000       0.000
   365    12    31  2023      17       0  hru017               792.783      74.583      74.567       0.000     189.500     189.501      66.312     539.006      82.333     439.966      16.707       0.000      21.409     294.839     259.040     169.187      28.368       0.000       0.000       0.290     690.075       0.000       0.000       0.000       0.000       0.000       0.000       0.000       0.000       0.000       0.000     189.500       0.000       0.000       0.000      -1.878       0.000     566.733       0.000       0.000
   365    12    31  2023      18       0  hru018               792.783      74.583      74.567      18.507     532.862     551.369     367.924     564.184      82.333     461.179      20.671      18.507      34.674     430.130     391.003     262.374      28.250       0.000       0.000       0.290     690.077       0.000       0.000      36.548     652.014       0.000       0.000       0.000      18.507       0.000       0.000     532.862       0.000       0.000       0.000      -2.052       0.940    1701.568       0.000       0.000
   365    12    31  2023      19       0  hru019               792.783      74.581      74.565      22.683     703.757     726.440     390.261     573.177      82.337     465.541      25.299      22.666      44.908     509.047     458.368     327.406      48.727       0.000       0.000       0.290     690.052       0.000       0.000     244.593     649.603       0.000      22.666       0.000       0.000     703.757       0.000       0.000       0.000       0.000       0.000      -2.658       3.651    1862.609       0.000       0.000
   365    12    31  2023      20       0  hru020               792.783      74.583      74.567      11.459     779.606     791.065     398.526     566.135      82.333     461.309      22.493      11.458      36.572     521.096     359.281     269.240      28.813       0.000       0.000       0.290     690.076       0.000       0.000      19.308     934.544       0.000       0.000       0.000      11.458       0.000       0.000     779.606       0.000       0.000       0.000      -8.487       1.055    2489.487       0.000       0.000
   365    12    31  2023      21       0  hru021               792.783      74.582      74.566       0.000     139.355     139.355     115.037     541.513      82.334     442.815      16.364       0.000      23.092     334.811     277.539     182.197      26.449       0.000       0.000       0.290     690.071       0.000       0.000       0.000       0.000       0.000       0.000       0.000       0.000       0.000       0.000     139.355       0.000       0.000       0.000      -3.004       0.000     444.997       0.000       0.000
   365    12    31  2023      22       0  hru022               792.783      74.582      74.566       0.000     131.618     131.618     122.234     542.202      82.334     443.539      16.329       0.000      23.357     339.894     279.643     184.428      26.450       0.000       0.000       0.290     690.068       0.000       0.000       0.000       0.000       0.000       0.000       0.000       0.000       0.000       0.000     131.618       0.000       0.000       0.000      -3.160       0.000     420.291       0.000       0.000
   365    12    31  2023      23       0  hru023               792.783      74.581      74.565       0.000     116.858     116.858     109.679     569.639      82.336     463.078      24.225       0.000      24.903     401.952     338.053     251.677      64.157       0.000       0.000       0.290     690.054       0.000       0.000       0.000       0.000       0.000       0.000       0.000       0.000       0.000       0.000     116.858       0.000       0.000       0.000      -3.351       0.000      94.033       0.000       0.000
   365    12    31  2023      24       0  hru024               792.783      74.581      74.565       0.003     104.085     104.088     122.360     569.870      82.336     463.361      24.172       0.003      25.577     407.945     341.228     255.392      64.161       0.000       0.000       0.290     690.054       0.000       0.000       0.000       0.000       0.000       0.000       0.000       0.003       0.000       0.000     104.085       0.000       0.000       0.000      -3.499       0.001      83.755       0.000       0.000
   365    12    31  2023      25       0  hru025               792.783      74.582      74.566       0.000     185.536     185.537      71.304     538.058      82.334     439.129      16.595       0.000      21.566     297.405     260.021     168.719      26.441       0.000       0.000       0.290     690.070       0.000       0.000       0.000       0.000       0.000       0.000       0.000       0.000       0.000       0.000     185.536       0.000       0.000       0.000      -1.961       0.000     592.467       0.000       0.000
   365    12    31  2023      26       0  hru026               792.783      74.581      74.565       0.000     139.008     139.008     125.032     542.440      82.336     443.667      16.436       0.000      23.478     342.695     281.120     185.349      26.487       0.000       0.000       0.290     690.054       0.000       0.000       0.000      10.350       0.000       0.000       0.000       0.000       0.000       0.000     139.008       0.000       0.000       0.000      -3.230       0.000     443.888       0.000       0.000
   365    12    31  2023      27       0  hru027               792.783      74.581      74.565       0.544      86.761      87.305     178.384     530.349      82.336     431.236      16.777       0.543      52.153     326.994     266.662     164.543      28.363       0.000       0.000       0.290     690.053       0.000       0.000       0.000       0.000       0.000       0.249       0.000       0.295      39.736       0.000      47.026       0.000       0.000       0.000      -3.164       0.148     499.169       0.000       0.000
   365    12    31  2023      28       0  hru028               792.783      74.584      74.568       0.000     189.384     189.385      67.561     537.862      82.330     438.920      16.612       0.000      21.444     293.616     258.000     167.590      26.439       0.000       0.000       0.290     690.096       0.000       0.000       0.000       0.000       0.000       0.000       0.000       0.000       0.000       0.000     189.384       0.000       0.000       0.000      -1.868       0.000     604.754       0.000       0.000
   365    12    31  2023      29       0  hru029               792.783      74.581      74.565       0.610     180.013     180.623     115.536     525.706      82.337     425.694      17.675       0.609      49.906     287.139     243.362     146.562      28.478       0.000       0.000       0.290     690.047       0.000       0.000       5.326      21.263       0.000       0.609       0.000       0.000     180.013       0.000       0.000       0.000       0.000       0.000      -2.296       0.005    1035.676       0.000       0.000
   365    12    31  2023      30       0  hru030               792.783      74.581      74.565       4.184      55.961      60.145     180.811     557.008      82.337     458.325      16.346       4.183      59.810     409.373     313.050     240.406      26.128       0.000       0.000       0.290     690.049       0.000       0.000       0.000       0.000       0.000       0.000       0.000       4.183       0.000       0.000      55.961       0.000       0.000       0.000      -5.052       0.042     845.316       0.000       0.000
   365    12    31  2023      31       0  hru031               792.783      74.582      74.566      22.847     601.742     624.589     188.385     567.682      82.336     464.497      20.850      22.847      26.744     470.362     282.994     215.273      30.270       0.000       0.000       0.290     690.060       0.000       0.000     174.513     402.532       0.000       0.000       0.000      22.847       0.000       0.000     601.742       0.000       0.000       0.000      -9.827       1.772    1799.612       0.000       0.000
   365    12    31  2023      32       0  hru032               792.783      73.564      73.549      22.470      32.388      54.859     182.054     560.862      87.800     413.807      59.255      22.469      77.029     401.802     310.159     237.397      26.021       0.000       0.000       0.285     690.103       0.000       0.000       0.000       0.000       0.000       0.000       0.000      22.469       0.000       0.000      32.388       0.000       0.000       0.000      -4.807       0.822    2004.884       0.000       0.000
   365    12    31  2023      33       0  hru033               792.783      73.641      73.626       0.000     158.701     158.701      84.328     552.415      87.111     404.474      60.830       0.000      21.971     311.819     263.934     175.135      26.164       0.000       0.000       0.285     690.062       0.000       0.000       0.000       0.000       0.000       0.000       0.000       0.000       0.000       0.000     158.701       0.000       0.000       0.000      -2.512       0.000     506.774       0.000       0.000
   365    12    31  2023      34       0  hru034               792.783      78.240      78.195       1.102     202.234     203.336     250.051     340.642      35.860     137.553     167.230       1.102      58.677     357.711     334.647     247.438      34.664       0.000       0.000       0.311     689.978       0.000       0.000       0.000       0.000       0.000       0.000       0.000       1.102       0.000       0.000     202.234       0.000       0.000       0.000      -1.210       0.032    1478.471       0.000       0.000
   365    12    31  2023      35       0  hru035               792.783      78.240      78.195       0.000     323.688     323.689     132.886     337.312      35.859     137.369     164.084       0.000      24.831     301.497     281.537     220.224      31.432       0.000       0.000       0.311     689.980       0.000       0.000       0.000       0.000       0.000       0.000       0.000       0.000       0.000       0.000     323.688       0.000       0.000       0.000      -1.047       0.000    1033.622       0.000       0.000
   365    12    31  2023      36       0  hru036               792.783      78.239      78.195       0.000     156.512     156.512     300.771     336.715      35.861     137.365     163.489       0.000      31.239     378.558     355.666     263.663      31.443       0.000       0.000       0.311     689.964       0.000       0.000       0.000       0.000       0.000       0.000       0.000       0.000       0.000       0.000     156.512       0.000       0.000       0.000      -1.200       0.000     499.783       0.000       0.000
   365    12    31  2023      37       0  hru037               792.783      78.239      78.195      19.205      43.025      62.229     388.358     342.145      35.861     137.246     169.038      19.204      76.422     455.114     455.543     357.520      31.464       0.000       0.000       0.311     689.961       0.000       0.000       0.000       0.000       0.000       0.000       0.000      19.204       0.000       0.000      43.025       0.000       0.000       0.000       0.023       0.658     649.902       0.000       0.000
   365    12    31  2023      38       0  hru038               792.783      78.239      78.195       0.000     274.997     274.997     181.765     337.194      35.862     137.359     163.974       0.000      26.528     328.525     306.904     232.915      31.435       0.000       0.000       0.311     689.957       0.000       0.000       0.000       0.000       0.000       0.000       0.000       0.000     153.726       0.000     121.271       0.000       0.000       0.000      -1.134       0.000     878.137       0.000       0.000
   365    12    31  2023      39       0  hru039               792.783      78.239      78.195       0.000     335.188     335.188     121.357     337.325      35.862     137.359     164.104       0.000      24.454     294.487     274.958     217.232      31.432       0.000       0.000       0.311     689.958       0.000       0.000       0.000       0.000       0.000       0.000       0.000       0.000       0.000       0.000     335.188       0.000       0.000       0.000      -1.024       0.000    1070.344       0.000       0.000
   365    12    31  2023      40       0  hru040               792.783      78.241      78.196     104.548      47.813     152.361     388.932     347.398      35.855     137.490     174.052     104.545      88.637     448.528     451.038     371.270      31.605       0.000       0.000       0.311     690.014       0.000       0.000      39.376      56.756       0.000       0.000       0.000     104.545       0.000       0.000      47.813       0.000       0.000       0.000       0.132       2.523    2959.697       0.000       0.000
   365    12    31  2023      41       0  hru041               792.783      78.240      78.195       0.051     337.054     337.105     266.398     348.169      35.861     137.539     174.769       0.051      29.996     377.006     328.464     255.999      32.080       0.000       0.000       0.311     689.967       0.000       0.000      32.385     123.867       0.000       0.000       0.000       0.051       0.000       0.000     337.054       0.000       0.000       0.000      -2.546       0.011    1076.302       0.000       0.000
   365    12    31  2023      42       0  hru042               792.783      78.239      78.195      20.201      35.168      55.370     394.603     342.708      35.861     137.246     169.601      20.200      76.814     456.722     458.202     360.359      31.528       0.000       0.000       0.311     689.962       0.000       0.000       0.000       0.000       0.000       0.000       0.000      20.200       0.000       0.000      35.168       0.000       0.000       0.000       0.078       1.961     531.227       0.000       0.000
   365    12    31  2023      43       0  hru043               792.783      75.327      75.305     508.463       0.005     508.468       0.000     595.758      42.329     113.884     439.546     508.460       0.000      20.587      18.633      15.107       9.521       0.000       0.000       0.294     690.081       0.000       0.000       0.000      37.171       0.000       0.000       0.000     508.460       0.000       0.000       0.005       0.000       0.000       0.000      -0.102      12.011       0.075       0.000     228.575
   365    12    31  2023      44       0  hru044               792.783      75.327      75.305     528.616       6.371     534.987      58.115     773.365      49.865     321.217     402.283     528.608       0.000     121.070      79.576     135.442      15.427       0.000       0.000       0.294     690.085       0.000       0.000       0.000     328.419       0.000       0.000       0.000     528.608       0.000       0.000       6.371       0.000       0.000       0.000      -2.176      32.674      96.231       0.000     188.848
   365    12    31  2023      45       0  hru045               792.783      75.326      75.304     471.168       0.000     471.168       0.000     622.881      34.640      76.445     511.796     471.161       0.000      11.975      12.435       8.250       8.250       0.000       0.000       0.294     690.073       0.000       0.000       0.000       0.000       0.000       0.000       0.000     471.161       0.000       0.000       0.000       0.000       0.000       0.000       0.024      26.937       0.000       0.000     265.583
   365    12    31  2023      46       0  hru046               792.783      75.326      75.303     525.131       5.764     530.894       4.712     652.337      49.504     201.488     401.345     525.119       0.000      92.926      55.906      49.342      13.382       0.000       0.000       0.294     690.059       0.000       0.000       0.000     134.373       0.000       0.000       0.000     525.119       0.000       0.000       5.764       0.000       0.000       0.000      -1.942      54.473      19.721       0.000     208.213
   365    12    31  2023      47       0  hru047               792.783      75.325      75.303     471.516       0.000     471.516       0.000     622.458      34.672      76.405     511.381     471.499       0.000      12.270      12.730       8.536       8.536       0.000       0.000       0.294     690.051       0.000       0.000       0.000       0.000       0.000     471.499       0.000       0.000       0.000       0.000       0.000       0.000       0.000       0.000       0.024      69.922       0.000       0.000     265.465
   365    12    31  2023      48       0  hru048               792.783      75.325      75.303     473.551       0.000     473.551       0.000     620.140      35.063      75.679     509.399     473.539       0.000      13.768      14.229       9.903       9.903       0.000       0.000       0.294     690.046       0.000       0.000       0.000       0.000       0.000       0.000     473.539       0.000       0.000       0.000       0.000       0.000       0.000       0.000       0.024      49.889       0.000       0.000     264.796
   365    12    31  2023      49       0  hru049               792.783      75.326      75.303     476.079       0.000     476.079       0.000     614.690      35.550      75.889     503.251     476.076       0.000      13.327      13.728       9.619       9.619       0.000       0.000       0.294     690.059       0.000       0.000       0.000       0.000       0.000     476.076       0.000       0.000       0.000       0.000       0.000       0.000       0.000       0.000       0.021      14.055       0.000       0.000     261.392
   365    12    31  2023      50       0  hru050               792.783      75.325      75.303     476.077       0.000     476.077       0.000     614.692      35.550      75.889     503.253     476.076       0.000      13.327      13.728       9.618       9.618       0.000       0.000       0.294     690.058       0.000       0.000       0.000       0.000       0.000       0.000       0.000     476.076       0.000       0.000       0.000       0.000       0.000       0.000       0.021       5.430       0.000       0.000     261.395
   365    12    31  2023      51       0  hru051               792.783      75.327      75.304     476.085       0.000     476.085       0.000     614.701      35.547      75.888     503.266     476.073       0.000      13.331      13.731       9.621       9.621       0.000       0.000       0.294     690.076       0.000       0.000       0.000       0.000       0.000       0.000       0.000     476.073       0.000       0.000       0.000       0.000       0.000       0.000       0.021      50.835       0.000       0.000     261.404
   365    12    31  2023      52       0  hru052               792.783      75.327      75.305     520.417       0.026     520.443       0.001     638.726      48.158     180.971     409.597     520.404       0.000      60.778      26.226      41.485      14.751       0.000       0.000       0.294     690.083       0.000       0.000       0.000     102.500       0.000       0.000       0.000     520.404       0.000       0.000       0.026       0.000       0.000       0.000      -1.812      60.173       0.069       0.000     212.842
   365    12    31  2023      53       0  hru053               792.783      75.325      75.303     618.013     533.363    1151.375     463.033     805.648      49.868     347.033     408.748     617.993       0.000     548.570     191.003     285.869      38.866       0.000       0.000       0.294     690.058       0.000       0.000       0.000    1346.428       0.000       0.000       0.000     617.993       0.000       0.000     533.363       0.000       0.000       0.000     -18.754     106.248    1411.632       0.000     209.556
   365    12    31  2023      54       0  hru054               792.783      75.325      75.303     476.088       0.000     476.088       0.000     614.697      35.550      75.890     503.257     476.075       0.000      13.327      13.727       9.618       9.618       0.000       0.000       0.294     690.056       0.000       0.000       0.000       0.000       0.000       0.000       0.000     476.075       0.000       0.000       0.000       0.000       0.000       0.000       0.021      55.281       0.000       0.000     261.398
   365    12    31  2023      55       0  hru055               792.783      78.597      78.549      32.189      53.238      85.427     222.533     486.993      10.025      37.514     439.454      32.188      80.675     416.828     377.098     269.687      28.350       0.000       0.000       0.316     689.974       0.000       0.000       0.000       0.000       0.000       0.000       0.000      32.188       0.000       0.000      53.238       0.000       0.000       0.000      -2.084       0.768    3295.503       0.000       0.000
   365    12    31  2023      56       0  hru056               792.783      78.566      78.517       0.000     224.423     224.424      52.086     517.652       8.786      26.203     482.663       0.000      22.688     330.306     306.615     239.345      46.431       0.000       0.000       0.316     689.971       0.000       0.000       0.000       0.000       0.000       0.000       0.000       0.000       0.000       0.000     224.423       0.000       0.000       0.000      -1.243       0.000     593.973       0.000       0.000
   365    12    31  2023      57       0  hru057               792.783      78.517      78.471      34.892      36.173      71.065     240.162     483.611       9.557      27.963     446.091      34.890      81.640     422.394     384.138     279.954      28.569       0.000       0.000       0.316     689.988       0.000       0.000       0.000       0.000       0.000       0.000       0.000      34.890       0.000       0.000      36.173       0.000       0.000       0.000      -2.007       1.141    2239.184       0.000       0.000
   365    12    31  2023      58       0  hru058               792.783      78.560      78.511      75.280      57.343     132.623     254.595     498.520      12.572      50.477     435.471      75.279      82.188     427.470     392.802     287.740      28.434       0.000       0.000       0.316     689.989       0.000       0.000      62.499      28.583       0.000       0.000       0.000      75.279       0.000       0.000      57.343       0.000       0.000       0.000      -1.818       0.695    3549.587       0.000       0.000
   365    12    31  2023      59       0  hru059               792.783      78.559      78.513      35.703      24.561      60.264     247.781     486.622      10.174      36.737     439.711      35.702      82.018     422.386     386.929     284.057      28.530       0.000       0.000       0.316     689.985       0.000       0.000       0.000       0.000       0.000       0.000       0.000      35.702       0.000       0.000      24.561       0.000       0.000       0.000      -1.860       1.168    1520.334       0.000       0.000
   365    12    31  2023      60       0  hru060               792.783      78.559      78.513      17.534     145.936     163.470     233.516     497.173      11.840      41.988     443.344      17.534      64.842     439.583     383.331     280.497      28.721       0.000       0.000       0.316     689.977       0.000       0.000      13.686      84.550       0.000       0.000       0.000      17.534       0.000       0.000     145.936       0.000       0.000       0.000      -2.950       0.190    2204.407       0.000       0.000
   365    12    31  2023      61       0  hru061               792.783      78.537      78.491       5.620     183.169     188.789     181.213     494.652      12.972      49.678     432.002       5.619      54.050     334.411     271.699     174.348      28.524       0.000       0.000       0.316     689.953       0.000       0.000      19.292      49.198       0.000       0.000       0.000       5.619       0.000       0.000     183.169       0.000       0.000       0.000      -3.289       0.333     626.685       0.000       0.000
   365    12    31  2023      62       0  hru062               792.783      78.503      78.457     201.798     360.883     562.681     230.334     515.631      13.772      51.443     450.415     201.797      56.166     368.795     261.162     191.331      30.663       0.000       0.000       0.316     689.950       0.000       0.000     345.974     163.987       0.000     201.797       0.000       0.000     360.883       0.000       0.000       0.000       0.000       0.000      -5.645       6.636    1234.704       0.000       0.000
   365    12    31  2023      63       0  hru063               792.783      78.597      78.549      27.307      29.125      56.432     307.404     496.056      12.070      42.930     441.056      27.305      69.793     469.682     414.412     313.734      28.768       0.000       0.000       0.316     689.970       0.000       0.000      18.419      45.745       0.000       0.000       0.000      27.305       0.000       0.000      29.125       0.000       0.000       0.000      -2.898       2.173     439.940       0.000       0.000
   365    12    31  2023      64       0  hru064               792.783      78.510      78.464       0.000     243.656     243.656      32.880     517.578      10.374      28.675     478.530       0.000      21.883     308.815     287.404     234.266      46.398       0.000       0.000       0.316     689.978       0.000       0.000       0.000       0.000       0.000       0.000       0.000       0.000       0.000       0.000     243.656       0.000       0.000       0.000      -1.123       0.000     644.875       0.000       0.000
   365    12    31  2023      65       0  hru065               792.783      78.559      78.513       0.000     236.811     236.811      36.198     521.112      11.316      39.756     470.040       0.000      22.004     313.329     291.431     234.881      46.283       0.000       0.000       0.316     689.976       0.000       0.000       0.000       0.000       0.000       0.000       0.000       0.000       0.000       0.000     236.811       0.000       0.000       0.000      -1.149       0.000     626.758       0.000       0.000
   365    12    31  2023      66       0  hru066               792.783      78.560      78.511       0.000     249.761     249.762      26.826     517.516      10.202      28.928     478.386       0.000      21.641     301.275     280.850     232.623      46.370       0.000       0.000       0.316     689.974       0.000       0.000       0.000       0.000       0.000       0.000       0.000       0.000       0.000       0.000     249.761       0.000       0.000       0.000      -1.071       0.000     661.034       0.000       0.000
   365    12    31  2023      67       0  hru067               792.783      78.559      78.513       0.000     241.491     241.491      64.332     488.376      10.224      36.738     441.413       0.000      22.181     282.400     257.512     195.755      30.830       0.000       0.000       0.316     689.966       0.000       0.000       0.000       0.000       0.000       0.000       0.000       0.000       0.000       0.000     241.491       0.000       0.000       0.000      -1.305       0.000     722.220       0.000       0.000
   365    12    31  2023      68       0  hru068               792.783      78.608      78.559       0.000     208.305     208.305      66.279     519.636       9.055      34.328     476.253       0.000      23.298     344.964     319.617     242.163      46.134       0.000       0.000       0.316     689.954       0.000       0.000       0.000       0.000       0.000       0.000       0.000       0.000       0.000       0.000     208.305       0.000       0.000       0.000      -1.330       0.000     551.312       0.000       0.000
   365    12    31  2023      69       0  hru069               792.783      78.559      78.513       0.000     186.151     186.151      90.312     517.804       9.050      26.843     481.911       0.000      24.453     364.940     338.073     249.397      46.507       0.000       0.000       0.316     689.951       0.000       0.000       0.000       0.000       0.000       0.000       0.000       0.000       0.000       0.000     186.151       0.000       0.000       0.000      -1.409       0.000     492.679       0.000       0.000
   365    12    31  2023      70       0  hru070               792.783      78.520      78.474       0.000     158.872     158.873     110.138     525.445      14.255      52.921     458.270       0.000      25.348     383.384     352.662     252.195      45.715       0.000       0.000       0.316     689.949       0.000       0.000       0.000       0.000       0.000       0.000       0.000       0.000       0.000       0.000     158.872       0.000       0.000       0.000      -1.612       0.000     420.481       0.000       0.000
   365    12    31  2023      71       0  hru071               792.783      78.586      78.540       0.000     149.466     149.466     126.816     518.194       8.525      26.649     483.019       0.000      26.241     390.777     359.488     258.742      46.493       0.000       0.000       0.316     689.952       0.000       0.000       0.000       0.000       0.000       0.000       0.000       0.000       0.000       0.000     149.466       0.000       0.000       0.000      -1.641       0.000     395.585       0.000       0.000
   365    12    31  2023      72       0  hru072               792.783      78.586      78.540       0.000     190.770     190.770      82.314     521.222      10.785      39.070     471.368       0.000      24.035     360.023     332.632     246.160      46.033       0.000       0.000       0.316     689.949       0.000       0.000       0.000       0.000       0.000       0.000       0.000       0.000       0.000       0.000     190.770       0.000       0.000       0.000      -1.437       0.000     504.903       0.000       0.000
   365    12    31  2023      73       0  hru073               792.783      78.559      78.513     228.860      31.534     260.394     467.580     537.953      10.645      31.959     495.349     228.833      90.649     605.116     567.709     415.913      33.168       0.000       0.000       0.316     689.959       0.000       0.000     471.049       0.000       0.000       0.000       0.000     228.833       0.000       0.000      31.534       0.000       0.000       0.000      -1.962      14.805    1951.992       0.000       0.000
   365    12    31  2023      74       0  hru074               792.783      78.559      78.513      37.927      23.799      61.726     243.020     489.960      11.462      40.437     438.061      37.924      82.195     432.426     396.255     291.586      27.087       0.000       0.000       0.316     689.973       0.000       0.000       0.000       0.000       0.000       0.000       0.000      37.924       0.000       0.000      23.799       0.000       0.000       0.000      -1.897       1.635    1473.179       0.000       0.000
   365    12    31  2023      75       0  hru075               792.783      78.566      78.517      54.858      27.234      82.092     262.076     486.459       8.786      26.191     451.481      54.853      82.705     430.180     390.125     292.403      28.713       0.000       0.000       0.316     689.969       0.000       0.000      23.567      12.142       0.000       0.000       0.000      54.853       0.000       0.000      27.234       0.000       0.000       0.000      -2.101       4.161    1685.804       0.000       0.000
   365    12    31  2023      76       0  hru076               792.783      78.536      78.490       2.668     163.740     166.408     230.628     493.813      10.674      36.753     446.386       2.668      55.904     344.073     293.626     188.639      28.801       0.000       0.000       0.316     689.961       0.000       0.000       0.657      94.712       0.000       0.000       0.000       2.668       0.000       0.000     163.740       0.000       0.000       0.000      -2.646       0.475     560.209       0.000       0.000
   365    12    31  2023      77       0  hru077               792.783      78.559      78.510       0.078     508.329     508.406     308.756     547.432      11.472      39.122     496.838       0.077      31.854     409.633     348.178     262.877      31.062       0.000       0.000       0.316     689.950       0.000       0.000       4.938     563.499       0.000       0.000       0.000       0.077       0.000       0.000     508.329       0.000       0.000       0.000      -3.223       0.010    1623.227       0.000       0.000
   365    12    31  2023      78       0  hru078               792.783      78.586      78.540       0.003     275.828     275.831     203.633     504.391       7.895      24.994     471.503       0.003      26.999     373.083     327.903     232.943      29.837       0.000       0.000       0.316     689.955       0.000       0.000       1.352     187.267       0.000       0.000       0.000       0.003       0.000       0.000     275.828       0.000       0.000       0.000      -2.370       0.001     880.792       0.000       0.000
   365    12    31  2023      79       0  hru079               792.783      78.566      78.517      80.447    1002.599    1083.046     930.554     593.228      10.936      40.899     541.392      80.427      60.641     761.174     672.976     424.876      41.549       0.000       0.000       0.316     689.943       0.000       0.000      17.136    1791.987       0.000       0.000       0.000      80.427       0.000       0.000    1002.599       0.000       0.000       0.000      -4.625       4.796    3201.562       0.000       0.000
   365    12    31  2023      80       0  hru080               792.783      78.505      78.459       0.000     227.955     227.956      80.162     486.162      11.455      38.218     436.490       0.000      22.648     294.206     267.251     198.160      28.748       0.000       0.000       0.316     689.954       0.000       0.000       0.000       0.000       0.000       0.000       0.000       0.000       0.000       0.000     227.955       0.000       0.000       0.000      -1.414       0.000     727.921       0.000       0.000
   365    12    31  2023      81       0  hru081               792.783      78.608      78.559     506.390    1554.995    2061.386    1287.953     622.485       8.883      27.494     586.108     506.226      72.176     803.710     664.009     519.879      62.829       0.000       0.000       0.316     689.957       0.000       0.000       0.002    3170.946       0.000       0.000       0.000     506.226       0.000       0.000    1554.995       0.000       0.000       0.000      -7.326      75.671    4965.509       0.000       0.000
   365    12    31  2023      82       0  hru082               792.783      78.511      78.465      15.319     587.657     602.976     533.388     572.551      10.383      30.200     531.969      15.316      42.455     515.640     405.210     323.052      33.076       0.000       0.000       0.316     689.942       0.000       0.000      61.333     848.827       0.000       0.000       0.000      15.316       0.000       0.000     587.657       0.000       0.000       0.000      -5.792       3.901    1876.543       0.000       0.000
   365    12    31  2023      83       0  hru083               792.783      78.559      78.510      10.863     423.695     434.558     509.408     548.554      10.082      29.331     509.142      10.854      41.740     539.656     468.455     316.874      34.327       0.000       0.000       0.316     689.939       0.000       0.000     285.363     410.529       0.000       0.000       0.000      10.854       0.000       0.000     423.695       0.000       0.000       0.000      -3.734       3.033    1352.969       0.000       0.000
   365    12    31  2023      84       0  hru084               792.783      78.576      78.527       0.000     187.130     187.130     213.591     500.799      10.193      36.511     454.096       0.000      27.187     381.932     332.441     234.259      29.372       0.000       0.000       0.316     689.940       0.000       0.000       0.545     105.535       0.000       0.000       0.000       0.000       0.000       0.000     187.130       0.000       0.000       0.000      -2.596       0.000     597.555       0.000       0.000
   365    12    31  2023      85       0  hru085               792.783      78.559      78.513       0.000     172.364     172.364     138.064     484.207      10.081      29.262     444.864       0.000      24.446     338.208     303.911     213.739      28.932       0.000       0.000       0.316     689.939       0.000       0.000       0.000       0.000       0.000       0.000       0.000       0.000      91.029       0.000      81.335       0.000       0.000       0.000      -1.799       0.000     550.403       0.000       0.000
   365    12    31  2023      86       0  hru086               792.783      78.573      78.527     173.660      61.896     235.556     405.121     522.681       9.790      36.768     476.124     173.600      76.380     535.308     480.507     361.201      31.035       0.000       0.000       0.316     689.942       0.000       0.000     237.956     129.596       0.000       0.000       0.000     173.600       0.000       0.000      61.896       0.000       0.000       0.000      -2.874      39.049     934.954       0.000       0.000
   365    12    31  2023      87       0  hru087               792.783      78.522      78.476     551.505    1464.718    2016.223    1167.575     675.704      16.263      68.660     590.781     551.411      86.234     666.534     666.534     547.960      90.214       0.000       0.000       0.316     689.936       0.000       0.000       0.002    3066.634       0.000       0.000       0.000     551.411       0.000       0.000    1464.718       0.000       0.000       0.000      -0.001      95.878    3876.615       0.000       0.000
   365    12    31  2023      88       0  hru088               792.783      78.559      78.513       0.020     182.308     182.327     134.980     548.140      11.167      39.335     497.638       0.019      26.432     420.252     386.697     282.456      70.720       0.000       0.000       0.316     689.940       0.000       0.000       0.086      70.783       0.000       0.000       0.000       0.019       0.000       0.000     182.308       0.000       0.000       0.000      -1.760       0.008     146.700       0.000       0.000
   365    12    31  2023      89       0  hru089               792.783      78.550      78.501       0.234     363.804     364.037     301.564     510.946      12.536      43.694     454.716       0.233      31.641     477.915     379.079     257.280      30.009       0.000       0.000       0.316     689.953       0.000       0.000       0.001     378.385       0.000       0.000       0.000       0.233       0.000       0.000     363.804       0.000       0.000       0.000      -5.184       0.029    1161.721       0.000       0.000
   365    12    31  2023      90       0  hru090               792.783      78.560      78.511       0.027     351.292     351.319     267.346     510.238      11.408      37.016     461.815       0.027      29.995     444.819     358.208     248.821      29.974       0.000       0.000       0.316     689.936       0.000       0.000       0.001     331.394       0.000       0.000       0.000       0.027       0.000       0.000     351.292       0.000       0.000       0.000      -4.542       0.003    1121.768       0.000       0.000
   365    12    31  2023      91       0  hru091               792.783      78.560      78.511       0.021     114.632     114.653     139.619     540.087      11.408      37.048     491.632       0.021      26.454     422.568     392.914     282.121      70.054       0.000       0.000       0.316     689.940       0.000       0.000       0.000       0.000       0.000       0.000       0.000       0.021       0.000       0.000     114.632       0.000       0.000       0.000      -1.555       0.005      92.242       0.000       0.000
   365    12    31  2023      92       0  hru092               792.783      78.608      78.559      30.847      56.823      87.670     304.214     494.999       9.137      34.690     451.172      30.846      69.606     452.230     421.294     312.648      29.034       0.000       0.000       0.316     689.938       0.000       0.000      32.929      59.520       0.000       0.000       0.000      30.846       0.000       0.000      56.823       0.000       0.000       0.000      -1.622       0.678     858.335       0.000       0.000
   365    12    31  2023      93       0  hru093               792.783      78.597      78.549       0.027     360.412     360.438     311.768     531.758      11.559      40.115     480.084       0.026      31.722     417.851     356.006     262.446      30.460       0.000       0.000       0.316     689.940       0.000       0.000       5.327     402.504       0.000       0.026       0.000       0.000     360.412       0.000       0.000       0.000       0.000       0.000      -3.243       0.011    1150.889       0.000       0.000
   365    12    31  2023      94       0  hru094               792.783      78.559      78.510       0.009     126.840     126.848     129.266     538.239       9.557      27.771     500.912       0.008      25.981     416.634     387.137     280.267      70.762       0.000       0.000       0.316     689.940       0.000       0.000       0.000       0.000       0.000       0.000       0.000       0.008       0.000       0.000     126.840       0.000       0.000       0.000      -1.547       0.003     102.066       0.000       0.000
   365    12    31  2023      95       0  hru095               792.783      78.608      78.559     298.880     404.463     703.343     611.460     567.815       7.601      24.288     535.925     298.867      83.953     716.838     678.796     462.003      53.384       0.000       0.000       0.316     689.933       0.000       0.000       0.002    1086.713       0.000     298.867       0.000       0.000     404.463       0.000       0.000       0.000       0.000       0.000      -1.995       3.498    6109.548       0.000       0.000
   365    12    31  2023      96       0  hru096               792.783      78.503      78.457      36.515     487.108     523.623     202.646     575.230      11.385      38.765     525.079      36.497      31.015     532.430     381.932     307.097      73.073       0.000       0.000       0.316     689.935       0.000       0.000     144.291     356.283       0.000      36.497       0.000       0.000     487.108       0.000       0.000       0.000       0.000       0.000      -7.894       6.913     391.967       0.000       0.000
   365    12    31  2023      97       0  hru097               792.783      78.577      78.531       0.000     208.308     208.309      48.335     537.391       8.028      25.226     504.137       0.000      22.270     356.055     333.692     259.229      70.762       0.000       0.000       0.316     689.933       0.000       0.000       0.000       0.000       0.000       0.000       0.000       0.000       0.000       0.000     208.308       0.000       0.000       0.000      -1.173       0.000     167.622       0.000       0.000
   365    12    31  2023      98       0  hru098               792.783      78.569      78.519      12.254      81.952      94.206     242.814     488.987      11.553      41.728     435.706      12.254      65.350     438.800     392.806     283.814      28.412       0.000       0.000       0.316     689.931       0.000       0.000       6.155      24.571       0.000      12.254       0.000       0.000      81.952       0.000       0.000       0.000       0.000       0.000      -2.412       0.089    1237.910       0.000       0.000
   365    12    31  2023      99       0  hru099               792.783      78.597      78.549     270.267     173.532     443.800     503.717     566.092       9.154      28.581     528.357     270.263      82.400     543.108     507.116     410.014      35.036       0.000       0.000       0.316     689.932       0.000       0.000     232.291     486.573       0.000     270.263       0.000       0.000     173.532       0.000       0.000       0.000       0.000       0.000      -1.887       4.590    2621.265       0.000       0.000
   365    12    31  2023     100       0  hru100               792.783      78.559      78.513     101.597     164.051     265.649     539.674     558.449       9.050      26.842     522.557     101.555      82.138     689.365     563.730     426.740      41.544       0.000       0.000       0.316     689.932       0.000       0.000       3.190     560.550       0.000     101.555       0.000       0.000     164.051       0.000       0.000       0.000       0.000       0.000      -6.589      12.679    2478.051       0.000       0.000
   365    12    31  2023     101       0  hru101               792.783      78.608      78.559       0.000     344.734     344.734     153.253     503.220      10.460      40.893     451.867       0.000      25.238     359.034     321.406     216.998      29.539       0.000       0.000       0.316     689.986       0.000       0.000       0.000     206.340       0.000       0.000       0.000       0.000       0.000       0.000     344.734       0.000       0.000       0.000      -1.973       0.000    1100.826       0.000       0.000
   365    12    31  2023     102       0  hru102               792.783      79.399      79.350      10.601      18.118      28.719     273.879     492.856      14.695      77.785     400.376      10.600      67.282     452.436     401.970     296.906      28.180       0.000       0.000       0.316     689.977       0.000       0.000       0.000       0.000       0.000       0.000       0.000      10.600       0.000       0.000      18.118       0.000       0.000       0.000      -2.646       1.105     273.684       0.000       0.000
   365    12    31  2023     103       0  hru103               792.783      79.399      79.350      14.516     876.462     890.978     637.867     596.069      14.671      78.703     502.694      14.515      48.361     535.704     424.146     349.680      33.396       0.000       0.000       0.316     689.952       0.000       0.000      14.063    1311.939       0.000       0.000       0.000      14.515       0.000       0.000     876.462       0.000       0.000       0.000      -5.850       1.049    2798.773       0.000       0.000
   365    12    31  2023     104       0  hru104               792.783      79.399      79.350      10.190      14.682      24.872     274.512     496.098       8.407     105.004     382.687      10.188      67.325     454.794     403.780     297.136      28.163       0.000       0.000       0.316     689.966       0.000       0.000       0.000       0.000       0.000       0.000       0.000      10.188       0.000       0.000      14.682       0.000       0.000       0.000      -2.675       1.774     221.770       0.000       0.000
   365    12    31  2023     105       0  hru105               792.783      73.489      73.476      17.606     314.084     331.689     310.001     345.987      42.019     137.619     166.350      17.605      32.361     452.167     344.407     263.538      32.906       0.000       0.000       0.284     690.115       0.000       0.000     134.173      54.902       0.000       0.000       0.000      17.605       0.000       0.000     314.084       0.000       0.000       0.000      -5.652       3.299    1002.952       0.000       0.000
   365    12    31  2023     106       0  hru106               792.783      79.399      79.350      39.004      44.270      83.273     231.618     498.908       6.670      98.933     393.305      38.993      80.876     436.180     376.303     273.361      28.077       0.000       0.000       0.316     689.977       0.000       0.000       8.295       9.466       0.000       0.000       0.000      38.993       0.000       0.000      44.270       0.000       0.000       0.000      -3.141       7.259    2740.344       0.000       0.000
   365    12    31  2023     107       0  hru107               792.783      79.399      79.350      90.969      12.284     103.253     263.511     512.743       7.022     138.263     367.458      90.946      82.268     465.640     372.184     291.404      28.039       0.000       0.000       0.316     689.977       0.000       0.000      68.944      12.805       0.000       0.000       0.000      90.946       0.000       0.000      12.284       0.000       0.000       0.000      -4.902      16.559     760.383       0.000       0.000
   365    12    31  2023     108       0  hru108               792.783      79.399      79.350       9.248      44.790      54.038     257.963     483.303       5.111     110.535     367.657       9.247      66.114     443.725     396.624     288.895      27.656       0.000       0.000       0.316     689.936       0.000       0.000       0.000       0.000       0.000       0.000       0.000       9.247       0.000       0.000      44.790       0.000       0.000       0.000      -2.470       0.484     676.575       0.000       0.000
   365    12    31  2023     109       0  hru109               792.783      78.370      78.340       1.550     114.850     116.400     185.273     493.016       8.741     179.761     304.513       1.550      53.909     313.197     277.408     172.331      26.598       0.000       0.000       0.308     689.959       0.000       0.000       0.000       0.000       0.000       0.000       0.000       1.550       0.000       0.000     114.850       0.000       0.000       0.000      -1.877       0.283     392.941       0.000       0.000
   365    12    31  2023     110       0  hru110               792.783      78.601      78.552       1.298     132.038     133.336     152.455     509.340       9.670     146.020     353.650       1.298      52.522     305.249     261.444     160.040      27.590       0.000       0.000       0.315     689.962       0.000       0.000       0.000       0.000       0.000       0.000       0.000       1.298       0.000       0.000     132.038       0.000       0.000       0.000      -2.298       0.234     451.748       0.000       0.000
   365    12    31  2023     111       0  hru111               792.783      78.566      78.518       6.202     309.899     316.100     308.545     551.860      10.152     161.569     380.139       6.201      58.732     377.095     298.033     207.822      28.973       0.000       0.000       0.313     689.963       0.000       0.000       5.785     373.659       0.000       0.000       0.000       6.201       0.000       0.000     309.899       0.000       0.000       0.000      -4.147       0.985    1060.270       0.000       0.000
   365    12    31  2023     112       0  hru112               792.783      78.683      78.634      41.921      11.276      53.197     264.179     489.477       8.929     156.640     323.909      41.882      82.460     432.293     391.917     289.795      27.065       0.000       0.000       0.313     690.005       0.000       0.000       8.400       3.501       0.000       0.000       0.000      41.882       0.000       0.000      11.276       0.000       0.000       0.000      -2.118      34.699     698.020       0.000       0.000
   365    12    31  2023     113       0  hru113               792.783      77.888      77.839       0.000     175.905     175.905      87.607     531.362      14.063     208.534     308.765       0.000      22.312     312.976     275.042     183.780      27.458       0.000       0.000       0.311     689.971       0.000       0.000       0.000       0.000       0.000       0.000       0.000       0.000       0.000       0.000     175.905       0.000       0.000       0.000      -1.990       0.000     561.711       0.000       0.000
   365    12    31  2023     114       0  hru114               792.783      79.399      79.350       0.184     413.352     413.536     216.173     539.758       7.463     149.339     382.956       0.184      27.768     390.585     337.334     232.954      29.523       0.000       0.000       0.316     689.943       0.000       0.000      15.355     358.389       0.000       0.000       0.000       0.184       0.000       0.000     413.352       0.000       0.000       0.000      -2.793       0.013    1319.942       0.000       0.000
   365    12    31  2023     115       0  hru115               792.783      79.319      79.270      16.903      29.592      46.495     267.777     525.920       6.713     169.833     349.374      16.901      66.806     459.662     384.488     293.306      27.874       0.000       0.000       0.316     689.983       0.000       0.000       7.738      35.670       0.000       0.000       0.000      16.901       0.000       0.000      29.592       0.000       0.000       0.000      -3.942       2.286     446.994       0.000       0.000
   365    12    31  2023     116       0  hru116               792.783      78.829      78.780       0.000     253.963     253.963     165.993     533.863       7.357     179.145     347.361       0.000      25.355     365.858     306.600     211.886      28.488       0.000       0.000       0.314     689.938       0.000       0.000       2.684     155.108       0.000       0.000       0.000       0.000       0.000       0.000     253.963       0.000       0.000       0.000      -3.108       0.000     810.971       0.000       0.000
   365    12    31  2023     117       0  hru117               792.783      78.716      78.668       0.000     174.186     174.187      96.994     523.823       7.050     192.801     323.972       0.000      22.627     318.392     278.084     187.410      27.653       0.000       0.000       0.314     689.947       0.000       0.000       0.000       0.000       0.000       0.000       0.000       0.000       0.000       0.000     174.186       0.000       0.000       0.000      -2.114       0.000     556.223       0.000       0.000
   365    12    31  2023     118       0  hru118               792.783      78.810      78.761       0.000     172.400     172.400      99.305     523.301       6.870     192.331     324.100       0.000      22.710     320.699     280.206     188.058      27.680       0.000       0.000       0.315     689.937       0.000       0.000       0.000       0.000       0.000       0.000       0.000       0.000       0.000       0.000     172.400       0.000       0.000       0.000      -2.124       0.000     550.518       0.000       0.000
   365    12    31  2023     119       0  hru119               792.783      78.628      78.579      28.471      40.253      68.724     202.979     525.766       7.704     185.688     332.374      28.468      79.099     418.486     333.510     255.022      27.257       0.000       0.000       0.314     689.988       0.000       0.000       0.000       0.000       0.000       0.000       0.000      28.468       0.000       0.000      40.253       0.000       0.000       0.000      -4.457       2.044    2491.699       0.000       0.000
   365    12    31  2023     120       0  hru120               792.783      78.881      78.832       2.178     150.152     152.330     294.869     565.511      10.233     149.547     405.730       2.178      35.304     499.200     453.079     320.249      68.265       0.000       0.000       0.314     689.964       0.000       0.000       0.039     217.452       0.000       0.000       0.000       2.178       0.000       0.000     150.152       0.000       0.000       0.000      -2.419       0.518     120.825       0.000       0.000
   365    12    31  2023     121       0  hru121               792.783      78.994      78.945      15.663      32.808      48.471     285.508     484.171       7.643     119.115     357.412      15.660      67.982     452.943     410.172     301.528      27.736       0.000       0.000       0.315     689.950       0.000       0.000       7.392      15.693       0.000       0.000       0.000      15.660       0.000       0.000      32.808       0.000       0.000       0.000      -2.243       2.841     495.579       0.000       0.000
   365    12    31  2023     122       0  hru122               792.783      78.196      78.167       6.879     389.649     396.528     321.230     530.282      10.133     221.119     299.030       6.879      59.146     395.412     342.230     210.768      27.887       0.000       0.000       0.306     689.966       0.000       0.000       4.141     448.229       0.000       0.000       0.000       6.879       0.000       0.000     389.649       0.000       0.000       0.000      -2.789       0.926    1333.124       0.000       0.000
   365    12    31  2023     123       0  hru123               792.783      79.084      79.035       0.000     115.654     115.655     198.035     481.380       4.890     132.002     344.488       0.000      26.357     373.998     331.061     226.527      27.730       0.000       0.000       0.315     689.940       0.000       0.000       0.000       0.000       0.000       0.000       0.000       0.000       0.000       0.000     115.654       0.000       0.000       0.000      -2.252       0.000     369.314       0.000       0.000
   365    12    31  2023     124       0  hru124               792.783      78.011      77.965       1.580     165.181     166.761     175.547     491.967       9.899     172.689     309.379       1.579      53.762     312.115     271.500     171.619      27.007       0.000       0.000       0.311     689.960       0.000       0.000       0.445      38.869       0.000       0.000       0.000       1.579       0.000       0.000     165.181       0.000       0.000       0.000      -2.130       0.387     565.142       0.000       0.000
   365    12    31  2023     125       0  hru125               792.783      79.399      79.350     121.129      20.414     141.543     255.783     533.691       7.324     184.916     341.451     121.110      81.772     454.223     385.972     286.619      27.892       0.000       0.000       0.316     689.980       0.000       0.000     108.209      26.357       0.000       0.000       0.000     121.110       0.000       0.000      20.414       0.000       0.000       0.000      -3.580      16.880    1263.632       0.000       0.000
   365    12    31  2023     126       0  hru126               792.783      79.027      78.978       2.877     406.415     409.292     293.360     550.896       6.502     153.493     390.902       2.877      31.053     418.831     335.380     254.568      29.856       0.000       0.000       0.316     689.958       0.000       0.000      28.526     427.678       0.000       0.000       0.000       2.877       0.000       0.000     406.415       0.000       0.000       0.000      -4.377       1.137    1297.789       0.000       0.000
   365    12    31  2023     127       0  hru127               792.783      79.399      79.350     290.791      24.354     315.144     294.171     531.828       8.122     169.478     354.227     290.761      83.552     496.888     385.045     309.451      28.402       0.000       0.000       0.316     689.977       0.000       0.000     290.538      51.822       0.000       0.000       0.000     290.761       0.000       0.000      24.354       0.000       0.000       0.000      -5.866      25.859    1507.524       0.000       0.000
   365    12    31  2023     128       0  hru128               792.783      78.790      78.760      12.321      76.249      88.570     207.421     538.325      11.261     225.252     301.811      12.321      62.517     442.448     365.915     262.516      27.168       0.000       0.000       0.308     689.994       0.000       0.000       8.511      28.853       0.000       0.000       0.000      12.321       0.000       0.000      76.249       0.000       0.000       0.000      -4.014       0.193    1151.762       0.000       0.000
   365    12    31  2023     129       0  hru129               792.783      79.399      79.350      32.615      12.983      45.598     226.288     524.885      11.830     190.357     322.698      32.609      80.367     438.713     363.799     269.635      27.444       0.000       0.000       0.316     689.980       0.000       0.000       0.000       0.000       0.000       0.000       0.000      32.609       0.000       0.000      12.983       0.000       0.000       0.000      -3.929       3.169     803.676       0.000       0.000
   365    12    31  2023     130       0  hru130               792.783      79.062      79.011      16.169     133.506     149.674     318.124     549.479       9.659     209.703     330.117      16.168      59.926     435.241     358.445     251.178      31.164       0.000       0.000       0.316     689.974       0.000       0.000      17.202     203.155       0.000       0.000       0.000      16.168       0.000       0.000     133.506       0.000       0.000       0.000      -4.028       2.562     976.019       0.000       0.000
   365    12    31  2023     131       0  hru131               792.783      78.576      78.527      12.866      24.069      36.935     242.680     534.175      10.307     204.204     319.663      12.864      64.968     462.074     344.166     279.864      27.494       0.000       0.000       0.314     689.978       0.000       0.000      10.165       4.583       0.000       0.000       0.000      12.864       0.000       0.000      24.069       0.000       0.000       0.000      -6.184       1.310     363.575       0.000       0.000
   365    12    31  2023     132       0  hru132               792.783      78.695      78.646      64.217      11.927      76.144     230.828     549.254       7.828     251.459     289.968      64.200      80.171     453.967     339.191     269.206      26.995       0.000       0.000       0.314     689.979       0.000       0.000      42.778      14.562       0.000       0.000       0.000      64.200       0.000       0.000      11.927       0.000       0.000       0.000      -6.020      11.295     738.300       0.000       0.000
   365    12    31  2023     133       0  hru133               792.783      79.399      79.350       0.000     153.133     153.134     150.956     490.684       9.014     113.309     368.361       0.000      24.774     348.388     311.335     214.591      27.906       0.000       0.000       0.316     689.943       0.000       0.000       0.000       0.000       0.000       0.000       0.000       0.000       0.000       0.000     153.133       0.000       0.000       0.000      -1.943       0.000     488.995       0.000       0.000
   365    12    31  2023     134       0  hru134               792.783      78.426      78.378      33.859      18.670      52.530     244.261     498.227       8.505     190.385     299.337      33.836      81.395     421.731     379.936     277.936      26.586       0.000       0.000       0.314     689.969       0.000       0.000       0.000       0.000       0.000       0.000       0.000      33.836       0.000       0.000      18.670       0.000       0.000       0.000      -2.192      19.599    1155.727       0.000       0.000
   365    12    31  2023     135       0  hru135               792.783      79.399      79.350       3.571     306.579     310.149     270.826     512.158      11.637     170.913     329.608       3.570      57.191     382.226     319.873     196.720      29.071       0.000       0.000       0.316     689.949       0.000       0.000       2.413     294.551       0.000       0.000       0.000       3.570       0.000       0.000     306.579       0.000       0.000       0.000      -3.270       0.249    1048.912       0.000       0.000
   365    12    31  2023     136       0  hru136               792.783      72.515      72.498    6860.134    2385.733    9245.867    1426.382     457.232      52.590     228.980     175.661    6859.959      90.731     700.681     700.681     624.825     142.891       0.000       0.000       0.278     690.121       0.000       0.000       1.109   10335.382       0.000       0.000       0.000    6859.959       0.000       0.000    2385.733       0.000       0.000       0.000      -0.008     444.276    1919.757       0.000       0.000
   365    12    31  2023     137       0  hru137               792.783      73.587      73.565     148.098    1297.497    1445.595     638.636     502.603      41.003     288.528     173.071     148.033      48.310     619.318     375.540     350.087      35.377       0.000       0.000       0.284     690.101       0.000       0.000     421.726    1358.463       0.000       0.000       0.000     148.033       0.000       0.000    1297.497       0.000       0.000       0.000     -12.786      14.585    4143.250       0.000       0.000
   365    12    31  2023     138       0  hru138               792.783      75.789      75.768      58.412      21.603      80.015     340.949     373.860      26.092     203.149     144.619      58.403      86.606     488.831     451.124     342.241      30.561       0.000       0.000       0.296     690.045       0.000       0.000       0.000       0.000       0.000       0.000       0.000      58.403       0.000       0.000      21.603       0.000       0.000       0.000      -1.978       5.009    1337.225       0.000       0.000
   365    12    31  2023     139       0  hru139               792.783      72.593      72.573       0.003     147.298     147.301     104.168     544.358      48.093     349.045     147.220       0.003      24.733     381.946     326.159     227.154      42.616       0.000       0.000       0.279     690.127       0.000       0.000       0.000       0.000       0.000       0.000       0.000       0.003       0.000       0.000     147.298       0.000       0.000       0.000      -2.926       0.000     389.848       0.000       0.000
   365    12    31  2023     140       0  hru140               792.783      72.603      72.582       0.000     190.170     190.170     164.031     532.301      48.373     345.740     138.188       0.000      25.003     368.852     300.664     200.044      26.740       0.000       0.000       0.279     690.128       0.000       0.000       0.000      90.013       0.000       0.000       0.000       0.000       0.000       0.000     190.170       0.000       0.000       0.000      -3.576       0.000     607.263       0.000       0.000
   365    12    31  2023     141       0  hru141               792.783      79.073      79.024      10.139     110.840     120.979     306.970     529.627       7.840     131.848     389.939      10.138      59.687     429.489     353.729     251.014      31.673       0.000       0.000       0.315     689.961       0.000       0.000      10.376     150.353       0.000       0.000       0.000      10.138       0.000       0.000     110.840       0.000       0.000       0.000      -3.974       2.292     810.316       0.000       0.000
   365    12    31  2023     142       0  hru142               792.783      78.730      78.679       0.000     189.438     189.439      75.146     530.225      10.098     197.038     323.089       0.000      21.894     300.816     264.462     179.393      27.761       0.000       0.000       0.314     689.953       0.000       0.000       0.000       0.000       0.000       0.000       0.000       0.000       0.000       0.000     189.438       0.000       0.000       0.000      -1.907       0.000     604.926       0.000       0.000
   365    12    31  2023     143       0  hru143               792.783      79.205      79.156      28.758     291.909     320.667     466.520     556.809       6.915     123.587     426.307      28.751      65.886     511.762     370.319     296.755      33.275       0.000       0.000       0.316     689.958       0.000       0.000      19.176     524.239       0.000       0.000       0.000      28.751       0.000       0.000     291.909       0.000       0.000       0.000      -7.419       3.825    2134.054       0.000       0.000
   365    12    31  2023     144       0  hru144               792.783      78.653      78.604      12.476      19.075      31.550     263.672     510.991       8.418     138.926     363.646      12.472      66.503     470.703     351.372     290.906      27.919       0.000       0.000       0.314     689.972       0.000       0.000       2.910       4.192       0.000       0.000       0.000      12.472       0.000       0.000      19.075       0.000       0.000       0.000      -6.259       1.770     288.128       0.000       0.000
   365    12    31  2023     145       0  hru145               792.783      78.590      78.541       3.322      62.388      65.710     208.426     529.561      11.044     167.154     351.363       3.321      55.548     389.701     309.819     217.837      30.622       0.000       0.000       0.315     689.965       0.000       0.000       2.720       3.919       0.000       0.000       0.000       3.321       0.000       0.000      62.388       0.000       0.000       0.000      -4.190       0.737     456.099       0.000       0.000
   365    12    31  2023     146       0  hru146               792.783      78.080      78.032      40.389      77.394     117.783     416.058     561.795      11.914     179.646     370.234      40.368      75.970     566.456     433.822     364.506      31.077       0.000       0.000       0.313     689.943       0.000       0.000       0.000     295.547       0.000       0.000       0.000      40.368       0.000       0.000      77.394       0.000       0.000       0.000      -6.956       5.542    1169.069       0.000       0.000
   365    12    31  2023     147       0  hru147               792.783      79.103      79.054      86.954     139.788     226.742     485.635     580.852       7.214     193.466     380.172      86.940      79.185     635.153     520.864     398.762      36.229       0.000       0.000       0.316     689.960       0.000       0.000      24.523     469.436       0.000       0.000       0.000       0.000       0.000       0.000       0.000       0.000       0.000       0.000      -5.994       4.072    2111.550       0.000       0.000
   365    12    31  2023     148       0  hru148               792.783      75.649      75.631      86.381      45.059     131.440     248.546     557.241      23.180     249.858     284.203      86.377      81.382     444.363     373.385     281.461      26.815       0.000       0.000       0.297     690.091       0.000       0.000      70.372      70.170       0.000       0.000       0.000      86.377       0.000       0.000      45.059       0.000       0.000       0.000      -3.723       3.602    2789.223       0.000       0.000
   365    12    31  2023     149       0  hru149               792.783      71.953      71.936       1.086     253.024     254.111     185.451     500.505      49.981     308.332     142.191       1.086      26.343     397.417     290.820     212.904      28.632       0.000       0.000       0.277     690.166       0.000       0.000      76.968      64.493       0.000       0.000       0.000       1.086       0.000       0.000     253.024       0.000       0.000       0.000      -5.591       0.238     807.974       0.000       0.000
   365    12    31  2023     150       0  hru150               792.783      73.558      73.546       6.780     197.207     203.988     409.808     455.590      37.375     289.345     128.870       6.776      61.942     461.354     350.217     239.676      31.592       0.000       0.000       0.287     690.095       0.000       0.000       0.000     270.602       0.000       0.000       0.000       6.776       0.000       0.000     197.207       0.000       0.000       0.000      -5.829       3.205    1134.603       0.000       0.000
   365    12    31  2023     151       0  hru151               792.783      75.438      75.424      29.695      68.494      98.188     366.102     396.586      26.107     244.778     125.701      29.657      74.360     509.254     410.403     343.465      29.088       0.000       0.000       0.296     690.061       0.000       0.000      15.839      46.735       0.000       0.000       0.000      29.657       0.000       0.000      68.494       0.000       0.000       0.000      -5.184      15.277    1034.622       0.000       0.000
   365    12    31  2023     152       0  hru152               792.783      78.058      78.015      18.288      41.367      59.655     291.495     502.658       8.819     192.365     301.474      18.287      68.328     466.170     412.558     303.711      27.044       0.000       0.000       0.311     690.039       0.000       0.000       8.985      49.155       0.000       0.000       0.000      18.287       0.000       0.000      41.367       0.000       0.000       0.000      -2.812       0.667     624.863       0.000       0.000
   365    12    31  2023     153       0  hru153               792.783      77.161      77.116      39.279      10.973      50.252     256.490     494.558      14.943     188.270     291.345      39.257      82.028     424.787     384.406     284.746      26.519       0.000       0.000       0.309     689.977       0.000       0.000       4.209       2.163       0.000       0.000       0.000      39.257       0.000       0.000      10.973       0.000       0.000       0.000      -2.118      20.120     679.229       0.000       0.000
   365    12    31  2023     154       0  hru154               792.783      76.727      76.683      44.614      11.657      56.271     262.048     497.479      16.307     193.935     287.237      44.584      82.255     431.028     384.653     287.742      26.483       0.000       0.000       0.307     689.987       0.000       0.000      12.956       7.591       0.000       0.000       0.000      44.584       0.000       0.000      11.657       0.000       0.000       0.000      -2.432      26.784     721.576       0.000       0.000
   365    12    31  2023     155       0  hru155               792.783      76.836      76.815     351.030      21.432     372.462     280.602     551.254      15.686     249.151     286.417     350.999      82.726     476.842     379.436     299.637      27.216       0.000       0.000       0.305     690.088       0.000       0.000     363.531      42.779       0.000       0.000       0.000     350.999       0.000       0.000      21.432       0.000       0.000       0.000      -5.109      32.012    1326.664       0.000       0.000
   365    12    31  2023     156       0  hru156               792.783      77.859      77.816       0.000     329.948     329.949      94.462     562.930      10.444     268.587     283.899       0.000      22.694     322.835     273.788     186.656      27.545       0.000       0.000       0.311     690.046       0.000       0.000      11.955     179.761       0.000       0.000       0.000       0.000       0.000       0.000     329.948       0.000       0.000       0.000      -2.572       0.000    1053.612       0.000       0.000
   365    12    31  2023     157       0  hru157               792.783      78.537      78.489       9.420      26.811      36.231     263.910     495.521       7.763     184.257     303.501       9.415      66.288     455.316     401.352     290.159      26.714       0.000       0.000       0.313     689.970       0.000       0.000       0.000       0.000       0.000       0.000       0.000       9.415       0.000       0.000      26.811       0.000       0.000       0.000      -2.830       3.843     404.992       0.000       0.000
   365    12    31  2023     158       0  hru158               792.783      77.524      77.477       7.467      46.331      53.799     238.667     502.448      12.984     239.263     250.202       7.467      64.329     433.516     393.612     276.673      25.815       0.000       0.000       0.309     690.054       0.000       0.000       0.000       0.000       0.000       0.000       0.000       7.466       0.000       0.000      46.331       0.000       0.000       0.000      -2.093       1.637     699.853       0.000       0.000
   365    12    31  2023     159       0  hru159               792.783      76.743      76.704      68.352      39.864     108.216     234.878     564.652      18.294     283.730     262.628      68.346      80.515     463.670     344.101     273.064      26.793       0.000       0.000       0.307     690.084       0.000       0.000      51.047      57.387       0.000       0.000       0.000      68.346       0.000       0.000      39.864       0.000       0.000       0.000      -6.271       3.066    2467.645       0.000       0.000
   365    12    31  2023     160       0  hru160               792.783      79.399      79.350       0.156     265.864     266.020     185.943     493.085       4.381     135.821     352.883       0.156      26.276     367.061     316.021     225.773      28.731       0.000       0.000       0.316     689.943       0.000       0.000      20.749     128.737       0.000       0.000       0.000       0.156       0.000       0.000     265.864       0.000       0.000       0.000      -2.677       0.015     848.972       0.000       0.000
   365    12    31  2023     161       0  hru161               792.783      79.080      79.037       4.397     453.943     458.340     329.679     567.187      12.149     202.119     352.918       4.397      32.926     442.986     356.440     261.727      29.881       0.000       0.000       0.314     689.955       0.000       0.000      13.294     544.403       0.000       4.397       0.000       0.000     453.943       0.000       0.000       0.000       0.000       0.000      -4.539       0.726    1449.558       0.000       0.000
   365    12    31  2023     162       0  hru162               792.783      75.133      75.115      33.051     107.526     140.577     429.579     364.502      29.576     214.990     119.936      33.024      78.617     538.860     503.780     375.461      31.548       0.000       0.000       0.293     690.036       0.000       0.000       0.000     139.843       0.000       0.000       0.000      33.024       0.000       0.000     107.526       0.000       0.000       0.000      -1.839       8.797    1624.221       0.000       0.000
   365    12    31  2023     163       0  hru163               792.783      78.608      78.559       0.000     180.666     180.666     188.255     496.010      10.147      37.220     448.642       0.000      26.263     370.758     329.209     227.376      29.213       0.000       0.000       0.316     689.942       0.000       0.000       0.931      68.985       0.000       0.000       0.000       0.000       0.000       0.000     180.666       0.000       0.000       0.000      -2.179       0.000     576.914       0.000       0.000
   365    12    31  2023     164       0  hru164               792.783      78.586      78.540       0.000     322.148     322.149      84.744     558.495      10.854      39.681     507.960       0.000      23.973     373.398     350.389     271.553      71.020       0.000       0.000       0.316     689.935       0.000       0.000       0.000     171.321       0.000       0.000       0.000       0.000     322.148       0.000       0.000       0.000       0.000       0.000      -1.207       0.000     259.227       0.000       0.000
   365    12    31  2023     165       0  hru165               792.783      78.487      78.441      26.114     540.858     566.972     412.967     543.667      10.540      29.762     503.364      26.105      63.306     439.683     405.611     242.251      32.763       0.000       0.000       0.316     689.947       0.000       0.000     721.076       7.915       0.000       0.000       0.000      26.105       0.000       0.000     540.858       0.000       0.000       0.000      -1.786       2.131    1850.463       0.000       0.000
   365    12    31  2023     166       0  hru166               792.783      78.608      78.559     434.823    1455.047    1889.870    1331.693     637.735      10.193      31.529     596.013     434.745      75.934     803.710     684.177     531.878      58.570       0.000       0.000       0.316     689.943       0.000       0.000     110.606    2949.096       0.000       0.000       0.000     434.745       0.000       0.000    1455.047       0.000       0.000       0.000      -6.268      29.288    4646.348       0.000       0.000
   365    12    31  2023     167       0  hru167               792.783      78.559      78.513       2.326     322.172     324.498     235.619     524.433      11.535      42.692     470.207       2.326      28.356     389.852     321.283     240.835      30.113       0.000       0.000       0.316     689.956       0.000       0.000      25.831     262.201       0.000       0.000       0.000       2.326       0.000       0.000     322.172       0.000       0.000       0.000      -3.596       0.306    1028.781       0.000       0.000
   365    12    31  2023     168       0  hru168               792.783      78.559      78.513       2.311      90.384      92.695     209.301     492.931       9.515      28.730     454.686       2.311      56.232     373.551     333.488     227.266      31.873       0.000       0.000       0.316     689.960       0.000       0.000       0.000       0.000       0.000       0.000       0.000       2.311       0.000       0.000      90.384       0.000       0.000       0.000      -2.102       0.170     660.772       0.000       0.000
   365    12    31  2023     169       0  hru169               792.783      78.505      78.457      11.873     178.001     189.874     307.076     519.800      13.756      50.669     455.375      11.873      59.996     405.949     368.807     253.771      32.399       0.000       0.000       0.316     689.962       0.000       0.000      11.782     210.190       0.000       0.000       0.000      11.873       0.000       0.000     178.001       0.000       0.000       0.000      -1.949       1.973    1301.311       0.000       0.000
   365    12    31  2023     170       0  hru170               792.783      78.552      78.506       0.000     202.708     202.709     104.320     487.365      10.790      39.208     437.367       0.000      23.340     314.616     285.152     203.833      28.694       0.000       0.000       0.316     689.956       0.000       0.000       0.000       0.000       0.000       0.000       0.000       0.000       0.000       0.000     202.708       0.000       0.000       0.000      -1.545       0.000     647.301       0.000       0.000
   365    12    31  2023     171       0  hru171               792.783      72.148      72.134       0.000     409.482     409.482     236.550     553.147      52.957     354.238     145.953       0.000      28.340     398.679     326.856     225.464      28.240       0.000       0.000       0.276     690.148       0.000       0.000       3.160     399.267       0.000       0.000       0.000       0.000       0.000       0.000     409.482       0.000       0.000       0.000      -3.767       0.000    1307.584       0.000       0.000
   365    12    31  2023     172       0  hru172               792.783      73.414      73.397       9.577     893.382     902.958     659.940     580.116      43.347     383.797     152.973       9.575      49.207     574.990     475.663     348.105      31.666       0.000       0.000       0.283     690.103       0.000       0.000       0.206    1344.513       0.000       0.000       0.000       9.575       0.000       0.000     893.382       0.000       0.000       0.000      -5.209       0.878    2852.803       0.000       0.000
   365    12    31  2023     173       0  hru173               792.783      72.194      72.174       2.422     171.777     174.199     183.081     546.062      52.099     348.940     145.024       2.422      53.317     347.253     270.966     161.130      26.517       0.000       0.000       0.276     690.148       0.000       0.000       1.706     104.724       0.000       0.000       0.000       2.422       0.000       0.000     171.777       0.000       0.000       0.000      -4.001       0.246     587.708       0.000       0.000
   365    12    31  2023     174       0  hru174               792.783      74.122      74.104       2.603     317.756     320.359     241.271     434.439      38.437     243.579     152.423       2.603      56.784     351.531     297.623     191.987      29.717       0.000       0.000       0.287     690.069       0.000       0.000       2.226     198.114       0.000       0.000       0.000       2.603       0.000       0.000     317.756       0.000       0.000       0.000      -2.828       0.298    1087.151       0.000       0.000
   365    12    31  2023     175       0  hru175               792.783      75.097      75.079       2.514     273.639     276.153     251.191     364.774      29.038     214.100     121.637       2.514      57.574     334.490     294.047     199.249      29.817       0.000       0.000       0.295     690.045       0.000       0.000       1.484      95.672       0.000       0.000       0.000       2.514       0.000       0.000     273.639       0.000       0.000       0.000      -2.121       0.464     936.214       0.000       0.000
   365    12    31  2023     176       0  hru176               792.783      76.294      76.274       1.977     636.728     638.706     406.833     377.172      22.611     224.015     130.546       1.977      36.901     482.543     408.454     291.267      31.983       0.000       0.000       0.298     689.988       0.000       0.000       9.782     616.073       0.000       0.000       0.000       1.977       0.000       0.000     636.728       0.000       0.000       0.000      -3.885       0.197    2033.241       0.000       0.000
   365    12    31  2023     177       0  hru177               792.783      78.608      78.559       2.422     121.879     124.301     197.258     495.186       8.714      27.274     459.198       2.422      55.896     368.400     329.658     224.653      32.008       0.000       0.000       0.316     689.955       0.000       0.000       0.629      21.243       0.000       0.000       0.000       2.422       0.000       0.000     121.879       0.000       0.000       0.000      -2.032       0.249     891.017       0.000       0.000
   365    12    31  2023     178       0  hru178               792.783      78.608      78.559       2.441      82.478      84.919     217.623     492.480       8.928      27.155     456.397       2.441      56.536     379.193     337.296     229.466      31.881       0.000       0.000       0.316     689.958       0.000       0.000       0.000       0.000       0.000       0.000       0.000       2.441       0.000       0.000      82.478       0.000       0.000       0.000      -2.198       0.189     602.968       0.000       0.000
   365    12    31  2023     179       0  hru179               792.783      78.608      78.559       0.000     158.854     158.854      97.908     537.452       7.601      24.289     505.562       0.000      24.507     397.744     371.163     272.274      70.812       0.000       0.000       0.316     689.937       0.000       0.000       0.000       0.000       0.000       0.000       0.000       0.000       0.000       0.000     158.854       0.000       0.000       0.000      -1.394       0.000     127.827       0.000       0.000
   365    12    31  2023     180       0  hru180               792.783      74.883      74.867       0.000     297.115     297.116     175.199     368.780      32.907     179.560     156.314       0.000      26.289     353.040     281.466     225.448      33.725       0.000       0.000       0.291     690.081       0.000       0.000      33.464      10.895       0.000       0.000       0.000       0.000       0.000       0.000     297.115       0.000       0.000       0.000      -3.754       0.000     888.574       0.000       0.000
   365    12    31  2023     181       0  hru181               792.783      78.327      78.281       3.910     252.011     255.921     255.615     508.818       8.170     180.092     320.556       3.909      56.719     364.488     310.007     193.629      27.713       0.000       0.000       0.313     689.958       0.000       0.000       1.926     222.710       0.000       0.000       0.000       3.909       0.000       0.000     252.011       0.000       0.000       0.000      -2.857       0.456     862.217       0.000       0.000
   365    12    31  2023     182       0  hru182               792.783      78.382      78.335       0.000     159.753     159.753     143.120     491.838       7.682     170.673     313.483       0.000      24.476     343.475     307.670     211.659      27.219       0.000       0.000       0.312     689.950       0.000       0.000       0.000       0.000       0.000       0.000       0.000       0.000       0.000       0.000     159.753       0.000       0.000       0.000      -1.878       0.000     510.132       0.000       0.000
   365    12    31  2023     183       0  hru183               792.783      77.922      77.874       0.000     127.338     127.338     117.335     551.308      11.822     257.708     281.778       0.000      23.095     345.878     286.751     186.856      27.042       0.000       0.000       0.310     689.966       0.000       0.000       0.000       0.000       0.000       0.000       0.000       0.000       0.000       0.000     127.338       0.000       0.000       0.000      -3.101       0.000     406.622       0.000       0.000
   365    12    31  2023     184       0  hru184               792.783      77.471      77.442     108.730      46.778     155.509     202.889     552.381      13.610     255.760     283.010     108.724      78.825     430.852     342.126     254.132      27.015       0.000       0.000       0.307     689.995       0.000       0.000     106.563       6.506       0.000       0.000       0.000     108.724       0.000       0.000      46.778       0.000       0.000       0.000      -4.653       7.309    2895.646       0.000       0.000
   365    12    31  2023     185       0  hru185               792.783      77.432      77.403       6.339      29.222      35.561     200.268     562.277      13.941     279.718     268.619       6.338      61.676     433.840     333.793     255.946      26.452       0.000       0.000       0.303     690.022       0.000       0.000       0.000       0.000       0.000       0.000       0.000       6.338       0.000       0.000      29.222       0.000       0.000       0.000      -5.247       0.739     441.404       0.000       0.000
   365    12    31  2023     186       0  hru186               792.783      79.399      79.349     193.713      22.795     216.508     275.739     514.129       6.871     145.154     362.103     193.686      82.729     479.583     385.154     298.531      28.350       0.000       0.000       0.316     689.974       0.000       0.000     187.457      21.069       0.000       0.000       0.000     193.686       0.000       0.000      22.795       0.000       0.000       0.000      -4.953      23.295    1411.062       0.000       0.000
   365    12    31  2023     187       0  hru187               792.783      79.397      79.348      34.785      12.488      47.273     239.981     509.307      11.304     148.797     349.205      34.777      81.103     444.537     373.565     277.886      27.828       0.000       0.000       0.316     689.976       0.000       0.000       0.000       0.000       0.000       0.000       0.000      34.777       0.000       0.000      12.488       0.000       0.000       0.000      -3.722       4.373     773.028       0.000       0.000
   365    12    31  2023     188       0  hru188               792.783      79.398      79.349      59.761      18.371      78.132     246.006     516.779       8.062     157.497     351.221      59.752      81.464     440.627     384.204     281.279      27.888       0.000       0.000       0.316     689.980       0.000       0.000      35.725       9.402       0.000       0.000       0.000      59.752       0.000       0.000      18.371       0.000       0.000       0.000      -2.959       6.938    1137.166       0.000       0.000
   365    12    31  2023     189       0  hru189               792.783      79.399      79.350     143.296      33.953     177.249     262.742     523.776       8.223     177.252     338.301     143.284      82.151     459.414     385.973     291.051      28.013       0.000       0.000       0.316     689.978       0.000       0.000     143.116      23.909       0.000       0.000       0.000     143.284       0.000       0.000      33.953       0.000       0.000       0.000      -3.852       9.843    2101.740       0.000       0.000
   365    12    31  2023     190       0  hru190               792.783      79.185      79.136      14.728      61.364      76.092     259.168     504.688       7.190     180.632     316.866      14.727      66.259     459.147     397.055     289.822      27.933       0.000       0.000       0.316     689.966       0.000       0.000      16.501      27.292       0.000       0.000       0.000      14.727       0.000       0.000      61.364       0.000       0.000       0.000      -3.256       0.314     926.931       0.000       0.000
   365    12    31  2023     191       0  hru191               792.783      77.344      77.315     136.438      47.339     183.777     262.641     540.531      17.465     204.629     318.436     136.434      82.157     448.569     391.784     290.241      27.432       0.000       0.000       0.307     690.006       0.000       0.000     125.583      65.508       0.000       0.000       0.000     136.434       0.000       0.000      47.339       0.000       0.000       0.000      -2.978       4.431    2930.328       0.000       0.000
   365    12    31  2023     192       0  hru192               792.783      77.360      77.331      96.543      45.760     142.303     219.137     554.517      15.182     252.030     287.305      96.540      79.706     432.738     336.110     263.623      26.858       0.000       0.000       0.305     690.004       0.000       0.000      87.476      30.351       0.000       0.000       0.000      96.540       0.000       0.000      45.760       0.000       0.000       0.000      -5.068       3.611    2832.607       0.000       0.000
   365    12    31  2023     193       0  hru193               792.783      72.071      72.057      23.885      26.936      50.821     351.900     456.995      55.339     251.381     150.274      23.872      73.122     527.344     327.643     334.678      30.033       0.000       0.000       0.276     690.160       0.000       0.000       2.844      53.428       0.000       0.000       0.000      23.872       0.000       0.000      26.936       0.000       0.000       0.000     -10.474       3.564     406.874       0.000       0.000
   365    12    31  2023     194       0  hru194               792.783      79.396      79.347      22.205      60.518      82.723     276.991     508.351      12.003     146.123     350.226      22.196      67.540     477.138     410.323     298.644      28.320       0.000       0.000       0.316     689.969       0.000       0.000      42.660      28.945       0.000       0.000       0.000      22.196       0.000       0.000      60.518       0.000       0.000       0.000      -3.504       4.756     914.147       0.000       0.000
   365    12    31  2023     195       0  hru195               792.783      79.397      79.348      30.989      13.971      44.960     229.807     521.531      11.561     195.605     314.365      30.984      80.451     430.211     364.352     271.451      27.509       0.000       0.000       0.316     689.980       0.000       0.000       0.000       0.000       0.000       0.000       0.000      30.984       0.000       0.000      13.971       0.000       0.000       0.000      -3.454       3.192     864.828       0.000       0.000
   365    12    31  2023     196       0  hru196               792.783      79.398      79.349      29.364      34.184      63.547     212.574     520.191      11.228     190.412     318.550      29.360      79.617     425.428     360.977     261.953      27.630       0.000       0.000       0.316     689.979       0.000       0.000       0.000       0.000       0.000       0.000       0.000      29.360       0.000       0.000      34.184       0.000       0.000       0.000      -3.380       2.448    2116.015       0.000       0.000
   365    12    31  2023     197       0  hru197               792.783      79.397      79.348       0.000     183.729     183.729      55.190     555.540      23.564     190.511     341.465       0.000      22.089     366.874     336.117     244.407      66.562       0.000       0.000       0.316     689.935       0.000       0.000       0.000       0.000       0.000       0.000       0.000       0.000      64.098       0.000     119.631       0.000       0.000       0.000      -1.613       0.000     147.844       0.000       0.000
   365    12    31  2023     198       0  hru198               792.783      78.922      78.893       6.402     730.570     736.973     455.466     580.359      13.443     224.786     342.130       6.402      39.229     502.299     396.364     298.476      31.267       0.000       0.000       0.312     689.967       0.000       0.000      21.857     952.330       0.000       0.000       0.000       6.402       0.000       0.000     730.570       0.000       0.000       0.000      -5.556       0.754    2332.903       0.000       0.000
   365    12    31  2023     199       0  hru199               792.783      78.819      78.770      76.638      17.324      93.962     268.090     534.071      15.245     223.795     295.031      76.626      82.125     477.024     392.014     292.530      27.548       0.000       0.000       0.315     689.984       0.000       0.000      72.129      26.675       0.000       0.000       0.000      76.626       0.000       0.000      17.324       0.000       0.000       0.000      -4.459       5.822    1072.386       0.000       0.000
   365    12    31  2023     200       0  hru200               792.783      78.669      78.620      51.355      13.837      65.192     239.413     530.820      15.889     225.289     289.642      51.348      80.642     445.349     368.231     275.032      27.283       0.000       0.000       0.315     689.979       0.000       0.000      27.570      10.975       0.000       0.000       0.000      51.348       0.000       0.000      13.837       0.000       0.000       0.000      -4.045       4.453     856.525       0.000       0.000
   365    12    31  2023     201       0  hru201               792.783      79.093      79.045       0.000     316.151     316.152     116.230     492.453       6.165     162.062     324.226       0.000      23.792     323.755     292.294     205.754      27.856       0.000       0.000       0.315     689.975       0.000       0.000       0.000     130.298       0.000       0.000       0.000       0.000       0.000       0.000     316.151       0.000       0.000       0.000      -1.650       0.000    1009.554       0.000       0.000
   365    12    31  2023     202       0  hru202               792.783      79.128      79.079       6.561      60.009      66.570     205.440     524.644       9.943     180.430     334.271       6.560      62.378     435.767     363.960     262.738      27.380       0.000       0.000       0.315     689.985       0.000       0.000       0.000       0.000       0.000       0.000       0.000       6.560       0.000       0.000      60.009       0.000       0.000       0.000      -3.766       0.238     906.459       0.000       0.000
   365    12    31  2023     203       0  hru203               792.783      78.145      78.116       0.000     254.252     254.253      80.646     548.914      11.708     246.998     290.209       0.000      22.040     306.701     269.272     179.662      27.342       0.000       0.000       0.302     689.998       0.000       0.000       0.000      88.894       0.000       0.000       0.000       0.000       0.000       0.000     254.255       0.000       0.000       0.000      -1.963       0.000     811.895       0.000       0.000
   365    12    31  2023     204       0  hru204               792.783      79.041      78.992      34.624      41.774      76.397     211.279     534.873      12.771     193.265     328.837      34.621      79.559     435.163     353.868     261.208      27.625       0.000       0.000       0.316     689.979       0.000       0.000       9.534      15.769       0.000       0.000       0.000      34.621       0.000       0.000      41.774       0.000       0.000       0.000      -4.264       1.525    2585.861       0.000       0.000
   365    12    31  2023     205       0  hru205               792.783      72.219      72.207       0.670     281.873     282.543     106.605     405.122      52.030     242.280     110.812       0.670      51.758     252.273     225.338     153.838      28.832       0.000       0.000       0.280     690.152       0.000       0.000       0.000       0.000       0.000       0.000       0.000       0.670       0.000       0.000     281.873       0.000       0.000       0.000      -1.413       0.020     964.385       0.000       0.000
   365    12    31  2023     206       0  hru206               792.783      72.363      72.349      15.673      39.969      55.642     328.024     412.744      51.233     246.995     114.515      15.670      71.843     504.295     438.259     324.981      29.284       0.000       0.000       0.281     690.139       0.000       0.000       0.000       0.000       0.000       0.000       0.000      15.670       0.000       0.000      39.969       0.000       0.000       0.000      -3.463       0.842     603.744       0.000       0.000
   365    12    31  2023     207       0  hru207               792.783      78.490      78.441      11.863     485.783     497.646     336.979     534.931      10.249     234.500     290.182      11.863      33.075     493.022     348.047     264.344      28.768       0.000       0.000       0.313     689.975       0.000       0.000      24.070     544.768       0.000       0.000       0.000      11.863       0.000       0.000     485.783       0.000       0.000       0.000      -7.604       2.029    1551.233       0.000       0.000
   365    12    31  2023     208       0  hru208               792.783      78.530      78.483      14.997     217.308     232.306     415.287     557.384      10.106     155.425     391.854      14.993      63.821     494.359     361.391     281.107      32.239       0.000       0.000       0.314     689.965       0.000       0.000       5.866     399.078       0.000       0.000       0.000      14.993       0.000       0.000     217.308       0.000       0.000       0.000      -6.975       2.172    1588.671       0.000       0.000
   365    12    31  2023     209       0  hru209               792.783      78.965      78.917      20.931      29.807      50.738     270.928     522.813       7.924     148.849     366.040      20.913      67.096     473.414     389.055     295.520      28.169       0.000       0.000       0.315     689.978       0.000       0.000      23.712      23.466       0.000       0.000       0.000      20.913       0.000       0.000      29.807       0.000       0.000       0.000      -4.424      12.114     450.241       0.000       0.000
   365    12    31  2023     210       0  hru210               792.783      78.820      78.771      28.000      51.051      79.051     324.841     546.192       8.338     186.488     351.367      27.988      70.748     512.119     452.361     321.361      29.010       0.000       0.000       0.314     689.990       0.000       0.000     140.947      13.051       0.000       0.000       0.000      27.988       0.000       0.000      51.051       0.000       0.000       0.000      -3.134       3.238     771.144       0.000       0.000
   365    12    31  2023     211       0  hru211               792.783      79.136      79.087      32.168      20.000      52.168     276.876     537.224       8.469     193.018     335.737      32.154      67.392     480.324     382.056     297.577      28.255       0.000       0.000       0.315     689.963       0.000       0.000      50.411      17.851       0.000       0.000       0.000      32.154       0.000       0.000      20.000       0.000       0.000       0.000      -5.154       8.987     302.111       0.000       0.000
   365    12    31  2023     212       0  hru212               792.783      79.351      79.302       2.071     184.289     186.360     187.630     520.628       7.871     186.129     326.628       2.071      53.721     331.839     275.002     169.093      28.045       0.000       0.000       0.316     689.959       0.000       0.000       0.744      98.022       0.000       0.000       0.000       2.071       0.000       0.000     184.289       0.000       0.000       0.000      -2.981       0.312     630.516       0.000       0.000
   365    12    31  2023     213       0  hru213               792.783      78.450      78.402      33.976      11.909      45.885     217.603     545.283      10.727     257.266     277.290      33.970      79.481     424.278     364.564     261.364      26.892       0.000       0.000       0.313     689.981       0.000       0.000       2.918       9.893       0.000       0.000       0.000      33.970       0.000       0.000      11.909       0.000       0.000       0.000      -3.132       4.180     737.166       0.000       0.000
   365    12    31  2023     214       0  hru214               792.783      78.223      78.176       8.845      21.968      30.814     234.249     533.631      11.454     198.456     323.721       8.843      64.310     453.873     342.398     275.455      27.339       0.000       0.000       0.313     689.986       0.000       0.000       0.000       0.000       0.000       0.000       0.000       8.843       0.000       0.000      21.968       0.000       0.000       0.000      -5.847       1.245     331.838       0.000       0.000
   365    12    31  2023     215       0  hru215               792.783      78.121      78.075       8.987      18.844      27.831     236.558     533.539      12.117     200.834     320.588       8.985      64.459     458.432     361.324     276.888      27.237       0.000       0.000       0.312     690.003       0.000       0.000       0.000       0.000       0.000       0.000       0.000       8.985       0.000       0.000      18.844       0.000       0.000       0.000      -5.093       1.245     284.638       0.000       0.000
   365    12    31  2023     216       0  hru216               792.783      78.891      78.843       8.521      28.887      37.409     231.156     527.876       7.469     192.735     327.671       8.520      64.207     453.188     384.553     275.227      27.303       0.000       0.000       0.315     689.984       0.000       0.000       0.000       0.000       0.000       0.000       0.000       8.520       0.000       0.000      28.887       0.000       0.000       0.000      -3.599       0.765     436.355       0.000       0.000
   365    12    31  2023     217       0  hru217               792.783      77.892      77.845      44.820      43.184      88.004     285.340     551.171      17.223     208.718     325.230      44.807      67.818     504.373     394.754     301.728      28.129       0.000       0.000       0.312     689.987       0.000       0.000      47.187      78.620       0.000       0.000       0.000      44.807       0.000       0.000      43.184       0.000       0.000       0.000      -5.749       4.537     652.313       0.000       0.000
   365    12    31  2023     218       0  hru218               792.783      78.548      78.501       7.421      40.601      48.023     210.683     539.835       9.005     226.772     304.058       7.421      62.650     456.422     349.245     263.865      26.946       0.000       0.000       0.314     689.982       0.000       0.000       0.000       0.000       0.000       0.000       0.000       7.421       0.000       0.000      40.601       0.000       0.000       0.000      -5.621       0.205     613.299       0.000       0.000
   365    12    31  2023     219       0  hru219               792.783      78.540      78.493       9.201      15.407      24.608     240.486     533.627       7.153     204.211     322.263       9.198      64.765     457.459     345.116     277.838      27.337       0.000       0.000       0.314     689.970       0.000       0.000       0.000       0.000       0.000       0.000       0.000       9.198       0.000       0.000      15.407       0.000       0.000       0.000      -5.892       1.876     232.734       0.000       0.000
   365    12    31  2023     220       0  hru220               792.783      78.096      78.068      39.502      10.396      49.897     208.427     560.410      11.021     284.624     264.766      39.493      78.981     432.239     330.779     255.663      26.458       0.000       0.000       0.310     690.006       0.000       0.000      15.217       5.334       0.000       0.000       0.000      39.493       0.000       0.000      10.396       0.000       0.000       0.000      -5.321       5.976     643.500       0.000       0.000
   365    12    31  2023     221       0  hru221               792.783      73.634      73.619       0.102     177.188     177.290     184.402     481.962      38.946     317.514     125.502       0.102      29.816     454.642     335.991     289.292      69.078       0.000       0.000       0.282     690.067       0.000       0.000       0.258      44.324       0.000       0.102       0.000       0.000     177.188       0.000       0.000       0.000       0.000       0.000      -6.223       0.046     142.580       0.000       0.000
   365    12    31  2023     222       0  hru222               792.783      77.959      77.914    2213.285     312.255    2525.540     978.357     666.375      10.646     239.890     415.840    2213.086      95.217     716.838     716.838     632.838     112.864       0.000       0.000       0.311     689.962       0.000       0.000       0.003    3376.880       0.000       0.000       0.000    2213.086       0.000       0.000     312.255       0.000       0.000       0.000       0.000     391.285    4716.714       0.000       0.000
   365    12    31  2023     223       0  hru223               792.783      79.002      78.954      14.282      28.346      42.628     285.756     481.562       6.620     144.051     330.891      14.280      67.939     451.169     409.468     301.192      27.389       0.000       0.000       0.315     689.942       0.000       0.000       5.102       9.842       0.000       0.000       0.000      14.280       0.000       0.000      28.346       0.000       0.000       0.000      -2.187       1.928     428.182       0.000       0.000
   365    12    31  2023     224       0  hru224               792.783      77.684      77.638       0.000     203.321     203.322     102.175     488.952      11.664     194.499     282.789       0.000      23.185     313.368     282.946     200.540      26.834       0.000       0.000       0.310     689.986       0.000       0.000       0.000       0.000       0.000       0.000       0.000       0.000       0.000       0.000     203.321       0.000       0.000       0.000      -1.596       0.000     649.258       0.000       0.000
   365    12    31  2023     225       0  hru225               792.783      78.572      78.521       3.518     191.508     195.026     113.829     538.080       9.817     229.401     298.862       3.517      50.920     285.271     240.259     145.040      27.379       0.000       0.000       0.313     689.988       0.000       0.000      23.583      28.110       0.000       0.000       0.000       3.517       0.000       0.000     191.508       0.000       0.000       0.000      -2.361       0.421     655.214       0.000       0.000
   365    12    31  2023     226       0  hru226               792.783      78.301      78.264      37.199      37.093      74.292     199.440     544.876      10.591     241.991     292.295      37.196      78.786     422.067     362.409     252.343      26.935       0.000       0.000       0.312     690.005       0.000       0.000      14.658       7.902       0.000       0.000       0.000      37.196       0.000       0.000      37.093       0.000       0.000       0.000      -3.129       2.330    2296.083       0.000       0.000
   365    12    31  2023     227       0  hru227               792.783      78.877      78.828       3.774     240.679     244.453     130.959     536.018       8.180     205.723     322.115       3.773      51.590     299.609     253.822     150.780      27.759       0.000       0.000       0.315     689.959       0.000       0.000      15.431     100.698       0.000       0.000       0.000       3.773       0.000       0.000     240.679       0.000       0.000       0.000      -2.402       0.479     823.447       0.000       0.000
   365    12    31  2023     228       0  hru228               792.783      77.316      77.270       9.069      36.206      45.275     263.887     485.617      14.763     195.115     275.740       9.069      66.275     438.104     400.548     289.690      26.338       0.000       0.000       0.310     689.952       0.000       0.000       0.000       0.000       0.000       0.000       0.000       9.069       0.000       0.000      36.206       0.000       0.000       0.000      -1.970       0.410     546.899       0.000       0.000
   365    12    31  2023     229       0  hru229               792.783      78.113      78.065       0.000     167.168     167.169     145.441     482.092      11.530     176.430     294.132       0.000      24.550     343.073     307.483     211.943      27.080       0.000       0.000       0.312     689.957       0.000       0.000       0.000       0.000       0.000       0.000       0.000       0.000       0.000       0.000     167.168       0.000       0.000       0.000      -1.867       0.000     533.812       0.000       0.000
   365    12    31  2023     230       0  hru230               792.783      76.618      76.590       1.117     113.363     114.480     133.414     547.036      20.216     288.599     238.222       1.117      51.164     300.448     260.464     144.436      26.005       0.000       0.000       0.296     689.988       0.000       0.000       0.000       0.000       0.000       0.000       0.000       1.117       0.000       0.000     113.363       0.000       0.000       0.000      -2.097       0.105     387.855       0.000       0.000
   365    12    31  2023     231       0  hru231               792.783      77.879      77.835      22.831      43.661      66.492     301.157     497.482       9.530     187.736     300.215      22.826      68.981     462.293     419.924     308.285      27.112       0.000       0.000       0.310     689.966       0.000       0.000      18.219      51.858       0.000       0.000       0.000      22.826       0.000       0.000      43.661       0.000       0.000       0.000      -2.222       5.381     659.510       0.000       0.000
   365    12    31  2023     232       0  hru232               792.783      78.089      78.041       0.000     154.262     154.262      85.901     555.152      10.586     267.725     276.841       0.000      22.018     320.054     274.175     176.524      26.778       0.000       0.000       0.312     690.008       0.000       0.000       0.000       0.000       0.000       0.000       0.000       0.000       0.000       0.000     154.262       0.000       0.000       0.000      -2.406       0.000     492.599       0.000       0.000
   365    12    31  2023     233       0  hru233               792.783      78.128      78.081       0.000     145.823     145.824      92.619     557.078      10.675     269.031     277.373       0.000      22.216     327.353     277.468     178.095      26.798       0.000       0.000       0.312     690.007       0.000       0.000       0.000       0.000       0.000       0.000       0.000       0.000       0.000       0.000     145.823       0.000       0.000       0.000      -2.616       0.000     465.653       0.000       0.000
   365    12    31  2023     234       0  hru234               792.783      78.402      78.355       0.000     212.150     212.151      89.079     493.086       9.534     170.631     312.922       0.000      22.796     302.846     275.108     197.384      27.030       0.000       0.000       0.313     690.006       0.000       0.000       0.000       0.000       0.000       0.000       0.000       0.000       0.000       0.000     212.150       0.000       0.000       0.000      -1.455       0.000     677.452       0.000       0.000
   365    12    31  2023     235       0  hru235               792.783      77.757      77.712      73.394      47.273     120.667     242.444     561.615      12.817     257.970     290.828      73.389      80.884     461.748     367.141     278.129      27.130       0.000       0.000       0.311     690.016       0.000       0.000      54.195      72.559       0.000       0.000       0.000      73.389       0.000       0.000      47.273       0.000       0.000       0.000      -4.962       3.212    2926.251       0.000       0.000
   365    12    31  2023     236       0  hru236               792.783      77.237      77.204      23.726      26.475      50.200     175.982     571.946      15.715     310.156     246.075      23.721      77.203     416.546     318.426     236.226      26.148       0.000       0.000       0.309     690.023       0.000       0.000       0.000       0.000       0.000       0.000       0.000      23.721       0.000       0.000      26.475       0.000       0.000       0.000      -5.146       2.611    1638.811       0.000       0.000
   365    12    31  2023     237       0  hru237               792.783      77.460      77.414       0.000     203.691     203.691      99.428     491.301      13.178     209.892     268.232       0.000      23.071     311.731     281.848     199.263      26.566       0.000       0.000       0.310     690.007       0.000       0.000       0.000       0.000       0.000       0.000       0.000       0.000       0.000       0.000     203.691       0.000       0.000       0.000      -1.567       0.000     650.438       0.000       0.000
   365    12    31  2023     238       0  hru238               792.783      77.813      77.780      26.190      20.713      46.902     185.013     565.176      13.850     310.674     240.652      26.187      77.655     420.013     340.173     241.497      26.073       0.000       0.000       0.309     689.989       0.000       0.000       0.000       0.000       0.000       0.000       0.000      26.187       0.000       0.000      20.713       0.000       0.000       0.000      -4.187       1.957    1282.140       0.000       0.000
   365    12    31  2023     239       0  hru239               792.783      74.582      74.566       2.293     274.699     276.992     250.747     540.052      82.335     438.305      19.412       2.293      55.642     371.036     304.121     182.198      26.903       0.000       0.000       0.290     690.063       0.000       0.000       2.205     269.163       0.000       0.000       0.000       2.293       0.000       0.000     274.699       0.000       0.000       0.000      -3.510       0.272     939.840       0.000       0.000
   365    12    31  2023     240       0  hru240               792.783      74.582      74.566      81.726    3819.300    3901.025     415.995     578.864      82.336     463.773      32.756      81.722      45.604     660.363     517.683     320.575      52.157       0.000       0.000       0.290     690.060       0.000       0.000       0.007    4091.473       0.000       0.000       0.000      81.722       0.000       0.000    3819.300       0.000       0.000       0.000      -7.484       0.729   10108.401       0.000       0.000
   365    12    31  2023     241       0  hru241               792.783      74.583      74.567       0.000     208.228     208.228      75.877     561.702      82.334     460.194      19.174       0.000      23.488     358.388     311.448     221.879      43.872       0.000       0.000       0.290     690.072       0.000       0.000      32.415      17.956       0.000       0.000       0.000       0.000     208.228       0.000       0.000       0.000       0.000       0.000      -2.462       0.000     551.108       0.000       0.000
   365    12    31  2023     242       0  hru242               792.783      74.583      74.567       0.014     141.013     141.027     105.232     560.557      82.332     459.878      18.346       0.014      24.960     381.792     318.933     227.990      43.373       0.000       0.000       0.290     690.082       0.000       0.000       8.292       2.316       0.000       0.000       0.000       0.014       0.000       0.000     141.013       0.000       0.000       0.000      -3.297       0.005     373.214       0.000       0.000
   365    12    31  2023     243       0  hru243               792.783      74.583      74.567       0.412     122.111     122.523     149.270     523.662      82.332     424.275      17.054       0.412      51.415     303.547     253.931     150.029      26.112       0.000       0.000       0.290     690.079       0.000       0.000       0.000       0.000       0.000       0.000       0.000       0.412       0.000       0.000     122.111       0.000       0.000       0.000      -2.602       0.065     417.784       0.000       0.000
   365    12    31  2023     244       0  hru244               792.783      74.583      74.567       0.000     149.781     149.781      86.287     559.724      82.333     459.123      18.269       0.000      23.867     367.101     312.450     221.874      43.231       0.000       0.000       0.290     690.081       0.000       0.000       0.000       0.000       0.000       0.000       0.000       0.000       0.000       0.000     149.781       0.000       0.000       0.000      -2.866       0.000     396.419       0.000       0.000
   365    12    31  2023     245       0  hru245               792.783      74.582      74.566       0.000     189.521     189.521      46.724     559.112      82.336     458.192      18.585       0.000      21.845     331.333     293.778     210.083      43.187       0.000       0.000       0.290     690.059       0.000       0.000       0.076       0.307       0.000       0.000       0.000       0.000       0.000       0.000     189.521       0.000       0.000       0.000      -1.970       0.000     501.598       0.000       0.000
   365    12    31  2023     246       0  hru246               792.783      78.240      78.195      15.966      70.962      86.928     365.537     340.454      35.860     137.248     167.346      15.966      74.965     448.893     445.667     347.187      31.290       0.000       0.000       0.311     689.974       0.000       0.000       0.000       0.000       0.000       0.000       0.000      15.966       0.000       0.000      70.962       0.000       0.000       0.000      -0.169       0.298    1071.899       0.000       0.000
   365    12    31  2023     247       0  hru247               792.783      76.199      76.169      40.683      40.261      80.944     234.726     511.934      19.317     245.760     246.857      40.667      80.754     429.060     379.047     271.601      25.888       0.000       0.000       0.302     690.064       0.000       0.000      20.639      11.477       0.000       0.000       0.000      40.667       0.000       0.000      40.261       0.000       0.000       0.000      -2.623      11.556    2492.213       0.000       0.000
   365    12    31  2023     248       0  hru248               792.783      79.157      79.115      39.471      14.802      54.273     259.235     488.892       6.034     168.182     314.677      39.434      82.186     431.360     394.467     287.022      26.915       0.000       0.000       0.314     689.981       0.000       0.000       5.741       1.892       0.000       0.000       0.000      39.434       0.000       0.000      14.802       0.000       0.000       0.000      -1.935      31.984     916.293       0.000       0.000
   365    12    31  2023     249       0  hru249               792.783      79.014      78.985      35.694      13.321      49.015     256.247     489.312       6.390     174.615     308.307      35.677      82.036     427.658     394.014     285.196      26.749       0.000       0.000       0.311     689.988       0.000       0.000       0.000       0.000       0.000       0.000       0.000      35.677       0.000       0.000      13.321       0.000       0.000       0.000      -1.765      12.817     824.609       0.000       0.000
   365    12    31  2023     250       0  hru250               792.783      77.114      77.088      33.474      21.799      55.273     245.923     493.595      17.545     240.973     235.077      33.469      81.399     424.951     387.310     277.761      25.640       0.000       0.000       0.307     690.013       0.000       0.000       0.000       0.000       0.000       0.000       0.000      33.469       0.000       0.000      21.799       0.000       0.000       0.000      -1.974       3.195    1349.375       0.000       0.000
   365    12    31  2023     251       0  hru251               792.783      74.583      74.567       0.000     217.309     217.310      64.739     561.021      82.333     459.535      19.153       0.000      22.866     348.976     303.594     217.104      43.491       0.000       0.000       0.290     690.081       0.000       0.000      11.653      36.028       0.000       0.000       0.000       0.000       0.000       0.000     217.309       0.000       0.000       0.000      -2.380       0.000     575.144       0.000       0.000
   365    12    31  2023     252       0  hru252               792.783      74.582      74.566   51510.492    3595.761   55106.254    1944.387     638.386      82.335     459.586      96.464   51509.445      90.437     666.534     666.534     600.385     119.306       0.000       0.000       0.290     690.062       0.000       0.000       0.737   56893.527       0.000       0.000       0.000   51509.445       0.000       0.000    3595.761       0.000       0.000       0.000      -0.000    2877.933    9516.772       0.000       0.000
   365    12    31  2023     253       0  hru253               792.783      74.582      74.566       1.090     463.048     464.138     174.074     568.105      82.335     463.034      22.736       1.090      30.402     432.011     342.163     255.870      47.319       0.000       0.000       0.290     690.064       0.000       0.000     364.116      44.344       0.000       0.000       0.000       1.090       0.000       0.000     463.048       0.000       0.000       0.000      -4.712       0.470    1225.532       0.000       0.000
   365    12    31  2023     254       0  hru254               792.783      74.583      74.567       0.005     364.647     364.651     101.800     563.416      82.333     460.532      20.551       0.004      25.131     381.542     320.803     229.064      43.933       0.000       0.000       0.290     690.080       0.000       0.000       0.000     233.571       0.000       0.000       0.000       0.004       0.000       0.000     364.647       0.000       0.000       0.000      -3.186       0.002     965.097       0.000       0.000
   365    12    31  2023     255       0  hru255               792.783      74.582      74.566       0.000     160.082     160.082      76.043     559.476      82.335     458.800      18.342       0.000      23.325     359.270     308.568     218.828      43.222       0.000       0.000       0.290     690.062       0.000       0.000       0.000       0.000       0.000       0.000       0.000       0.000       0.000       0.000     160.082       0.000       0.000       0.000      -2.659       0.000     423.682       0.000       0.000
   365    12    31  2023     256       0  hru256               792.783      74.584      74.568      22.670      31.279      53.949     186.869     556.891      82.330     458.402      16.159      22.669      77.190     402.730     311.811     239.563      26.283       0.000       0.000       0.290     690.097       0.000       0.000       0.000       0.000       0.000       0.000       0.000      22.669       0.000       0.000      31.279       0.000       0.000       0.000      -4.769       0.724    1936.231       0.000       0.000
   365    12    31  2023     257       0  hru257               792.783      74.583      74.567       0.000     174.445     174.445      61.613     559.250      82.333     458.471      18.446       0.000      22.583     346.701     302.113     214.536      43.209       0.000       0.000       0.290     690.076       0.000       0.000       0.000       0.000       0.000       0.000       0.000       0.000       0.000       0.000     174.445       0.000       0.000       0.000      -2.339       0.000     461.696       0.000       0.000
   365    12    31  2023     258       0  hru258               792.783      74.582      74.566       0.101     270.341     270.443     143.741     563.540      82.336     461.364      19.841       0.101      27.622     412.029     332.192     240.739      43.854       0.000       0.000       0.290     690.060       0.000       0.000       0.000     180.527       0.000       0.000       0.000       0.101       0.000       0.000     270.341       0.000       0.000       0.000      -4.187       0.051     715.502       0.000       0.000
   365    12    31  2023     259       0  hru259               792.783      74.584      74.568      22.584      30.363      52.947     187.830     556.924      82.331     458.430      16.163      22.583      77.240     402.988     312.118     240.144      26.283       0.000       0.000       0.290     690.087       0.000       0.000       0.000       0.000       0.000       0.000       0.000      22.583       0.000       0.000      30.363       0.000       0.000       0.000      -4.766       1.215    1879.484       0.000       0.000
   365    12    31  2023     260       0  hru260               792.783      74.584      74.568      41.350      31.156      72.506     208.325     558.847      82.331     459.788      16.728      41.343      78.363     416.006     320.167     252.948      26.417       0.000       0.000       0.290     690.094       0.000       0.000      24.119      17.601       0.000       0.000       0.000      41.343       0.000       0.000      31.156       0.000       0.000       0.000      -5.027       5.634    1928.582       0.000       0.000
   365    12    31  2023     261       0  hru261               792.783      74.584      74.568      29.053      45.840      74.893     219.011     558.676      82.331     459.569      16.776      29.045      78.766     429.635     344.391     258.736      26.451       0.000       0.000       0.290     690.090       0.000       0.000       0.000      55.133       0.000       0.000       0.000      29.045       0.000       0.000      45.840       0.000       0.000       0.000      -4.471       4.562    2837.580       0.000       0.000
   365    12    31  2023     262       0  hru262               792.783      74.583      74.568       0.000     182.268     182.268      53.699     559.169      82.332     458.328      18.509       0.000      22.186     338.909     297.928     212.156      43.196       0.000       0.000       0.290     690.086       0.000       0.000       0.000       0.000       0.000       0.000       0.000       0.000       0.000     119.338      62.930       0.000       0.000       0.000      -2.149       0.000     482.402       0.000       0.000
   365    12    31  2023     263       0  hru263               792.783      74.584      74.568      36.482      43.333      79.816     202.105     558.961      82.331     459.855      16.774      36.480      78.064     407.806     315.310     249.335      26.438       0.000       0.000       0.290     690.089       0.000       0.000      18.243      24.804       0.000       0.000       0.000      36.480       0.000       0.000      43.333       0.000       0.000       0.000      -4.851       1.837    2682.375       0.000       0.000
   365    12    31  2023     264       0  hru264               792.783      74.583      74.567      39.973     796.653     836.626     564.984     574.126      82.333     464.497      27.296      39.941      54.092     595.895     445.833     368.941      51.804       0.000       0.000       0.290     690.080       0.000       0.000       0.001    1174.538       0.000      39.941       0.000       0.000     796.653       0.000       0.000       0.000       0.000       0.000      -7.871       6.615    2108.473       0.000       0.000
   365    12    31  2023     265       0  hru265               792.783      74.583      74.567       0.000     395.121     395.121      59.263     561.776      82.332     458.555      20.889       0.000      22.730     343.997     312.001     216.243      43.648       0.000       0.000       0.290     690.083       0.000       0.000       0.000     221.388       0.000       0.000       0.000       0.000     395.121       0.000       0.000       0.000       0.000       0.000      -1.678       0.000    1045.752       0.000       0.000
   365    12    31  2023     266       0  hru266               792.783      74.583      74.567       0.000     190.300     190.300      45.562     559.091      82.333     458.174      18.584       0.000      21.787     330.102     293.012     209.678      43.179       0.000       0.000       0.290     690.075       0.000       0.000       0.000       0.000       0.000       0.000       0.000       0.000     190.300       0.000       0.000       0.000       0.000       0.000      -1.945       0.000     503.660       0.000       0.000
   365    12    31  2023     267       0  hru267               792.783      74.583      74.567       0.000     164.931     164.932      71.170     559.405      82.332     458.701      18.372       0.000      23.072     355.248     306.512     217.375      43.222       0.000       0.000       0.290     690.084       0.000       0.000       0.000       0.000       0.000       0.000       0.000       0.000       0.000       0.000     164.931       0.000       0.000       0.000      -2.556       0.000     436.518       0.000       0.000
   365    12    31  2023     268       0  hru268               792.783      74.583      74.567       0.044     229.857     229.901      62.572     561.821      82.333     460.026      19.462       0.044      22.845     351.441     303.763     217.512      43.807       0.000       0.000       0.290     690.076       0.000       0.000      41.131      17.620       0.000       0.044       0.000       0.000     229.857       0.000       0.000       0.000       0.000       0.000      -2.501       0.017     608.354       0.000       0.000
   365    12    31  2023     269       0  hru269               792.783      74.584      74.568       0.064     239.670     239.734      57.515     561.621      82.331     459.782      19.508       0.064      22.578     347.404     299.510     215.442      43.693       0.000       0.000       0.290     690.091       0.000       0.000      37.134      26.146       0.000       0.000       0.064       0.000       0.000     239.670       0.000       0.000       0.000       0.000      -2.512       0.021     634.326       0.000       0.000
   365    12    31  2023     270       0  hru270               792.783      74.583      74.567       0.000     245.980     245.980      34.867     561.003      82.332     459.169      19.502       0.000      21.475     313.973     290.745     210.242      43.955       0.000       0.000       0.290     690.082       0.000       0.000      47.618       0.000       0.000       0.000       0.000       0.000       0.000       0.000     245.980       0.000       0.000       0.000      -1.218       0.000     651.027       0.000       0.000
   365    12    31  2023     271       0  hru271               792.783      74.583      74.567      13.173     187.071     200.244     317.230     551.000      82.333     449.666      19.001      13.173      57.408     403.096     294.637     206.429      29.513       0.000       0.000       0.290     690.075       0.000       0.000      59.607     210.200       0.000       0.000       0.000      13.173       0.000       0.000     187.071       0.000       0.000       0.000      -5.689       6.481    1076.285       0.000       0.000
   365    12    31  2023     272       0  hru272               792.783      74.583      74.567       3.275     156.208     159.483     194.256     534.591      82.332     434.250      18.009       3.275      52.886     346.736     268.497     170.574      28.875       0.000       0.000       0.290     690.081       0.000       0.000      32.185      59.067       0.000       0.000       0.000       3.275       0.000       0.000     156.208       0.000       0.000       0.000      -4.104       1.365     898.719       0.000       0.000
   365    12    31  2023     273       0  hru273               792.783      74.583      74.567       5.534     183.588     189.123     339.402     551.143      82.333     449.935      18.874       5.534      58.160     414.190     301.233     211.640      29.227       0.000       0.000       0.290     690.075       0.000       0.000       6.646     274.121       0.000       0.000       0.000       5.534       0.000       0.000     183.588       0.000       0.000       0.000      -5.925       2.899    1056.247       0.000       0.000
   365    12    31  2023     274       0  hru274               792.783      75.810      75.789      73.524      32.213     105.737     257.258     519.719      20.357     256.340     243.022      73.489      82.258     446.732     394.890     294.643      24.995       0.000       0.000       0.301     690.078       0.000       0.000      61.733      25.411       0.000       0.000       0.000      73.489       0.000       0.000      32.213       0.000       0.000       0.000      -2.719      30.588    1994.017       0.000       0.000
   365    12    31  2023     275       0  hru275               792.783      76.379      76.347      63.315      26.062      89.378     294.378     513.731      18.883     243.115     251.733      63.274      83.527     457.561     395.519     305.722      26.351       0.000       0.000       0.303     690.076       0.000       0.000      26.290      75.088       0.000       0.000       0.000      63.274       0.000       0.000      26.062       0.000       0.000       0.000      -3.254      32.124    1613.290       0.000       0.000
   365    12    31  2023     276       0  hru276               792.783      77.057      77.021      34.314      22.133      56.448     248.060     492.863      17.454     231.009     244.400      34.292      81.521     427.130     387.780     279.272      25.783       0.000       0.000       0.305     690.005       0.000       0.000       1.498       0.975       0.000       0.000       0.000      34.292       0.000       0.000      22.133       0.000       0.000       0.000      -2.064      17.708    1370.086       0.000       0.000
   365    12    31  2023     277       0  hru277               792.783      77.019      76.984      46.443      25.294      71.738     260.918     497.572      17.872     243.533     236.167      46.413      82.118     436.744     394.537     286.381      25.817       0.000       0.000       0.306     690.065       0.000       0.000      19.383      15.786       0.000       0.000       0.000      46.413       0.000       0.000      25.294       0.000       0.000       0.000      -2.214      24.783    1565.736       0.000       0.000
   365    12    31  2023     278       0  hru278               792.783      74.581      74.565       0.000     323.107     334.872      16.278     563.906      82.337     462.094      19.476       0.000      15.429     372.441     335.883     236.353      43.881       0.000       0.000       0.290     690.053      11.764       0.000       0.021     119.885       0.000       0.000       0.000       0.000       0.000       0.000     323.107       0.000       0.000       0.000      -1.918       0.000     855.157       0.000       0.000
   365    12    31  2023     279       0  hru279               792.783      74.581      74.565       0.000     161.330     224.164      52.565     555.996      82.336     457.321      16.339       0.000      38.637     344.163     311.203     223.684      28.466       0.000       0.000       0.290     690.052      62.834       0.000       0.000      37.212       0.000       0.000       0.000       0.000       0.000       0.000     161.330       0.000       0.000       0.000      -1.729       0.000     928.185       0.000       0.000
   365    12    31  2023     280       0  hru280               792.783      74.581      74.565       0.000     134.422     188.431      51.981     555.219      82.336     456.946      15.937       0.000      38.637     343.959     307.456     222.158      28.328       0.000       0.000       0.290     690.054      54.009       0.000       0.000       0.000       0.000       0.000       0.000       0.000       0.000       0.000     134.422       0.000       0.000       0.000      -1.914       0.000     773.374       0.000       0.000
   365    12    31  2023     281       0  hru281               792.783      78.240      78.195       0.000     410.801     420.214      22.469     350.936      35.862     137.694     177.380       0.000      15.434     371.591     358.834     283.776      51.471       0.000       0.000       0.311     689.966       9.412       0.000       0.000       0.000       0.000       0.000       0.000       0.000       0.000       0.000     410.801       0.000       0.000       0.000      -0.669       0.000    1087.253       0.000       0.000
   365    12    31  2023     282       0  hru282               792.783      78.239      78.195       0.000     416.466     418.451      18.076     356.893      35.863     137.690     183.340       0.000      15.350     380.138     368.683     301.701      76.662       0.000       0.000       0.311     689.958       1.984       0.000       0.000       0.000       0.000       0.000       0.000       0.000       0.000       0.000     416.462       0.000       0.000       0.000      -0.601       0.000     335.123       0.000       0.000
   365    12    31  2023     283       0  hru283               792.783      75.325      75.303     522.002       0.046     522.048       0.048     636.168      48.241     181.342     406.584     521.967       0.000      48.720      24.481      35.665      12.802       0.000       0.000       0.294     690.053       0.000       0.000       0.000     103.302       0.000     521.967       0.000       0.000       0.046       0.000       0.000       0.000       0.000       0.000      -1.271     174.229       5.733       0.000     211.553
   365    12    31  2023     284       0  hru284               792.783      75.325      75.303     471.414       0.000     471.414       0.000     622.913      34.665      76.485     511.763     471.396       0.000      12.069      12.530       8.345       8.344       0.000       0.000       0.294     690.048       0.000       0.000       0.000       0.000       0.000       0.000       0.000     471.396       0.000       0.000       0.000       0.000       0.000       0.000       0.024      79.265       0.000       0.000     265.823
   365    12    31  2023     285       0  hru285               792.783      75.327      75.305     471.173       0.000     471.173       0.000     622.852      34.639      76.445     511.768     471.167       0.000      11.977      12.437       8.251       8.251       0.000       0.000       0.294     690.081       0.000       0.000       0.000       0.000       0.000       0.000       0.000     471.167       0.000       0.000       0.000       0.000       0.000       0.000       0.024      23.238       0.000       0.000     265.559
   365    12    31  2023     286       0  hru286               792.783      75.327      75.305     471.167       0.000     471.167       0.000     622.860      34.638      76.444     511.777     471.163       0.000      11.977      12.436       8.251       8.251       0.000       0.000       0.294     690.081       0.000       0.000       0.000       0.000       0.000       0.000       0.000     471.163       0.000       0.000       0.000       0.000       0.000       0.000       0.024      16.364       0.000       0.000     265.564
   365    12    31  2023     287       0  hru287               792.783      75.325      75.303     471.502       0.000     471.502       0.000     622.453      34.672      76.405     511.377     471.500       0.000      12.270      12.731       8.536       8.536       0.000       0.000       0.294     690.052       0.000       0.000       0.000       0.000       0.000       0.000       0.000     471.500       0.000       0.000       0.000       0.000       0.000       0.000       0.024       6.618       0.000       0.000     265.461
   365    12    31  2023     288       0  hru288               792.783      78.559      78.513       0.384     895.745    1503.905      59.578     617.950      10.904      41.343     565.703       0.384      15.682     440.732     372.213     351.089      52.171       0.000       0.000       0.316     689.942     607.776       0.000       0.001    1384.213       0.000       0.000       0.000       0.384       0.000       0.000     895.745       0.000       0.000       0.000      -3.593       0.012    2370.735       0.000       0.000
   365    12    31  2023     289       0  hru289               792.783      78.608      78.559       0.000     361.645     499.213      37.875     554.819      12.096      52.757     489.967       0.000      15.562     380.057     370.761     299.775      47.590       0.000       0.000       0.316     689.939     137.568       0.000      28.379     268.952       0.000       0.000       0.000       0.000     138.977       0.000     222.669       0.000       0.000       0.000      -0.487       0.000     957.153       0.000       0.000
   365    12    31  2023     290       0  hru290               792.783      78.559      78.513       0.000     241.757     265.879      44.345     483.625       8.463      26.017     449.146       0.000      15.543     376.513     369.892     261.427      28.933       0.000       0.000       0.316     689.939      24.121       0.000       0.000       0.000       0.000       0.000       0.000       0.000       0.000       0.000     241.757       0.000       0.000       0.000      -0.347       0.000     771.995       0.000       0.000
   365    12    31  2023     291       0  hru291               792.783      78.582      78.534       0.629     359.356    1355.669     106.467     597.939      10.391      41.107     546.441       0.628      39.477     426.871     361.873     345.143      36.174       0.000       0.000       0.316     689.934     995.685       0.000     594.543     669.423       0.000       0.000       0.000       0.628       0.000       0.000     359.356       0.000       0.000       0.000      -3.409       0.057    2067.500       0.000       0.000
   365    12    31  2023     292       0  hru292               792.783      78.535      78.489       0.000     335.723     365.734      22.579     550.779      10.455      35.698     504.626       0.000      15.516     402.131     395.951     291.537      71.067       0.000       0.000       0.316     689.935      30.010       0.000       0.005     145.290       0.000       0.000       0.000       0.000     224.750       0.000     110.973       0.000       0.000       0.000      -0.324       0.000     270.150       0.000       0.000
   365    12    31  2023     293       0  hru293               792.783      78.534      78.485       0.000     214.302     235.160      20.401     538.137       9.422      27.309     501.406       0.000      15.518     401.743     394.175     285.203      70.737       0.000       0.000       0.316     689.932      20.858       0.000       0.000       0.000       0.000       0.000       0.000       0.000       0.000     214.302       0.000       0.000       0.000       0.000      -0.397       0.000     172.445       0.000       0.000
   365    12    31  2023     294       0  hru294               792.783      79.399      79.350     207.155      24.459    1259.719      32.112     563.861       6.721     100.784     456.356     207.154      56.522     386.769     255.535     286.219      33.489       0.000       0.000       0.316     689.974    1028.105       0.000     494.597     561.372       0.000       0.000       0.000     207.154       0.000       0.000      24.459       0.000       0.000       0.000      -6.883       7.754    1514.057       0.000       0.000
   365    12    31  2023     295       0  hru295               792.783      78.575      78.526      77.909      55.779     754.832      24.828     563.672       8.104     192.496     363.071      77.908      56.391     393.911     252.655     250.187      29.689       0.000       0.000       0.314     689.982     621.145       0.000     224.393     317.246       0.000       0.000       0.000      77.908       0.000       0.000      55.779       0.000       0.000       0.000      -7.409       0.732    3452.770       0.000       0.000
   365    12    31  2023     296       0  hru296               792.783      72.582      72.561       0.000     358.867     957.409      30.886     566.868      48.989     362.033     155.846       0.000      15.561     413.917     315.643     279.565      45.691       0.000       0.000       0.279     690.124     598.542       0.000      33.371     723.342       0.000       0.000       0.000       0.000       0.000       0.000     358.867       0.000       0.000       0.000      -5.154       0.000     949.799       0.000       0.000
   365    12    31  2023     297       0  hru297               792.783      78.159      78.110       1.721     229.935     724.391      49.890     569.337      11.615     180.819     376.903       1.721      39.465     368.708     248.483     231.749      31.934       0.000       0.000       0.313     689.936     492.735       0.000      84.303     458.721       0.000       0.000       0.000       1.721       0.000       0.000     229.935       0.000       0.000       0.000      -6.306       0.131    1322.896       0.000       0.000
   365    12    31  2023     298       0  hru298               792.783      72.630      72.616       0.000     165.150     266.127      13.859     513.836      50.060     308.865     154.911       0.000      15.548     316.373     312.545     234.682      45.086       0.000       0.000       0.278     690.124     100.977       0.000       0.000       0.000       0.000       0.000       0.000       0.000       0.000       0.000     165.150       0.000       0.000       0.000      -0.201       0.000     437.096       0.000       0.000
   365    12    31  2023     299       0  hru299               792.783      78.559      78.513       0.000     773.217    1373.708      52.383     606.161      10.167      30.284     565.710       0.000      15.509     458.600     413.293     359.236      76.360       0.000       0.000       0.316     689.933     600.491       0.000       0.001    1237.164       0.000       0.000       0.000       0.000       0.000       0.000     773.217       0.000       0.000       0.000      -2.376       0.000     622.194       0.000       0.000
   365    12    31  2023     300       0  hru300               792.783      76.361      76.342       0.000      19.116     415.522       0.852     377.261      22.245     224.844     130.172       0.000      15.558     255.000     255.000     239.318      49.197       0.000       0.000       0.299     689.985     396.405       0.000       0.000       0.000       0.000       0.000       0.000       0.000       0.000       0.000      19.116       0.000       0.000       0.000      -0.000       0.000      50.595       0.000       0.000
   365    12    31  2023     301       0  hru301               792.783      72.674      72.653       0.000     186.038     400.337      19.699     585.222      47.664     376.728     160.830       0.000      15.516     345.513     341.738     267.321      64.202       0.000       0.000       0.279     690.119     214.299       0.000       0.000     211.653       0.000       0.000       0.000       0.000     186.038       0.000       0.000       0.000       0.000       0.000      -0.197       0.000     149.701       0.000       0.000
   365    12    31  2023     302       0  hru302               792.783      78.561      78.515       0.000     319.082     369.867      24.577     553.586      13.066      50.559     489.960       0.000      15.516     402.909     398.871     293.551      70.380       0.000       0.000       0.316     689.936      50.785       0.000       0.000     154.255       0.000       0.000       0.000       0.000       0.000       0.000     319.082       0.000       0.000       0.000      -0.211       0.000     256.760       0.000       0.000
   365    12    31  2023     303       0  hru303               792.783      79.397      79.348       0.000     512.863     581.501      34.963     578.609      23.546     193.064     361.999       0.000      15.467     402.997     397.539     314.353      69.311       0.000       0.000       0.316     689.936      68.637       0.000       2.980     398.147       0.000       0.000       0.000       0.000       0.000       0.000     512.863       0.000       0.000       0.000      -0.286       0.000     412.692       0.000       0.000
   365    12    31  2023     304       0  hru304               792.783      74.582      74.566       0.000     367.073     381.851      16.559     564.344      82.336     462.228      19.780       0.000      15.427     372.714     332.200     236.230      44.033       0.000       0.000       0.290     690.057      14.778       0.000       1.384     165.821       0.000       0.000       0.000       0.000     256.426       0.000     110.647       0.000       0.000       0.000      -2.125       0.000     971.518       0.000       0.000
   365    12    31  2023     305       0  hru305               792.783      74.581      74.565       1.095       4.410     203.757      30.581     559.234      82.336     461.438      15.460       1.094      55.393     350.287     346.376     283.469      33.046       0.000       0.000       0.290     690.056     198.253       0.000       0.000       0.000       0.000       0.000       0.000       1.094       0.000       0.000       4.410       0.000       0.000       0.000      -0.205       0.238     543.741       0.000       0.000
   365    12    31  2023     306       0  hru306               792.783      74.581      74.565      10.967     426.796     695.918      34.562     568.211      82.336     464.009      21.865      10.967      15.571     487.492     370.996     274.931      45.065       0.000       0.000       0.290     690.055     258.155       0.000     194.097     303.937       0.000       0.000       0.000      10.967       0.000       0.000     426.796       0.000       0.000       0.000      -6.110       2.033    1129.585       0.000       0.000
   365    12    31  2023     307       0  hru307               792.783      74.581      74.565    3526.188      49.872    5888.194      74.634     592.228      82.336     463.701      46.191    3525.449      71.233     730.579     645.188     521.755      78.722       0.000       0.000       0.290     690.056    2312.133       0.000    1843.067    3913.833       0.000    3525.449       0.000       0.000      49.872       0.000       0.000       0.000       0.000       0.000      -4.479     752.131    6149.725       0.000       0.000
   365    12    31  2023     308       0  hru308               792.783      74.581      74.565   15259.112      69.608   18202.312      95.914     627.984      82.336     460.955      84.693   15258.695      81.741     730.579     730.579     610.403     104.063       0.000       0.000       0.290     690.055    2873.592       0.000       6.790   18126.082       0.000       0.000       0.000   15258.695       0.000       0.000      69.608       0.000       0.000       0.000      -0.001    1065.637    8583.370       0.000       0.000
   365    12    31  2023     309       0  hru309               792.783      74.581      74.566       0.000     206.868     240.051      20.500     562.814      82.336     462.343      18.136       0.000      15.427     373.645     332.947     241.961      43.359       0.000       0.000       0.290     690.056      33.183       0.000       0.000      27.680       0.000       0.000       0.000       0.000       0.000       0.000     206.868       0.000       0.000       0.000      -2.135       0.000     547.509       0.000       0.000
   365    12    31  2023     310       0  hru310               792.783      74.583      74.567       6.366      34.439     317.225      32.707     561.261      82.332     461.741      17.187       6.366      55.393     345.475     340.807     286.591      25.928       0.000       0.000       0.290     690.083     276.419       0.000      72.863      44.295       0.000       0.000       0.000       6.366       0.000       0.000      34.439       0.000       0.000       0.000      -0.245       1.619    2131.802       0.000       0.000
   365    12    31  2023     311       0  hru311               792.783      74.583      74.567       0.000     274.873     298.783      17.841     564.390      82.332     462.996      19.062       0.000      15.427     373.067     328.717     238.639      43.806       0.000       0.000       0.290     690.082      23.910       0.000      11.436      73.847       0.000       0.000       0.000       0.000       0.000     106.862     168.011       0.000       0.000       0.000      -2.326       0.000     727.497       0.000       0.000
   365    12    31  2023     312       0  hru312               792.783      74.581      74.565       1.095      12.911     204.098      30.205     559.245      82.336     461.437      15.472       1.094      55.393     350.266     346.358     281.776      33.053       0.000       0.000       0.290     690.056     190.092       0.000       0.000       0.000       0.000       1.094       0.000       0.000      12.911       0.000       0.000       0.000       0.000       0.000      -0.205       0.050    1592.078       0.000       0.000
   365    12    31  2023     313       0  hru313               792.783      74.583      74.567       0.000     229.329     229.415       6.578     559.147      82.333     458.208      18.607       0.000      15.429     332.634     292.958     210.235      43.164       0.000       0.000       0.290     690.081       0.085       0.000       0.000       0.000       0.000       0.000       0.000       0.000     229.329       0.000       0.000       0.000       0.000       0.000      -2.081       0.000     606.956       0.000       0.000
   365    12    31  2023     314       0  hru314               792.783      76.537      76.502       0.010       2.978     304.498       0.382     488.829      19.016     233.295     236.518       0.010      39.567     192.500     192.500     170.424      25.345       0.000       0.000       0.304     689.987     301.510       0.000       0.000       0.000       0.000       0.000       0.000       0.010       0.000       0.000       2.978       0.000       0.000       0.000       0.001       0.001      44.988       0.000       0.000
