 Mini_CREATE               SWAT+ Jan 11 2024        MODULAR Rev 2024.61.0                                 
  jday   mon   day    yr    unit  gis_id  name                  precip     snofall      snomlt    surq_gen        latq    wateryld        perc          et     ecanopy      eplant       esoil   surq_cont          cn     sw_init    sw_final      sw_ave      sw_300    sno_init   sno_final     snopack         pet       qtile         irr  surq_runon  latq_runon    overbank    surq_cha    surq_res     surq_ls    latq_cha    latq_res     latq_ls     gwsoilq       satex  satex_chan   sw_change     lagsurf     laglatq    lagsatex    wet_evap
                                                                  mm            mm          mm          mm          mm          mm          mm          mm          mm          mm          mm          mm         ---          mm          mm          mm          mm          mm          mm          mm          mm          mm          mm          mm          mm          mm          mm          mm          mm          mm          mm          mm          mm          mm          mm          mm          mm          mm          mm          mm
   365    12    31  2023       1       0  hru001               792.783      47.884      47.868      26.683      15.910      42.592     201.260     553.444      82.347     455.327      15.771      26.678      77.861     383.796     299.679     218.344      26.305       0.000       0.000       0.260     690.130       0.000       0.000       0.000       0.000       0.000       0.000       0.000      26.678       0.000       0.000      15.910       0.000       0.000       0.000      -4.412       2.219     984.834       0.000       0.000
   365    12    31  2023       2       0  hru002               792.783      47.884      47.868      27.791      15.127      42.918     198.923     555.452      82.347     457.478      15.627      27.785      78.040     390.527     306.393     225.300      25.127       0.000       0.000       0.260     690.130       0.000       0.000       0.000       0.000       0.000       0.000       0.000      27.785       0.000       0.000      15.127       0.000       0.000       0.000      -4.413       2.850     936.384       0.000       0.000
   365    12    31  2023       3       0  hru003               792.783      47.883      47.867       0.000     358.258     358.258     110.775     544.015      82.349     443.602      18.064       0.000      28.812     337.775     281.354     182.259      27.141       0.000       0.000       0.260     690.117       0.000       0.000       0.000     216.996       0.000       0.000       0.000       0.000       0.000       0.000     358.258       0.000       0.000       0.000      -2.959       0.000    1144.011       0.000       0.000
   365    12    31  2023       4       0  hru004               792.783      47.884      47.868       0.000     221.627     221.627      14.035     558.607      82.346     457.746      18.516       0.000      24.013     285.759     265.698     199.273      43.375       0.000       0.000       0.260     690.138       0.000       0.000       0.000       0.000       0.000       0.000       0.000       0.000       0.000       0.000     221.627       0.000       0.000       0.000      -1.052       0.000     586.571       0.000       0.000
   365    12    31  2023       5       0  hru005               792.783      47.884      47.868       0.000     208.094     208.094      27.850     558.576      82.346     458.006      18.225       0.000      25.189     307.733     280.142     204.617      43.497       0.000       0.000       0.260     690.133       0.000       0.000       0.000       0.000       0.000       0.000       0.000       0.000       0.000       0.000     208.094       0.000       0.000       0.000      -1.447       0.000     550.754       0.000       0.000
   365    12    31  2023       6       0  hru006               792.783      47.883      47.867       0.000     216.518     216.518      19.281     558.558      82.347     457.838      18.372       0.000      24.475     294.708     271.554     201.512      43.438       0.000       0.000       0.260     690.125       0.000       0.000       0.000       0.000       0.000       0.000       0.000       0.000       0.000       0.000     216.518       0.000       0.000       0.000      -1.214       0.000     573.050       0.000       0.000
   365    12    31  2023       7       0  hru007               792.783      47.884      47.868       0.000     192.317     192.317      43.852     558.717      82.346     458.311      18.060       0.000      26.506     328.477     292.679     209.823      43.553       0.000       0.000       0.260     690.134       0.000       0.000       0.000       0.000       0.000       0.000       0.000       0.000       0.000       0.000     192.317       0.000       0.000       0.000      -1.878       0.000     508.999       0.000       0.000
   365    12    31  2023       8       0  hru008               792.783      47.884      47.868       0.000     222.347     222.347      13.293     558.616      82.346     457.728      18.542       0.000      23.945     284.413     264.863     198.920      43.362       0.000       0.000       0.260     690.139       0.000       0.000       0.000       0.000       0.000       0.000       0.000       0.000       0.000       0.000     222.347       0.000       0.000       0.000      -1.025       0.000     588.477       0.000       0.000
   365    12    31  2023       9       0  hru009               792.783      47.883      47.867     104.285     138.767     243.052     435.336     565.195      82.349     460.992      21.854     104.140      75.446     536.106     398.227     318.678      31.410       0.000       0.000       0.260     690.112       0.000       0.000     296.771     145.869       0.000     104.140       0.000       0.000     138.767       0.000       0.000       0.000       0.000       0.000      -7.231      36.484    2096.119       0.000       0.000
   365    12    31  2023      10       0  hru010               792.783      47.884      47.868       0.000     190.531     190.531      45.658     558.740      82.345     458.351      18.043       0.000      26.655     330.566     293.864     210.380      43.556       0.000       0.000       0.260     690.143       0.000       0.000       0.000       0.000       0.000       0.000       0.000       0.000       0.000       0.000     190.531       0.000       0.000       0.000      -1.925       0.000     504.271       0.000       0.000
   365    12    31  2023      11       0  hru011               792.783      47.883      47.867       0.000     191.988     191.988      44.212     558.694      82.349     458.285      18.059       0.000      26.537     328.891     292.934     209.950      43.555       0.000       0.000       0.260     690.112       0.000       0.000       0.000       0.000       0.000       0.000       0.000       0.000       0.000       0.000     191.988       0.000       0.000       0.000      -1.886       0.000     508.127       0.000       0.000
   365    12    31  2023      12       0  hru012               792.783      47.882      47.866       0.115     146.067     146.182      90.233     559.441      82.351     459.368      17.722       0.115      30.338     370.529     314.528     223.880      43.615       0.000       0.000       0.260     690.101       0.000       0.000       0.000       0.000       0.000       0.000       0.000       0.115       0.000       0.000     146.067       0.000       0.000       0.000      -2.937       0.007     386.589       0.000       0.000
   365    12    31  2023      13       0  hru013               792.783      47.882      47.866       0.000     200.326     200.326      35.757     558.612      82.350     458.123      18.138       0.000      25.842     318.503     286.871     207.269      43.532       0.000       0.000       0.260     690.105       0.000       0.000       0.000       0.000       0.000       0.000       0.000       0.000       0.000       0.000     200.326       0.000       0.000       0.000      -1.659       0.000     530.195       0.000       0.000
   365    12    31  2023      14       0  hru014               792.783      47.882      47.866       0.000     196.949     196.949      39.186     558.640      82.350     458.185      18.105       0.000      26.123     322.842     289.449     208.369      43.542       0.000       0.000       0.260     690.105       0.000       0.000       0.000       0.000       0.000       0.000       0.000       0.000       0.000       0.000     196.949       0.000       0.000       0.000      -1.751       0.000     521.257       0.000       0.000
   365    12    31  2023      15       0  hru015               792.783      47.883      47.867       0.000     209.279     209.279      26.656     558.559      82.348     457.969      18.243       0.000      25.091     306.009     279.043     204.213      43.492       0.000       0.000       0.260     690.122       0.000       0.000       0.000       0.000       0.000       0.000       0.000       0.000       0.000       0.000     209.279       0.000       0.000       0.000      -1.414       0.000     553.891       0.000       0.000
   365    12    31  2023      16       0  hru016               792.783      47.883      47.867      61.756    1061.208    1122.964     529.441     557.716      82.349     449.729      25.639      61.737      68.444     585.427     369.782     256.195      32.329       0.000       0.000       0.260     690.118       0.000       0.000       2.034    1403.054       0.000       0.000       0.000      61.737       0.000       0.000    1061.208       0.000       0.000       0.000     -11.310       4.730    3630.757       0.000       0.000
   365    12    31  2023      17       0  hru017               792.783      47.883      47.867       0.000     212.414     212.414      44.037     537.848      82.348     439.086      16.414       0.000      25.059     270.351     244.809     162.961      28.494       0.000       0.000       0.260     690.121       0.000       0.000       0.000       0.000       0.000       0.000       0.000       0.000       0.000       0.000     212.414       0.000       0.000       0.000      -1.340       0.000     635.260       0.000       0.000
   365    12    31  2023      18       0  hru018               792.783      47.883      47.867      42.909     772.995     815.904     325.147     563.260      82.348     459.366      21.545      42.908      41.776     470.120     383.124     252.132      28.830       0.000       0.000       0.260     690.123       0.000       0.000      61.198     845.428       0.000       0.000       0.000      42.908       0.000       0.000     772.995       0.000       0.000       0.000      -4.563       1.449    2468.376       0.000       0.000
   365    12    31  2023      19       0  hru019               792.783      47.882      47.866      64.361    1160.723    1225.083     342.661     575.340      82.351     465.574      27.415      64.320      54.204     472.394     377.643     319.620      50.786       0.000       0.000       0.260     690.097       0.000       0.000     441.309     903.226       0.000      64.320       0.000       0.000    1160.723       0.000       0.000       0.000       0.000       0.000      -4.970       7.743    3072.043       0.000       0.000
   365    12    31  2023      20       0  hru020               792.783      47.883      47.867      23.140    1135.596    1158.736     352.423     564.170      82.348     458.137      23.685      23.138      43.319     507.522     358.760     256.991      29.573       0.000       0.000       0.260     690.121       0.000       0.000      35.755    1238.014       0.000       0.000       0.000      23.138       0.000       0.000    1135.596       0.000       0.000       0.000      -7.802       1.510    3626.256       0.000       0.000
   365    12    31  2023      21       0  hru021               792.783      47.883      47.867       0.000     170.793     170.794      85.664     538.801      82.349     440.395      16.058       0.000      27.168     311.756     267.286     173.517      26.568       0.000       0.000       0.260     690.116       0.000       0.000       0.000       0.000       0.000       0.000       0.000       0.000       0.000       0.000     170.793       0.000       0.000       0.000      -2.332       0.000     545.388       0.000       0.000
   365    12    31  2023      22       0  hru022               792.783      47.883      47.867       0.000     163.645     163.645      92.450     539.326      82.349     440.957      16.019       0.000      27.531     317.748     270.099     175.628      26.569       0.000       0.000       0.260     690.113       0.000       0.000       0.000       0.000       0.000       0.000       0.000       0.000       0.000       0.000     163.645       0.000       0.000       0.000      -2.499       0.000     522.561       0.000       0.000
   365    12    31  2023      23       0  hru023               792.783      47.882      47.866       0.031     152.444     152.475      77.683     565.297      82.351     463.119      19.827       0.031      28.764     383.551     333.689     244.009      64.508       0.000       0.000       0.260     690.099       0.000       0.000       0.000       0.000       0.000       0.000       0.000       0.031       0.000       0.000     152.444       0.000       0.000       0.000      -2.615       0.003     122.669       0.000       0.000
   365    12    31  2023      24       0  hru024               792.783      47.882      47.866       0.065     140.205     140.270      89.990     565.378      82.351     463.270      19.757       0.064      29.697     391.611     338.114     247.636      64.516       0.000       0.000       0.260     690.099       0.000       0.000       0.000       0.000       0.000       0.000       0.000       0.064       0.000       0.000     140.205       0.000       0.000       0.000      -2.806       0.018     112.821       0.000       0.000
   365    12    31  2023      25       0  hru025               792.783      47.883      47.867       0.000     209.317     209.318      48.295     536.750      82.349     438.135      16.266       0.000      25.267     272.792     245.902     162.269      26.561       0.000       0.000       0.260     690.115       0.000       0.000       0.000       0.000       0.000       0.000       0.000       0.000       0.000       0.000     209.317       0.000       0.000       0.000      -1.410       0.000     668.406       0.000       0.000
   365    12    31  2023      26       0  hru026               792.783      47.882      47.866       0.000     173.367     173.367      94.877     539.515      82.351     441.011      16.153       0.000      27.685     320.333     271.866     176.454      26.611       0.000       0.000       0.260     690.099       0.000       0.000       0.000      12.288       0.000       0.000       0.000       0.000       0.000       0.000     173.367       0.000       0.000       0.000      -2.542       0.000     553.606       0.000       0.000
   365    12    31  2023      27       0  hru027               792.783      47.882      47.866       1.146     118.300     119.446     149.045     527.201      82.351     428.267      16.583       1.146      55.109     311.461     258.392     156.422      28.476       0.000       0.000       0.260     690.099       0.000       0.000       0.000       0.000       0.000       0.525       0.000       0.621      54.180       0.000      64.120       0.000       0.000       0.000      -2.783       0.243     680.621       0.000       0.000
   365    12    31  2023      28       0  hru028               792.783      47.884      47.868       0.000     212.244     212.245      45.380     536.675      82.345     438.049      16.281       0.000      25.124     269.288     243.655     161.395      26.559       0.000       0.000       0.260     690.142       0.000       0.000       0.000       0.000       0.000       0.000       0.000       0.000       0.000       0.000     212.244       0.000       0.000       0.000      -1.344       0.000     677.752       0.000       0.000
   365    12    31  2023      29       0  hru029               792.783      47.882      47.866       1.018     219.972     220.989      84.775     523.593      82.352     423.613      17.628       1.017      52.290     264.415     228.072     137.876      28.622       0.000       0.000       0.260     690.092       0.000       0.000       6.265      28.145       0.000       1.017       0.000       0.000     219.972       0.000       0.000       0.000       0.000       0.000      -1.906       0.005    1265.575       0.000       0.000
   365    12    31  2023      30       0  hru030               792.783      47.882      47.866       5.342      72.269      77.611     168.723     551.358      82.352     452.952      16.055       5.342      60.753     383.409     294.204     212.810      26.235       0.000       0.000       0.260     690.094       0.000       0.000       0.000       0.000       0.000       0.000       0.000       5.342       0.000       0.000      72.269       0.000       0.000       0.000      -4.679       0.029    1091.653       0.000       0.000
   365    12    31  2023      31       0  hru031               792.783      47.882      47.866      31.021     776.490     807.511     146.803     568.545      82.350     464.727      21.468      31.019      31.643     432.668     275.101     206.268      30.680       0.000       0.000       0.260     690.105       0.000       0.000     192.126     528.268       0.000       0.000       0.000      31.019       0.000       0.000     776.490       0.000       0.000       0.000      -8.264       1.675    2322.228       0.000       0.000
   365    12    31  2023      32       0  hru032               792.783      47.204      47.189      23.675      39.642      63.317     178.243     555.754      87.823     411.762      56.170      23.673      76.944     375.769     294.852     208.353      26.112       0.000       0.000       0.255     690.153       0.000       0.000       0.000       0.000       0.000       0.000       0.000      23.673       0.000       0.000      39.642       0.000       0.000       0.000      -4.244       0.555    2453.876       0.000       0.000
   365    12    31  2023      33       0  hru033               792.783      47.242      47.227       0.000     185.293     185.293      59.498     549.951      87.134     404.499      58.317       0.000      25.894     286.689     252.484     168.962      26.343       0.000       0.000       0.255     690.112       0.000       0.000       0.000       0.000       0.000       0.000       0.000       0.000       0.000       0.000     185.293       0.000       0.000       0.000      -1.794       0.000     591.689       0.000       0.000
   365    12    31  2023      34       0  hru034               792.783      50.547      50.527       1.962     263.340     265.302     194.459     334.212      35.871     137.599     160.741       1.962      62.425     332.789     311.160     234.409      35.016       0.000       0.000       0.279     690.043       0.000       0.000       0.000       0.000       0.000       0.000       0.000       1.962       0.000       0.000     263.340       0.000       0.000       0.000      -1.134       0.036    1925.192       0.000       0.000
   365    12    31  2023      35       0  hru035               792.783      50.547      50.527       0.000     370.074     370.074      91.827     331.919      35.871     137.405     158.644       0.000      30.017     275.150     256.965     210.489      31.709       0.000       0.000       0.279     690.045       0.000       0.000       0.000       0.000       0.000       0.000       0.000       0.000       0.000       0.000     370.074       0.000       0.000       0.000      -0.954       0.000    1181.743       0.000       0.000
   365    12    31  2023      36       0  hru036               792.783      50.547      50.527       0.012     212.543     212.555     249.916     331.538      35.873     137.408     158.258       0.011      38.381     359.846     336.919     251.783      31.707       0.000       0.000       0.279     690.029       0.000       0.000       0.000       0.000       0.000       0.000       0.000       0.011       0.000       0.000     212.543       0.000       0.000       0.000      -1.202       0.001     678.705       0.000       0.000
   365    12    31  2023      37       0  hru037               792.783      50.546      50.527      21.046      56.202      77.247     380.241     335.954      35.873     137.301     162.780      21.045      77.053     422.230     409.571     313.148      31.546       0.000       0.000       0.279     690.026       0.000       0.000       0.000       0.000       0.000       0.000       0.000      21.045       0.000       0.000      56.202       0.000       0.000       0.000      -0.664       0.459     848.948       0.000       0.000
   365    12    31  2023      38       0  hru038               792.783      50.546      50.527       0.000     329.568     329.569     132.429     331.876      35.873     137.398     158.604       0.000      32.037     300.973     281.254     221.110      31.713       0.000       0.000       0.279     690.023       0.000       0.000       0.000       0.000       0.000       0.000       0.000       0.000     184.232       0.000     145.336       0.000       0.000       0.000      -1.034       0.000    1052.399       0.000       0.000
   365    12    31  2023      39       0  hru039               792.783      50.546      50.527       0.000     379.102     379.103      82.792     331.915      35.873     137.396     158.646       0.000      29.584     268.978     251.160     208.127      31.705       0.000       0.000       0.279     690.023       0.000       0.000       0.000       0.000       0.000       0.000       0.000       0.000       0.000       0.000     379.102       0.000       0.000       0.000      -0.935       0.000    1210.574       0.000       0.000
   365    12    31  2023      40       0  hru040               792.783      50.547      50.528     106.213      60.558     166.771     398.339     339.374      35.867     137.584     165.923     106.211      88.485     419.433     403.928     322.654      31.698       0.000       0.000       0.279     690.080       0.000       0.000      41.487      69.467       0.000       0.000       0.000     106.211       0.000       0.000      60.558       0.000       0.000       0.000      -0.813       1.564    3748.606       0.000       0.000
   365    12    31  2023      41       0  hru041               792.783      50.547      50.527       0.717     534.255     534.972     258.006     353.718      35.873     137.660     180.186       0.717      39.383     381.573     317.190     256.476      33.409       0.000       0.000       0.279     690.032       0.000       0.000     120.984     229.339       0.000       0.000       0.000       0.717       0.000       0.000     534.255       0.000       0.000       0.000      -3.377       0.119    1706.017       0.000       0.000
   365    12    31  2023      42       0  hru042               792.783      50.547      50.527      22.296      46.236      68.531     388.389     336.485      35.873     137.302     163.310      22.293      77.480     424.514     412.580     315.974      31.605       0.000       0.000       0.279     690.028       0.000       0.000       0.000       0.000       0.000       0.000       0.000      22.293       0.000       0.000      46.236       0.000       0.000       0.000      -0.626       1.542     698.404       0.000       0.000
   365    12    31  2023      43       0  hru043               792.783      48.403      48.384     516.672       0.015     516.688       0.000     597.409      44.729     128.983     423.698     516.671       0.000      30.160      22.573      19.341      10.109       0.000       0.000       0.263     690.121       0.000       0.000       0.000      51.493       0.000       0.000       0.000     516.671       0.000       0.000       0.015       0.000       0.000       0.000      -0.398       7.429       0.234       0.000     220.900
   365    12    31  2023      44       0  hru044               792.783      48.403      48.385     528.548      19.056     547.604     107.173     773.021      49.875     320.983     402.162     528.542       0.000     152.406      67.062     146.307      15.656       0.000       0.000       0.263     690.125       0.000       0.000       0.000     387.664       0.000       0.000       0.000     528.542       0.000       0.000      19.056       0.000       0.000       0.000      -4.476      22.196     287.850       0.000     188.776
   365    12    31  2023      45       0  hru045               792.783      48.403      48.384     471.353       0.000     471.353       0.000     622.596      34.675      76.553     511.368     471.349       0.000      11.942      12.435       8.252       8.252       0.000       0.000       0.263     690.112       0.000       0.000       0.000       0.000       0.000       0.000       0.000     471.349       0.000       0.000       0.000       0.000       0.000       0.000       0.026      18.154       0.000       0.000     265.456
   365    12    31  2023      46       0  hru046               792.783      48.402      48.383     525.399      29.826     555.226      14.968     678.270      49.876     226.225     402.169     525.391       0.000     137.031      82.757      65.593      14.863       0.000       0.000       0.263     690.099       0.000       0.000       0.000     193.677       0.000       0.000       0.000     525.391       0.000       0.000      29.826       0.000       0.000       0.000      -2.847      39.076     102.047       0.000     208.086
   365    12    31  2023      47       0  hru047               792.783      48.402      48.383     471.653       0.000     471.653       0.000     622.193      34.703      76.506     510.983     471.641       0.000      12.237      12.730       8.538       8.538       0.000       0.000       0.263     690.090       0.000       0.000       0.000       0.000       0.000     471.641       0.000       0.000       0.000       0.000       0.000       0.000       0.000       0.000       0.026      51.889       0.000       0.000     265.317
   365    12    31  2023      48       0  hru048               792.783      48.402      48.383     473.594       0.000     473.594       0.000     620.068      35.086      75.743     509.239     473.585       0.000      13.736      14.229       9.903       9.903       0.000       0.000       0.263     690.085       0.000       0.000       0.000       0.000       0.000       0.000     473.585       0.000       0.000       0.000       0.000       0.000       0.000       0.000       0.026      35.828       0.000       0.000     264.754
   365    12    31  2023      49       0  hru049               792.783      48.402      48.383     476.201       0.000     476.201       0.000     614.597      35.588      76.014     502.995     476.198       0.000      13.298      13.728       9.623       9.623       0.000       0.000       0.263     690.098       0.000       0.000       0.000       0.000       0.000     476.198       0.000       0.000       0.000       0.000       0.000       0.000       0.000       0.000       0.023       8.786       0.000       0.000     261.390
   365    12    31  2023      50       0  hru050               792.783      48.402      48.383     476.199       0.000     476.199       0.000     614.600      35.588      76.014     502.998     476.198       0.000      13.297      13.728       9.623       9.623       0.000       0.000       0.263     690.097       0.000       0.000       0.000       0.000       0.000       0.000       0.000     476.198       0.000       0.000       0.000       0.000       0.000       0.000       0.023       3.026       0.000       0.000     261.393
   365    12    31  2023      51       0  hru051               792.783      48.403      48.384     476.212       0.000     476.212       0.000     614.553      35.586      76.011     502.956     476.203       0.000      13.301      13.731       9.625       9.625       0.000       0.000       0.263     690.116       0.000       0.000       0.000       0.000       0.000       0.000       0.000     476.203       0.000       0.000       0.000       0.000       0.000       0.000       0.023      36.562       0.000       0.000     261.354
   365    12    31  2023      52       0  hru052               792.783      48.403      48.384     520.583       0.683     521.266       0.393     655.384      48.252     197.464     409.668     520.573       0.000      79.242      33.002      50.690      15.941       0.000       0.000       0.263     690.122       0.000       0.000       0.000     119.685       0.000       0.000       0.000     520.573       0.000       0.000       0.683       0.000       0.000       0.000      -2.425      43.619       1.809       0.000     212.833
   365    12    31  2023      53       0  hru053               792.783      48.402      48.383     699.073     777.365    1476.439     360.341     801.807      49.878     342.311     409.618     699.040       0.000     576.882     291.044     254.855      39.390       0.000       0.000       0.263     690.097       0.000       0.000       0.000    1565.912       0.000       0.000       0.000     699.040       0.000       0.000     777.365       0.000       0.000       0.000     -14.992      90.356    2057.424       0.000     209.784
   365    12    31  2023      54       0  hru054               792.783      48.402      48.383     476.207       0.000     476.207       0.000     614.605      35.589      76.014     503.002     476.198       0.000      13.297      13.727       9.623       9.623       0.000       0.000       0.263     690.096       0.000       0.000       0.000       0.000       0.000       0.000       0.000     476.198       0.000       0.000       0.000       0.000       0.000       0.000       0.023      40.086       0.000       0.000     261.396
   365    12    31  2023      55       0  hru055               792.783      47.884      47.868      22.514      52.629      75.143     173.041     549.224      82.346     451.016      15.862      22.492      76.528     373.066     291.975     205.251      26.314       0.000       0.000       0.260     690.134       0.000       0.000       0.000       0.000       0.000       0.000       0.000      22.492       0.000       0.000      52.629       0.000       0.000       0.000      -4.253      12.573    3257.821       0.000       0.000
   365    12    31  2023      56       0  hru056               792.783      47.884      47.868       0.000     212.032     212.032      23.845     558.563      82.347     457.931      18.286       0.000      24.857     301.849     276.292     203.215      43.474       0.000       0.000       0.260     690.131       0.000       0.000       0.000       0.000       0.000       0.000       0.000       0.000       0.000       0.000     212.032       0.000       0.000       0.000      -1.340       0.000     561.178       0.000       0.000
   365    12    31  2023      57       0  hru057               792.783      47.885      47.869      24.386      35.608      59.994     186.058     551.381      82.344     453.229      15.808      24.359      77.146     378.362     294.573     211.279      26.305       0.000       0.000       0.260     690.148       0.000       0.000       0.000       0.000       0.000       0.000       0.000      24.359       0.000       0.000      35.608       0.000       0.000       0.000      -4.395      15.376    2204.163       0.000       0.000
   365    12    31  2023      58       0  hru058               792.783      47.885      47.869      63.117      61.389     124.506     215.185     557.037      82.344     457.888      16.805      63.086      78.621     391.101     316.366     225.850      26.629       0.000       0.000       0.260     690.149       0.000       0.000      63.495      36.202       0.000       0.000       0.000      63.086       0.000       0.000      61.389       0.000       0.000       0.000      -3.920      22.517    3800.037       0.000       0.000
   365    12    31  2023      59       0  hru059               792.783      47.884      47.868      25.679      24.496      50.175     194.631     552.584      82.344     454.459      15.781      25.652      77.554     381.503     297.097     215.289      26.305       0.000       0.000       0.260     690.145       0.000       0.000       0.000       0.000       0.000       0.000       0.000      25.652       0.000       0.000      24.496       0.000       0.000       0.000      -4.427      15.661    1516.322       0.000       0.000
   365    12    31  2023      60       0  hru060               792.783      47.884      47.868      15.822     167.541     183.363     185.001     556.347      82.346     456.423      17.578      15.813      61.984     402.904     305.298     220.469      26.693       0.000       0.000       0.260     690.137       0.000       0.000      16.027     110.072       0.000       0.000       0.000      15.813       0.000       0.000     167.541       0.000       0.000       0.000      -5.119       6.518    2530.765       0.000       0.000
   365    12    31  2023      61       0  hru061               792.783      47.883      47.867       4.871     218.786     223.657     132.008     525.330      82.349     424.987      17.994       4.870      54.884     317.097     247.360     146.816      26.625       0.000       0.000       0.260     690.113       0.000       0.000      20.933      63.424       0.000       0.000       0.000       4.870       0.000       0.000     218.786       0.000       0.000       0.000      -3.658       3.985     748.544       0.000       0.000
   365    12    31  2023      62       0  hru062               792.783      47.883      47.867     224.997     447.296     672.294     174.067     543.856      82.350     440.903      20.604     224.918      57.392     372.123     246.663     164.137      28.424       0.000       0.000       0.260     690.109       0.000       0.000     384.680     205.538       0.000     224.918       0.000       0.000     447.296       0.000       0.000       0.000       0.000       0.000      -6.580     138.971    1530.355       0.000       0.000
   365    12    31  2023      63       0  hru063               792.783      47.884      47.868      27.403      36.996      64.399     258.864     559.413      82.347     460.007      17.060      27.344      66.369     436.401     324.374     249.677      26.918       0.000       0.000       0.260     690.130       0.000       0.000      21.974      61.833       0.000       0.000       0.000      27.344       0.000       0.000      36.996       0.000       0.000       0.000      -5.876      26.431     558.836       0.000       0.000
   365    12    31  2023      64       0  hru064               792.783      47.884      47.868       0.000     222.226     222.226      13.419     558.614      82.346     457.731      18.537       0.000      23.956     284.642     265.003     198.981      43.365       0.000       0.000       0.260     690.138       0.000       0.000       0.000       0.000       0.000       0.000       0.000       0.000       0.000       0.000     222.226       0.000       0.000       0.000      -1.030       0.000     588.156       0.000       0.000
   365    12    31  2023      65       0  hru065               792.783      47.884      47.868       0.000     220.292     220.292      15.409     558.592      82.346     457.774      18.472       0.000      24.138     288.196     267.256     199.899      43.394       0.000       0.000       0.260     690.136       0.000       0.000       0.000       0.000       0.000       0.000       0.000       0.000       0.000       0.000     220.292       0.000       0.000       0.000      -1.098       0.000     583.039       0.000       0.000
   365    12    31  2023      66       0  hru066               792.783      47.884      47.868       0.000     225.206     225.206      10.342     558.647      82.346     457.630      18.670       0.000      23.656     278.833     261.649     197.358      43.300       0.000       0.000       0.260     690.134       0.000       0.000       0.000       0.000       0.000       0.000       0.000       0.000       0.000       0.000     225.206       0.000       0.000       0.000      -0.901       0.000     596.044       0.000       0.000
   365    12    31  2023      67       0  hru067               792.783      47.883      47.867       0.000     222.536     222.536      33.983     537.575      82.347     438.738      16.490       0.000      24.575     257.537     236.219     159.942      28.489       0.000       0.000       0.260     690.126       0.000       0.000       0.000       0.000       0.000       0.000       0.000       0.000       0.000       0.000     222.536       0.000       0.000       0.000      -1.118       0.000     665.531       0.000       0.000
   365    12    31  2023      68       0  hru068               792.783      47.883      47.867       0.000     203.599     203.599      32.426     558.594      82.349     458.070      18.174       0.000      25.567     314.099     284.183     206.172      43.519       0.000       0.000       0.260     690.114       0.000       0.000       0.000       0.000       0.000       0.000       0.000       0.000       0.000       0.000     203.599       0.000       0.000       0.000      -1.569       0.000     538.857       0.000       0.000
   365    12    31  2023      69       0  hru069               792.783      47.883      47.867       0.000     188.932     188.933      47.317     558.716      82.349     458.334      18.032       0.000      26.793     332.430     294.951     210.918      43.562       0.000       0.000       0.260     690.111       0.000       0.000       0.000       0.000       0.000       0.000       0.000       0.000       0.000       0.000     188.932       0.000       0.000       0.000      -1.966       0.000     500.040       0.000       0.000
   365    12    31  2023      70       0  hru070               792.783      47.883      47.867       0.014     173.232     173.246      63.193     558.883      82.350     458.621      17.912       0.014      28.104     348.664     303.705     215.734      43.588       0.000       0.000       0.260     690.109       0.000       0.000       0.000       0.000       0.000       0.000       0.000       0.014       0.000       0.000     173.232       0.000       0.000       0.000      -2.358       0.010     458.487       0.000       0.000
   365    12    31  2023      71       0  hru071               792.783      47.883      47.867       0.042     163.080     163.122      73.350     559.060      82.349     458.875      17.836       0.042      28.942     357.642     308.310     218.776      43.600       0.000       0.000       0.260     690.112       0.000       0.000       0.000       0.000       0.000       0.000       0.000       0.042       0.000       0.000     163.080       0.000       0.000       0.000      -2.587       0.034     431.618       0.000       0.000
   365    12    31  2023      72       0  hru072               792.783      47.883      47.867       0.000     193.410     193.411      42.770     558.679      82.350     458.257      18.072       0.000      26.418     327.192     291.964     209.500      43.552       0.000       0.000       0.260     690.109       0.000       0.000       0.000       0.000       0.000       0.000       0.000       0.000       0.000       0.000     193.410       0.000       0.000       0.000      -1.848       0.000     511.892       0.000       0.000
   365    12    31  2023      73       0  hru073               792.783      47.883      47.867     192.781      39.141     231.922     466.123     568.288      82.348     461.500      24.440     192.492      88.228     537.091     502.656     344.436      30.262       0.000       0.000       0.260     690.119       0.000       0.000     471.234       0.000       0.000       0.000       0.000     192.492       0.000       0.000      39.141       0.000       0.000       0.000      -1.806     163.033    2422.868       0.000       0.000
   365    12    31  2023      74       0  hru074               792.783      47.884      47.868      26.722      23.786      50.508     192.181     554.698      82.346     456.713      15.639      26.689      77.724     388.240     303.851     222.137      25.128       0.000       0.000       0.260     690.133       0.000       0.000       0.000       0.000       0.000       0.000       0.000      26.689       0.000       0.000      23.786       0.000       0.000       0.000      -4.426      18.829    1472.373       0.000       0.000
   365    12    31  2023      75       0  hru075               792.783      47.884      47.868      44.486      27.777      72.263     210.534     555.317      82.347     456.640      16.331      44.424      78.295     390.520     301.160     222.825      26.446       0.000       0.000       0.260     690.129       0.000       0.000      25.321      15.098       0.000       0.000       0.000      44.424       0.000       0.000      27.777       0.000       0.000       0.000      -4.687      42.700    1719.444       0.000       0.000
   365    12    31  2023      76       0  hru076               792.783      47.883      47.867       2.551     208.805     211.356     179.695     527.973      82.348     427.590      18.034       2.551      57.041     329.187     269.974     160.250      26.675       0.000       0.000       0.260     690.121       0.000       0.000       0.961     122.054       0.000       0.000       0.000       2.551       0.000       0.000     208.805       0.000       0.000       0.000      -3.106       3.923     714.393       0.000       0.000
   365    12    31  2023      77       0  hru077               792.783      47.883      47.867       6.606     832.094     838.701     306.429     566.614      82.350     462.686      21.578       6.606      40.617     415.735     314.974     246.325      28.964       0.000       0.000       0.260     690.109       0.000       0.000      21.189     892.035       0.000       0.000       0.000       6.606       0.000       0.000     832.094       0.000       0.000       0.000      -5.285       8.754    2657.095       0.000       0.000
   365    12    31  2023      78       0  hru078               792.783      47.883      47.867       0.653     383.692     384.345     172.603     553.420      82.349     452.645      18.425       0.652      32.421     360.329     285.481     203.388      27.522       0.000       0.000       0.260     690.114       0.000       0.000      10.214     303.163       0.000       0.000       0.000       0.652       0.000       0.000     383.692       0.000       0.000       0.000      -3.926       1.031    1225.229       0.000       0.000
   365    12    31  2023      79       0  hru079               792.783      47.882      47.866     150.469    1566.424    1716.893     860.166     578.408      82.351     464.040      32.018     149.971      65.678     728.814     701.696     396.072      40.773       0.000       0.000       0.260     690.103       0.000       0.000      21.410    2339.082       0.000       0.000       0.000     149.971       0.000       0.000    1566.424       0.000       0.000       0.000      -1.422     122.092    5002.004       0.000       0.000
   365    12    31  2023      80       0  hru080               792.783      47.883      47.867       0.000     213.309     213.310      44.346     536.621      82.349     437.983      16.289       0.000      25.075     268.016     242.825     161.101      26.560       0.000       0.000       0.260     690.114       0.000       0.000       0.000       0.000       0.000       0.000       0.000       0.000       0.000       0.000     213.309       0.000       0.000       0.000      -1.321       0.000     681.153       0.000       0.000
   365    12    31  2023      81       0  hru081               792.783      47.883      47.867    1415.129    2806.956    4222.084    1353.505     590.873      82.349     463.276      45.248    1413.778      80.038     728.814     728.814     527.822      76.417       0.000       0.000       0.260     690.117       0.000       0.000      31.069    5341.131       0.000       0.000       0.000    1413.778       0.000       0.000    2806.956       0.000       0.000       0.000       0.000    1971.910    8963.347       0.000       0.000
   365    12    31  2023      82       0  hru082               792.783      47.882      47.866     149.808    1217.677    1367.485     653.327     573.755      82.351     465.128      26.276     149.166      59.296     583.969     411.063     347.415      32.771       0.000       0.000       0.260     690.102       0.000       0.000     263.705    1527.649       0.000       0.000       0.000     149.166       0.000       0.000    1217.677       0.000       0.000       0.000      -9.069     294.039    3888.364       0.000       0.000
   365    12    31  2023      83       0  hru083               792.783      47.882      47.866      46.481     662.667     709.148     478.583     569.418      82.351     463.504      23.562      46.181      49.930     538.138     416.983     295.738      31.478       0.000       0.000       0.260     690.098       0.000       0.000     375.559     581.780       0.000       0.000       0.000      46.181       0.000       0.000     662.667       0.000       0.000       0.000      -6.354      96.170    2116.071       0.000       0.000
   365    12    31  2023      84       0  hru084               792.783      47.882      47.866       0.015     225.994     226.009     156.962     549.621      82.351     450.047      17.223       0.015      31.327     361.694     291.868     197.205      27.042       0.000       0.000       0.260     690.100       0.000       0.000       1.150     134.825       0.000       0.000       0.000       0.015       0.000       0.000     225.994       0.000       0.000       0.000      -3.662       0.031     721.658       0.000       0.000
   365    12    31  2023      85       0  hru085               792.783      47.882      47.866       0.000     173.083     173.083      83.497     538.626      82.351     440.205      16.070       0.000      27.054     309.771     266.330     172.856      26.568       0.000       0.000       0.260     690.098       0.000       0.000       0.000       0.000       0.000       0.000       0.000       0.000      91.408       0.000      81.674       0.000       0.000       0.000      -2.278       0.000     552.698       0.000       0.000
   365    12    31  2023      86       0  hru086               792.783      47.882      47.866     181.015      84.908     265.923     379.883     565.931      82.351     463.300      20.280     180.335      73.831     495.719     425.796     300.124      28.689       0.000       0.000       0.260     690.102       0.000       0.000     253.432     160.894       0.000       0.000       0.000     180.335       0.000       0.000      84.908       0.000       0.000       0.000      -3.667     331.273    1282.560       0.000       0.000
   365    12    31  2023      87       0  hru087               792.783      47.882      47.866     995.058    2036.584    3031.642     855.433     610.321      82.352     463.576      64.393     994.101      80.734     576.882     576.882     458.522      83.383       0.000       0.000       0.260     690.096       0.000       0.000       0.001    3703.561       0.000       0.000       0.000     994.101       0.000       0.000    2036.584       0.000       0.000       0.000      -0.001    1494.668    5390.152       0.000       0.000
   365    12    31  2023      88       0  hru088               792.783      47.882      47.866       0.077     228.073     228.150      90.871     566.227      82.351     463.473      20.403       0.077      30.091     393.193     341.480     250.366      64.968       0.000       0.000       0.260     690.100       0.000       0.000       0.140      89.539       0.000       0.000       0.000       0.077       0.000       0.000     228.073       0.000       0.000       0.000      -2.712       0.199     183.527       0.000       0.000
   365    12    31  2023      89       0  hru089               792.783      47.883      47.867       1.117     455.836     456.953     229.921     549.196      82.349     447.237      19.610       1.117      35.774     452.982     354.965     215.474      27.495       0.000       0.000       0.260     690.113       0.000       0.000       0.001     437.801       0.000       0.000       0.000       1.117       0.000       0.000     455.836       0.000       0.000       0.000      -5.141       1.406    1455.606       0.000       0.000
   365    12    31  2023      90       0  hru090               792.783      47.882      47.866       0.380     442.180     442.561     204.958     548.921      82.352     447.363      19.206       0.380      34.346     421.547     334.650     209.434      27.477       0.000       0.000       0.260     690.096       0.000       0.000       0.001     398.768       0.000       0.000       0.000       0.380       0.000       0.000     442.180       0.000       0.000       0.000      -4.558       0.428    1411.998       0.000       0.000
   365    12    31  2023      91       0  hru091               792.783      47.882      47.866       0.068     139.045     139.113      91.153     565.388      82.351     463.286      19.750       0.068      29.785     392.318     338.496     247.979      64.516       0.000       0.000       0.260     690.100       0.000       0.000       0.000       0.000       0.000       0.000       0.000       0.068       0.000       0.000     139.045       0.000       0.000       0.000      -2.823       0.127     111.887       0.000       0.000
   365    12    31  2023      92       0  hru092               792.783      47.882      47.866      29.369      69.153      98.522     252.413     560.321      82.351     460.641      17.329      29.348      66.127     416.442     344.115     247.689      26.909       0.000       0.000       0.260     690.098       0.000       0.000      36.308      78.168       0.000       0.000       0.000      29.348       0.000       0.000      69.153       0.000       0.000       0.000      -3.793      15.111    1044.585       0.000       0.000
   365    12    31  2023      93       0  hru093               792.783      47.882      47.866       7.336     670.177     677.513     349.645     567.204      82.351     463.687      21.166       7.336      42.845     442.926     342.886     258.010      28.952       0.000       0.000       0.260     690.099       0.000       0.000      53.550     742.469       0.000       7.336       0.000       0.000     670.177       0.000       0.000       0.000       0.000       0.000      -5.247      20.404    2140.052       0.000       0.000
   365    12    31  2023      94       0  hru094               792.783      47.882      47.866       0.040     148.910     148.949      81.236     565.324      82.351     463.166      19.807       0.040      29.034     385.989     335.056     245.052      64.510       0.000       0.000       0.260     690.100       0.000       0.000       0.000       0.000       0.000       0.000       0.000       0.040       0.000       0.000     148.910       0.000       0.000       0.000      -2.671       0.086     119.825       0.000       0.000
   365    12    31  2023      95       0  hru095               792.783      47.882      47.866       5.668      66.292      71.960     173.854     551.877      82.352     453.486      16.039       5.667      61.082     385.922     296.418     214.916      26.240       0.000       0.000       0.260     690.092       0.000       0.000       0.000       0.000       0.000       0.000       0.000       0.000       0.000       0.000       0.000       0.000       0.000       0.000      -4.694       0.567    1001.370       0.000       0.000
   365    12    31  2023      96       0  hru096               792.783      47.882      47.866      44.920     657.416     702.337     148.039     571.137      82.352     465.745      23.040      44.718      35.771     476.520     361.587     282.081      67.690       0.000       0.000       0.260     690.094       0.000       0.000     158.854     463.319       0.000      44.718       0.000       0.000     657.416       0.000       0.000       0.000       0.000       0.000      -6.028      73.967     529.011       0.000       0.000
   365    12    31  2023      97       0  hru097               792.783      47.882      47.866       0.000     205.927     205.927      23.106     565.330      82.352     462.787      20.191       0.000      24.576     328.305     300.673     227.051      64.430       0.000       0.000       0.260     690.093       0.000       0.000       0.000       0.000       0.000       0.000       0.000       0.000       0.000       0.000     205.927       0.000       0.000       0.000      -1.449       0.000     165.706       0.000       0.000
   365    12    31  2023      98       0  hru098               792.783      47.882      47.866       9.720      89.749      99.469     183.452     554.591      82.352     455.535      16.704       9.716      61.780     393.635     304.789     219.355      26.411       0.000       0.000       0.260     690.091       0.000       0.000       7.240      32.525       0.000       9.716       0.000       0.000      89.749       0.000       0.000       0.000       0.000       0.000      -4.660       3.182    1355.688       0.000       0.000
   365    12    31  2023      99       0  hru099               792.783      47.882      47.866     325.527     294.077     619.604     537.156     573.242      82.352     464.916      25.973     325.235      81.529     535.666     476.074     361.074      34.216       0.000       0.000       0.260     690.091       0.000       0.000     274.810     658.545       0.000     325.235       0.000       0.000     294.077       0.000       0.000       0.000       0.000       0.000      -3.125     150.929    4442.140       0.000       0.000
   365    12    31  2023     100       0  hru100               792.783      47.882      47.866     114.454     247.328     361.782     536.898     567.193      82.352     460.784      24.057     113.861      78.212     632.597     533.366     354.882      38.127       0.000       0.000       0.260     690.091       0.000       0.000       3.724     662.317       0.000     113.861       0.000       0.000     247.328       0.000       0.000       0.000       0.000       0.000      -5.204     147.068    3735.969       0.000       0.000
   365    12    31  2023     101       0  hru101               792.783      47.884      47.868       0.000     387.030     387.030     104.008     540.724      82.344     440.097      18.283       0.000      28.482     325.265     293.566     180.664      27.094       0.000       0.000       0.260     690.146       0.000       0.000       0.000     237.135       0.000       0.000       0.000       0.000       0.000       0.000     387.030       0.000       0.000       0.000      -1.662       0.000    1235.888       0.000       0.000
   365    12    31  2023     102       0  hru102               792.783      51.311      51.288      12.937      24.582      37.519     267.680     490.422       9.241     117.173     364.007      12.933      68.857     430.419     377.944     265.790      28.311       0.000       0.000       0.283     690.056       0.000       0.000       0.000       0.000       0.000       0.000       0.000      12.933       0.000       0.000      24.582       0.000       0.000       0.000      -2.752       0.968     371.319       0.000       0.000
   365    12    31  2023     103       0  hru103               792.783      51.311      51.288     175.305    1840.678    2015.983     776.142     622.466       9.267     117.955     495.244     175.294      65.600     566.435     397.286     389.823      41.375       0.000       0.000       0.283     690.031       0.000       0.000     134.905    2477.185       0.000       0.000       0.000     175.294       0.000       0.000    1840.678       0.000       0.000       0.000      -8.871       8.755    5877.768       0.000       0.000
   365    12    31  2023     104       0  hru104               792.783      51.311      51.288      13.293      20.072      33.366     271.140     490.595      10.752     127.098     352.745      13.288      68.961     422.723     379.485     266.606      28.290       0.000       0.000       0.283     690.045       0.000       0.000       0.000       0.000       0.000       0.000       0.000      13.288       0.000       0.000      20.072       0.000       0.000       0.000      -2.267       1.742     303.196       0.000       0.000
   365    12    31  2023     105       0  hru105               792.783      47.933      47.919      29.480     407.254     436.733     245.408     342.857      33.830     152.142     156.885      29.476      38.405     457.663     325.234     247.831      33.200       0.000       0.000       0.259     690.123       0.000       0.000     151.644      73.278       0.000       0.000       0.000      29.476       0.000       0.000     407.254       0.000       0.000       0.000      -6.945       4.185    1300.467       0.000       0.000
   365    12    31  2023     106       0  hru106               792.783      51.311      51.288      40.357      53.589      93.946     224.252     497.929       5.711     126.745     365.474      40.346      80.703     392.487     349.005     238.817      28.235       0.000       0.000       0.283     690.057       0.000       0.000       9.168      11.700       0.000       0.000       0.000      40.346       0.000       0.000      53.589       0.000       0.000       0.000      -2.281       5.686    3317.247       0.000       0.000
   365    12    31  2023     107       0  hru107               792.783      51.137      51.114      98.929      15.559     114.488     267.362     506.701       6.210     144.548     355.943      98.902      82.421     435.656     351.141     257.627      28.253       0.000       0.000       0.282     690.056       0.000       0.000      74.960      16.261       0.000       0.000       0.000      98.902       0.000       0.000      15.559       0.000       0.000       0.000      -4.433      13.606     963.094       0.000       0.000
   365    12    31  2023     108       0  hru108               792.783      51.311      51.288      10.681      58.774      69.456     247.336     478.160       5.176     113.395     359.589      10.680      67.648     407.121     367.676     258.349      27.948       0.000       0.000       0.283     690.015       0.000       0.000       0.000       0.000       0.000       0.000       0.000      10.680       0.000       0.000      58.774       0.000       0.000       0.000      -2.069       0.373     887.808       0.000       0.000
   365    12    31  2023     109       0  hru109               792.783      50.579      50.556       2.187     152.979     155.166     150.965     488.305       8.790     181.472     298.043       2.187      57.362     293.465     262.624     164.803      26.959       0.000       0.000       0.275     690.028       0.000       0.000       0.000       0.000       0.000       0.000       0.000       2.187       0.000       0.000     152.979       0.000       0.000       0.000      -1.618       0.301     523.394       0.000       0.000
   365    12    31  2023     110       0  hru110               792.783      50.847      50.825       1.729     170.551     172.279     120.351     501.972       9.675     145.367     346.930       1.728      55.640     280.481     246.824     152.908      28.022       0.000       0.000       0.281     690.041       0.000       0.000       0.000       0.000       0.000       0.000       0.000       1.728       0.000       0.000     170.551       0.000       0.000       0.000      -1.765       0.235     583.512       0.000       0.000
   365    12    31  2023     111       0  hru111               792.783      50.803      50.780      33.629     598.173     631.802     364.238     575.343      10.156     162.748     402.439      33.627      67.357     375.555     291.225     227.955      30.916       0.000       0.000       0.280     690.035       0.000       0.000      55.931     718.022       0.000       0.000       0.000      33.627       0.000       0.000     598.173       0.000       0.000       0.000      -4.423       3.986    2046.557       0.000       0.000
   365    12    31  2023     112       0  hru112               792.783      50.862      50.839      44.980      14.066      59.046     264.109     484.979       8.972     159.269     316.738      44.932      82.520     400.484     362.045     254.892      27.275       0.000       0.000       0.280     690.057       0.000       0.000       8.919       4.339       0.000       0.000       0.000      44.932       0.000       0.000      14.066       0.000       0.000       0.000      -2.016      31.100     870.730       0.000       0.000
   365    12    31  2023     113       0  hru113               792.783      50.360      50.337       0.000     207.098     207.099      62.340     524.995      14.068     208.702     302.224       0.000      26.467     286.769     257.478     178.091      27.752       0.000       0.000       0.278     690.024       0.000       0.000       0.000       0.000       0.000       0.000       0.000       0.000       0.000       0.000     207.098       0.000       0.000       0.000      -1.536       0.000     661.320       0.000       0.000
   365    12    31  2023     114       0  hru114               792.783      51.295      51.272       1.129     563.927     565.056     179.964     536.860       5.673     152.158     379.029       1.128      34.041     377.326     324.110     225.625      30.180       0.000       0.000       0.283     690.021       0.000       0.000      18.795     467.276       0.000       0.000       0.000       1.128       0.000       0.000     563.927       0.000       0.000       0.000      -2.791       0.056    1800.767       0.000       0.000
   365    12    31  2023     115       0  hru115               792.783      51.166      51.143      21.834      41.516      63.350     270.843     520.176       6.026     174.686     339.464      21.828      68.745     430.803     364.481     265.289      28.192       0.000       0.000       0.282     690.068       0.000       0.000      10.261      47.690       0.000       0.000       0.000      21.828       0.000       0.000      41.516       0.000       0.000       0.000      -3.478       2.172     627.114       0.000       0.000
   365    12    31  2023     116       0  hru116               792.783      50.946      50.923       0.000     331.617     331.617     132.152     529.417       6.303     181.368     341.746       0.000      30.654     346.498     288.364     204.647      28.985       0.000       0.000       0.280     690.017       0.000       0.000       3.099     194.036       0.000       0.000       0.000       0.000       0.000       0.000     331.617       0.000       0.000       0.000      -3.049       0.000    1058.939       0.000       0.000
   365    12    31  2023     117       0  hru117               792.783      50.875      50.852       0.000     206.804     206.804      69.729     517.942       6.101     194.440     317.401       0.000      26.882     291.881     261.685     181.367      27.989       0.000       0.000       0.281     690.018       0.000       0.000       0.000       0.000       0.000       0.000       0.000       0.000       0.000       0.000     206.804       0.000       0.000       0.000      -1.584       0.000     660.378       0.000       0.000
   365    12    31  2023     118       0  hru118               792.783      50.830      50.808       0.000     204.946     204.946      71.516     518.020       6.686     198.571     312.762       0.000      26.966     293.456     263.148     181.775      27.966       0.000       0.000       0.280     690.022       0.000       0.000       0.000       0.000       0.000       0.000       0.000       0.000       0.000       0.000     204.946       0.000       0.000       0.000      -1.589       0.000     654.445       0.000       0.000
   365    12    31  2023     119       0  hru119               792.783      50.853      50.830      30.420      49.212      79.632     198.348     519.014       7.705     185.929     325.380      30.417      79.193     384.872     311.529     225.114      27.493       0.000       0.000       0.281     690.067       0.000       0.000       0.000       0.000       0.000       0.000       0.000      30.417       0.000       0.000      49.212       0.000       0.000       0.000      -3.847       1.508    3046.261       0.000       0.000
   365    12    31  2023     120       0  hru120               792.783      50.974      50.951       7.224     239.389     246.613     252.012     561.975      10.233     149.551     402.190       7.220      42.218     487.235     413.412     314.030      69.642       0.000       0.000       0.282     690.031       0.000       0.000       0.130     263.761       0.000       0.000       0.000       7.220       0.000       0.000     239.389       0.000       0.000       0.000      -3.872       1.328     192.632       0.000       0.000
   365    12    31  2023     121       0  hru121               792.783      51.063      51.040      18.530      44.404      62.933     281.816     479.307       7.721     121.609     349.978      18.524      69.645     419.977     381.107     270.302      28.030       0.000       0.000       0.282     690.022       0.000       0.000       8.150      21.009       0.000       0.000       0.000      18.524       0.000       0.000      44.404       0.000       0.000       0.000      -2.038       2.539     670.734       0.000       0.000
   365    12    31  2023     122       0  hru122               792.783      50.451      50.428      11.300     564.639     575.940     284.916     531.348      10.163     224.432     296.753      11.299      63.673     378.292     333.651     203.683      28.699       0.000       0.000       0.273     690.030       0.000       0.000       6.159     590.793       0.000       0.000       0.000      11.299       0.000       0.000     564.639       0.000       0.000       0.000      -2.341       1.118    1931.826       0.000       0.000
   365    12    31  2023     123       0  hru123               792.783      51.142      51.119       0.000     155.551     155.552     162.872     476.339       4.244     135.297     336.797       0.000      32.272     353.254     316.399     218.939      28.072       0.000       0.000       0.282     690.019       0.000       0.000       0.000       0.000       0.000       0.000       0.000       0.000       0.000       0.000     155.551       0.000       0.000       0.000      -1.933       0.000     496.716       0.000       0.000
   365    12    31  2023     124       0  hru124               792.783      50.412      50.392       1.974     215.611     217.585     140.100     489.602       9.951     175.700     303.951       1.973      57.246     288.446     254.953     164.094      27.470       0.000       0.000       0.278     690.037       0.000       0.000       0.426      52.265       0.000       0.000       0.000       1.973       0.000       0.000     215.611       0.000       0.000       0.000      -1.757       0.374     737.681       0.000       0.000
   365    12    31  2023     125       0  hru125               792.783      51.182      51.159     133.385      25.809     159.193     259.476     528.293       6.161     189.696     332.436     133.361      81.865     422.619     362.099     253.094      28.092       0.000       0.000       0.282     690.059       0.000       0.000     118.290      32.575       0.000       0.000       0.000     133.361       0.000       0.000      25.809       0.000       0.000       0.000      -3.174      13.711    1597.588       0.000       0.000
   365    12    31  2023     126       0  hru126               792.783      51.019      50.996      20.866     659.009     679.875     289.797     561.238       5.749     157.796     397.693      20.866      40.493     444.918     329.042     258.635      31.376       0.000       0.000       0.282     690.043       0.000       0.000      57.962     673.663       0.000       0.000       0.000      20.866       0.000       0.000     659.009       0.000       0.000       0.000      -6.077       6.611    2104.388       0.000       0.000
   365    12    31  2023     127       0  hru127               792.783      51.117      51.094     322.840      31.514     354.354     305.681     523.708       6.984     173.998     342.727     322.804      83.819     469.323     368.808     274.780      28.610       0.000       0.000       0.282     690.056       0.000       0.000     320.058      65.400       0.000       0.000       0.000     322.804       0.000       0.000      31.514       0.000       0.000       0.000      -5.272      20.267    1950.750       0.000       0.000
   365    12    31  2023     128       0  hru128               792.783      50.444      50.421      14.450      99.472     113.922     196.272     535.464      11.287     238.067     286.110      14.449      63.719     408.245     340.417     233.800      27.446       0.000       0.000       0.276     690.070       0.000       0.000      10.182      38.810       0.000       0.000       0.000      14.449       0.000       0.000      99.472       0.000       0.000       0.000      -3.557       0.131    1502.562       0.000       0.000
   365    12    31  2023     129       0  hru129               792.783      50.685      50.662      34.012      16.085      50.097     224.483     521.413      10.128     201.463     309.822      34.007      80.386     397.288     337.866     237.673      27.611       0.000       0.000       0.278     690.060       0.000       0.000       0.000       0.000       0.000       0.000       0.000      34.007       0.000       0.000      16.085       0.000       0.000       0.000      -3.117       2.354     995.672       0.000       0.000
   365    12    31  2023     130       0  hru130               792.783      51.160      51.137      40.220     245.260     285.481     348.102     553.812       7.562     207.464     338.785      40.211      67.258     444.865     365.585     264.442      32.232       0.000       0.000       0.282     690.038       0.000       0.000      39.815     350.440       0.000       0.000       0.000      40.211       0.000       0.000     245.260       0.000       0.000       0.000      -4.159       4.756    1793.020       0.000       0.000
   365    12    31  2023     131       0  hru131               792.783      50.347      50.324      15.624      32.442      48.066     237.826     529.512      11.129     216.380     302.003      15.620      66.442     426.301     323.788     250.621      27.722       0.000       0.000       0.278     690.064       0.000       0.000      11.402       5.683       0.000       0.000       0.000      15.620       0.000       0.000      32.442       0.000       0.000       0.000      -5.377       1.138     490.048       0.000       0.000
   365    12    31  2023     132       0  hru132               792.783      50.919      50.896      69.820      15.146      84.966     234.754     542.975       6.804     252.588     283.583      69.801      80.252     425.799     331.943     238.526      27.166       0.000       0.000       0.281     690.058       0.000       0.000      46.649      18.218       0.000       0.000       0.000      69.801       0.000       0.000      15.146       0.000       0.000       0.000      -4.923       9.252     937.561       0.000       0.000
   365    12    31  2023     133       0  hru133               792.783      51.311      51.288       0.000     192.804     192.804     115.872     485.800       9.144     116.234     360.422       0.000      29.979     323.565     292.424     207.014      28.252       0.000       0.000       0.283     690.022       0.000       0.000       0.000       0.000       0.000       0.000       0.000       0.000       0.000       0.000     192.804       0.000       0.000       0.000      -1.633       0.000     615.673       0.000       0.000
   365    12    31  2023     134       0  hru134               792.783      50.715      50.693      35.860      23.139      58.999     242.539     493.467       8.536     192.348     292.583      35.832      81.466     391.338     350.513     244.848      26.787       0.000       0.000       0.281     690.048       0.000       0.000       0.000       0.000       0.000       0.000       0.000      35.832       0.000       0.000      23.139       0.000       0.000       0.000      -2.141      17.032    1432.355       0.000       0.000
   365    12    31  2023     135       0  hru135               792.783      51.168      51.145       8.186     441.885     450.071     238.906     512.283       8.580     178.873     324.830       8.186      61.505     362.596     307.897     190.238      29.789       0.000       0.000       0.282     690.028       0.000       0.000       4.696     400.750       0.000       0.000       0.000       8.186       0.000       0.000     441.885       0.000       0.000       0.000      -2.869       0.392    1511.840       0.000       0.000
   365    12    31  2023     136       0  hru136               792.783      46.459      46.448    8988.181    3212.810   12200.990    1071.570     454.844      52.604     228.980     173.260    8987.957      85.844     624.319     624.319     530.016     132.314       0.000       0.000       0.249     690.158       0.000       0.000       4.355   12929.927       0.000       0.000       0.000    8987.957       0.000       0.000    3212.810       0.000       0.000       0.000      -0.007     397.479    2585.292       0.000       0.000
   365    12    31  2023     137       0  hru137               792.783      47.201      47.186     635.685    2506.058    3141.744     737.523     505.925      41.050     289.413     175.461     635.598      65.139     593.632     461.950     379.439      39.727       0.000       0.000       0.254     690.140       0.000       0.000    1175.724    2408.445       0.000       0.000       0.000     635.598       0.000       0.000    2506.058       0.000       0.000       0.000      -6.905      44.654    8002.504       0.000       0.000
   365    12    31  2023     138       0  hru138               792.783      48.884      48.866      58.508      26.725      85.234     339.793     369.786      23.426     208.948     137.412      58.501      86.224     436.841     399.647     295.377      30.563       0.000       0.000       0.266     690.075       0.000       0.000       0.000       0.000       0.000       0.000       0.000      58.501       0.000       0.000      26.725       0.000       0.000       0.000      -1.951       3.529    1654.338       0.000       0.000
   365    12    31  2023     139       0  hru139               792.783      47.551      47.535       0.016     226.790     226.805      87.009     480.085      37.285     296.674     146.126       0.015      31.018     355.430     335.493     237.713      45.790       0.000       0.000       0.256     690.103       0.000       0.000       0.000       0.000       0.000       0.000       0.000       0.015       0.000       0.000     226.790       0.000       0.000       0.000      -1.046       0.001     600.236       0.000       0.000
   365    12    31  2023     140       0  hru140               792.783      47.554      47.538       0.000     286.988     286.988     151.361     469.337      37.350     292.771     139.217       0.000      31.678     347.435     318.717     207.089      28.493       0.000       0.000       0.256     690.104       0.000       0.000       0.000     113.331       0.000       0.000       0.000       0.000       0.000       0.000     286.988       0.000       0.000       0.000      -1.506       0.000     916.427       0.000       0.000
   365    12    31  2023     141       0  hru141               792.783      51.115      51.092      23.961     198.284     222.245     328.045     532.471       7.840     132.061     392.569      23.949      66.674     444.075     352.689     260.734      32.660       0.000       0.000       0.282     690.039       0.000       0.000      22.764     262.216       0.000       0.000       0.000      23.949       0.000       0.000     198.284       0.000       0.000       0.000      -4.794       4.168    1449.593       0.000       0.000
   365    12    31  2023     142       0  hru142               792.783      50.929      50.906       0.000     218.686     218.686      52.227     523.441      10.100     196.863     316.479       0.000      25.950     275.563     248.062     174.715      28.075       0.000       0.000       0.281     690.018       0.000       0.000       0.000       0.000       0.000       0.000       0.000       0.000       0.000       0.000     218.686       0.000       0.000       0.000      -1.442       0.000     698.322       0.000       0.000
   365    12    31  2023     143       0  hru143               792.783      51.185      51.162      70.947     527.441     598.388     488.393     563.901       6.915     123.899     433.086      70.927      72.869     520.626     376.497     306.386      34.875       0.000       0.000       0.282     690.037       0.000       0.000      44.836     804.632       0.000       0.000       0.000      70.927       0.000       0.000     527.441       0.000       0.000       0.000      -7.560       6.931    3855.952       0.000       0.000
   365    12    31  2023     144       0  hru144               792.783      50.831      50.808      15.409      26.120      41.530     262.168     504.164       8.424     139.170     356.570      15.403      68.259     434.478     331.385     261.768      28.250       0.000       0.000       0.280     690.044       0.000       0.000       3.796       5.732       0.000       0.000       0.000      15.403       0.000       0.000      26.120       0.000       0.000       0.000      -5.407       1.616     394.557       0.000       0.000
   365    12    31  2023     145       0  hru145               792.783      50.853      50.831       5.446      92.431      97.877     185.327     522.186      11.049     167.151     343.986       5.445      59.425     375.781     307.460     213.417      31.077       0.000       0.000       0.281     690.044       0.000       0.000       3.549       5.359       0.000       0.000       0.000       5.445       0.000       0.000      92.431       0.000       0.000       0.000      -3.584       0.928     675.735       0.000       0.000
   365    12    31  2023     146       0  hru146               792.783      50.498      50.475      54.258     123.942     178.200     451.976     555.274      11.918     179.634     363.722      54.234      77.873     538.829     421.644     333.275      32.446       0.000       0.000       0.279     690.022       0.000       0.000       0.000     385.916       0.000       0.000       0.000      54.234       0.000       0.000     123.942       0.000       0.000       0.000      -6.146       5.484    1872.189       0.000       0.000
   365    12    31  2023     147       0  hru147               792.783      51.127      51.104     102.296     209.581     311.877     511.187     565.480       5.874     195.566     364.040     102.285      79.762     594.070     505.196     356.071      37.043       0.000       0.000       0.282     690.039       0.000       0.000      23.516     566.743       0.000       0.000       0.000       0.000       0.000       0.000       0.000       0.000       0.000       0.000      -4.660       3.156    3165.797       0.000       0.000
   365    12    31  2023     148       0  hru148               792.783      48.522      48.503      95.159      57.351     152.510     253.356     552.632      23.190     250.603     278.839      95.155      81.680     417.766     350.689     250.302      27.100       0.000       0.000       0.266     690.136       0.000       0.000      75.342      86.550       0.000       0.000       0.000      95.155       0.000       0.000      57.351       0.000       0.000       0.000      -3.518       2.581    3550.091       0.000       0.000
   365    12    31  2023     149       0  hru149               792.783      46.037      46.024       3.095     326.166     329.261     145.667     497.350      49.990     307.726     139.634       3.095      31.410     378.474     284.735     203.325      29.099       0.000       0.000       0.248     690.201       0.000       0.000      84.474      89.776       0.000       0.000       0.000       3.095       0.000       0.000     326.166       0.000       0.000       0.000      -4.916       0.520    1041.532       0.000       0.000
   365    12    31  2023     150       0  hru150               792.783      47.081      47.069      11.089     286.765     297.854     365.989     450.488      37.387     286.598     126.502      11.075      65.935     443.619     359.663     229.183      31.881       0.000       0.000       0.256     690.127       0.000       0.000       0.000     316.925       0.000       0.000       0.000      11.075       0.000       0.000     286.765       0.000       0.000       0.000      -4.404       4.250    1649.861       0.000       0.000
   365    12    31  2023     151       0  hru151               792.783      48.438      48.425      32.692      89.889     122.580     357.913     395.253      26.133     245.675     123.445      32.651      74.958     454.864     384.963     301.256      29.162       0.000       0.000       0.264     690.101       0.000       0.000      17.654      61.215       0.000       0.000       0.000      32.651       0.000       0.000      89.889       0.000       0.000       0.000      -3.666      13.709    1357.801       0.000       0.000
   365    12    31  2023     152       0  hru152               792.783      50.298      50.277      22.581      57.306      79.887     292.435     498.662       8.855     194.127     295.680      22.579      70.115     436.516     383.804     273.325      27.410       0.000       0.000       0.278     690.112       0.000       0.000      10.547      64.712       0.000       0.000       0.000      22.579       0.000       0.000      57.306       0.000       0.000       0.000      -2.764       0.527     865.633       0.000       0.000
   365    12    31  2023     153       0  hru153               792.783      49.766      49.745      41.141      13.690      54.831     256.537     489.905      15.009     190.358     284.539      41.116      82.133     390.957     354.771     250.948      26.714       0.000       0.000       0.276     690.049       0.000       0.000       4.052       2.495       0.000       0.000       0.000      41.116       0.000       0.000      13.690       0.000       0.000       0.000      -1.898      17.172     847.438       0.000       0.000
   365    12    31  2023     154       0  hru154               792.783      49.447      49.426      47.841      14.673      62.514     264.352     492.932      16.372     195.910     280.649      47.804      82.420     398.997     356.344     254.164      26.690       0.000       0.000       0.274     690.044       0.000       0.000      14.221      10.495       0.000       0.000       0.000      47.804       0.000       0.000      14.673       0.000       0.000       0.000      -2.237      23.613     908.287       0.000       0.000
   365    12    31  2023     155       0  hru155               792.783      49.391      49.371     395.319      27.444     422.763     288.182     544.746      15.690     249.649     279.407     395.275      82.786     456.505     361.398     264.294      27.353       0.000       0.000       0.273     690.127       0.000       0.000     403.858      53.853       0.000       0.000       0.000     395.275       0.000       0.000      27.444       0.000       0.000       0.000      -4.988      25.515    1698.841       0.000       0.000
   365    12    31  2023     156       0  hru156               792.783      50.155      50.133       0.009     403.887     403.895      69.888     558.403      10.447     268.935     279.021       0.008      27.118     298.492     258.634     181.757      28.052       0.000       0.000       0.278     690.114       0.000       0.000      14.232     222.729       0.000       0.000       0.000       0.008       0.000       0.000     403.887       0.000       0.000       0.000      -2.090       0.000    1289.716       0.000       0.000
   365    12    31  2023     157       0  hru157               792.783      50.806      50.784      11.340      35.848      47.188     257.117     491.112       6.736     187.943     296.433      11.329      67.863     422.031     373.855     259.896      26.985       0.000       0.000       0.280     690.039       0.000       0.000       0.000       0.000       0.000       0.000       0.000      11.329       0.000       0.000      35.848       0.000       0.000       0.000      -2.527       3.718     541.496       0.000       0.000
   365    12    31  2023     158       0  hru158               792.783      49.926      49.906       8.890      60.510      69.400     226.880     498.533      13.029     241.009     244.495       8.887      65.766     402.184     365.312     247.307      26.127       0.000       0.000       0.276     690.107       0.000       0.000       0.000       0.000       0.000       0.000       0.000       8.887       0.000       0.000      60.509       0.000       0.000       0.000      -1.934       1.496     914.018       0.000       0.000
   365    12    31  2023     159       0  hru159               792.783      49.201      49.181      72.841      50.121     122.962     236.662     561.536      16.630     296.219     248.687      72.836      80.669     425.613     329.134     241.789      26.945       0.000       0.000       0.270     690.124       0.000       0.000      53.838      69.097       0.000       0.000       0.000      72.836       0.000       0.000      50.121       0.000       0.000       0.000      -5.060       2.143    3102.541       0.000       0.000
   365    12    31  2023     160       0  hru160               792.783      51.257      51.234       0.703     346.431     347.134     147.788     493.757       3.989     142.136     347.632       0.703      31.987     353.922     299.001     217.648      29.168       0.000       0.000       0.282     690.022       0.000       0.000      24.702     168.132       0.000       0.000       0.000       0.703       0.000       0.000     346.431       0.000       0.000       0.000      -2.880       0.046    1106.245       0.000       0.000
   365    12    31  2023     161       0  hru161               792.783      51.072      51.049      18.897     700.788     719.685     308.710     568.521       9.424     207.402     351.695      18.895      41.284     482.983     353.546     258.713      31.096       0.000       0.000       0.281     690.020       0.000       0.000      25.505     771.339       0.000      18.895       0.000       0.000     700.788       0.000       0.000       0.000       0.000       0.000      -6.789       2.338    2237.799       0.000       0.000
   365    12    31  2023     162       0  hru162               792.783      48.278      48.264      34.930     139.805     174.735     420.319     361.869      29.583     214.662     117.625      34.906      78.512     478.395     454.282     325.833      31.325       0.000       0.000       0.262     690.079       0.000       0.000       0.000     162.665       0.000       0.000       0.000      34.906       0.000       0.000     139.805       0.000       0.000       0.000      -1.264       7.247    2111.800       0.000       0.000
   365    12    31  2023     163       0  hru163               792.783      47.882      47.866       0.014     210.810     210.824     133.432     544.782      82.351     445.397      17.034       0.014      29.960     348.401     292.960     189.501      26.876       0.000       0.000       0.260     690.102       0.000       0.000       1.314      91.887       0.000       0.000       0.000       0.014       0.000       0.000     210.810       0.000       0.000       0.000      -2.908       0.019     673.171       0.000       0.000
   365    12    31  2023     164       0  hru164               792.783      47.882      47.866       0.000     383.750     383.751      52.911     567.902      82.352     464.202      21.349       0.000      27.397     346.530     322.385     244.711      65.694       0.000       0.000       0.260     690.095       0.000       0.000       0.000     210.400       0.000       0.000       0.000       0.000     383.750       0.000       0.000       0.000       0.000       0.000      -1.266       0.000     308.797       0.000       0.000
   365    12    31  2023     165       0  hru165               792.783      47.882      47.866      24.419     659.091     683.510     307.145     566.260      82.350     457.922      25.989      24.341      64.721     379.776     349.850     210.587      30.999       0.000       0.000       0.260     690.107       0.000       0.000     721.445      40.956       0.000       0.000       0.000      24.341       0.000       0.000     659.091       0.000       0.000       0.000      -1.569      24.272    2254.976       0.000       0.000
   365    12    31  2023     166       0  hru166               792.783      47.882      47.866    1625.720    2814.799    4440.519    1475.125     611.302      82.351     462.666      66.285    1624.562      85.383     728.814     728.814     561.925      79.513       0.000       0.000       0.260     690.103       0.000       0.000     355.626    5377.309       0.000       0.000       0.000    1624.562       0.000       0.000    2814.799       0.000       0.000       0.000       0.000    1408.568    8988.393       0.000       0.000
   365    12    31  2023     167       0  hru167               792.783      47.883      47.867      17.573     521.558     539.131     232.585     565.399      82.349     463.140      19.910      17.572      36.116     419.123     297.473     224.433      28.218       0.000       0.000       0.260     690.115       0.000       0.000      63.727     473.762       0.000       0.000       0.000      17.572       0.000       0.000     521.558       0.000       0.000       0.000      -6.381      22.929    1665.472       0.000       0.000
   365    12    31  2023     168       0  hru168               792.783      47.883      47.867       1.842     105.652     107.494     145.361     543.710      82.348     445.151      16.211       1.842      56.219     353.085     284.551     189.078      29.264       0.000       0.000       0.260     690.120       0.000       0.000       0.000       0.000       0.000       0.000       0.000       1.842       0.000       0.000     105.652       0.000       0.000       0.000      -3.595       1.669     772.385       0.000       0.000
   365    12    31  2023     169       0  hru169               792.783      47.883      47.867      19.843     253.658     273.501     260.101     555.403      82.348     454.362      18.694      19.826      61.965     412.434     341.772     226.470      30.155       0.000       0.000       0.260     690.122       0.000       0.000      19.728     272.541       0.000       0.000       0.000      19.826       0.000       0.000     253.658       0.000       0.000       0.000      -3.706      29.695    1854.417       0.000       0.000
   365    12    31  2023     170       0  hru170               792.783      47.883      47.867       0.000     196.869     196.869      60.537     537.242      82.349     438.697      16.196       0.000      25.872     286.743     254.263     165.898      26.564       0.000       0.000       0.260     690.116       0.000       0.000       0.000       0.000       0.000       0.000       0.000       0.000       0.000       0.000     196.869       0.000       0.000       0.000      -1.704       0.000     628.654       0.000       0.000
   365    12    31  2023     171       0  hru171               792.783      46.107      46.096       4.012     689.730     693.742     243.557     497.981      55.543     296.830     145.608       4.012      37.408     392.970     322.171     235.599      30.335       0.000       0.000       0.247     690.174       0.000       0.000      18.279     620.191       0.000       0.000       0.000       4.012       0.000       0.000     689.730       0.000       0.000       0.000      -3.713       1.223    2202.490       0.000       0.000
   365    12    31  2023     172       0  hru172               792.783      47.845      47.831      91.865    1686.870    1778.736     726.750     514.656      35.562     327.174     151.921      91.857      62.670     583.874     427.280     372.065      39.787       0.000       0.000       0.259     690.111       0.000       0.000      17.474    2200.864       0.000       0.000       0.000      91.857       0.000       0.000    1686.870       0.000       0.000       0.000      -8.212       5.963    5386.621       0.000       0.000
   365    12    31  2023     173       0  hru173               792.783      46.156      46.143       3.489     263.999     267.488     172.226     491.698      53.741     294.619     143.337       3.489      57.978     318.715     256.054     165.086      28.275       0.000       0.000       0.247     690.174       0.000       0.000       1.632     133.546       0.000       0.000       0.000       3.489       0.000       0.000     263.999       0.000       0.000       0.000      -3.287       0.254     903.231       0.000       0.000
   365    12    31  2023     174       0  hru174               792.783      48.264      48.248       5.066     432.321     437.387     200.724     426.705      29.763     249.203     147.740       5.065      60.589     327.229     277.707     182.602      30.248       0.000       0.000       0.262     690.108       0.000       0.000       3.134     266.130       0.000       0.000       0.000       5.065       0.000       0.000     432.321       0.000       0.000       0.000      -2.597       0.420    1479.120       0.000       0.000
   365    12    31  2023     175       0  hru175               792.783      48.340      48.325       3.772     361.035     364.806     202.666     364.138      29.049     215.023     120.065       3.771      61.369     308.557     273.332     187.778      30.179       0.000       0.000       0.264     690.094       0.000       0.000       2.237     134.667       0.000       0.000       0.000       3.771       0.000       0.000     361.035       0.000       0.000       0.000      -1.848       0.526    1235.224       0.000       0.000
   365    12    31  2023     176       0  hru176               792.783      49.079      49.062       7.156     945.576     952.731     368.634     377.818      22.630     225.634     129.554       7.155      46.022     477.616     414.345     282.968      32.894       0.000       0.000       0.266     690.031       0.000       0.000      16.071     886.715       0.000       0.000       0.000       7.155       0.000       0.000     945.576       0.000       0.000       0.000      -3.318       0.508    3019.472       0.000       0.000
   365    12    31  2023     177       0  hru177               792.783      47.883      47.867       1.705     141.102     142.808     135.496     543.735      82.349     444.750      16.635       1.705      55.848     345.957     281.110     186.669      29.387       0.000       0.000       0.260     690.115       0.000       0.000       0.524      25.080       0.000       0.000       0.000       1.705       0.000       0.000     141.102       0.000       0.000       0.000      -3.401       1.918    1031.552       0.000       0.000
   365    12    31  2023     178       0  hru178               792.783      47.883      47.867       2.034      97.377      99.411     152.786     544.486      82.348     445.968      16.169       2.034      56.565     357.345     286.238     191.322      29.263       0.000       0.000       0.260     690.118       0.000       0.000       0.000       0.000       0.000       0.000       0.000       2.034       0.000       0.000      97.377       0.000       0.000       0.000      -3.730       1.877     711.893       0.000       0.000
   365    12    31  2023     179       0  hru179               792.783      47.882      47.866       0.000     173.721     173.721      56.109     565.244      82.352     462.934      19.959       0.000      27.119     366.209     323.953     237.644      64.493       0.000       0.000       0.260     690.096       0.000       0.000       0.000       0.000       0.000       0.000       0.000       0.000       0.000       0.000     173.721       0.000       0.000       0.000      -2.216       0.000     139.790       0.000       0.000
   365    12    31  2023     180       0  hru180               792.783      48.603      48.589       0.022     356.758     356.780     126.935     361.183      26.904     183.100     151.179       0.022      31.425     322.293     265.198     213.590      34.114       0.000       0.000       0.264     690.121       0.000       0.000      35.905      12.974       0.000       0.000       0.000       0.022       0.000       0.000     356.758       0.000       0.000       0.000      -2.995       0.009    1066.947       0.000       0.000
   365    12    31  2023     181       0  hru181               792.783      50.614      50.593       5.892     354.728     360.620     220.202     506.637       8.196     182.690     315.751       5.892      60.833     347.746     302.189     186.369      28.299       0.000       0.000       0.280     690.030       0.000       0.000       2.407     289.780       0.000       0.000       0.000       5.892       0.000       0.000     354.728       0.000       0.000       0.000      -2.389       0.499    1213.647       0.000       0.000
   365    12    31  2023     182       0  hru182               792.783      50.616      50.594       0.000     198.743     198.743     108.473     487.238       7.721     173.076     306.441       0.000      29.550     318.370     287.735     204.057      27.518       0.000       0.000       0.279     690.021       0.000       0.000       0.000       0.000       0.000       0.000       0.000       0.000       0.000       0.000     198.743       0.000       0.000       0.000      -1.607       0.000     634.638       0.000       0.000
   365    12    31  2023     183       0  hru183               792.783      50.334      50.313       0.000     160.688     160.688      90.112     544.430      11.827     256.838     275.765       0.000      27.424     320.355     275.810     180.306      27.314       0.000       0.000       0.277     690.033       0.000       0.000       0.000       0.000       0.000       0.000       0.000       0.000       0.000       0.000     160.688       0.000       0.000       0.000      -2.336       0.000     513.117       0.000       0.000
   365    12    31  2023     184       0  hru184               792.783      50.049      50.027     123.494      57.368     180.863     198.844     545.763      13.617     254.753     277.393     123.486      78.762     405.757     330.539     223.457      27.192       0.000       0.000       0.275     690.052       0.000       0.000     120.008       8.331       0.000       0.000       0.000     123.486       0.000       0.000      57.368       0.000       0.000       0.000      -3.945       5.692    3551.168       0.000       0.000
   365    12    31  2023     185       0  hru185               792.783      49.969      49.946       8.406      39.069      47.475     193.496     556.064      13.950     278.927     263.187       8.404      63.004     404.487     326.126     228.979      26.681       0.000       0.000       0.271     690.079       0.000       0.000       0.000       0.000       0.000       0.000       0.000       8.404       0.000       0.000      39.069       0.000       0.000       0.000      -4.110       0.710     590.148       0.000       0.000
   365    12    31  2023     186       0  hru186               792.783      50.433      50.414     215.202      28.697     243.899     278.900     509.159       7.904     155.713     345.542     215.168      82.762     451.146     360.507     262.468      28.504       0.000       0.000       0.278     690.076       0.000       0.000     207.321      26.897       0.000       0.000       0.000     215.168       0.000       0.000      28.697       0.000       0.000       0.000      -4.754      18.825    1776.358       0.000       0.000
   365    12    31  2023     187       0  hru187               792.783      50.243      50.220      37.200      15.506      52.706     238.579     504.961      10.773     161.329     332.859      37.192      81.125     410.757     346.433     244.381      28.000       0.000       0.000       0.279     690.055       0.000       0.000       0.000       0.000       0.000       0.000       0.000      37.192       0.000       0.000      15.506       0.000       0.000       0.000      -3.374       3.416     959.839       0.000       0.000
   365    12    31  2023     188       0  hru188               792.783      50.818      50.797      64.845      23.013      87.858     247.059     511.223       7.336     163.811     340.076      64.836      81.588     406.536     358.578     248.321      28.089       0.000       0.000       0.280     690.059       0.000       0.000      38.921      11.841       0.000       0.000       0.000      64.836       0.000       0.000      23.013       0.000       0.000       0.000      -2.515       5.458    1424.516       0.000       0.000
   365    12    31  2023     189       0  hru189               792.783      51.222      51.199     158.234      42.394     200.628     263.190     518.505       6.976     185.608     325.921     158.220      82.153     432.454     363.822     255.697      28.213       0.000       0.000       0.282     690.057       0.000       0.000     155.574      30.169       0.000       0.000       0.000     158.220       0.000       0.000      42.394       0.000       0.000       0.000      -3.600       7.469    2624.250       0.000       0.000
   365    12    31  2023     190       0  hru190               792.783      51.193      51.170      14.732      77.813      92.545     242.565     499.163       5.811     182.924     310.429      14.731      67.149     416.042     363.588     255.334      28.217       0.000       0.000       0.282     690.045       0.000       0.000      11.542      26.980       0.000       0.000       0.000      14.731       0.000       0.000      77.813       0.000       0.000       0.000      -2.751       0.189    1175.396       0.000       0.000
   365    12    31  2023     191       0  hru191               792.783      49.761      49.738     152.663      60.480     213.143     268.961     535.563      13.845     211.927     309.790     152.658      82.446     423.822     367.270     257.741      27.682       0.000       0.000       0.275     690.064       0.000       0.000     138.345      83.378       0.000       0.000       0.000     152.658       0.000       0.000      60.480       0.000       0.000       0.000      -2.966       3.133    3743.789       0.000       0.000
   365    12    31  2023     192       0  hru192               792.783      49.230      49.209     107.344      57.355     164.698     219.643     549.501      14.697     263.844     270.960     107.340      79.797     406.209     329.862     233.329      27.005       0.000       0.000       0.271     690.120       0.000       0.000      97.879      38.776       0.000       0.000       0.000     107.340       0.000       0.000      57.355       0.000       0.000       0.000      -4.004       2.579    3550.331       0.000       0.000
   365    12    31  2023     193       0  hru193               792.783      47.519      47.502      32.918      39.542      72.460     369.503     443.287      38.298     257.405     147.584      32.905      74.903     479.143     319.789     301.627      30.390       0.000       0.000       0.256     690.125       0.000       0.000       4.663      79.156       0.000       0.000       0.000      32.905       0.000       0.000      39.542       0.000       0.000       0.000      -8.358       3.646     597.302       0.000       0.000
   365    12    31  2023     194       0  hru194               792.783      50.664      50.641      25.341      79.127     104.468     267.559     502.741       9.831     155.394     337.516      25.329      68.768     435.806     381.769     265.221      28.575       0.000       0.000       0.281     690.054       0.000       0.000      43.821      35.038       0.000       0.000       0.000      25.329       0.000       0.000      79.127       0.000       0.000       0.000      -2.834       4.158    1195.247       0.000       0.000
   365    12    31  2023     195       0  hru195               792.783      51.311      51.288      34.759      17.324      52.083     228.222     515.575       7.831     193.632     314.112      34.754      80.556     397.724     340.545     239.380      27.774       0.000       0.000       0.283     690.059       0.000       0.000       0.000       0.000       0.000       0.000       0.000      34.754       0.000       0.000      17.324       0.000       0.000       0.000      -2.999       2.566    1072.378       0.000       0.000
   365    12    31  2023     196       0  hru196               792.783      51.311      51.288      31.871      41.541      73.412     206.882     515.731       7.786     192.388     315.558      31.867      79.615     390.012     332.936     229.803      27.909       0.000       0.000       0.283     690.058       0.000       0.000       0.000       0.000       0.000       0.000       0.000      31.867       0.000       0.000      41.541       0.000       0.000       0.000      -2.994       1.864    2571.431       0.000       0.000
   365    12    31  2023     197       0  hru197               792.783      51.311      51.288       0.000     213.572     213.572      33.370     547.133      12.045     195.123     339.965       0.000      25.564     341.817     319.136     242.872      67.792       0.000       0.000       0.283     690.014       0.000       0.000       0.000       0.000       0.000       0.000       0.000       0.000      74.509     139.063       0.000       0.000       0.000       0.000      -1.189       0.000     171.858       0.000       0.000
   365    12    31  2023     198       0  hru198               792.783      51.071      51.048      27.472    1156.512    1183.984     432.789     587.023       9.950     225.607     351.467      27.464      48.416     521.691     353.711     295.344      33.071       0.000       0.000       0.280     690.036       0.000       0.000      42.654    1358.699       0.000       0.000       0.000      27.464       0.000       0.000    1156.512       0.000       0.000       0.000      -8.810       2.349    3693.047       0.000       0.000
   365    12    31  2023     199       0  hru199               792.783      51.072      51.049      82.870      21.698     104.568     269.778     527.630      10.376     223.064     294.190      82.860      82.092     440.385     367.495     256.417      27.715       0.000       0.000       0.282     690.063       0.000       0.000      72.248      33.001       0.000       0.000       0.000      82.860       0.000       0.000      21.698       0.000       0.000       0.000      -3.823       4.373    1343.139       0.000       0.000
   365    12    31  2023     200       0  hru200               792.783      51.007      50.984      56.776      17.282      74.058     239.426     525.527      10.839     225.039     289.649      56.768      80.647     417.407     345.163     241.842      27.529       0.000       0.000       0.282     690.058       0.000       0.000      28.751      13.597       0.000       0.000       0.000      56.768       0.000       0.000      17.282       0.000       0.000       0.000      -3.789       3.467    1069.808       0.000       0.000
   365    12    31  2023     201       0  hru201               792.783      50.991      50.973       0.000     371.896     371.896      82.811     489.299       5.690     167.852     315.757       0.000      28.552     296.866     268.539     198.261      28.178       0.000       0.000       0.280     690.054       0.000       0.000       0.000     149.590       0.000       0.000       0.000       0.000       0.000       0.000     371.896       0.000       0.000       0.000      -1.485       0.000    1187.561       0.000       0.000
   365    12    31  2023     202       0  hru202               792.783      50.670      50.650       7.477      76.829      84.306     191.035     520.853      10.019     198.108     312.725       7.476      63.561     398.600     337.367     233.680      27.592       0.000       0.000       0.279     690.075       0.000       0.000       0.000       0.000       0.000       0.000       0.000       7.476       0.000       0.000      76.829       0.000       0.000       0.000      -3.212       0.174    1160.534       0.000       0.000
   365    12    31  2023     203       0  hru203               792.783      50.310      50.289       0.000     295.551     295.552      56.467     543.349       9.951     250.580     282.818       0.000      26.075     281.185     252.500     174.330      27.713       0.000       0.000       0.271     690.060       0.000       0.000       0.000     100.884       0.000       0.000       0.000       0.000       0.000       0.000     295.554       0.000       0.000       0.000      -1.504       0.000     943.774       0.000       0.000
   365    12    31  2023     204       0  hru204               792.783      50.010      49.987      33.993      50.480      84.473     204.184     530.488      12.818     208.539     309.131      33.991      79.380     395.071     323.160     228.120      27.781       0.000       0.000       0.275     690.085       0.000       0.000       6.668      15.589       0.000       0.000       0.000      33.991       0.000       0.000      50.480       0.000       0.000       0.000      -3.772       0.980    3124.789       0.000       0.000
   365    12    31  2023     205       0  hru205               792.783      46.230      46.221       0.850     317.116     317.966      72.868     403.291      52.041     242.100     109.150       0.850      54.513     225.216     201.477     145.377      28.930       0.000       0.000       0.250     690.200       0.000       0.000       0.000       0.000       0.000       0.000       0.000       0.850       0.000       0.000     317.116       0.000       0.000       0.000      -1.245       0.015    1084.964       0.000       0.000
   365    12    31  2023     206       0  hru206               792.783      46.343      46.334      17.006      51.526      68.532     316.112     410.683      51.244     246.878     112.561      17.004      72.379     444.240     399.299     284.367      29.304       0.000       0.000       0.251     690.176       0.000       0.000       0.000       0.000       0.000       0.000       0.000      17.004       0.000       0.000      51.526       0.000       0.000       0.000      -2.357       0.611     778.319       0.000       0.000
   365    12    31  2023     207       0  hru207               792.783      50.724      50.701      22.759     688.282     711.042     291.192     535.633      10.274     238.035     287.324      22.753      40.030     515.978     344.543     254.667      29.571       0.000       0.000       0.280     690.028       0.000       0.000      31.941     703.401       0.000       0.000       0.000      22.753       0.000       0.000     688.282       0.000       0.000       0.000      -8.991       2.926    2197.867       0.000       0.000
   365    12    31  2023     208       0  hru208               792.783      50.636      50.613      32.902     378.986     411.888     422.581     559.443      10.108     155.689     393.646      32.888      70.132     499.050     359.181     286.614      33.400       0.000       0.000       0.280     690.040       0.000       0.000      11.845     581.308       0.000       0.000       0.000      32.888       0.000       0.000     378.986       0.000       0.000       0.000      -7.337       3.527    2770.647       0.000       0.000
   365    12    31  2023     209       0  hru209               792.783      51.001      50.981      24.685      40.423      65.109     268.907     516.570       6.434     153.679     356.456      24.653      68.662     439.080     365.316     264.684      28.468       0.000       0.000       0.282     690.053       0.000       0.000      24.949      28.773       0.000       0.000       0.000      24.653       0.000       0.000      40.423       0.000       0.000       0.000      -3.869      11.723     610.609       0.000       0.000
   365    12    31  2023     210       0  hru210               792.783      50.490      50.467      31.211      67.381      98.592     318.295     540.896       8.298     193.988     338.609      31.200      71.675     457.144     413.548     283.863      29.197       0.000       0.000       0.278     690.052       0.000       0.000     142.238      20.261       0.000       0.000       0.000      31.200       0.000       0.000      67.381       0.000       0.000       0.000      -2.286       2.616    1017.813       0.000       0.000
   365    12    31  2023     211       0  hru211               792.783      50.899      50.876      39.033      27.612      66.645     277.722     530.791       7.841     199.644     323.305      39.008      68.988     451.344     366.412     267.236      28.456       0.000       0.000       0.281     690.042       0.000       0.000      54.658      23.095       0.000       0.000       0.000      39.008       0.000       0.000      27.612       0.000       0.000       0.000      -4.454       8.532     417.089       0.000       0.000
   365    12    31  2023     212       0  hru212               792.783      51.283      51.260       2.916     247.558     250.474     154.153     517.514       6.230     186.641     324.643       2.916      57.116     310.044     259.347     162.346      28.479       0.000       0.000       0.283     690.038       0.000       0.000       0.928     125.646       0.000       0.000       0.000       2.916       0.000       0.000     247.558       0.000       0.000       0.000      -2.659       0.327     846.982       0.000       0.000
   365    12    31  2023     213       0  hru213               792.783      50.373      50.350      36.678      15.006      51.684     219.587     541.094      10.162     265.044     265.888      36.672      79.528     392.857     341.143     231.095      26.982       0.000       0.000       0.277     690.060       0.000       0.000       3.491      13.307       0.000       0.000       0.000      36.672       0.000       0.000      15.006       0.000       0.000       0.000      -2.712       3.290     928.911       0.000       0.000
   365    12    31  2023     214       0  hru214               792.783      50.475      50.452      10.553      29.695      40.247     229.894     527.490       9.842     204.763     312.885      10.549      65.899     418.640     328.774     247.445      27.597       0.000       0.000       0.280     690.066       0.000       0.000       0.000       0.000       0.000       0.000       0.000      10.549       0.000       0.000      29.695       0.000       0.000       0.000      -4.713       1.097     448.546       0.000       0.000
   365    12    31  2023     215       0  hru215               792.783      50.211      50.189      10.794      25.494      36.288     232.366     528.352      11.309     209.305     307.738      10.790      65.956     419.293     340.866     247.956      27.525       0.000       0.000       0.277     690.068       0.000       0.000       0.000       0.000       0.000       0.000       0.000      10.790       0.000       0.000      25.494       0.000       0.000       0.000      -4.113       1.102     385.094       0.000       0.000
   365    12    31  2023     216       0  hru216               792.783      50.905      50.883      10.195      38.857      49.052     225.738     521.059       6.651     197.594     316.814      10.193      65.805     415.823     359.816     247.200      27.562       0.000       0.000       0.281     690.060       0.000       0.000       0.000       0.000       0.000       0.000       0.000      10.193       0.000       0.000      38.857       0.000       0.000       0.000      -2.937       0.647     586.942       0.000       0.000
   365    12    31  2023     217       0  hru217               792.783      50.528      50.507      51.522      61.751     113.273     293.806     545.797      12.870     218.422     314.505      51.506      69.844     471.636     376.741     273.628      28.515       0.000       0.000       0.280     690.057       0.000       0.000      51.509     103.250       0.000       0.000       0.000      51.506       0.000       0.000      61.751       0.000       0.000       0.000      -4.977       3.731     932.769       0.000       0.000
   365    12    31  2023     218       0  hru218               792.783      50.766      50.743       8.712      53.452      62.164     201.176     534.374       7.767     230.256     296.352       8.711      63.896     416.852     327.957     235.164      27.205       0.000       0.000       0.281     690.053       0.000       0.000       0.000       0.000       0.000       0.000       0.000       8.711       0.000       0.000      53.452       0.000       0.000       0.000      -4.662       0.149     807.411       0.000       0.000
   365    12    31  2023     219       0  hru219               792.783      50.547      50.525      11.248      21.008      32.255     237.485     528.183       7.300     212.732     308.151      11.242      66.288     423.597     327.575     249.208      27.525       0.000       0.000       0.280     690.046       0.000       0.000       0.000       0.000       0.000       0.000       0.000      11.242       0.000       0.000      21.008       0.000       0.000       0.000      -5.036       1.750     317.328       0.000       0.000
   365    12    31  2023     220       0  hru220               792.783      50.370      50.347      43.036      13.093      56.128     210.090     554.038      11.025     283.607     259.406      43.026      79.019     403.139     322.807     226.379      26.593       0.000       0.000       0.277     690.064       0.000       0.000      16.427       6.721       0.000       0.000       0.000      43.026       0.000       0.000      13.093       0.000       0.000       0.000      -4.213       4.839     810.462       0.000       0.000
   365    12    31  2023     221       0  hru221               792.783      47.186      47.171       0.237     243.105     243.342     138.502     480.031      38.955     317.257     123.818       0.236      34.873     421.964     335.453     278.291      69.405       0.000       0.000       0.253     690.092       0.000       0.000       0.857      63.609       0.000       0.236       0.000       0.000     243.105       0.000       0.000       0.000       0.000       0.000      -4.537       0.086     195.622       0.000       0.000
   365    12    31  2023     222       0  hru222               792.783      50.277      50.257    2699.479     435.525    3135.003    1060.687     652.641      10.651     239.864     402.126    2699.303      94.668     632.597     632.597     552.786     101.978       0.000       0.000       0.278     690.030       0.000       0.000       0.252    4054.754       0.000       0.000       0.000    2699.303       0.000       0.000     435.525       0.000       0.000       0.000       0.003     359.678    6578.750       0.000       0.000
   365    12    31  2023     223       0  hru223               792.783      50.870      50.848      15.668      38.014      53.682     279.875     478.543       6.391     151.574     320.578      15.665      69.449     416.975     378.116     269.210      27.639       0.000       0.000       0.281     690.018       0.000       0.000       5.018      12.200       0.000       0.000       0.000      15.665       0.000       0.000      38.014       0.000       0.000       0.000      -2.038       1.555     574.210       0.000       0.000
   365    12    31  2023     224       0  hru224               792.783      50.282      50.260       0.000     237.116     237.116      72.166     484.971      10.047     199.162     275.762       0.000      27.803     287.114     260.836     193.868      27.088       0.000       0.000       0.278     690.055       0.000       0.000       0.000       0.000       0.000       0.000       0.000       0.000       0.000       0.000     237.116       0.000       0.000       0.000      -1.378       0.000     757.173       0.000       0.000
   365    12    31  2023     225       0  hru225               792.783      50.791      50.768       4.162     231.522     235.684      83.873     533.356       8.230     231.463     293.662       4.162      53.500     258.451     220.628     138.283      27.599       0.000       0.000       0.280     690.043       0.000       0.000      23.991      34.033       0.000       0.000       0.000       4.162       0.000       0.000     231.522       0.000       0.000       0.000      -1.984       0.363     792.118       0.000       0.000
   365    12    31  2023     226       0  hru226               792.783      50.612      50.590      39.826      45.751      85.578     196.736     538.884       8.870     244.194     285.820      39.823      78.855     390.405     338.356     223.092      27.099       0.000       0.000       0.280     690.059       0.000       0.000      15.541       9.910       0.000       0.000       0.000      39.823       0.000       0.000      45.751       0.000       0.000       0.000      -2.730       1.697    2832.073       0.000       0.000
   365    12    31  2023     227       0  hru227               792.783      50.928      50.905       4.571     298.742     303.313      99.152     530.828       7.002     207.615     316.211       4.570      54.353     272.281     233.264     143.621      28.262       0.000       0.000       0.281     690.035       0.000       0.000      16.480     121.830       0.000       0.000       0.000       4.570       0.000       0.000     298.742       0.000       0.000       0.000      -2.046       0.424    1022.099       0.000       0.000
   365    12    31  2023     228       0  hru228               792.783      49.913      49.892      10.668      47.925      58.593     254.693     481.399      14.846     197.226     269.327      10.667      67.732     406.860     371.678     258.654      26.545       0.000       0.000       0.277     690.015       0.000       0.000       0.000       0.000       0.000       0.000       0.000      10.667       0.000       0.000      47.925       0.000       0.000       0.000      -1.845       0.316     723.917       0.000       0.000
   365    12    31  2023     229       0  hru229               792.783      50.442      50.419       0.000     206.778     206.778     109.579     478.063      11.585     178.691     287.786       0.000      29.577     317.092     287.116     203.839      27.355       0.000       0.000       0.279     690.026       0.000       0.000       0.000       0.000       0.000       0.000       0.000       0.000       0.000       0.000     206.778       0.000       0.000       0.000      -1.572       0.000     660.296       0.000       0.000
   365    12    31  2023     230       0  hru230               792.783      49.339      49.316       1.499     147.605     149.104     106.145     539.269      20.227     285.650     233.392       1.498      53.742     277.766     245.771     137.995      26.355       0.000       0.000       0.265     690.035       0.000       0.000       0.000       0.000       0.000       0.000       0.000       1.498       0.000       0.000     147.605       0.000       0.000       0.000      -1.678       0.100     505.009       0.000       0.000
   365    12    31  2023     231       0  hru231               792.783      50.295      50.276      29.037      60.588      89.625     302.305     494.688       8.611     194.187     291.890      29.023      70.734     435.960     389.812     277.035      27.398       0.000       0.000       0.277     690.031       0.000       0.000      21.934      69.337       0.000       0.000       0.000      29.023       0.000       0.000      60.588       0.000       0.000       0.000      -2.420       5.284     915.196       0.000       0.000
   365    12    31  2023     232       0  hru232               792.783      50.428      50.406       0.000     183.875     183.876      61.933     548.806      10.588     267.512     270.706       0.000      25.979     292.007     259.632     171.176      27.134       0.000       0.000       0.279     690.072       0.000       0.000       0.000       0.000       0.000       0.000       0.000       0.000       0.000       0.000     183.875       0.000       0.000       0.000      -1.698       0.000     587.163       0.000       0.000
   365    12    31  2023     233       0  hru233               792.783      50.450      50.428       0.000     176.135     176.136      67.783     550.873      10.675     268.793     271.405       0.000      26.220     299.770     263.951     172.362      27.139       0.000       0.000       0.279     690.071       0.000       0.000       0.000       0.000       0.000       0.000       0.000       0.000       0.000       0.000     176.135       0.000       0.000       0.000      -1.878       0.000     562.446       0.000       0.000
   365    12    31  2023     234       0  hru234               792.783      50.636      50.614       0.000     243.813     243.814      61.837     488.469       9.590     173.242     305.637       0.000      27.338     276.808     253.219     191.496      27.340       0.000       0.000       0.279     690.070       0.000       0.000       0.000       0.000       0.000       0.000       0.000       0.000       0.000       0.000     243.813       0.000       0.000       0.000      -1.237       0.000     778.560       0.000       0.000
   365    12    31  2023     235       0  hru235               792.783      50.074      50.051      81.179      61.169     142.349     249.933     559.040      12.085     268.346     278.609      81.174      81.070     433.867     338.564     247.530      27.424       0.000       0.000       0.278     690.061       0.000       0.000      58.521      94.623       0.000       0.000       0.000      81.174       0.000       0.000      61.169       0.000       0.000       0.000      -4.998       2.323    3786.452       0.000       0.000
   365    12    31  2023     236       0  hru236               792.783      49.846      49.824      26.328      32.747      59.075     173.931     563.962      15.720     307.711     240.531      26.323      77.337     385.185     310.687     209.942      26.279       0.000       0.000       0.277     690.073       0.000       0.000       0.000       0.000       0.000       0.000       0.000      26.323       0.000       0.000      32.747       0.000       0.000       0.000      -3.907       2.090    2027.060       0.000       0.000
   365    12    31  2023     237       0  hru237               792.783      50.002      49.980       0.000     237.113     237.113      70.070     487.060      13.216     211.674     262.171       0.000      27.653     285.620     259.537     192.738      26.836       0.000       0.000       0.277     690.071       0.000       0.000       0.000       0.000       0.000       0.000       0.000       0.000       0.000       0.000     237.113       0.000       0.000       0.000      -1.368       0.000     757.164       0.000       0.000
   365    12    31  2023     238       0  hru238               792.783      50.237      50.215      28.083      25.617      53.700     182.891     560.050      13.852     310.884     235.314      28.079      77.617     388.843     318.970     213.201      26.197       0.000       0.000       0.276     690.055       0.000       0.000       0.000       0.000       0.000       0.000       0.000      28.079       0.000       0.000      25.617       0.000       0.000       0.000      -3.665       1.455    1585.720       0.000       0.000
   365    12    31  2023     239       0  hru239               792.783      47.883      47.867       5.279     399.886     405.165     223.414     537.898      82.350     435.345      20.203       5.279      59.528     356.399     298.867     176.036      27.462       0.000       0.000       0.260     690.109       0.000       0.000       4.291     366.209       0.000       0.000       0.000       5.279       0.000       0.000     399.886       0.000       0.000       0.000      -3.017       0.456    1368.148       0.000       0.000
   365    12    31  2023     240       0  hru240               792.783      47.882      47.866      58.955    4441.890    4500.846     267.724     577.035      82.350     461.566      33.119      58.954      45.762     556.691     456.816     280.281      49.847       0.000       0.000       0.260     690.106       0.000       0.000       0.007    4542.710       0.000       0.000       0.000      58.954       0.000       0.000    4441.890       0.000       0.000       0.000      -5.238       0.284   11756.191       0.000       0.000
   365    12    31  2023     241       0  hru241               792.783      47.883      47.867       0.008     247.013     247.022      47.208     561.397      82.349     459.977      19.071       0.008      27.124     330.244     296.212     214.329      44.306       0.000       0.000       0.260     690.117       0.000       0.000      35.352      25.452       0.000       0.008       0.000       0.000     247.013       0.000       0.000       0.000       0.000       0.000      -1.785       0.004     653.761       0.000       0.000
   365    12    31  2023     242       0  hru242               792.783      47.883      47.868       0.105     176.819     176.925      70.832     559.412      82.347     458.987      18.078       0.105      28.810     358.050     307.964     218.501      43.738       0.000       0.000       0.260     690.127       0.000       0.000       8.685       2.890       0.000       0.000       0.000       0.105       0.000       0.000     176.819       0.000       0.000       0.000      -2.627       0.032     467.981       0.000       0.000
   365    12    31  2023     243       0  hru243               792.783      47.883      47.867       0.795     156.914     157.709     117.209     520.101      82.347     420.925      16.829       0.795      53.997     282.823     241.881     141.014      26.292       0.000       0.000       0.260     690.124       0.000       0.000       0.000       0.000       0.000       0.000       0.000       0.795       0.000       0.000     156.914       0.000       0.000       0.000      -2.147       0.094     536.856       0.000       0.000
   365    12    31  2023     244       0  hru244               792.783      47.883      47.867       0.002     180.944     180.947      55.397     558.807      82.347     458.493      17.967       0.002      27.459     341.064     299.678     213.373      43.578       0.000       0.000       0.260     690.126       0.000       0.000       0.000       0.000       0.000       0.000       0.000       0.002       0.000       0.000     180.944       0.000       0.000       0.000      -2.171       0.000     478.899       0.000       0.000
   365    12    31  2023     245       0  hru245               792.783      47.882      47.866       0.000     209.794     209.794      26.151     558.538      82.350     457.935      18.252       0.000      25.049     305.268     278.577     204.049      43.490       0.000       0.000       0.260     690.104       0.000       0.000       0.000       0.000       0.000       0.000       0.000       0.000       0.000       0.000     209.794       0.000       0.000       0.000      -1.400       0.000     555.254       0.000       0.000
   365    12    31  2023     246       0  hru246               792.783      50.547      50.527      17.067      90.939     108.006     351.241     334.317      35.871     137.308     161.138      17.066      75.493     413.844     399.077     303.120      31.384       0.000       0.000       0.279     690.039       0.000       0.000       0.000       0.000       0.000       0.000       0.000      17.066       0.000       0.000      90.939       0.000       0.000       0.000      -0.774       0.188    1373.671       0.000       0.000
   365    12    31  2023     247       0  hru247               792.783      49.012      48.992      42.806      49.366      92.172     230.451     507.813      19.353     247.187     241.272      42.788      80.747     396.241     349.362     238.525      26.050       0.000       0.000       0.269     690.115       0.000       0.000      20.844      14.183       0.000       0.000       0.000      42.788       0.000       0.000      49.366       0.000       0.000       0.000      -2.459       9.525    3055.812       0.000       0.000
   365    12    31  2023     248       0  hru248               792.783      51.149      51.126      41.526      18.384      59.910     258.029     484.782       5.277     172.012     307.493      41.482      82.222     399.699     362.583     252.289      27.128       0.000       0.000       0.281     690.046       0.000       0.000       5.699       2.210       0.000       0.000       0.000      41.482       0.000       0.000      18.384       0.000       0.000       0.000      -1.947      28.081    1137.997       0.000       0.000
   365    12    31  2023     249       0  hru249               792.783      51.004      50.981      37.853      16.518      54.371     254.653     485.582       5.712     179.570     300.300      37.835      82.070     396.167     362.381     250.673      26.936       0.000       0.000       0.279     690.057       0.000       0.000       0.000       0.000       0.000       0.000       0.000      37.835       0.000       0.000      16.518       0.000       0.000       0.000      -1.772      10.829    1022.468       0.000       0.000
   365    12    31  2023     250       0  hru250               792.783      49.724      49.703      35.425      26.850      62.275     242.697     489.725      17.577     242.808     229.341      35.420      81.377     391.921     356.740     243.703      25.773       0.000       0.000       0.275     690.067       0.000       0.000       0.000       0.000       0.000       0.000       0.000      35.420       0.000       0.000      26.850       0.000       0.000       0.000      -1.845       2.404    1662.062       0.000       0.000
   365    12    31  2023     251       0  hru251               792.783      47.883      47.867       0.057     253.918     253.975      39.338     560.706      82.347     459.345      19.013       0.056      26.362     324.995     289.631     210.476      43.879       0.000       0.000       0.260     690.126       0.000       0.000      13.372      45.679       0.000       0.000       0.000       0.056       0.000       0.000     253.918       0.000       0.000       0.000      -1.855       0.018     672.036       0.000       0.000
   365    12    31  2023     252       0  hru252               792.783      47.882      47.867   61298.379    5668.566   66966.961    1682.810     611.964      82.350     463.219      66.396   61297.422      87.825     576.882     576.882     505.348     102.287       0.000       0.000       0.260     690.107       0.000       0.000       9.254   68456.492       0.000       0.000       0.000   61297.422       0.000       0.000    5668.566       0.000       0.000       0.000      -0.002    2301.382   15002.786       0.000       0.000
   365    12    31  2023     253       0  hru253               792.783      47.883      47.867       4.545     600.817     605.361     119.753     567.077      82.350     461.424      23.304       4.541      34.402     406.133     331.067     239.555      47.396       0.000       0.000       0.260     690.109       0.000       0.000     433.306      61.591       0.000       0.000       0.000       4.541       0.000       0.000     600.817       0.000       0.000       0.000      -3.937       1.580    1590.160       0.000       0.000
   365    12    31  2023     254       0  hru254               792.783      47.883      47.867       0.060     439.051     439.111      64.951     562.503      82.347     459.426      20.729       0.059      28.755     352.545     307.017     218.771      44.255       0.000       0.000       0.260     690.125       0.000       0.000       0.058     270.881       0.000       0.000       0.000       0.059       0.000       0.000     439.051       0.000       0.000       0.000      -2.388       0.018    1162.021       0.000       0.000
   365    12    31  2023     255       0  hru255               792.783      47.882      47.867       0.000     188.952     188.952      47.302     558.711      82.350     458.328      18.033       0.000      26.792     332.411     294.944     210.916      43.563       0.000       0.000       0.260     690.107       0.000       0.000       0.000       0.000       0.000       0.000       0.000       0.000       0.000       0.000     188.952       0.000       0.000       0.000      -1.965       0.000     500.092       0.000       0.000
   365    12    31  2023     256       0  hru256               792.783      47.884      47.868      24.035      38.487      62.521     183.842     551.041      82.345     452.881      15.816      24.033      77.041     377.505     294.153     210.257      26.313       0.000       0.000       0.260     690.142       0.000       0.000       0.000       0.000       0.000       0.000       0.000      24.033       0.000       0.000      38.487       0.000       0.000       0.000      -4.372       0.484    2382.370       0.000       0.000
   365    12    31  2023     257       0  hru257               792.783      47.883      47.867       0.000     199.524     199.524      36.551     558.638      82.348     458.161      18.129       0.000      25.906     319.529     287.478     207.514      43.533       0.000       0.000       0.260     690.122       0.000       0.000       0.000       0.000       0.000       0.000       0.000       0.000       0.000       0.000     199.524       0.000       0.000       0.000      -1.681       0.000     528.074       0.000       0.000
   365    12    31  2023     258       0  hru258               792.783      47.882      47.866       0.438     342.209     342.647      98.064     562.057      82.350     459.761      19.945       0.438      31.553     386.250     321.947     227.907      44.178       0.000       0.000       0.260     690.105       0.000       0.000       0.000     206.278       0.000       0.000       0.438       0.000       0.000     342.209       0.000       0.000       0.000       0.000      -3.373       0.180     905.712       0.000       0.000
   365    12    31  2023     259       0  hru259               792.783      47.884      47.868      24.164      37.346      61.511     184.731     551.165      82.346     453.004      15.815      24.162      77.083     377.847     294.320     210.665      26.305       0.000       0.000       0.260     690.133       0.000       0.000       0.000       0.000       0.000       0.000       0.000      24.162       0.000       0.000      37.346       0.000       0.000       0.000      -4.381       0.870    2311.791       0.000       0.000
   365    12    31  2023     260       0  hru260               792.783      47.884      47.868      44.550      38.731      83.281     207.145     555.298      82.345     456.501      16.452      44.542      78.153     392.759     300.596     221.425      26.468       0.000       0.000       0.260     690.139       0.000       0.000      25.795      22.068       0.000       0.000       0.000      44.542       0.000       0.000      38.731       0.000       0.000       0.000      -4.834       4.468    2397.510       0.000       0.000
   365    12    31  2023     261       0  hru261               792.783      47.884      47.868      29.817      55.284      85.102     211.215     553.848      82.346     455.064      16.438      29.809      78.146     398.904     304.453     222.647      26.455       0.000       0.000       0.260     690.136       0.000       0.000       0.000      52.089       0.000       0.000       0.000      29.809       0.000       0.000      55.284       0.000       0.000       0.000      -4.954       3.492    3422.176       0.000       0.000
   365    12    31  2023     262       0  hru262               792.783      47.884      47.868       0.000     205.022     205.022      30.960     558.605      82.347     458.067      18.191       0.000      25.445     312.102     282.915     205.672      43.511       0.000       0.000       0.260     690.131       0.000       0.000       0.000       0.000       0.000       0.000       0.000       0.000       0.000     134.236      70.786       0.000       0.000       0.000      -1.531       0.000     542.625       0.000       0.000
   365    12    31  2023     263       0  hru263               792.783      47.884      47.868      39.172      53.488      92.660     199.571     555.395      82.346     456.549      16.500      39.170      77.864     384.184     297.192     218.156      26.484       0.000       0.000       0.260     690.135       0.000       0.000      19.443      30.514       0.000       0.000       0.000      39.170       0.000       0.000      53.488       0.000       0.000       0.000      -4.563       1.310    3310.996       0.000       0.000
   365    12    31  2023     264       0  hru264               792.783      47.883      47.867      55.667    1078.499    1134.165     409.114     573.598      82.348     464.224      27.027      55.628      55.262     559.059     447.330     323.397      51.416       0.000       0.000       0.260     690.125       0.000       0.000       0.001    1317.297       0.000      55.628       0.000       0.000    1078.499       0.000       0.000       0.000       0.000       0.000      -5.860       6.903    2854.423       0.000       0.000
   365    12    31  2023     265       0  hru265               792.783      47.884      47.868       0.000     418.581     418.581      31.811     561.165      82.347     458.205      20.614       0.000      25.855     312.541     282.575     207.971      43.834       0.000       0.000       0.260     690.128       0.000       0.000       0.000     216.652       0.000       0.000       0.000       0.000     418.581       0.000       0.000       0.000       0.000       0.000      -1.572       0.000    1107.843       0.000       0.000
   365    12    31  2023     266       0  hru266               792.783      47.883      47.867       0.000     210.490     210.491      25.425     558.555      82.348     457.945      18.261       0.000      24.989     304.204     277.866     203.783      43.485       0.000       0.000       0.260     690.121       0.000       0.000       0.000       0.000       0.000       0.000       0.000       0.000     210.490       0.000       0.000       0.000       0.000       0.000      -1.382       0.000     557.097       0.000       0.000
   365    12    31  2023     267       0  hru267               792.783      47.884      47.868       0.000     192.583     192.583      43.587     558.709      82.347     458.300      18.063       0.000      26.484     328.164     292.504     209.743      43.553       0.000       0.000       0.260     690.129       0.000       0.000       0.000       0.000       0.000       0.000       0.000       0.000       0.000       0.000     192.583       0.000       0.000       0.000      -1.870       0.000     509.702       0.000       0.000
   365    12    31  2023     268       0  hru268               792.783      47.883      47.867       0.187     263.101     263.288      36.901     561.603      82.348     459.957      19.298       0.187      26.273     324.256     288.185     210.638      44.192       0.000       0.000       0.260     690.121       0.000       0.000      44.807      21.938       0.000       0.187       0.000       0.000     263.101       0.000       0.000       0.000       0.000       0.000      -1.892       0.058     696.339       0.000       0.000
   365    12    31  2023     269       0  hru269               792.783      47.884      47.868       0.240     272.608     272.848      33.481     561.444      82.346     459.756      19.341       0.240      25.958     320.784     284.153     208.977      44.067       0.000       0.000       0.260     690.136       0.000       0.000      41.488      31.147       0.000       0.000       0.240       0.000       0.000     272.608       0.000       0.000       0.000       0.000      -1.921       0.063     721.501       0.000       0.000
   365    12    31  2023     270       0  hru270               792.783      47.883      47.868       0.000     262.980     262.980      17.980     560.633      82.347     459.015      19.270       0.000      24.773     289.675     273.320     205.208      44.279       0.000       0.000       0.260     690.127       0.000       0.000      47.631       0.000       0.000       0.000       0.000       0.000       0.000       0.000     262.980       0.000       0.000       0.000      -0.858       0.000     696.019       0.000       0.000
   365    12    31  2023     271       0  hru271               792.783      47.883      47.867      27.352     301.747     329.099     315.261     553.387      82.348     451.124      19.915      27.338      62.514     412.132     297.489     207.296      29.912       0.000       0.000       0.260     690.120       0.000       0.000      70.281     328.324       0.000       0.000       0.000      27.338       0.000       0.000     301.747       0.000       0.000       0.000      -6.013      10.940    1736.058       0.000       0.000
   365    12    31  2023     272       0  hru272               792.783      47.883      47.867       5.533     213.634     219.167     162.599     532.269      82.347     431.791      18.131       5.532      55.970     332.985     260.590     162.286      29.067       0.000       0.000       0.260     690.127       0.000       0.000      34.922      82.251       0.000       0.000       0.000       5.532       0.000       0.000     213.634       0.000       0.000       0.000      -3.797       1.856    1229.112       0.000       0.000
   365    12    31  2023     273       0  hru273               792.783      47.883      47.867      13.137     293.006     306.143     332.587     550.638      82.348     448.425      19.864      13.126      62.993     425.435     310.300     210.759      29.600       0.000       0.000       0.260     690.120       0.000       0.000      11.040     379.178       0.000       0.000       0.000      13.126       0.000       0.000     293.006       0.000       0.000       0.000      -6.039       5.616    1685.765       0.000       0.000
   365    12    31  2023     274       0  hru274               792.783      48.745      48.725      82.144      40.415     122.559     259.800     515.650      20.374     257.974     237.302      82.092      82.230     422.433     365.548     259.846      25.173       0.000       0.000       0.269     690.128       0.000       0.000      69.179      32.909       0.000       0.000       0.000      82.092       0.000       0.000      40.415       0.000       0.000       0.000      -2.984      27.493    2501.757       0.000       0.000
   365    12    31  2023     275       0  hru275               792.783      49.138      49.120      70.953      33.753     104.705     304.647     509.163      18.905     244.432     245.826      70.892      83.664     436.632     368.881     270.578      26.553       0.000       0.000       0.271     690.127       0.000       0.000      31.006      91.025       0.000       0.000       0.000      70.892       0.000       0.000      33.753       0.000       0.000       0.000      -3.553      29.317    2089.348       0.000       0.000
   365    12    31  2023     276       0  hru276               792.783      49.697      49.676      35.879      27.348      63.227     245.582     488.731      17.480     232.781     238.470      35.853      81.522     393.007     357.140     245.274      25.924       0.000       0.000       0.273     690.056       0.000       0.000       1.585       1.201       0.000       0.000       0.000      35.853       0.000       0.000      27.348       0.000       0.000       0.000      -1.881      15.094    1692.846       0.000       0.000
   365    12    31  2023     277       0  hru277               792.783      49.656      49.635      49.464      31.403      80.867     259.563     494.248      17.899     245.770     230.579      49.428      82.074     404.187     364.046     251.072      25.967       0.000       0.000       0.274     690.119       0.000       0.000      20.267      19.414       0.000       0.000       0.000      49.428       0.000       0.000      31.403       0.000       0.000       0.000      -2.105      21.559    1943.874       0.000       0.000
   365    12    31  2023     278       0  hru278               792.783      47.882      47.866       0.000     363.477     369.457       9.816     562.944      82.351     460.984      19.608       0.000      15.485     343.256     314.386     224.208      44.369       0.000       0.000       0.260     690.098       5.980       0.000       0.471     147.215       0.000       0.000       0.000       0.000       0.000       0.000     363.477       0.000       0.000       0.000      -1.514       0.000     962.001       0.000       0.000
   365    12    31  2023     279       0  hru279               792.783      47.882      47.866       0.000     200.892     252.944      40.556     548.105      82.351     449.480      16.274       0.000      37.158     321.043     293.849     199.128      28.630       0.000       0.000       0.260     690.098      52.051       0.000       0.000      46.409       0.000       0.000       0.000       0.000       0.000       0.000     200.892       0.000       0.000       0.000      -1.426       0.000    1155.805       0.000       0.000
   365    12    31  2023     280       0  hru280               792.783      47.882      47.866       0.000     166.620     208.311      39.927     547.011      82.351     448.900      15.760       0.000      37.158     320.770     290.789     197.596      28.483       0.000       0.000       0.260     690.099      41.690       0.000       0.000       0.000       0.000       0.000       0.000       0.000       0.000       0.000     166.620       0.000       0.000       0.000      -1.572       0.000     958.624       0.000       0.000
   365    12    31  2023     281       0  hru281               792.783      50.547      50.527       0.000     435.634     437.905      12.739     343.147      35.873     137.696     169.578       0.000      15.485     333.586     316.459     266.740      52.098       0.000       0.000       0.279     690.031       2.270       0.000       0.000       0.000       0.000       0.000       0.000       0.000       0.000       0.000     435.634       0.000       0.000       0.000      -0.898       0.000    1152.977       0.000       0.000
   365    12    31  2023     282       0  hru282               792.783      50.546      50.527       0.000     407.873     408.100       9.284     376.239      35.874     137.600     202.764       0.000      15.410     345.826     331.095     281.645      75.554       0.000       0.000       0.279     690.023       0.227       0.000       0.000       0.000       0.000       0.000       0.000       0.000       0.000       0.000     407.869       0.000       0.000       0.000      -0.773       0.000     328.208       0.000       0.000
   365    12    31  2023     283       0  hru283               792.783      48.402      48.383     523.883       0.805     524.688       0.706     658.736      48.885     207.237     402.615     523.855       0.000      70.089      28.985      48.144      14.027       0.000       0.000       0.263     690.092       0.000       0.000       0.000     130.129       0.000     523.855       0.000       0.000       0.805       0.000       0.000       0.000       0.000       0.000      -2.156     138.595      99.214       0.000     209.073
   365    12    31  2023     284       0  hru284               792.783      48.402      48.383     471.690       0.000     471.690       0.000     622.437      34.699      76.581     511.157     471.676       0.000      12.036      12.530       8.347       8.347       0.000       0.000       0.263     690.087       0.000       0.000       0.000       0.000       0.000       0.000       0.000     471.676       0.000       0.000       0.000       0.000       0.000       0.000       0.026      59.511       0.000       0.000     265.601
   365    12    31  2023     285       0  hru285               792.783      48.403      48.384     471.355       0.000     471.355       0.000     622.573      34.674      76.552     511.347     471.351       0.000      11.944      12.437       8.254       8.254       0.000       0.000       0.263     690.121       0.000       0.000       0.000       0.000       0.000       0.000       0.000     471.351       0.000       0.000       0.000       0.000       0.000       0.000       0.026      15.408       0.000       0.000     265.437
   365    12    31  2023     286       0  hru286               792.783      48.403      48.384     471.353       0.000     471.353       0.000     622.575      34.674      76.552     511.349     471.351       0.000      11.944      12.436       8.254       8.254       0.000       0.000       0.263     690.120       0.000       0.000       0.000       0.000       0.000       0.000       0.000     471.351       0.000       0.000       0.000       0.000       0.000       0.000       0.026      10.426       0.000       0.000     265.438
   365    12    31  2023     287       0  hru287               792.783      48.402      48.383     471.643       0.000     471.643       0.000     622.188      34.703      76.506     510.979     471.641       0.000      12.238      12.731       8.538       8.538       0.000       0.000       0.263     690.092       0.000       0.000       0.000       0.000       0.000       0.000       0.000     471.641       0.000       0.000       0.000       0.000       0.000       0.000       0.026       3.784       0.000       0.000     265.313
   365    12    31  2023     288       0  hru288               792.783      47.882      47.866       8.778    1324.514    2210.726      47.618     578.198      82.351     464.818      31.029       8.778      15.888     415.938     346.201     317.968      50.182       0.000       0.000       0.260     690.102     877.433       0.000       0.001    2039.283       0.000       0.000       0.000       8.778       0.000       0.000    1324.514       0.000       0.000       0.000      -3.658       5.234    3505.544       0.000       0.000
   365    12    31  2023     289       0  hru289               792.783      47.882      47.866       0.000     436.757     598.766      24.942     567.234      82.351     464.121      20.762       0.000      15.476     349.701     343.808     258.072      45.259       0.000       0.000       0.260     690.098     162.008       0.000      38.200     358.214       0.000       0.000       0.000       0.000     167.841       0.000     268.916       0.000       0.000       0.000      -0.309       0.000    1155.949       0.000       0.000
   365    12    31  2023     290       0  hru290               792.783      47.882      47.866       0.000     210.840     224.880      23.692     548.053      82.351     450.146      15.556       0.000      15.440     353.440     291.448     200.514      26.567       0.000       0.000       0.260     690.099      14.040       0.000       0.000       0.000       0.000       0.000       0.000       0.000       0.000       0.000     210.840       0.000       0.000       0.000      -3.251       0.000     673.266       0.000       0.000
   365    12    31  2023     291       0  hru291               792.783      47.882      47.866       0.448     487.095    1561.394      89.004     574.031      82.352     464.367      27.311       0.448      37.054     397.103     339.061     307.336      33.536       0.000       0.000       0.260     690.094    1073.851       0.000     594.891     833.586       0.000       0.000       0.000       0.448       0.000       0.000     487.095       0.000       0.000       0.000      -3.044       0.472    2802.427       0.000       0.000
   365    12    31  2023     292       0  hru292               792.783      47.882      47.866       0.000     376.274     397.552      13.625     567.403      82.352     464.022      21.029       0.000      15.395     378.470     347.664     255.610      65.392       0.000       0.000       0.260     690.095      21.278       0.000       0.025     183.640       0.000       0.000       0.000       0.000     251.896       0.000     124.377       0.000       0.000       0.000      -1.616       0.000     302.781       0.000       0.000
   365    12    31  2023     293       0  hru293               792.783      47.882      47.866       0.000     207.697     219.664      10.485     565.341      82.352     463.160      19.829       0.000      15.395     377.958     331.515     243.409      64.492       0.000       0.000       0.260     690.092      11.967       0.000       0.000       0.000       0.000       0.000       0.000       0.000       0.000     207.697       0.000       0.000       0.000       0.000      -2.436       0.000     167.131       0.000       0.000
   365    12    31  2023     294       0  hru294               792.783      51.311      51.288     228.683      39.815    1383.308      40.203     568.645       5.731     128.520     434.394     228.682      54.818     438.600     284.333     279.144      35.308       0.000       0.000       0.283     690.053    1114.810       0.000     511.753     679.553       0.000       0.000       0.000     228.682       0.000       0.000      39.815       0.000       0.000       0.000      -8.091       5.499    2464.614       0.000       0.000
   365    12    31  2023     295       0  hru295               792.783      50.820      50.797      75.428      87.485     836.585      30.869     562.606       8.105     192.593     361.909      75.428      54.342     393.001     240.618     245.109      30.827       0.000       0.000       0.281     690.061     673.672       0.000     239.755     387.854       0.000       0.000       0.000      75.428       0.000       0.000      87.485       0.000       0.000       0.000      -7.992       0.385    5415.443       0.000       0.000
   365    12    31  2023     296       0  hru296               792.783      47.547      47.530       0.000     528.698    1198.847      24.759     496.704      37.718     305.603     153.383       0.000      15.585     378.524     302.763     274.526      49.008       0.000       0.000       0.256     690.100     670.149       0.000      31.208     891.806       0.000       0.000       0.000       0.000       0.000       0.000     528.698       0.000       0.000       0.000      -3.974       0.000    1399.285       0.000       0.000
   365    12    31  2023     297       0  hru297               792.783      50.552      50.530       1.633     355.914     953.241      47.366     575.330      11.619     180.971     382.740       1.633      37.818     376.893     237.310     229.780      33.381       0.000       0.000       0.280     690.015     595.694       0.000     112.922     661.269       0.000       0.000       0.000       1.633       0.000       0.000     355.914       0.000       0.000       0.000      -7.321       0.087    2047.695       0.000       0.000
   365    12    31  2023     298       0  hru298               792.783      47.499      47.486       0.000     238.154     339.244      10.816     443.620      39.352     253.363     150.905       0.000      15.566     302.524     298.872     238.820      47.992       0.000       0.000       0.256     690.100     101.090       0.000       0.000       0.000       0.000       0.000       0.000       0.000       0.000       0.000     238.154       0.000       0.000       0.000      -0.192       0.000     630.314       0.000       0.000
   365    12    31  2023     299       0  hru299               792.783      47.882      47.866       0.000     960.039    1566.289      35.290     571.260      82.352     465.055      23.853       0.000      15.386     443.359     379.707     308.888      68.550       0.000       0.000       0.260     690.093     606.250       0.000       0.000    1376.262       0.000       0.000       0.000       0.000       0.000       0.000     960.039       0.000       0.000       0.000      -3.338       0.000     772.527       0.000       0.000
   365    12    31  2023     300       0  hru300               792.783      49.121      49.104       0.000      33.370     417.126       0.830     375.651      22.255     225.296     128.101       0.000      15.596     255.000     255.000     239.778      49.522       0.000       0.000       0.267     690.028     383.756       0.000       0.000       0.000       0.000       0.000       0.000       0.000       0.000       0.000      33.370       0.000       0.000       0.000      -0.000       0.000      88.319       0.000       0.000
   365    12    31  2023     301       0  hru301               792.783      47.545      47.529       0.000     272.993     492.655      15.843     513.054      36.835     321.271     154.948       0.000      15.542     334.248     330.133     269.412      68.179       0.000       0.000       0.256     690.095     219.662       0.000       0.000     227.658       0.000       0.000       0.000       0.000     272.993       0.000       0.000       0.000       0.000       0.000      -0.216       0.000     219.672       0.000       0.000
   365    12    31  2023     302       0  hru302               792.783      47.882      47.866       0.000     343.210     383.089      14.204     566.561      82.352     463.541      20.669       0.000      15.394     379.450     348.606     253.978      65.107       0.000       0.000       0.260     690.095      39.879       0.000       0.000     168.692       0.000       0.000       0.000       0.000       0.000       0.000     343.210       0.000       0.000       0.000      -1.618       0.000     276.175       0.000       0.000
   365    12    31  2023     303       0  hru303               792.783      51.310      51.287       0.000     726.413     801.940      27.282     584.167      12.006     196.995     375.166       0.000      15.515     380.229     371.919     307.043      71.849       0.000       0.000       0.283     690.015      75.527       0.000       2.828     616.286       0.000       0.000       0.000       0.000       0.000       0.000     726.413       0.000       0.000       0.000      -0.436       0.000     584.532       0.000       0.000
   365    12    31  2023     304       0  hru304               792.783      47.882      47.866       0.000     453.800     463.872      11.042     564.404      82.351     461.603      20.450       0.000      15.484     345.023     317.619     226.180      44.667       0.000       0.000       0.260     690.102      10.071       0.000       3.186     241.389       0.000       0.000       0.000       0.000     317.011       0.000     136.789       0.000       0.000       0.000      -1.437       0.000    1201.057       0.000       0.000
   365    12    31  2023     305       0  hru305               792.783      47.882      47.866       0.747       5.956     200.799      33.628     559.149      82.351     461.457      15.342       0.747      53.452     325.765     321.857     258.459      33.063       0.000       0.000       0.260     690.102     194.096       0.000       0.000       0.000       0.000       0.000       0.000       0.000       0.000       0.000       0.000       0.000       0.000       0.000      -0.205       0.012     734.428       0.000       0.000
   365    12    31  2023     306       0  hru306               792.783      47.882      47.866      14.001     528.563     767.574      23.222     567.172      82.351     462.884      21.937      14.001      15.672     458.648     344.058     250.890      45.400       0.000       0.000       0.260     690.101     225.010       0.000     202.317     354.769       0.000       0.000       0.000      14.001       0.000       0.000     528.563       0.000       0.000       0.000      -6.010       1.964    1398.929       0.000       0.000
   365    12    31  2023     307       0  hru307               792.783      47.882      47.866    3099.726      69.247    5231.793      87.172     580.919      82.351     463.129      35.439    3099.134      68.647     648.891     642.204     448.667      68.395       0.000       0.000       0.260     690.101    2062.820       0.000      38.330    5067.444       0.000    3099.134       0.000       0.000      69.247       0.000       0.000       0.000       0.000       0.000      -0.351     506.331    8538.839       0.000       0.000
   365    12    31  2023     308       0  hru308               792.783      47.882      47.866       0.747      17.859     201.407      32.986     559.171      82.351     461.455      15.365       0.747      53.452     325.734     321.831     256.147      33.069       0.000       0.000       0.260     690.101     182.801       0.000       0.000       0.000       0.000       0.000       0.000       0.000       0.000       0.000       0.000       0.000       0.000       0.000      -0.205       0.002    2202.180       0.000       0.000
   365    12    31  2023     309       0  hru309               792.783      47.882      47.866       0.000     229.693     254.575      12.318     560.069      82.351     459.704      18.014       0.000      15.481     346.230     316.490     224.141      43.720       0.000       0.000       0.260     690.102      24.882       0.000       0.000      31.907       0.000       0.000       0.000       0.000       0.000       0.000     229.693       0.000       0.000       0.000      -1.560       0.000     607.920       0.000       0.000
   365    12    31  2023     310       0  hru310               792.783      47.884      47.868       5.307      47.324     325.946      36.489     561.315      82.347     461.998      16.970       5.307      53.442     322.184     316.380     262.215      26.099       0.000       0.000       0.260     690.129     273.315       0.000      74.886      54.538       0.000       0.000       0.000       5.307       0.000       0.000      47.324       0.000       0.000       0.000      -0.304       1.048    2929.431       0.000       0.000
   365    12    31  2023     311       0  hru311               792.783      47.883      47.868       0.000     308.283     323.506      10.768     564.014      82.347     462.556      19.110       0.000      15.484     345.395     311.430     224.770      44.248       0.000       0.000       0.260     690.127      15.223       0.000      10.715      92.489       0.000       0.000       0.000       0.000       0.000     119.851     188.432       0.000       0.000       0.000      -1.782       0.000     815.920       0.000       0.000
   365    12    31  2023     312       0  hru312               792.783      47.882      47.866       0.747      17.336     201.380      33.015     559.170      82.351     461.455      15.364       0.747      53.452     325.735     321.832     256.250      33.069       0.000       0.000       0.260     690.101     183.297       0.000       0.000       0.000       0.000       0.000       0.000       0.000       0.000       0.000       0.000       0.000       0.000       0.000      -0.205       0.002    2137.729       0.000       0.000
   365    12    31  2023     313       0  hru313               792.783      47.883      47.867       0.000     232.620     232.620       3.342     558.579      82.347     457.911      18.321       0.000      15.484     302.448     275.770     203.126      43.459       0.000       0.000       0.260     690.126       0.000       0.000       0.000       0.000       0.000       0.000       0.000       0.000     232.620       0.000       0.000       0.000       0.000       0.000      -1.399       0.000     615.667       0.000       0.000
   365    12    31  2023     314       0  hru314               792.783      49.341      49.320       0.001       4.916     308.206       0.532     484.946      19.041     234.612     231.293       0.000      37.899     192.500     192.500     171.290      25.718       0.000       0.000       0.272     690.030     303.289       0.000       0.000       0.000       0.000       0.000       0.000       0.000       0.000       0.000       4.916       0.000       0.000       0.000       0.001       0.000      74.260       0.000       0.000
