 Mini_CREATE               SWAT+ Jan 11 2024        MODULAR Rev 2024.61.0                                 
   jday   mon   day    yr   unit  gis_id  name                     lai       bioms       yield     residue     sol_tmp       strsw       strsa     strstmp       strsn       strsp       strss        nplt       percn       pplnt         tmx         tmn       tmpav     solarad      wndspd        rhum     phubas0     lai_max      bm_max     bm_grow       c_gro
                                                             m**2/m**2        kgha        kgha        kgha        degc         ---         ---         ---         ---         ---         ---        kgha        kgha        kgha        degc        degc        degc      mj/m^2         m/s        frac        degc   m**2/m**2       kg/ha       kg/ha       kg/ha
   365    12    31  2023       1       0  hru001                 2.510   73201.219       0.000    2553.794       8.284       3.292      41.194     117.625     113.886       0.014       0.000     418.674       3.643      54.530      12.744       5.267       9.005      10.786       4.202       0.810       0.475       0.000       0.000       0.000       0.000
   365    12    31  2023       2       0  hru002                 2.510   73282.844       0.000    2554.829       8.310       2.685      44.099     117.625     113.370       0.014       0.000     420.177       3.571      54.714      12.744       5.267       9.005      10.786       4.202       0.810       0.475       0.000       0.000       0.000       0.000
   365    12    31  2023       3       0  hru003                 2.510   70467.586       0.000    2466.842       8.146       6.302       1.752     117.625     124.028       0.026       0.000     378.531       1.835      49.719      12.744       5.267       9.005      10.786       4.202       0.810       0.475       0.000       0.000       0.000       0.000
   365    12    31  2023       4       0  hru004                 2.510   70577.664       0.000    2489.713       8.287       2.442       0.146     117.625     124.779       0.026       0.000     381.025       0.300      50.221      12.744       5.267       9.005      10.786       4.202       0.810       0.475       0.000       0.000       0.000       0.000
   365    12    31  2023       5       0  hru005                 2.510   70982.719       0.000    2502.728       8.290       2.367       0.277     117.625     123.353       0.023       0.000     387.710       0.647      50.972      12.744       5.267       9.005      10.786       4.202       0.810       0.475       0.000       0.000       0.000       0.000
   365    12    31  2023       6       0  hru006                 2.510   70776.859       0.000    2496.106       8.288       2.408       0.174     117.625     124.051       0.023       0.000     384.254       0.432      50.585      12.744       5.267       9.005      10.786       4.202       0.810       0.475       0.000       0.000       0.000       0.000
   365    12    31  2023       7       0  hru007                 2.510   71216.172       0.000    2510.276       8.294       2.282       0.841     117.625     122.558       0.021       0.000     391.660       1.042      51.414      12.744       5.267       9.005      10.786       4.202       0.810       0.475       0.000       0.000       0.000       0.000
   365    12    31  2023       8       0  hru008                 2.510   70541.672       0.000    2488.563       8.287       2.447       0.143     117.625     124.910       0.026       0.000     380.436       0.282      50.154      12.744       5.267       9.005      10.786       4.202       0.810       0.475       0.000       0.000       0.000       0.000
   365    12    31  2023       9       0  hru009                 2.510   65616.766       0.000    2290.035       8.491       1.103     126.393     117.625     114.896       0.043       0.000     348.867       8.677      46.314      12.744       5.267       9.005      10.786       4.202       0.810       0.475       0.000       0.000       0.000       0.000
   365    12    31  2023      10       0  hru010                 2.510   71238.453       0.000    2510.997       8.295       2.275       0.962     117.625     122.477       0.021       0.000     392.046       1.086      51.457      12.744       5.267       9.005      10.786       4.202       0.810       0.475       0.000       0.000       0.000       0.000
   365    12    31  2023      11       0  hru011                 2.510   71220.523       0.000    2510.417       8.295       2.277       0.864     117.625     122.543       0.021       0.000     391.736       1.051      51.422      12.744       5.267       9.005      10.786       4.202       0.810       0.475       0.000       0.000       0.000       0.000
   365    12    31  2023      12       0  hru012                 2.510   71707.844       0.000    2523.761       8.314       1.912       8.557     117.625     120.823       0.020       0.000     399.367       2.084      52.296      12.744       5.267       9.005      10.786       4.202       0.810       0.475       0.000       0.000       0.000       0.000
   365    12    31  2023      13       0  hru013                 2.510   71108.695       0.000    2506.796       8.292       2.321       0.467     117.625     122.905       0.021       0.000     389.845       0.843      51.210      12.744       5.267       9.005      10.786       4.202       0.810       0.475       0.000       0.000       0.000       0.000
   365    12    31  2023      14       0  hru014                 2.510   71156.461       0.000    2508.341       8.293       2.303       0.599     117.625     122.743       0.021       0.000     390.658       0.928      51.301      12.744       5.267       9.005      10.786       4.202       0.810       0.475       0.000       0.000       0.000       0.000
   365    12    31  2023      15       0  hru015                 2.510   70958.711       0.000    2501.957       8.289       2.371       0.256     117.625     123.443       0.023       0.000     387.291       0.617      50.926      12.744       5.267       9.005      10.786       4.202       0.810       0.475       0.000       0.000       0.000       0.000
   365    12    31  2023      16       0  hru016                 2.510   62588.066       0.000    2199.688       8.283       4.720      86.430     117.625     141.387       0.060       0.000     304.150       4.440      40.681      12.744       5.267       9.005      10.786       4.202       0.810       0.475       0.000       0.000       0.000       0.000
   365    12    31  2023      17       0  hru017                 2.510   72437.273       0.000    2535.446       8.107       7.417       0.003     117.625     116.795       0.018       0.000     405.194       0.904      52.789      12.744       5.267       9.005      10.786       4.202       0.810       0.475       0.000       0.000       0.000       0.000
   365    12    31  2023      18       0  hru018                 2.510   67453.797       0.000    2362.490       8.324       1.943      31.517     117.625     135.082       0.035       0.000     335.899       3.383      44.853      12.744       5.267       9.005      10.786       4.202       0.810       0.475       0.000       0.000       0.000       0.000
   365    12    31  2023      19       0  hru019                 2.510   62668.301       0.000    2218.293       8.478       0.019     102.698     117.625     137.638       0.058       0.000     307.745       3.102      41.217      12.744       5.267       9.005      10.786       4.202       0.810       0.475       0.000       0.000       0.000       0.000
   365    12    31  2023      20       0  hru020                 2.510   65189.516       0.000    2290.412       8.331       2.373      44.652     117.625     141.989       0.046       0.000     314.714       3.068      42.128      12.744       5.267       9.005      10.786       4.202       0.810       0.475       0.000       0.000       0.000       0.000
   365    12    31  2023      21       0  hru021                 2.510   72796.031       0.000    2541.319       8.122       7.090       0.350     117.625     115.592       0.017       0.000     411.087       1.733      53.477      12.744       5.267       9.005      10.786       4.202       0.810       0.475       0.000       0.000       0.000       0.000
   365    12    31  2023      22       0  hru022                 2.510   72857.555       0.000    2543.260       8.127       6.958       0.500     117.625     115.457       0.016       0.000     411.983       1.855      53.579      12.744       5.267       9.005      10.786       4.202       0.810       0.475       0.000       0.000       0.000       0.000
   365    12    31  2023      23       0  hru023                 2.510   69727.367       0.000    2413.752       8.366       0.448       4.244     117.625     131.147       0.028       0.000     373.538       0.947      49.268      12.744       5.267       9.005      10.786       4.202       0.810       0.475       0.000       0.000       0.000       0.000
   365    12    31  2023      24       0  hru024                 2.510   69820.555       0.000    2416.837       8.372       0.396       6.767     117.625     130.869       0.028       0.000     374.603       1.079      49.389      12.744       5.267       9.005      10.786       4.202       0.810       0.475       0.000       0.000       0.000       0.000
   365    12    31  2023      25       0  hru025                 2.510   72459.359       0.000    2532.016       8.101       7.628       0.012     117.625     116.582       0.018       0.000     405.582       1.014      52.824      12.744       5.267       9.005      10.786       4.202       0.810       0.475       0.000       0.000       0.000       0.000
   365    12    31  2023      26       0  hru026                 2.510   72698.953       0.000    2538.623       8.128       6.936       0.569     117.625     116.026       0.017       0.000     409.632       1.882      53.313      12.744       5.267       9.005      10.786       4.202       0.810       0.475       0.000       0.000       0.000       0.000
   365    12    31  2023      27       0  hru027                 2.510   72123.367       0.000    2526.387       8.015       9.955       3.475     117.625     115.517       0.018       0.000     407.135       2.837      52.744      12.744       5.267       9.005      10.786       4.202       0.810       0.475       0.000       0.000       0.000       0.000
   365    12    31  2023      28       0  hru028                 2.510   72430.945       0.000    2531.111       8.100       7.660       0.004     117.625     116.674       0.018       0.000     405.087       0.954      52.765      12.744       5.267       9.005      10.786       4.202       0.810       0.475       0.000       0.000       0.000       0.000
   365    12    31  2023      29       0  hru029                 2.510   71033.719       0.000    2485.990       7.953      10.881       0.261     117.625     118.621       0.023       0.000     391.799       1.629      50.927      12.744       5.267       9.005      10.786       4.202       0.810       0.475       0.000       0.000       0.000       0.000
   365    12    31  2023      30       0  hru030                 2.510   72729.992       0.000    2547.281       8.271       3.730      28.484     117.625     117.053       0.017       0.000     408.803       3.629      53.385      12.744       5.267       9.005      10.786       4.202       0.810       0.475       0.000       0.000       0.000       0.000
   365    12    31  2023      31       0  hru031                 2.510   67657.609       0.000    2374.965       8.295       0.240       6.659     117.625     135.545       0.035       0.000     339.248       1.633      45.217      12.744       5.267       9.005      10.786       4.202       0.810       0.475       0.000       0.000       0.000       0.000
   365    12    31  2023      32       0  hru032                 2.146   46152.652     352.005    2694.113       8.327       2.347      29.813     156.101      28.914       0.734       0.000      39.897       1.752       9.500      12.744       5.267       9.005      10.786       4.202       0.810       0.475       0.000       0.000       0.000       0.000
   365    12    31  2023      33       0  hru033                 2.135   44866.930     339.892    2598.806       8.226       4.597       0.070     155.298      33.750       0.734       0.000      36.968       0.452       8.976      12.744       5.267       9.005      10.786       4.202       0.810       0.475       0.000       0.000       0.000       0.000
   365    12    31  2023      34       0  hru034                 0.549   29836.752       0.000    1079.014       8.460       0.030       5.022     140.090     112.893       0.734       0.000      87.002       0.978      22.821      12.744       5.267       9.005      10.786       4.202       0.810       0.475       0.000       0.000       0.000       0.000
   365    12    31  2023      35       0  hru035                 0.548   29726.443       0.000    1073.930       8.439       0.171       0.021     140.090     113.315       0.734       0.000      86.413       0.393      22.722      12.744       5.267       9.005      10.786       4.202       0.810       0.475       0.000       0.000       0.000       0.000
   365    12    31  2023      36       0  hru036                 0.548   29808.955       0.000    1075.251       8.458       0.166       8.116     140.090     112.629       0.734       0.000      87.140       1.147      22.872      12.744       5.267       9.005      10.786       4.202       0.810       0.475       0.000       0.000       0.000       0.000
   365    12    31  2023      37       0  hru037                 0.548   28904.203       0.000    1041.010       8.516       0.214     108.431     140.090     114.212       0.734       0.000      84.032       2.529      22.064      12.744       5.267       9.005      10.786       4.202       0.810       0.475       0.000       0.000       0.000       0.000
   365    12    31  2023      38       0  hru038                 0.548   29737.850       0.000    1074.675       8.441       0.169       0.223     140.090     113.204       0.734       0.000      86.593       0.583      22.758      12.744       5.267       9.005      10.786       4.202       0.810       0.475       0.000       0.000       0.000       0.000
   365    12    31  2023      39       0  hru039                 0.548   29724.668       0.000    1074.392       8.439       0.170       0.006     140.090     113.367       0.734       0.000      86.368       0.351      22.713      12.744       5.267       9.005      10.786       4.202       0.810       0.475       0.000       0.000       0.000       0.000
   365    12    31  2023      40       0  hru040                 0.549   29034.232       0.000    1044.111       8.515       0.053     135.378     140.090     107.229       0.734       0.000      86.841       1.901      22.683      12.744       5.267       9.005      10.786       4.202       0.810       0.475       0.000       0.000       0.000       0.000
   365    12    31  2023      41       0  hru041                 0.549   27846.279       0.000    1006.896       8.467       0.014      14.430     140.090     124.551       0.734       0.000      78.452       0.977      20.805      12.744       5.267       9.005      10.786       4.202       0.810       0.475       0.000       0.000       0.000       0.000
   365    12    31  2023      42       0  hru042                 0.548   28832.975       0.000    1038.502       8.517       0.213     112.734     140.090     114.108       0.734       0.000      83.896       2.619      22.026      12.744       5.267       9.005      10.786       4.202       0.810       0.475       0.000       0.000       0.000       0.000
   365    12    31  2023      43       0  hru043                 1.477   54743.453       0.000    1661.181       8.040      67.530       0.000     163.281      55.022       0.532       0.000      85.388       0.000      32.051      12.744       5.267       9.005      10.786       4.202       0.810       0.475       0.000       0.000       0.000       0.000
   365    12    31  2023      44       0  hru044                 1.685   60677.855       0.000    2065.938       8.236       8.040      25.434     163.281     158.190       0.390       0.000      65.850       2.412      26.389      12.744       5.267       9.005      10.786       4.202       0.810       0.475       0.000       0.000       0.000       0.000
   365    12    31  2023      45       0  hru045                 1.086   41519.609       0.000    1176.251       8.303     104.513       0.000     163.281       3.170       0.734       0.000     108.873       0.000      22.769      12.744       5.267       9.005      10.786       4.202       0.810       0.475       0.000       0.000       0.000       0.000
   365    12    31  2023      46       0  hru046                 1.685   62361.301       0.000    2102.809       7.775      37.738       0.000     163.281     139.491       0.324       0.000      69.074       0.345      27.527      12.744       5.267       9.005      10.786       4.202       0.810       0.475       0.000       0.000       0.000       0.000
   365    12    31  2023      47       0  hru047                 1.089   41467.871       0.000    1176.216       8.309     104.580       0.000     163.281       3.464       0.734       0.000     107.230       0.000      22.685      12.744       5.267       9.005      10.786       4.202       0.810       0.475       0.000       0.000       0.000       0.000
   365    12    31  2023      48       0  hru048                 1.101   40713.914       0.000    1150.881       8.362     105.702       0.000     163.281       0.156       0.734       0.000     114.247       0.000      21.973      12.744       5.267       9.005      10.786       4.202       0.810       0.475       0.000       0.000       0.000       0.000
   365    12    31  2023      49       0  hru049                 1.122   41907.078       0.000    1218.465       8.306     109.714       0.000     163.281       4.049       0.734       0.000     109.082       0.000      22.876      12.744       5.267       9.005      10.786       4.202       0.810       0.475       0.000       0.000       0.000       0.000
   365    12    31  2023      50       0  hru050                 1.122   41907.207       0.000    1218.469       8.306     109.714       0.000     163.281       4.049       0.734       0.000     109.082       0.000      22.876      12.744       5.267       9.005      10.786       4.202       0.810       0.475       0.000       0.000       0.000       0.000
   365    12    31  2023      51       0  hru051                 1.122   41905.359       0.000    1218.413       8.306     109.714       0.000     163.281       4.048       0.734       0.000     109.079       0.000      22.873      12.744       5.267       9.005      10.786       4.202       0.810       0.475       0.000       0.000       0.000       0.000
   365    12    31  2023      52       0  hru052                 1.630   63913.203       0.000    2099.418       8.076      47.346       0.000     163.281     120.620       0.276       0.000      75.148       0.000      28.787      12.744       5.267       9.005      10.786       4.202       0.810       0.475       0.000       0.000       0.000       0.000
   365    12    31  2023      53       0  hru053                 1.685   54666.086       0.000    1864.380       8.373       1.475      95.029     163.281     166.767       0.560       0.000      60.480       1.219      24.193      12.744       5.267       9.005      10.786       4.202       0.810       0.475       0.000       0.000       0.000       0.000
   365    12    31  2023      54       0  hru054                 1.122   41907.383       0.000    1218.475       8.306     109.715       0.000     163.281       4.049       0.734       0.000     109.083       0.000      22.876      12.744       5.267       9.005      10.786       4.202       0.810       0.475       0.000       0.000       0.000       0.000
   365    12    31  2023      55       0  hru055                 2.510   73082.609       0.000    2551.828       8.232       4.378      30.171     117.625     115.170       0.016       0.000     415.694       3.169      54.161      12.744       5.267       9.005      10.786       4.202       0.810       0.475       0.000       0.000       0.000       0.000
   365    12    31  2023      56       0  hru056                 2.510   70897.156       0.000    2499.975       8.289       2.386       0.215     117.625     123.647       0.023       0.000     386.264       0.546      50.811      12.744       5.267       9.005      10.786       4.202       0.810       0.475       0.000       0.000       0.000       0.000
   365    12    31  2023      57       0  hru057                 2.510   73159.680       0.000    2553.197       8.256       3.671      35.167     117.625     114.647       0.016       0.000     416.944       3.395      54.319      12.744       5.267       9.005      10.786       4.202       0.810       0.475       0.000       0.000       0.000       0.000
   365    12    31  2023      58       0  hru058                 2.510   72272.047       0.000    2523.001       8.302       2.519      46.062     117.625     117.076       0.018       0.000     405.689       3.796      53.051      12.744       5.267       9.005      10.786       4.202       0.810       0.475       0.000       0.000       0.000       0.000
   365    12    31  2023      59       0  hru059                 2.510   73193.547       0.000    2553.717       8.272       3.454      38.551     117.625     114.191       0.016       0.000     417.982       3.529      54.446      12.744       5.267       9.005      10.786       4.202       0.810       0.475       0.000       0.000       0.000       0.000
   365    12    31  2023      60       0  hru060                 2.510   71238.750       0.000    2498.175       8.298       2.721      34.416     117.625     121.839       0.021       0.000     388.922       3.445      51.085      12.744       5.267       9.005      10.786       4.202       0.810       0.475       0.000       0.000       0.000       0.000
   365    12    31  2023      61       0  hru061                 2.510   70439.383       0.000    2478.961       7.974      10.551       3.331     117.625     121.065       0.027       0.000     384.335       2.610      50.045      12.744       5.267       9.005      10.786       4.202       0.810       0.475       0.000       0.000       0.000       0.000
   365    12    31  2023      62       0  hru062                 2.510   67794.758       0.000    2390.198       8.078       6.356      10.763     117.625     132.190       0.034       0.000     351.209       2.584      46.373      12.744       5.267       9.005      10.786       4.202       0.810       0.475       0.000       0.000       0.000       0.000
   365    12    31  2023      63       0  hru063                 2.510   71715.719       0.000    2505.610       8.388       1.646      61.369     117.625     116.343       0.020       0.000     401.758       5.141      52.625      12.744       5.267       9.005      10.786       4.202       0.810       0.475       0.000       0.000       0.000       0.000
   365    12    31  2023      64       0  hru064                 2.510   70548.125       0.000    2488.770       8.287       2.446       0.143     117.625     124.888       0.026       0.000     380.541       0.285      50.166      12.744       5.267       9.005      10.786       4.202       0.810       0.475       0.000       0.000       0.000       0.000
   365    12    31  2023      65       0  hru065                 2.510   70638.398       0.000    2491.665       8.287       2.432       0.152     117.625     124.557       0.023       0.000     381.983       0.334      50.329      12.744       5.267       9.005      10.786       4.202       0.810       0.475       0.000       0.000       0.000       0.000
   365    12    31  2023      66       0  hru066                 2.510   70367.039       0.000    2482.980       8.286       2.472       0.127     117.625     125.519       0.027       0.000     377.566       0.210      49.830      12.744       5.267       9.005      10.786       4.202       0.810       0.475       0.000       0.000       0.000       0.000
   365    12    31  2023      67       0  hru067                 2.510   72312.094       0.000    2531.431       8.105       7.494       0.000     117.625     117.237       0.018       0.000     403.083       0.695      52.557      12.744       5.267       9.005      10.786       4.202       0.810       0.475       0.000       0.000       0.000       0.000
   365    12    31  2023      68       0  hru068                 2.510   71056.914       0.000    2505.128       8.291       2.341       0.373     117.625     123.091       0.021       0.000     388.979       0.761      51.113      12.744       5.267       9.005      10.786       4.202       0.810       0.475       0.000       0.000       0.000       0.000
   365    12    31  2023      69       0  hru069                 2.510   71258.461       0.000    2511.644       8.296       2.263       1.086     117.625     122.400       0.021       0.000     392.386       1.126      51.495      12.744       5.267       9.005      10.786       4.202       0.810       0.475       0.000       0.000       0.000       0.000
   365    12    31  2023      70       0  hru070                 2.510   71431.055       0.000    2517.265       8.301       2.182       2.808     117.625     121.745       0.021       0.000     395.254       1.496      51.822      12.744       5.267       9.005      10.786       4.202       0.810       0.475       0.000       0.000       0.000       0.000
   365    12    31  2023      71       0  hru071                 2.510   71539.750       0.000    2519.641       8.306       2.109       4.644     117.625     121.383       0.020       0.000     396.933       1.723      52.017      12.744       5.267       9.005      10.786       4.202       0.810       0.475       0.000       0.000       0.000       0.000
   365    12    31  2023      72       0  hru072                 2.510   71202.578       0.000    2509.835       8.294       2.284       0.776     117.625     122.602       0.021       0.000     391.429       1.016      51.388      12.744       5.267       9.005      10.786       4.202       0.810       0.475       0.000       0.000       0.000       0.000
   365    12    31  2023      73       0  hru073                 2.510   62447.543       0.000    2165.154       8.514       0.953     143.836     117.625     108.132       0.059       0.000     339.970       8.834      45.208      12.744       5.267       9.005      10.786       4.202       0.810       0.475       0.000       0.000       0.000       0.000
   365    12    31  2023      74       0  hru074                 2.510   73274.273       0.000    2555.781       8.298       2.923      41.338     117.625     113.674       0.014       0.000     419.507       3.457      54.631      12.744       5.267       9.005      10.786       4.202       0.810       0.475       0.000       0.000       0.000       0.000
   365    12    31  2023      75       0  hru075                 2.510   72731.062       0.000    2537.524       8.298       2.964      44.870     117.625     114.840       0.016       0.000     413.923       3.784      53.985      12.744       5.267       9.005      10.786       4.202       0.810       0.475       0.000       0.000       0.000       0.000
   365    12    31  2023      76       0  hru076                 2.510   70309.797       0.000    2473.565       8.021      10.087       8.728     117.625     121.853       0.027       0.000     382.131       3.265      49.867      12.744       5.267       9.005      10.786       4.202       0.810       0.475       0.000       0.000       0.000       0.000
   365    12    31  2023      77       0  hru077                 2.510   67494.844       0.000    2365.130       8.362       1.171      37.339     117.625     133.152       0.035       0.000     342.808       2.930      45.590      12.744       5.267       9.005      10.786       4.202       0.810       0.475       0.000       0.000       0.000       0.000
   365    12    31  2023      78       0  hru078                 2.510   70487.891       0.000    2465.689       8.224       3.889       9.298     117.625     124.564       0.026       0.000     379.288       2.441      49.913      12.744       5.267       9.005      10.786       4.202       0.810       0.475       0.000       0.000       0.000       0.000
   365    12    31  2023      79       0  hru079                 2.510   57906.941       0.000    2011.298       8.567       0.292     130.576     117.625     150.955       0.103       0.000     252.595       6.182      34.313      12.744       5.267       9.005      10.786       4.202       0.810       0.475       0.000       0.000       0.000       0.000
   365    12    31  2023      80       0  hru080                 2.510   72421.414       0.000    2530.808       8.099       7.663       0.003     117.625     116.708       0.018       0.000     404.913       0.933      52.744      12.744       5.267       9.005      10.786       4.202       0.810       0.475       0.000       0.000       0.000       0.000
   365    12    31  2023      81       0  hru081                 2.510   47497.348       0.000    1625.488       8.609       0.341     195.407     117.625      74.430       0.308       0.000     251.746       6.018      33.890      12.744       5.267       9.005      10.786       4.202       0.810       0.475       0.000       0.000       0.000       0.000
   365    12    31  2023      82       0  hru082                 2.510   62646.227       0.000    2187.671       8.505       0.123     114.362     117.625     124.617       0.057       0.000     313.192       4.670      42.012      12.744       5.267       9.005      10.786       4.202       0.810       0.475       0.000       0.000       0.000       0.000
   365    12    31  2023      83       0  hru083                 2.510   65319.211       0.000    2286.799       8.440       0.539      80.247     117.625     135.185       0.044       0.000     326.295       5.238      43.548      12.744       5.267       9.005      10.786       4.202       0.810       0.475       0.000       0.000       0.000       0.000
   365    12    31  2023      84       0  hru084                 2.510   71772.727       0.000    2508.350       8.202       4.619       6.289     117.625     120.066       0.020       0.000     396.626       2.602      51.946      12.744       5.267       9.005      10.786       4.202       0.810       0.475       0.000       0.000       0.000       0.000
   365    12    31  2023      85       0  hru085                 2.510   72778.016       0.000    2540.747       8.120       7.128       0.311     117.625     115.656       0.017       0.000     410.789       1.694      53.444      12.744       5.267       9.005      10.786       4.202       0.810       0.475       0.000       0.000       0.000       0.000
   365    12    31  2023      86       0  hru086                 2.510   67545.227       0.000    2357.152       8.478       0.544     110.278     117.625     113.813       0.035       0.000     371.636       6.923      49.071      12.744       5.267       9.005      10.786       4.202       0.810       0.475       0.000       0.000       0.000       0.000
   365    12    31  2023      87       0  hru087                 2.510   39116.590       0.000    1383.525       8.542       0.017     213.904     117.625      32.067       0.582       0.000     252.659       6.473      32.503      12.744       5.267       9.005      10.786       4.202       0.810       0.475       0.000       0.000       0.000       0.000
   365    12    31  2023      88       0  hru088                 2.510   69256.648       0.000    2399.205       8.380       0.365       6.683     117.625     132.933       0.030       0.000     368.054       0.994      48.584      12.744       5.267       9.005      10.786       4.202       0.810       0.475       0.000       0.000       0.000       0.000
   365    12    31  2023      89       0  hru089                 2.510   68536.211       0.000    2400.752       8.198       5.266      21.231     117.625     131.179       0.032       0.000     353.408       3.366      46.812      12.744       5.267       9.005      10.786       4.202       0.810       0.475       0.000       0.000       0.000       0.000
   365    12    31  2023      90       0  hru090                 2.510   69194.453       0.000    2423.035       8.191       5.249      14.555     117.625     129.034       0.030       0.000     360.138       2.979      47.635      12.744       5.267       9.005      10.786       4.202       0.810       0.475       0.000       0.000       0.000       0.000
   365    12    31  2023      91       0  hru091                 2.510   69829.297       0.000    2417.116       8.372       0.391       7.017     117.625     130.838       0.028       0.000     374.716       1.092      49.402      12.744       5.267       9.005      10.786       4.202       0.810       0.475       0.000       0.000       0.000       0.000
   365    12    31  2023      92       0  hru092                 2.510   71579.648       0.000    2502.836       8.381       1.238      58.293     117.625     118.548       0.020       0.000     396.247       4.989      51.993      12.744       5.267       9.005      10.786       4.202       0.810       0.475       0.000       0.000       0.000       0.000
   365    12    31  2023      93       0  hru093                 2.510   67848.641       0.000    2375.053       8.377       0.532      42.122     117.625     130.958       0.034       0.000     346.754       3.687      46.136      12.744       5.267       9.005      10.786       4.202       0.810       0.475       0.000       0.000       0.000       0.000
   365    12    31  2023      94       0  hru094                 2.510   69753.664       0.000    2414.597       8.368       0.434       4.935     117.625     131.067       0.028       0.000     373.856       0.986      49.305      12.744       5.267       9.005      10.786       4.202       0.810       0.475       0.000       0.000       0.000       0.000
   365    12    31  2023      95       0  hru095                 2.510   72752.117       0.000    2547.913       8.278       3.570      30.292     117.625     116.873       0.016       0.000     409.401       3.739      53.458      12.744       5.267       9.005      10.786       4.202       0.810       0.475       0.000       0.000       0.000       0.000
   365    12    31  2023      96       0  hru096                 2.510   67186.047       0.000    2333.014       8.442       0.031      17.771     117.625     141.076       0.036       0.000     340.600       1.271      45.231      12.744       5.267       9.005      10.786       4.202       0.810       0.475       0.000       0.000       0.000       0.000
   365    12    31  2023      97       0  hru097                 2.510   69262.141       0.000    2400.199       8.351       0.581       0.011     117.625     132.877       0.030       0.000     366.840       0.283      48.502      12.744       5.267       9.005      10.786       4.202       0.810       0.475       0.000       0.000       0.000       0.000
   365    12    31  2023      98       0  hru098                 2.510   72254.438       0.000    2531.007       8.294       2.891      33.515     117.625     118.396       0.018       0.000     402.884       3.790      52.716      12.744       5.267       9.005      10.786       4.202       0.810       0.475       0.000       0.000       0.000       0.000
   365    12    31  2023      99       0  hru099                 2.510   61443.480       0.000    2137.605       8.542       0.141     157.010     117.625      97.712       0.069       0.000     337.413       8.607      44.742      12.744       5.267       9.005      10.786       4.202       0.810       0.475       0.000       0.000       0.000       0.000
   365    12    31  2023     100       0  hru100                 2.510   63245.926       0.000    2202.164       8.549       1.142     139.661     117.625     116.490       0.053       0.000     327.807       9.567      43.566      12.744       5.267       9.005      10.786       4.202       0.810       0.475       0.000       0.000       0.000       0.000
   365    12    31  2023     101       0  hru101                 2.510   70068.523       0.000    2455.281       8.119       7.088       0.681     117.625     125.517       0.027       0.000     368.888       1.806      48.611      12.744       5.267       9.005      10.786       4.202       0.810       0.475       0.000       0.000       0.000       0.000
   365    12    31  2023     102       0  hru102                 0.276    1209.987    1637.177    1245.586       8.472       0.497       6.891      26.321       1.318       0.003       0.000       0.000      19.361       0.000      12.744       5.267       9.005      10.786       4.202       0.810       0.475       0.000       0.000       0.000       0.000
   365    12    31  2023     103       0  hru103                 0.275     582.679     854.794     654.102       8.474       0.000      71.086      24.661       1.516       0.626       0.000       0.000      10.339       0.000      12.744       5.267       9.005      10.786       4.202       0.810       0.475       0.000       0.000       0.000       0.000
   365    12    31  2023     104       0  hru104                 0.309    1378.696    1880.175    1472.324       8.479       0.454       6.676      23.801       2.540       0.000       0.000       0.000      17.617       0.000      12.744       5.267       9.005      10.786       4.202       0.810       0.475       0.000       0.000       0.000       0.000
   365    12    31  2023     105       0  hru105                 2.305    1189.915    2417.779    1164.580       8.356       0.076       0.877      23.729       6.606       0.000       0.000       0.000       7.363       0.000      12.744       5.267       9.005      10.786       4.202       0.810       0.475       0.000       0.000       0.000       0.000
   365    12    31  2023     106       0  hru106                 0.310    1203.307    2124.445    1146.728       8.411       0.435       3.314      26.289       0.674       0.004       0.000       0.000      17.881       0.000      12.744       5.267       9.005      10.786       4.202       0.810       0.475       0.000       0.000       0.000       0.000
   365    12    31  2023     107       0  hru107                 0.429    1180.975    2639.659    1161.230       8.412       0.446      10.189      35.017       8.046       0.157       0.000       2.545      11.570       0.222      12.744       5.267       9.005      10.786       4.202       0.810       0.475       0.000       0.000       0.000       0.000
   365    12    31  2023     108       0  hru108                 0.384    1207.529    3674.842     600.950       8.445       6.427       0.490      27.636      11.017       0.002       0.000       0.000     131.523       0.000      12.744       5.267       9.005      10.786       4.202       0.810       0.475       0.000       0.000       0.000       0.000
   365    12    31  2023     109       0  hru109                 0.915    1471.466    3816.837     561.720       8.269      10.934       0.472      59.272      27.975       0.578       0.000      66.023      43.896       4.724      12.744       5.267       9.005      10.786       4.202       0.810       0.475       0.000       0.000       0.000       0.000
   365    12    31  2023     110       0  hru110                 0.487    1179.776    2325.307     975.562       8.184       2.735       0.178      65.683      17.527       0.000       0.000       0.000       6.332       0.000      12.744       5.267       9.005      10.786       4.202       0.810       0.475       0.000       0.000       0.000       0.000
   365    12    31  2023     111       0  hru111                 0.497    1052.807    2126.593     914.508       8.382       0.310      26.589      61.946      26.859       0.000       0.000       0.000       8.595       0.000      12.744       5.267       9.005      10.786       4.202       0.810       0.475       0.000       0.000       0.000       0.000
   365    12    31  2023     112       0  hru112                 0.848    1550.084    4628.451     627.740       8.397      11.335      20.423      61.394      21.804       0.000       0.000       0.000     149.253       0.000      12.744       5.267       9.005      10.786       4.202       0.810       0.475       0.000       0.000       0.000       0.000
   365    12    31  2023     113       0  hru113                 0.963    1871.809    3715.697    1030.325       8.153       3.225       0.060      70.936      37.012       0.000       0.000       0.000       2.099       0.000      12.744       5.267       9.005      10.786       4.202       0.810       0.475       0.000       0.000       0.000       0.000
   365    12    31  2023     114       0  hru114                 0.411    1515.423    5460.203     758.203       8.364       0.189       3.556      55.482       0.000       0.001       0.000       0.000      55.944       0.000      12.744       5.267       9.005      10.786       4.202       0.810       0.475       0.000       0.000       0.000       0.000
   365    12    31  2023     115       0  hru115                 0.514    1333.719    3235.965    1082.246       8.398       0.592      25.536      59.309      14.988       0.009       0.000       0.000      11.260       0.000      12.744       5.267       9.005      10.786       4.202       0.810       0.475       0.000       0.000       0.000       0.000
   365    12    31  2023     116       0  hru116                 0.662    1578.973    2949.378    1104.480       8.237       1.452       1.964      69.433      21.182       0.000       0.000       0.000       4.682       0.000      12.744       5.267       9.005      10.786       4.202       0.810       0.475       0.000       0.000       0.000       0.000
   365    12    31  2023     117       0  hru117                 0.719    1686.548    3089.583    1194.023       8.190       2.383       0.105      66.218      27.397       0.001       0.000       0.000       2.671       0.000      12.744       5.267       9.005      10.786       4.202       0.810       0.475       0.000       0.000       0.000       0.000
   365    12    31  2023     118       0  hru118                 0.768    1802.793    3116.010    1191.080       8.190       2.361       0.105      67.023      27.978       0.000       0.000       0.000       2.485       0.000      12.744       5.267       9.005      10.786       4.202       0.810       0.475       0.000       0.000       0.000       0.000
   365    12    31  2023     119       0  hru119                 0.731    1416.358    3847.726     820.285       8.349       0.567       8.640      69.751      15.225       0.114       0.000      22.796      14.187       4.370      12.744       5.267       9.005      10.786       4.202       0.810       0.475       0.000       0.000       0.000       0.000
   365    12    31  2023     120       0  hru120                 0.477    1080.379    2116.357     885.287       8.411       0.000      25.004      66.174      21.372       0.335       0.000       0.000       5.314       0.000      12.744       5.267       9.005      10.786       4.202       0.810       0.475       0.000       0.000       0.000       0.000
   365    12    31  2023     121       0  hru121                 0.569    1365.289    3785.346     650.993       8.441       8.775      13.496      41.593      13.813       0.003       0.000       0.000     148.080       0.000      12.744       5.267       9.005      10.786       4.202       0.810       0.475       0.000       0.000       0.000       0.000
   365    12    31  2023     122       0  hru122                 1.160    2049.930    4289.681     559.724       8.301       8.078      11.028      69.236      44.215       1.195       0.000      46.976      36.961       4.724      12.744       5.267       9.005      10.786       4.202       0.810       0.475       0.000       0.000       0.000       0.000
   365    12    31  2023     123       0  hru123                 0.602    1454.623    3160.460     830.751       8.310      12.595       1.203      49.184      12.279       0.000       0.000       0.000      41.732       0.000      12.744       5.267       9.005      10.786       4.202       0.810       0.475       0.000       0.000       0.000       0.000
   365    12    31  2023     124       0  hru124                 1.033    1761.101    4492.272     560.524       8.252      12.645       1.165      63.706      28.664       1.177       0.000      15.464      35.318       1.939      12.744       5.267       9.005      10.786       4.202       0.810       0.475       0.000       0.000       0.000       0.000
   365    12    31  2023     125       0  hru125                 0.519    1431.731    4184.200    1376.711       8.357       0.637      18.976      38.157      11.274       0.000       0.000       0.000      10.434       0.000      12.744       5.267       9.005      10.786       4.202       0.810       0.475       0.000       0.000       0.000       0.000
   365    12    31  2023     126       0  hru126                 0.476    1275.224    2734.477    1192.620       8.380       0.131       8.955      54.832      10.605       0.105       0.000      21.644       5.337       2.595      12.744       5.267       9.005      10.786       4.202       0.810       0.475       0.000       0.000       0.000       0.000
   365    12    31  2023     127       0  hru127                 0.474    1466.836    3225.916    1385.042       8.406       0.392      28.148      43.771      10.593       0.316       0.000       9.744       8.473       0.822      12.744       5.267       9.005      10.786       4.202       0.810       0.475       0.000       0.000       0.000       0.000
   365    12    31  2023     128       0  hru128                 0.857    1848.790    3663.476    1402.100       8.317       0.899      14.612      55.440      27.479       0.315       0.000       5.699       5.998       0.482      12.744       5.267       9.005      10.786       4.202       0.810       0.475       0.000       0.000       0.000       0.000
   365    12    31  2023     129       0  hru129                 0.619    1848.460    3722.689    1681.936       8.344       0.720      25.508      56.374      12.584       0.000       0.000       0.000       5.039       0.000      12.744       5.267       9.005      10.786       4.202       0.810       0.475       0.000       0.000       0.000       0.000
   365    12    31  2023     130       0  hru130                 0.595    1772.150    5075.342    1369.115       8.402       0.198      15.146      47.868      13.976       0.000       0.000       0.000      56.229       0.000      12.744       5.267       9.005      10.786       4.202       0.810       0.475       0.000       0.000       0.000       0.000
   365    12    31  2023     131       0  hru131                 0.856    1721.352    3740.561    1355.428       8.355       0.933      23.785      64.781      18.169       0.315       0.000      41.878       8.361       3.620      12.744       5.267       9.005      10.786       4.202       0.810       0.475       0.000       0.000       0.000       0.000
   365    12    31  2023     132       0  hru132                 0.925    1872.248    4416.490    1352.516       8.275       1.516      28.381      57.576      30.446       0.105       0.000      14.813      13.862       1.153      12.744       5.267       9.005      10.786       4.202       0.810       0.475       0.000       0.000       0.000       0.000
   365    12    31  2023     133       0  hru133                 0.501    1574.681    6477.424     262.501       8.312       7.800       0.000      32.470       2.513       0.000       0.000       0.000     124.350       0.000      12.744       5.267       9.005      10.786       4.202       0.810       0.475       0.000       0.000       0.000       0.000
   365    12    31  2023     134       0  hru134                 0.984    1608.182    4154.267     542.495       8.355      12.964      24.351      84.120      31.281       0.105       0.000      40.809      93.124       8.179      12.744       5.267       9.005      10.786       4.202       0.810       0.475       0.000       0.000       0.000       0.000
   365    12    31  2023     135       0  hru135                 0.512    2813.861     705.824    2564.787       8.326       0.723       4.849      49.934       0.450       0.013       0.000       0.000      34.835       0.000      12.744       5.267       9.005      10.786       4.202       0.810       0.475       0.000       0.000       0.000       0.000
   365    12    31  2023     136       0  hru136                 2.342     130.311       0.000     110.800       8.506       0.000     108.522      34.788       0.612       2.066       0.000       0.000       6.435       0.000      12.744       5.267       9.005      10.786       4.202       0.810       0.475       0.000       0.000       0.000       0.000
   365    12    31  2023     137       0  hru137                 2.221     783.052     631.862     526.824       8.471       0.050      53.259      25.500      10.290       0.044       0.000       0.000       9.795       0.000      12.744       5.267       9.005      10.786       4.202       0.810       0.475       0.000       0.000       0.000       0.000
   365    12    31  2023     138       0  hru138                 2.707    2263.967    4765.413    1286.993       8.405       1.081      57.532      49.465      27.835       0.108       0.000      35.045      22.904       3.012      12.744       5.267       9.005      10.786       4.202       0.810       0.475       0.000       0.000       0.000       0.000
   365    12    31  2023     139       0  hru139                 2.260    1654.415    2428.011    1094.821       8.437       0.082       0.464      24.281      17.057       0.001       0.000       0.000       7.542       0.000      12.744       5.267       9.005      10.786       4.202       0.810       0.475       0.000       0.000       0.000       0.000
   365    12    31  2023     140       0  hru140                 2.268    1701.605    2488.471    1113.182       8.255       0.273       0.169      24.664      15.968       0.000       0.000       0.000      10.026       0.000      12.744       5.267       9.005      10.786       4.202       0.810       0.475       0.000       0.000       0.000       0.000
   365    12    31  2023     141       0  hru141                 0.359    1260.876    1674.203    1022.548       8.463       0.232       6.303      36.509      20.117       0.105       0.000       2.865      10.375       0.386      12.744       5.267       9.005      10.786       4.202       0.810       0.475       0.000       0.000       0.000       0.000
   365    12    31  2023     142       0  hru142                 0.802    1835.221    3476.159    1089.420       8.158       1.113       0.000      41.100      38.176       0.262       0.000      13.660       1.523       1.726      12.744       5.267       9.005      10.786       4.202       0.810       0.475       0.000       0.000       0.000       0.000
   365    12    31  2023     143       0  hru143                 0.320    1033.808    1518.685     910.219       8.491       0.096      24.259      36.259      16.154       0.124       0.000      11.612      11.819       1.429      12.744       5.267       9.005      10.786       4.202       0.810       0.475       0.000       0.000       0.000       0.000
   365    12    31  2023     144       0  hru144                 0.418    1192.571    1900.864    1096.928       8.448       0.588      16.964      42.716      17.737       0.004       0.000       0.000      14.835       0.000      12.744       5.267       9.005      10.786       4.202       0.810       0.475       0.000       0.000       0.000       0.000
   365    12    31  2023     145       0  hru145                 0.549    1224.815    2475.488    1059.576       8.341       1.119       6.386      62.906      28.419       0.000       0.000       0.000       8.190       0.000      12.744       5.267       9.005      10.786       4.202       0.810       0.475       0.000       0.000       0.000       0.000
   365    12    31  2023     146       0  hru146                 0.752    1510.787    2452.619     960.738       8.474       0.559      66.600      42.101      24.769       0.334       0.000      20.001      17.090       2.467      12.744       5.267       9.005      10.786       4.202       0.810       0.475       0.000       0.000       0.000       0.000
   365    12    31  2023     147       0  hru147                 0.534    1326.002    2797.343    1276.104       8.507       0.427      82.580      59.531      16.244       0.124       0.000      17.705      16.577       2.124      12.744       5.267       9.005      10.786       4.202       0.810       0.475       0.000       0.000       0.000       0.000
   365    12    31  2023     148       0  hru148                 1.287    1964.473    4417.318     651.073       8.363       1.796      33.182      96.532      39.455       1.782       0.000       0.000       7.188       0.000      12.744       5.267       9.005      10.786       4.202       0.810       0.475       0.000       0.000       0.000       0.000
   365    12    31  2023     149       0  hru149                 2.355     812.309    2260.480     543.036       8.209       4.138       1.721      68.387     103.245       0.157       0.000      11.211       2.617       2.503      12.744       5.267       9.005      10.786       4.202       0.810       0.475       0.000       0.000       0.000       0.000
   365    12    31  2023     150       0  hru150                 2.896    1516.674    3198.598     463.973       8.197       3.465      25.608      81.926      92.989       0.839       0.000      13.602       7.530       2.902      12.744       5.267       9.005      10.786       4.202       0.810       0.475       0.000       0.000       0.000       0.000
   365    12    31  2023     151       0  hru151                 2.754    1233.381    3345.847     426.804       8.426      14.423      46.879      61.344      89.968       0.107       0.000      22.571      82.622       3.490      12.744       5.267       9.005      10.786       4.202       0.810       0.475       0.000       0.000       0.000       0.000
   365    12    31  2023     152       0  hru152                 1.027    1507.632    4305.633     649.085       8.412      12.514      26.271      66.166      25.420       0.625       0.000       0.000      94.627       0.000      12.744       5.267       9.005      10.786       4.202       0.810       0.475       0.000       0.000       0.000       0.000
   365    12    31  2023     153       0  hru153                 1.144    1790.397    4911.683     319.107       8.370      13.198      22.833      85.969      24.649       0.262       0.000      24.895     167.663       4.716      12.744       5.267       9.005      10.786       4.202       0.810       0.475       0.000       0.000       0.000       0.000
   365    12    31  2023     154       0  hru154                 1.252    1944.951    4982.146     282.858       8.376      12.467      26.511      91.565      23.722       0.711       0.000      30.129     168.799       6.504      12.744       5.267       9.005      10.786       4.202       0.810       0.475       0.000       0.000       0.000       0.000
   365    12    31  2023     155       0  hru155                 1.165    1873.009    3747.877     774.235       8.355       1.632      43.464      88.783      38.257       0.550       0.000       0.000      10.893       0.000      12.744       5.267       9.005      10.786       4.202       0.810       0.475       0.000       0.000       0.000       0.000
   365    12    31  2023     156       0  hru156                 1.186    2081.635    4492.856     948.303       8.142       1.402       0.275      72.612      46.317       1.183       0.000      23.059       1.990       2.819      12.744       5.267       9.005      10.786       4.202       0.810       0.475       0.000       0.000       0.000       0.000
   365    12    31  2023     157       0  hru157                 0.864    1566.929    4804.808     635.702       8.384      12.590      27.226      94.544      24.180       0.105       0.000      11.612     184.254       1.429      12.744       5.267       9.005      10.786       4.202       0.810       0.475       0.000       0.000       0.000       0.000
   365    12    31  2023     158       0  hru158                 1.378    2226.734    4380.485     535.313       8.339      16.490      22.426      85.597      49.728       0.907       0.000      19.741      78.141       1.522      12.744       5.267       9.005      10.786       4.202       0.810       0.475       0.000       0.000       0.000       0.000
   365    12    31  2023     159       0  hru159                 1.317    2202.965    3300.790    1301.801       8.315       1.889      42.039      92.748      41.286       1.307       0.000       7.861       9.683       0.663      12.744       5.267       9.005      10.786       4.202       0.810       0.475       0.000       0.000       0.000       0.000
   365    12    31  2023     160       0  hru160                 0.471    1761.955    3683.815    1222.504       8.381       8.479       1.056      54.665       4.988       0.040       0.000       0.000      69.874       0.000      12.744       5.267       9.005      10.786       4.202       0.810       0.475       0.000       0.000       0.000       0.000
   365    12    31  2023     161       0  hru161                 0.682    2372.227    8882.428     891.407       8.346       0.287      25.634      90.567       6.735       0.577       0.000       3.761     127.830       0.323      12.744       5.267       9.005      10.786       4.202       0.810       0.475       0.000       0.000       0.000       0.000
   365    12    31  2023     162       0  hru162                 2.864    1283.781    3019.068     761.301       8.429       8.780      81.966      75.597      67.470       0.000       0.000       0.000      97.093       0.000      12.744       5.267       9.005      10.786       4.202       0.810       0.475       0.000       0.000       0.000       0.000
   365    12    31  2023     163       0  hru163                 2.510   71937.008       0.000    2514.615       8.163       5.728       3.000     117.625     119.108       0.020       0.000     398.176       2.412      52.088      12.744       5.267       9.005      10.786       4.202       0.810       0.475       0.000       0.000       0.000       0.000
   365    12    31  2023     164       0  hru164                 2.510   68508.125       0.000    2376.313       8.392       0.285       0.257     117.625     136.003       0.032       0.000     357.871       0.493      47.363      12.744       5.267       9.005      10.786       4.202       0.810       0.475       0.000       0.000       0.000       0.000
   365    12    31  2023     165       0  hru165                 2.510   63060.449       0.000    2231.202       8.286       2.099      25.067     117.625     147.296       0.057       0.000     298.389       4.068      40.094      12.744       5.267       9.005      10.786       4.202       0.810       0.475       0.000       0.000       0.000       0.000
   365    12    31  2023     166       0  hru166                 2.510   37947.051       0.000    1308.363       8.612       0.211     217.761     117.625      53.920       0.609       0.000     211.066       7.314      28.471      12.744       5.267       9.005      10.786       4.202       0.810       0.475       0.000       0.000       0.000       0.000
   365    12    31  2023     167       0  hru167                 2.510   69189.945       0.000    2421.862       8.316       0.946      19.261     117.625     129.402       0.030       0.000     361.033       2.872      47.820      12.744       5.267       9.005      10.786       4.202       0.810       0.475       0.000       0.000       0.000       0.000
   365    12    31  2023     168       0  hru168                 2.510   72885.984       0.000    2554.480       8.168       5.925       7.280     117.625     116.042       0.016       0.000     411.560       2.945      53.570      12.744       5.267       9.005      10.786       4.202       0.810       0.475       0.000       0.000       0.000       0.000
   365    12    31  2023     169       0  hru169                 2.510   70325.805       0.000    2463.054       8.264       3.239      28.952     117.625     125.118       0.027       0.000     374.673       4.123      49.438      12.744       5.267       9.005      10.786       4.202       0.810       0.475       0.000       0.000       0.000       0.000
   365    12    31  2023     170       0  hru170                 2.510   72571.781       0.000    2535.585       8.106       7.491       0.071     117.625     116.229       0.018       0.000     407.533       1.259      53.035      12.744       5.267       9.005      10.786       4.202       0.810       0.475       0.000       0.000       0.000       0.000
   365    12    31  2023     171       0  hru171                 2.287    1092.118    1721.932    1168.503       8.326       0.083       5.100      21.268      26.291       0.003       0.000       0.000       2.972       0.000      12.744       5.267       9.005      10.786       4.202       0.810       0.475       0.000       0.000       0.000       0.000
   365    12    31  2023     172       0  hru172                 2.486     535.425     844.243     447.604       8.449       0.016      72.146      32.417      22.194       0.023       0.000       0.000      10.287       0.000      12.744       5.267       9.005      10.786       4.202       0.810       0.475       0.000       0.000       0.000       0.000
   365    12    31  2023     173       0  hru173                 2.227    1138.804    2162.785    1050.621       8.153       7.192       0.843      28.184      99.957       0.000       0.000       0.000       2.855       0.000      12.744       5.267       9.005      10.786       4.202       0.810       0.475       0.000       0.000       0.000       0.000
   365    12    31  2023     174       0  hru174                 2.330    2189.510    4564.954    1663.372       8.240       3.869       2.349      48.491      54.117       0.318       0.000       1.428       8.933       0.128      12.744       5.267       9.005      10.786       4.202       0.810       0.475       0.000       0.000       0.000       0.000
   365    12    31  2023     175       0  hru175                 3.094    1895.687    4480.333     542.581       8.301       8.738       2.291      70.553      79.239       0.738       0.000      18.760      35.252       2.467      12.744       5.267       9.005      10.786       4.202       0.810       0.475       0.000       0.000       0.000       0.000
   365    12    31  2023     176       0  hru176                 2.841    1711.196    4085.551    1006.957       8.374       3.936      20.303      50.651      72.360       0.000       0.000       0.000      35.289       0.000      12.744       5.267       9.005      10.786       4.202       0.810       0.475       0.000       0.000       0.000       0.000
   365    12    31  2023     177       0  hru177                 2.510   72494.062       0.000    2542.286       8.163       6.011       5.789     117.625     117.319       0.018       0.000     406.101       2.696      52.936      12.744       5.267       9.005      10.786       4.202       0.810       0.475       0.000       0.000       0.000       0.000
   365    12    31  2023     178       0  hru178                 2.510   72954.422       0.000    2556.662       8.177       5.730       8.472     117.625     115.916       0.016       0.000     412.413       3.066      53.697      12.744       5.267       9.005      10.786       4.202       0.810       0.475       0.000       0.000       0.000       0.000
   365    12    31  2023     179       0  hru179                 2.510   69554.766       0.000    2408.730       8.359       0.512       1.224     117.625     131.698       0.029       0.000     371.474       0.699      49.030      12.744       5.267       9.005      10.786       4.202       0.810       0.475       0.000       0.000       0.000       0.000
   365    12    31  2023     180       0  hru180                 2.419    1262.571    3679.742    1169.616       8.286       2.426       0.023      34.948      28.081       0.105       0.000      37.535       8.007       3.266      12.744       5.267       9.005      10.786       4.202       0.810       0.475       0.000       0.000       0.000       0.000
   365    12    31  2023     181       0  hru181                 1.027    1709.117    4509.636     612.888       8.295      10.977       3.087      62.548      26.436       0.424       0.000      26.169      37.678       3.176      12.744       5.267       9.005      10.786       4.202       0.810       0.475       0.000       0.000       0.000       0.000
   365    12    31  2023     182       0  hru182                 0.970    1791.841    4552.438     589.596       8.301      12.194       0.003      60.947      24.270       1.262       0.000      23.059      34.082       2.819      12.744       5.267       9.005      10.786       4.202       0.810       0.475       0.000       0.000       0.000       0.000
   365    12    31  2023     183       0  hru183                 1.175    2230.990    5452.382     956.546       8.075       2.650       0.015      67.370      40.808       0.930       0.000      20.001       4.051       2.467      12.744       5.267       9.005      10.786       4.202       0.810       0.475       0.000       0.000       0.000       0.000
   365    12    31  2023     184       0  hru184                 1.247    2045.307    4486.571     831.427       8.289       1.778      25.713      84.379      34.158       0.719       0.000       0.000       6.295       0.000      12.744       5.267       9.005      10.786       4.202       0.810       0.475       0.000       0.000       0.000       0.000
   365    12    31  2023     185       0  hru185                 1.396    2161.661    5172.330     742.463       8.286       3.048      24.560      82.898      39.437       1.761       0.000       0.000       6.852       0.000      12.744       5.267       9.005      10.786       4.202       0.810       0.475       0.000       0.000       0.000       0.000
   365    12    31  2023     186       0  hru186                 0.502    1524.021    1972.599    1541.283       8.445       0.582      29.703      45.220       7.951       0.003       0.000       0.000      12.256       0.000      12.744       5.267       9.005      10.786       4.202       0.810       0.475       0.000       0.000       0.000       0.000
   365    12    31  2023     187       0  hru187                 0.549    1741.622    2297.657    1750.125       8.413       0.653      20.498      54.942       3.525       0.367       0.000       1.574      12.637       0.140      12.744       5.267       9.005      10.786       4.202       0.810       0.475       0.000       0.000       0.000       0.000
   365    12    31  2023     188       0  hru188                 0.492    1318.467    3191.123    1212.328       8.368       0.531       9.472      37.149       8.845       0.004       0.000       0.000       7.730       0.000      12.744       5.267       9.005      10.786       4.202       0.810       0.475       0.000       0.000       0.000       0.000
   365    12    31  2023     189       0  hru189                 0.493    1567.329    3135.452    1522.253       8.395       0.498      19.389      43.066      17.501       0.000       0.000       0.000       6.607       0.000      12.744       5.267       9.005      10.786       4.202       0.810       0.475       0.000       0.000       0.000       0.000
   365    12    31  2023     190       0  hru190                 0.509    2295.213    1918.324    2151.441       8.470       0.553      13.432      56.923       6.133       0.106       0.000       2.512      41.528       0.340      12.744       5.267       9.005      10.786       4.202       0.810       0.475       0.000       0.000       0.000       0.000
   365    12    31  2023     191       0  hru191                 0.956    1714.879    3134.232     749.706       8.397       1.762      34.325      80.253      23.510       1.194       0.000       0.000       7.550       0.000      12.744       5.267       9.005      10.786       4.202       0.810       0.475       0.000       0.000       0.000       0.000
   365    12    31  2023     192       0  hru192                 1.293    1992.101    3371.766     926.049       8.308       2.642      34.401      95.125      35.039       0.372       0.000       0.000       9.415       0.000      12.744       5.267       9.005      10.786       4.202       0.810       0.475       0.000       0.000       0.000       0.000
   365    12    31  2023     193       0  hru193                 2.293    1221.224    3286.163     968.366       8.427       0.721      40.263      30.425      56.057       0.000       0.000       0.000     124.229       0.000      12.744       5.267       9.005      10.786       4.202       0.810       0.475       0.000       0.000       0.000       0.000
   365    12    31  2023     194       0  hru194                 0.461    1648.385    2256.756    1738.765       8.463       0.442      21.433      52.995       2.982       0.372       0.000       1.348      13.412       0.121      12.744       5.267       9.005      10.786       4.202       0.810       0.475       0.000       0.000       0.000       0.000
   365    12    31  2023     195       0  hru195                 0.477    2113.456    4764.479    1802.454       8.373       0.761       6.775      24.545       5.447       0.040       0.000       0.000      91.579       0.000      12.744       5.267       9.005      10.786       4.202       0.810       0.475       0.000       0.000       0.000       0.000
   365    12    31  2023     196       0  hru196                 0.473    1951.496    4620.169    1769.710       8.344       0.827       3.166      25.151       4.345       0.000       0.000       0.000      77.908       0.000      12.744       5.267       9.005      10.786       4.202       0.810       0.475       0.000       0.000       0.000       0.000
   365    12    31  2023     197       0  hru197                 0.483    2220.491    5197.511    1903.975       8.347       0.214       0.000      23.663       5.363       0.000       0.000       0.000       5.664       0.000      12.744       5.267       9.005      10.786       4.202       0.810       0.475       0.000       0.000       0.000       0.000
   365    12    31  2023     198       0  hru198                 0.704    2137.898    4720.053    1606.177       8.387       0.254      29.088      35.648      17.920       0.004       0.000       0.000      36.375       0.000      12.744       5.267       9.005      10.786       4.202       0.810       0.475       0.000       0.000       0.000       0.000
   365    12    31  2023     199       0  hru199                 0.627    2249.258    4605.315    1883.104       8.388       0.878      15.634      31.322      16.623       0.105       0.000       8.481      99.120       0.669      12.744       5.267       9.005      10.786       4.202       0.810       0.475       0.000       0.000       0.000       0.000
   365    12    31  2023     200       0  hru200                 0.656    2280.374    4620.623    1899.435       8.353       1.246      11.828      32.766      16.353       0.105       0.000      22.566      95.713       1.732      12.744       5.267       9.005      10.786       4.202       0.810       0.475       0.000       0.000       0.000       0.000
   365    12    31  2023     201       0  hru201                 0.797    1682.653    3889.940    1002.256       8.286      13.282       0.127      71.735      22.479       0.000       0.000       0.000      16.745       0.000      12.744       5.267       9.005      10.786       4.202       0.810       0.475       0.000       0.000       0.000       0.000
   365    12    31  2023     202       0  hru202                 0.687    1680.405    3280.917    1463.822       8.378       0.933      21.441      88.834      19.459       0.000       0.000       0.000       7.884       0.000      12.744       5.267       9.005      10.786       4.202       0.810       0.475       0.000       0.000       0.000       0.000
   365    12    31  2023     203       0  hru203                 0.983    2109.931    4308.187    1246.927       8.154       1.154       0.056      89.658      29.064       1.959       0.000       0.000       1.128       0.000      12.744       5.267       9.005      10.786       4.202       0.810       0.475       0.000       0.000       0.000       0.000
   365    12    31  2023     204       0  hru204                 0.763    2009.303    3563.292    1685.366       8.337       0.797      29.080      95.571      15.761       0.336       0.000       2.865       6.848       0.386      12.744       5.267       9.005      10.786       4.202       0.810       0.475       0.000       0.000       0.000       0.000
   365    12    31  2023     205       0  hru205                 2.941    1831.641    3012.576    1048.698       8.143       3.154       0.013      66.258      82.987       0.000       0.000       0.000       2.937       0.000      12.744       5.267       9.005      10.786       4.202       0.810       0.475       0.000       0.000       0.000       0.000
   365    12    31  2023     206       0  hru206                 2.887    1586.455    2567.091    1018.120       8.376       0.770      48.043      65.909      75.498       0.000       0.000       0.000      17.505       0.000      12.744       5.267       9.005      10.786       4.202       0.810       0.475       0.000       0.000       0.000       0.000
   365    12    31  2023     207       0  hru207                 1.130    2048.039    4438.234     939.630       8.310      10.876      15.166      58.739      41.126       0.315       0.000      48.770      33.045       4.422      12.744       5.267       9.005      10.786       4.202       0.810       0.475       0.000       0.000       0.000       0.000
   365    12    31  2023     208       0  hru208                 0.464    1148.941    2128.671     904.200       8.449       0.111      21.817      58.865      27.339       0.160       0.000       6.736      10.702       0.861      12.744       5.267       9.005      10.786       4.202       0.810       0.475       0.000       0.000       0.000       0.000
   365    12    31  2023     209       0  hru209                 0.453    1459.249    2747.181    1065.299       8.416       0.607      27.911      75.443      10.941       0.159       0.000       2.865      14.185       0.386      12.744       5.267       9.005      10.786       4.202       0.810       0.475       0.000       0.000       0.000       0.000
   365    12    31  2023     210       0  hru210                 0.713    1382.150    3343.013    1237.141       8.418       0.646      47.808      81.030      20.489       0.024       0.000       0.000      12.123       0.000      12.744       5.267       9.005      10.786       4.202       0.810       0.475       0.000       0.000       0.000       0.000
   365    12    31  2023     211       0  hru211                 0.619    1650.967    3864.051    1291.063       8.383       0.689      26.750      65.231      17.389       0.315       0.000       5.691       8.989       0.482      12.744       5.267       9.005      10.786       4.202       0.810       0.475       0.000       0.000       0.000       0.000
   365    12    31  2023     212       0  hru212                 0.478    2069.937    4360.350    1733.106       8.186       0.522       0.528      51.813       2.630       0.000       0.000       0.000      39.186       0.000      12.744       5.267       9.005      10.786       4.202       0.810       0.475       0.000       0.000       0.000       0.000
   365    12    31  2023     213       0  hru213                 1.101    2330.433    3994.849    1497.619       8.277       1.245      35.202      87.967      38.724       0.105       0.000      20.953       8.556       1.612      12.744       5.267       9.005      10.786       4.202       0.810       0.475       0.000       0.000       0.000       0.000
   365    12    31  2023     214       0  hru214                 0.720    1560.433    3441.823    1170.625       8.366       0.975      33.642      97.660      28.034       0.123       0.000       0.000      11.736       0.000      12.744       5.267       9.005      10.786       4.202       0.810       0.475       0.000       0.000       0.000       0.000
   365    12    31  2023     215       0  hru215                 0.812    1532.316    3428.445    1184.930       8.378       0.786      34.778      98.547      27.205       0.130       0.000       0.000      11.864       0.000      12.744       5.267       9.005      10.786       4.202       0.810       0.475       0.000       0.000       0.000       0.000
   365    12    31  2023     216       0  hru216                 0.627    1743.384    5057.670    1099.130       8.366       1.086      24.049      92.990      14.053       0.315       0.000       8.845      71.793       0.746      12.744       5.267       9.005      10.786       4.202       0.810       0.475       0.000       0.000       0.000       0.000
   365    12    31  2023     217       0  hru217                 0.753    1861.437    3754.238    1320.697       8.400       0.908      58.179     107.653      25.244       0.788       0.000       7.921      11.056       1.001      12.744       5.267       9.005      10.786       4.202       0.810       0.475       0.000       0.000       0.000       0.000
   365    12    31  2023     218       0  hru218                 0.854    1944.688    4702.054    1292.908       8.326       0.918      22.155      88.612      29.101       0.105       0.000       1.010      12.807       0.091      12.744       5.267       9.005      10.786       4.202       0.810       0.475       0.000       0.000       0.000       0.000
   365    12    31  2023     219       0  hru219                 0.870    1699.736    3603.081    1172.545       8.324       1.027      24.649      69.347      25.493       0.562       0.000       3.316      11.552       0.286      12.744       5.267       9.005      10.786       4.202       0.810       0.475       0.000       0.000       0.000       0.000
   365    12    31  2023     220       0  hru220                 1.095    1981.936    4103.969    1214.881       8.213       1.753      27.119      64.833      45.268       0.000       0.000       0.000      12.670       0.000      12.744       5.267       9.005      10.786       4.202       0.810       0.475       0.000       0.000       0.000       0.000
   365    12    31  2023     221       0  hru221                 3.030    1701.514    3674.519     619.676       8.271       1.101       7.422      70.347     109.985       2.352       0.000      24.933       1.536       3.493      12.744       5.267       9.005      10.786       4.202       0.810       0.475       0.000       0.000       0.000       0.000
   365    12    31  2023     222       0  hru222                 1.027     111.675     297.135      62.862       8.559       0.016     157.490      63.339       5.383       0.917       0.000       0.000      50.014       0.000      12.744       5.267       9.005      10.786       4.202       0.810       0.475       0.000       0.000       0.000       0.000
   365    12    31  2023     223       0  hru223                 0.698    1634.062    4054.321    1009.879       8.431       9.480      15.881      47.769      18.030       0.002       0.000       0.000     147.500       0.000      12.744       5.267       9.005      10.786       4.202       0.810       0.475       0.000       0.000       0.000       0.000
   365    12    31  2023     224       0  hru224                 1.217    2185.498    4359.759     684.620       8.268      16.897       0.073      80.018      33.851       1.932       0.000      17.573      21.750       2.186      12.744       5.267       9.005      10.786       4.202       0.810       0.475       0.000       0.000       0.000       0.000
   365    12    31  2023     225       0  hru225                 0.922    2302.638    6313.917     961.933       7.961       2.647       0.315      87.068      31.724       0.001       0.000       0.000      21.809       0.000      12.744       5.267       9.005      10.786       4.202       0.810       0.475       0.000       0.000       0.000       0.000
   365    12    31  2023     226       0  hru226                 0.996    2383.303    6466.844     991.113       8.237       0.987      25.256      86.150      32.734       0.000       0.000       0.000      56.895       0.000      12.744       5.267       9.005      10.786       4.202       0.810       0.475       0.000       0.000       0.000       0.000
   365    12    31  2023     227       0  hru227                 0.741    1680.003    3530.264    1281.464       8.024       3.689       0.626      88.823      33.838       0.000       0.000       0.000       3.459       0.000      12.744       5.267       9.005      10.786       4.202       0.810       0.475       0.000       0.000       0.000       0.000
   365    12    31  2023     228       0  hru228                 1.312    2215.755    4476.232     503.658       8.335      19.671      29.746      81.705      48.086       1.056       0.000      26.385      84.895       3.758      12.744       5.267       9.005      10.786       4.202       0.810       0.475       0.000       0.000       0.000       0.000
   365    12    31  2023     229       0  hru229                 1.086    1971.082    4123.948     712.329       8.227      18.096       0.320      62.389      37.435       0.000       0.000       0.000      28.383       0.000      12.744       5.267       9.005      10.786       4.202       0.810       0.475       0.000       0.000       0.000       0.000
   365    12    31  2023     230       0  hru230                 1.588    2640.569    4677.271     808.902       7.792       7.987       0.609      92.247      63.972       0.725       0.000      28.027       3.956       2.932      12.744       5.267       9.005      10.786       4.202       0.810       0.475       0.000       0.000       0.000       0.000
   365    12    31  2023     231       0  hru231                 1.087    1634.998    3703.557     613.766       8.403      14.124      36.511      75.887      28.805       1.550       0.000      21.844      89.241       1.889      12.744       5.267       9.005      10.786       4.202       0.810       0.475       0.000       0.000       0.000       0.000
   365    12    31  2023     232       0  hru232                 1.190    2082.630    4588.325     892.148       8.054       3.632       0.083      73.166      40.178       0.367       0.000      20.001       3.223       2.467      12.744       5.267       9.005      10.786       4.202       0.810       0.475       0.000       0.000       0.000       0.000
   365    12    31  2023     233       0  hru233                 1.208    2143.356    4595.352     894.520       8.063       3.619       0.114      71.755      40.013       1.328       0.000      26.169       3.649       3.176      12.744       5.267       9.005      10.786       4.202       0.810       0.475       0.000       0.000       0.000       0.000
   365    12    31  2023     234       0  hru234                 0.936    1705.947    4610.178     407.597       8.302      14.727       0.023      66.098      21.408       0.382       0.000       0.000      35.627       0.000      12.744       5.267       9.005      10.786       4.202       0.810       0.475       0.000       0.000       0.000       0.000
   365    12    31  2023     235       0  hru235                 1.156    2121.408    3535.111    1188.979       8.326       1.818      48.403     100.848      36.948       1.157       0.000      37.535      12.076       3.266      12.744       5.267       9.005      10.786       4.202       0.810       0.475       0.000       0.000       0.000       0.000
   365    12    31  2023     236       0  hru236                 1.465    2314.119    4654.703     790.454       8.179       3.957      24.914     111.770      60.961       1.875       0.000       9.410       7.423       1.175      12.744       5.267       9.005      10.786       4.202       0.810       0.475       0.000       0.000       0.000       0.000
   365    12    31  2023     237       0  hru237                 1.414    2020.677    3924.785     507.529       8.256      20.650       0.051      84.355      48.770       0.907       0.000      17.573      20.888       2.186      12.744       5.267       9.005      10.786       4.202       0.810       0.475       0.000       0.000       0.000       0.000
   365    12    31  2023     238       0  hru238                 1.343    2363.002    4403.360    1059.422       8.196       1.859      18.324      81.803      53.756       0.906       0.000      32.725       9.331       7.808      12.744       5.267       9.005      10.786       4.202       0.810       0.475       0.000       0.000       0.000       0.000
   365    12    31  2023     239       0  hru239                 2.510   68190.148       0.000    2404.928       8.077       7.797      13.682     117.625     130.014       0.033       0.000     353.364       3.326      46.560      12.744       5.267       9.005      10.786       4.202       0.810       0.475       0.000       0.000       0.000       0.000
   365    12    31  2023     240       0  hru240                 2.510   57609.613       0.000    2057.490       8.402       1.028      57.865     117.625     171.198       0.122       0.000     238.964       0.913      32.574      12.744       5.267       9.005      10.786       4.202       0.810       0.475       0.000       0.000       0.000       0.000
   365    12    31  2023     241       0  hru241                 2.510   70305.516       0.000    2481.104       8.309       1.714       1.205     117.625     125.546       0.027       0.000     379.608       1.052      50.000      12.744       5.267       9.005      10.786       4.202       0.810       0.475       0.000       0.000       0.000       0.000
   365    12    31  2023     242       0  hru242                 2.510   71277.164       0.000    2510.958       8.305       2.074       4.424     117.625     122.229       0.021       0.000     393.694       1.658      51.638      12.744       5.267       9.005      10.786       4.202       0.810       0.475       0.000       0.000       0.000       0.000
   365    12    31  2023     243       0  hru243                 2.510   71458.875       0.000    2511.713       7.946      11.630       1.394     117.625     117.045       0.021       0.000     398.188       2.495      51.567      12.744       5.267       9.005      10.786       4.202       0.810       0.475       0.000       0.000       0.000       0.000
   365    12    31  2023     244       0  hru244                 2.510   71347.852       0.000    2515.896       8.298       2.224       1.816     117.625     122.048       0.021       0.000     393.911       1.317      51.668      12.744       5.267       9.005      10.786       4.202       0.810       0.475       0.000       0.000       0.000       0.000
   365    12    31  2023     245       0  hru245                 2.510   70947.930       0.000    2501.608       8.289       2.371       0.248     117.625     123.478       0.023       0.000     387.107       0.604      50.905      12.744       5.267       9.005      10.786       4.202       0.810       0.475       0.000       0.000       0.000       0.000
   365    12    31  2023     246       0  hru246                 0.548   29141.400       0.000    1049.514       8.510       0.213      93.000     140.090     114.191       0.734       0.000      84.678       2.205      22.235      12.744       5.267       9.005      10.786       4.202       0.810       0.475       0.000       0.000       0.000       0.000
   365    12    31  2023     247       0  hru247                 1.506    2206.952    4128.177     354.630       8.332      14.060      28.206     101.519      42.329       1.522       0.000      40.351      84.184       8.570      12.744       5.267       9.005      10.786       4.202       0.810       0.475       0.000       0.000       0.000       0.000
   365    12    31  2023     248       0  hru248                 0.688    1502.869    3842.451     941.965       8.393      11.860      15.381      45.958      15.714       0.105       0.000       0.961      92.398       0.087      12.744       5.267       9.005      10.786       4.202       0.810       0.475       0.000       0.000       0.000       0.000
   365    12    31  2023     249       0  hru249                 0.743    1625.855    3964.916     921.546       8.385      11.824      14.754      47.361      17.423       0.105       0.000       1.428      90.602       0.128      12.744       5.267       9.005      10.786       4.202       0.810       0.475       0.000       0.000       0.000       0.000
   365    12    31  2023     250       0  hru250                 1.376    1965.882    3624.289     592.668       8.336      22.849      32.551      88.187      49.649       1.130       0.000       0.000      67.750       0.000      12.744       5.267       9.005      10.786       4.202       0.810       0.475       0.000       0.000       0.000       0.000
   365    12    31  2023     251       0  hru251                 2.510   70189.398       0.000    2477.908       8.303       1.954       0.951     117.625     125.873       0.027       0.000     378.435       0.860      49.866      12.744       5.267       9.005      10.786       4.202       0.810       0.475       0.000       0.000       0.000       0.000
   365    12    31  2023     252       0  hru252                 2.510   37826.953       0.000    1324.580       8.552       0.077     214.876     117.625      51.884       0.632       0.000     210.898       2.718      27.953      12.744       5.267       9.005      10.786       4.202       0.810       0.475       0.000       0.000       0.000       0.000
   365    12    31  2023     253       0  hru253                 2.510   65999.750       0.000    2336.901       8.353       1.065      22.777     117.625     140.834       0.042       0.000     330.579       1.861      44.003      12.744       5.267       9.005      10.786       4.202       0.810       0.475       0.000       0.000       0.000       0.000
   365    12    31  2023     254       0  hru254                 2.510   68156.695       0.000    2410.789       8.313       1.865       3.457     117.625     133.220       0.033       0.000     352.935       1.084      46.779      12.744       5.267       9.005      10.786       4.202       0.810       0.475       0.000       0.000       0.000       0.000
   365    12    31  2023     255       0  hru255                 2.510   71258.258       0.000    2511.637       8.296       2.262       1.084     117.625     122.401       0.021       0.000     392.383       1.125      51.495      12.744       5.267       9.005      10.786       4.202       0.810       0.475       0.000       0.000       0.000       0.000
   365    12    31  2023     256       0  hru256                 2.510   73149.961       0.000    2553.915       8.251       3.742      34.322     117.625     114.778       0.016       0.000     416.695       3.358      54.291      12.744       5.267       9.005      10.786       4.202       0.810       0.475       0.000       0.000       0.000       0.000
   365    12    31  2023     257       0  hru257                 2.510   71120.078       0.000    2507.164       8.292       2.319       0.494     117.625     122.863       0.021       0.000     390.045       0.863      51.233      12.744       5.267       9.005      10.786       4.202       0.810       0.475       0.000       0.000       0.000       0.000
   365    12    31  2023     258       0  hru258                 2.510   69064.211       0.000    2437.924       8.322       1.761      11.687     117.625     129.840       0.030       0.000     365.344       1.785      48.252      12.744       5.267       9.005      10.786       4.202       0.810       0.475       0.000       0.000       0.000       0.000
   365    12    31  2023     259       0  hru259                 2.510   73153.078       0.000    2553.004       8.253       3.712      34.648     117.625     114.718       0.016       0.000     416.782       3.373      54.301      12.744       5.267       9.005      10.786       4.202       0.810       0.475       0.000       0.000       0.000       0.000
   365    12    31  2023     260       0  hru260                 2.510   72610.734       0.000    2533.678       8.293       3.009      43.490     117.625     115.457       0.016       0.000     411.977       3.734      53.755      12.744       5.267       9.005      10.786       4.202       0.810       0.475       0.000       0.000       0.000       0.000
   365    12    31  2023     261       0  hru261                 2.510   72223.477       0.000    2521.130       8.286       3.334      47.404     117.625     116.133       0.018       0.000     407.895       3.810      53.271      12.744       5.267       9.005      10.786       4.202       0.810       0.475       0.000       0.000       0.000       0.000
   365    12    31  2023     262       0  hru262                 2.510   71030.812       0.000    2504.290       8.290       2.352       0.339     117.625     123.181       0.021       0.000     388.542       0.725      51.064      12.744       5.267       9.005      10.786       4.202       0.810       0.475       0.000       0.000       0.000       0.000
   365    12    31  2023     263       0  hru263                 2.510   72666.781       0.000    2536.447       8.284       2.998      40.234     117.625     115.773       0.016       0.000     411.477       3.498      53.706      12.744       5.267       9.005      10.786       4.202       0.810       0.475       0.000       0.000       0.000       0.000
   365    12    31  2023     264       0  hru264                 2.510   62196.492       0.000    2199.621       8.466       0.350     110.677     117.625     137.970       0.061       0.000     303.885       4.169      40.693      12.744       5.267       9.005      10.786       4.202       0.810       0.475       0.000       0.000       0.000       0.000
   365    12    31  2023     265       0  hru265                 2.510   68104.648       0.000    2410.625       8.296       2.311       0.357     117.625     133.574       0.033       0.000     349.837       0.541      46.447      12.744       5.267       9.005      10.786       4.202       0.810       0.475       0.000       0.000       0.000       0.000
   365    12    31  2023     266       0  hru266                 2.510   70932.656       0.000    2501.116       8.289       2.377       0.236     117.625     123.529       0.023       0.000     386.859       0.586      50.878      12.744       5.267       9.005      10.786       4.202       0.810       0.475       0.000       0.000       0.000       0.000
   365    12    31  2023     267       0  hru267                 2.510   71212.836       0.000    2510.168       8.294       2.283       0.824     117.625     122.569       0.021       0.000     391.602       1.036      51.407      12.744       5.267       9.005      10.786       4.202       0.810       0.475       0.000       0.000       0.000       0.000
   365    12    31  2023     268       0  hru268                 2.510   69956.422       0.000    2469.719       8.305       1.719       1.166     117.625     126.681       0.028       0.000     375.460       0.816      49.521      12.744       5.267       9.005      10.786       4.202       0.810       0.475       0.000       0.000       0.000       0.000
   365    12    31  2023     269       0  hru269                 2.510   69810.867       0.000    2465.345       8.302       1.790       1.119     117.625     127.123       0.028       0.000     373.841       0.723      49.332      12.744       5.267       9.005      10.786       4.202       0.810       0.475       0.000       0.000       0.000       0.000
   365    12    31  2023     270       0  hru270                 2.510   69953.648       0.000    2469.906       8.298       2.046       0.171     117.625     127.069       0.028       0.000     371.803       0.383      49.133      12.744       5.267       9.005      10.786       4.202       0.810       0.475       0.000       0.000       0.000       0.000
   365    12    31  2023     271       0  hru271                 2.510   68994.727       0.000    2415.623       8.212       4.254      33.371     117.625     127.380       0.030       0.000     365.624       4.171      48.253      12.744       5.267       9.005      10.786       4.202       0.810       0.475       0.000       0.000       0.000       0.000
   365    12    31  2023     272       0  hru272                 2.510   70650.680       0.000    2476.353       8.035       8.904       5.409     117.625     121.006       0.023       0.000     386.525       2.822      50.458      12.744       5.267       9.005      10.786       4.202       0.810       0.475       0.000       0.000       0.000       0.000
   365    12    31  2023     273       0  hru273                 2.510   68827.133       0.000    2410.441       8.196       4.932      38.838     117.625     127.792       0.031       0.000     362.501       4.513      47.851      12.744       5.267       9.005      10.786       4.202       0.810       0.475       0.000       0.000       0.000       0.000
   365    12    31  2023     274       0  hru274                 1.598    2197.056    4140.316     377.803       8.358      12.523      40.956     101.515      46.936       1.661       0.000      32.465      88.023       5.955      12.744       5.267       9.005      10.786       4.202       0.810       0.475       0.000       0.000       0.000       0.000
   365    12    31  2023     275       0  hru275                 1.466    2026.693    3949.848     384.109       8.375      15.080      50.409      98.421      42.017       0.890       0.000      38.950      93.921       8.566      12.744       5.267       9.005      10.786       4.202       0.810       0.475       0.000       0.000       0.000       0.000
   365    12    31  2023     276       0  hru276                 1.375    1986.828    3378.509     535.873       8.349      22.059      34.537      89.696      46.755       0.842       0.000       0.000      75.434       0.000      12.744       5.267       9.005      10.786       4.202       0.810       0.475       0.000       0.000       0.000       0.000
   365    12    31  2023     277       0  hru277                 1.403    1958.710    3582.502     562.814       8.346      21.760      38.232      88.420      50.941       1.100       0.000       0.000      69.172       0.000      12.744       5.267       9.005      10.786       4.202       0.810       0.475       0.000       0.000       0.000       0.000
   365    12    31  2023     278       0  hru278                 2.510   69761.062       0.000    2463.556       8.324       1.343       1.751     117.625     128.035       0.028       0.000     368.053       0.188      48.669      12.744       5.267       9.005      10.786       4.202       0.810       0.475       0.000       0.000       0.000       0.000
   365    12    31  2023     279       0  hru279                 2.510   72898.555       0.000    2544.005       8.208       4.834      22.867     117.625     115.857       0.016       0.000     414.332       0.597      54.000      12.744       5.267       9.005      10.786       4.202       0.810       0.475       0.000       0.000       0.000       0.000
   365    12    31  2023     280       0  hru280                 2.510   73457.203       0.000    2562.072       8.204       4.977      20.512     117.625     113.966       0.015       0.000     421.987       0.606      54.871      12.744       5.267       9.005      10.786       4.202       0.810       0.475       0.000       0.000       0.000       0.000
   365    12    31  2023     281       0  hru281                 0.549   29566.254       0.000    1070.033       8.492       0.000       1.448     140.090     115.271       0.734       0.000      84.461       0.070      22.242      12.744       5.267       9.005      10.786       4.202       0.810       0.475       0.000       0.000       0.000       0.000
   365    12    31  2023     282       0  hru282                 0.549   26283.781       0.000     994.785       8.479       0.000       0.170     140.090      78.665       0.734       0.000      90.262       0.044      21.999      12.744       5.267       9.005      10.786       4.202       0.810       0.475       0.000       0.000       0.000       0.000
   365    12    31  2023     283       0  hru283                 1.650   64840.652       0.000    2120.590       8.041      42.438       0.000     163.281     126.968       0.265       0.000      71.339       0.035      27.970      12.744       5.267       9.005      10.786       4.202       0.810       0.475       0.000       0.000       0.000       0.000
   365    12    31  2023     284       0  hru284                 1.088   41534.125       0.000    1176.454       8.303     104.469       0.000     163.281       3.495       0.734       0.000     107.643       0.000      22.750      12.744       5.267       9.005      10.786       4.202       0.810       0.475       0.000       0.000       0.000       0.000
   365    12    31  2023     285       0  hru285                 1.086   41518.836       0.000    1178.959       8.277     104.513       0.000     163.281       3.063       0.734       0.000     109.058       0.000      22.768      12.744       5.267       9.005      10.786       4.202       0.810       0.475       0.000       0.000       0.000       0.000
   365    12    31  2023     286       0  hru286                 1.086   41518.797       0.000    1176.226       8.303     104.513       0.000     163.281       3.170       0.734       0.000     108.872       0.000      22.768      12.744       5.267       9.005      10.786       4.202       0.810       0.475       0.000       0.000       0.000       0.000
   365    12    31  2023     287       0  hru287                 1.089   41467.730       0.000    1176.212       8.309     104.580       0.000     163.281       3.464       0.734       0.000     107.230       0.000      22.685      12.744       5.267       9.005      10.786       4.202       0.810       0.475       0.000       0.000       0.000       0.000
   365    12    31  2023     288       0  hru288                 2.510   59777.691       0.000    2117.609       8.473       0.161      87.649     117.625     154.738       0.082       0.000     271.945       0.332      36.803      12.744       5.267       9.005      10.786       4.202       0.810       0.475       0.000       0.000       0.000       0.000
   365    12    31  2023     289       0  hru289                 2.510   68663.438       0.000    2422.607       8.396       0.427      32.155     117.625     131.365       0.031       0.000     359.482       0.343      47.582      12.744       5.267       9.005      10.786       4.202       0.810       0.475       0.000       0.000       0.000       0.000
   365    12    31  2023     290       0  hru290                 2.510   73621.820       0.000    2567.360       8.215       4.535       5.997     117.625     113.946       0.014       0.000     421.930       0.404      54.883      12.744       5.267       9.005      10.786       4.202       0.810       0.475       0.000       0.000       0.000       0.000
   365    12    31  2023     291       0  hru291                 2.510   62566.000       0.000    2192.881       8.489       0.303     109.004     117.625     139.839       0.058       0.000     302.176       0.836      40.672      12.744       5.267       9.005      10.786       4.202       0.810       0.475       0.000       0.000       0.000       0.000
   365    12    31  2023     292       0  hru292                 2.510   68803.000       0.000    2384.876       8.389       0.298       4.659     117.625     134.874       0.031       0.000     361.380       0.131      47.777      12.744       5.267       9.005      10.786       4.202       0.810       0.475       0.000       0.000       0.000       0.000
   365    12    31  2023     293       0  hru293                 2.510   69721.805       0.000    2414.683       8.367       0.431       2.465     117.625     131.162       0.028       0.000     373.333       0.117      49.251      12.744       5.267       9.005      10.786       4.202       0.810       0.475       0.000       0.000       0.000       0.000
   365    12    31  2023     294       0  hru294                 0.312    1191.549    2135.046    1123.090       8.499       0.011       7.943      25.709       1.025       0.021       0.000       0.000       2.157       0.000      12.744       5.267       9.005      10.786       4.202       0.810       0.475       0.000       0.000       0.000       0.000
   365    12    31  2023     295       0  hru295                 0.775    1432.674    3735.161     808.182       8.420       0.051       4.042      72.401      17.376       0.620       0.000      33.477       1.413       7.187      12.744       5.267       9.005      10.786       4.202       0.810       0.475       0.000       0.000       0.000       0.000
   365    12    31  2023     296       0  hru296                 2.289    1587.599    2085.265    1059.337       8.483       0.035       2.288      23.982      20.878       0.000       0.000       0.000       0.810       0.000      12.744       5.267       9.005      10.786       4.202       0.810       0.475       0.000       0.000       0.000       0.000
   365    12    31  2023     297       0  hru297                 0.736    1710.045    2774.006    1057.296       8.348       0.014       4.989      42.545      33.323       0.325       0.000      20.001       1.033       2.467      12.744       5.267       9.005      10.786       4.202       0.810       0.475       0.000       0.000       0.000       0.000
   365    12    31  2023     298       0  hru298                 2.313    2431.848    4623.275    1731.694       8.420       1.329       0.285      36.168      46.406       0.003       0.000       0.000       1.269       0.000      12.744       5.267       9.005      10.786       4.202       0.810       0.475       0.000       0.000       0.000       0.000
   365    12    31  2023     299       0  hru299                 2.510   66413.602       0.000    2304.700       8.464       0.211      57.653     117.625     144.117       0.040       0.000     333.333       0.222      44.310      12.744       5.267       9.005      10.786       4.202       0.810       0.475       0.000       0.000       0.000       0.000
   365    12    31  2023     300       0  hru300                 2.788    1867.026    4499.146    1022.248       8.464       3.750       0.081      50.944      68.077       0.003       0.000       0.000       0.303       0.000      12.744       5.267       9.005      10.786       4.202       0.810       0.475       0.000       0.000       0.000       0.000
   365    12    31  2023     301       0  hru301                 2.208    1583.842    3407.944    1011.022       8.329       0.671       0.431      31.400      88.864       0.014       0.000       0.000       0.384       0.000      12.744       5.267       9.005      10.786       4.202       0.810       0.475       0.000       0.000       0.000       0.000
   365    12    31  2023     302       0  hru302                 2.510   68940.688       0.000    2388.664       8.384       0.357       7.802     117.625     134.199       0.031       0.000     364.241       0.135      48.121      12.744       5.267       9.005      10.786       4.202       0.810       0.475       0.000       0.000       0.000       0.000
   365    12    31  2023     303       0  hru303                 0.487    2067.080    5062.422    1783.032       8.408       0.019       1.250      24.152       9.985       0.004       0.000       0.000       2.286       0.000      12.744       5.267       9.005      10.786       4.202       0.810       0.475       0.000       0.000       0.000       0.000
   365    12    31  2023     304       0  hru304                 2.510   68811.859       0.000    2432.674       8.337       1.128       3.109     117.625     131.421       0.031       0.000     357.516       0.186      47.363      12.744       5.267       9.005      10.786       4.202       0.810       0.475       0.000       0.000       0.000       0.000
   365    12    31  2023     305       0  hru305                 2.510   74638.914       0.000    2598.194       8.431       1.085      57.687     117.625     110.222       0.011       0.000     437.623       0.464      56.805      12.744       5.267       9.005      10.786       4.202       0.810       0.475       0.000       0.000       0.000       0.000
   365    12    31  2023     306       0  hru306                 2.510   67053.734       0.000    2368.041       8.367       0.663      29.857     117.625     136.247       0.037       0.000     344.451       0.320      45.725      12.744       5.267       9.005      10.786       4.202       0.810       0.475       0.000       0.000       0.000       0.000
   365    12    31  2023     307       0  hru307                 2.510   53838.551       0.000    1873.414       8.609       0.478     173.719     117.625      93.790       0.145       0.000     288.531       0.630      38.291      12.744       5.267       9.005      10.786       4.202       0.810       0.475       0.000       0.000       0.000       0.000
   365    12    31  2023     308       0  hru308                 2.510   74601.695       0.000    2596.117       8.426       1.086      55.848     117.625     110.422       0.011       0.000     437.022       0.460      56.738      12.744       5.267       9.005      10.786       4.202       0.810       0.475       0.000       0.000       0.000       0.000
   365    12    31  2023     309       0  hru309                 2.510   71368.359       0.000    2512.796       8.317       1.794       5.648     117.625     122.043       0.021       0.000     394.385       0.253      51.724      12.744       5.267       9.005      10.786       4.202       0.810       0.475       0.000       0.000       0.000       0.000
   365    12    31  2023     310       0  hru310                 2.510   72185.086       0.000    2517.357       8.435       0.940      66.130     117.625     116.819       0.019       0.000     407.548       0.505      53.331      12.744       5.267       9.005      10.786       4.202       0.810       0.475       0.000       0.000       0.000       0.000
   365    12    31  2023     311       0  hru311                 2.510   70376.031       0.000    2481.705       8.333       0.738       3.219     117.625     125.436       0.027       0.000     380.286       0.209      50.090      12.744       5.267       9.005      10.786       4.202       0.810       0.475       0.000       0.000       0.000       0.000
   365    12    31  2023     312       0  hru312                 2.510   74603.562       0.000    2596.172       8.426       1.086      55.930     117.625     110.412       0.011       0.000     437.050       0.460      56.741      12.744       5.267       9.005      10.786       4.202       0.810       0.475       0.000       0.000       0.000       0.000
   365    12    31  2023     313       0  hru313                 2.510   70847.508       0.000    2498.367       8.289       2.389       0.219     117.625     123.805       0.023       0.000     385.579       0.075      50.734      12.744       5.267       9.005      10.786       4.202       0.810       0.475       0.000       0.000       0.000       0.000
   365    12    31  2023     314       0  hru314                 1.490    2007.233    3198.093     539.221       8.309      23.338       0.000      90.468      54.652       0.555       0.000       0.000       0.237       0.000      12.744       5.267       9.005      10.786       4.202       0.810       0.475       0.000       0.000       0.000       0.000
