 Mini_CREATE               SWAT+ Jan 11 2024        MODULAR Rev 2024.61.0                                 
   jday   mon   day    yr   unit  gis_id  name                     lai       bioms       yield     residue     sol_tmp       strsw       strsa     strstmp       strsn       strsp       strss        nplt       percn       pplnt         tmx         tmn       tmpav     solarad      wndspd        rhum     phubas0     lai_max      bm_max     bm_grow       c_gro
                                                             m**2/m**2        kgha        kgha        kgha        degc         ---         ---         ---         ---         ---         ---        kgha        kgha        kgha        degc        degc        degc      mj/m^2         m/s        frac        degc   m**2/m**2       kg/ha       kg/ha       kg/ha
   365    12    31  2023       1       0  hru001                 2.510   73151.805       0.000    2524.589       8.367       1.976      51.164     117.625     111.837       0.000       0.000     419.689       2.870      54.774      12.744       5.267       9.005      10.786       4.202       0.810       0.475       0.000       0.000       0.000       0.000
   365    12    31  2023       2       0  hru002                 2.510   73143.305       0.000    2522.180       8.388       1.454      54.725     117.625     111.068       0.000       0.000     420.614       2.826      54.886      12.744       5.267       9.005      10.786       4.202       0.810       0.475       0.000       0.000       0.000       0.000
   365    12    31  2023       3       0  hru003                 2.510   70805.750       0.000    2450.582       8.163       5.821       2.819     117.625     122.622       0.000       0.000     380.965       2.343      50.105      12.744       5.267       9.005      10.786       4.202       0.810       0.475       0.000       0.000       0.000       0.000
   365    12    31  2023       4       0  hru004                 2.510   70698.820       0.000    2461.382       8.294       2.421       0.002     117.625     123.737       0.000       0.000     383.054       0.527      50.479      12.744       5.267       9.005      10.786       4.202       0.810       0.475       0.000       0.000       0.000       0.000
   365    12    31  2023       5       0  hru005                 2.510   71046.422       0.000    2473.287       8.299       2.302       0.196     117.625     122.516       0.000       0.000     388.728       0.962      51.124      12.744       5.267       9.005      10.786       4.202       0.810       0.475       0.000       0.000       0.000       0.000
   365    12    31  2023       6       0  hru006                 2.510   70861.930       0.000    2466.568       8.296       2.371       0.040     117.625     123.173       0.000       0.000     385.735       0.700      50.782      12.744       5.267       9.005      10.786       4.202       0.810       0.475       0.000       0.000       0.000       0.000
   365    12    31  2023       7       0  hru007                 2.510   71295.477       0.000    2479.925       8.306       2.159       1.046     117.625     121.628       0.000       0.000     392.482       1.385      51.557      12.744       5.267       9.005      10.786       4.202       0.810       0.475       0.000       0.000       0.000       0.000
   365    12    31  2023       8       0  hru008                 2.510   70670.539       0.000    2460.482       8.294       2.428       0.000     117.625     123.838       0.000       0.000     382.591       0.502      50.427      12.744       5.267       9.005      10.786       4.202       0.810       0.475       0.000       0.000       0.000       0.000
   365    12    31  2023       9       0  hru009                 2.510   64906.629       0.000    2236.601       8.520       1.044     138.656     117.625      97.932       0.000       0.000     367.973       7.205      48.536      12.744       5.267       9.005      10.786       4.202       0.810       0.475       0.000       0.000       0.000       0.000
   365    12    31  2023      10       0  hru010                 2.510   71319.586       0.000    2480.699       8.307       2.141       1.214     117.625     121.559       0.000       0.000     392.807       1.429      51.596      12.744       5.267       9.005      10.786       4.202       0.810       0.475       0.000       0.000       0.000       0.000
   365    12    31  2023      11       0  hru011                 2.510   71300.648       0.000    2480.091       8.306       2.152       1.077     117.625     121.614       0.000       0.000     392.554       1.394      51.566      12.744       5.267       9.005      10.786       4.202       0.810       0.475       0.000       0.000       0.000       0.000
   365    12    31  2023      12       0  hru012                 2.510   71772.992       0.000    2494.690       8.333       1.531       8.680     117.625     120.130       0.000       0.000     399.206       2.292      52.345      12.744       5.267       9.005      10.786       4.202       0.810       0.475       0.000       0.000       0.000       0.000
   365    12    31  2023      13       0  hru013                 2.510   71178.898       0.000    2477.527       8.302       2.235       0.503     117.625     122.034       0.000       0.000     390.752       1.180      51.358      12.744       5.267       9.005      10.786       4.202       0.810       0.475       0.000       0.000       0.000       0.000
   365    12    31  2023      14       0  hru014                 2.510   71230.906       0.000    2477.858       8.304       2.203       0.702     117.625     121.856       0.000       0.000     391.512       1.270      51.445      12.744       5.267       9.005      10.786       4.202       0.810       0.475       0.000       0.000       0.000       0.000
   365    12    31  2023      15       0  hru015                 2.510   71023.859       0.000    2472.566       8.299       2.309       0.169     117.625     122.603       0.000       0.000     388.365       0.927      51.082      12.744       5.267       9.005      10.786       4.202       0.810       0.475       0.000       0.000       0.000       0.000
   365    12    31  2023      16       0  hru016                 2.510   64302.328       0.000    2239.331       8.344       2.580      85.966     117.625     130.804       0.000       0.000     325.699       5.029      43.422      12.744       5.267       9.005      10.786       4.202       0.810       0.475       0.000       0.000       0.000       0.000
   365    12    31  2023      17       0  hru017                 2.510   72572.461       0.000    2506.468       8.123       7.215       0.026     117.625     115.854       0.000       0.000     408.000       1.162      53.159      12.744       5.267       9.005      10.786       4.202       0.810       0.475       0.000       0.000       0.000       0.000
   365    12    31  2023      18       0  hru018                 2.510   68708.430       0.000    2379.824       8.344       1.365      30.604     117.625     129.409       0.000       0.000     354.202       3.839      47.086      12.744       5.267       9.005      10.786       4.202       0.810       0.475       0.000       0.000       0.000       0.000
   365    12    31  2023      19       0  hru019                 2.510   64913.922       0.000    2268.585       8.475       0.048      80.334     117.625     139.712       0.000       0.000     316.566       4.209      42.417      12.744       5.267       9.005      10.786       4.202       0.810       0.475       0.000       0.000       0.000       0.000
   365    12    31  2023      20       0  hru020                 2.510   66798.883       0.000    2313.893       8.354       1.562      42.535     117.625     135.374       0.000       0.000     333.695       3.702      44.510      12.744       5.267       9.005      10.786       4.202       0.810       0.475       0.000       0.000       0.000       0.000
   365    12    31  2023      21       0  hru021                 2.510   72920.727       0.000    2517.619       8.149       6.461       0.518     117.625     114.931       0.000       0.000     413.391       1.936      53.800      12.744       5.267       9.005      10.786       4.202       0.810       0.475       0.000       0.000       0.000       0.000
   365    12    31  2023      22       0  hru022                 2.510   72978.609       0.000    2519.451       8.155       6.254       0.744     117.625     114.815       0.000       0.000     414.165       2.038      53.886      12.744       5.267       9.005      10.786       4.202       0.810       0.475       0.000       0.000       0.000       0.000
   365    12    31  2023      23       0  hru023                 2.510   65167.914       0.000    2241.591       8.379       0.463       5.802     117.625     144.365       0.000       0.000     315.694       0.830      42.395      12.744       5.267       9.005      10.786       4.202       0.810       0.475       0.000       0.000       0.000       0.000
   365    12    31  2023      24       0  hru024                 2.510   65224.336       0.000    2242.645       8.385       0.394       7.975     117.625     144.169       0.000       0.000     316.253       0.911      42.464      12.744       5.267       9.005      10.786       4.202       0.810       0.475       0.000       0.000       0.000       0.000
   365    12    31  2023      25       0  hru025                 2.510   72562.594       0.000    2503.975       8.119       7.390       0.047     117.625     115.737       0.000       0.000     408.190       1.267      53.143      12.744       5.267       9.005      10.786       4.202       0.810       0.475       0.000       0.000       0.000       0.000
   365    12    31  2023      26       0  hru026                 2.510   72867.062       0.000    2515.890       8.157       6.215       0.871     117.625     115.202       0.000       0.000     412.536       2.068      53.701      12.744       5.267       9.005      10.786       4.202       0.810       0.475       0.000       0.000       0.000       0.000
   365    12    31  2023      27       0  hru027                 2.510   72430.695       0.000    2500.622       8.057       9.239       3.669     117.625     114.481       0.000       0.000     410.572       2.858      53.207      12.744       5.267       9.005      10.786       4.202       0.810       0.475       0.000       0.000       0.000       0.000
   365    12    31  2023      28       0  hru028                 2.510   72530.641       0.000    2502.975       8.117       7.453       0.032     117.625     115.822       0.000       0.000     407.688       1.205      53.075      12.744       5.267       9.005      10.786       4.202       0.810       0.475       0.000       0.000       0.000       0.000
   365    12    31  2023      29       0  hru029                 2.510   71536.781       0.000    2469.902       7.995      10.414       0.416     117.625     116.739       0.000       0.000     398.730       1.915      51.767      12.744       5.267       9.005      10.786       4.202       0.810       0.475       0.000       0.000       0.000       0.000
   365    12    31  2023      30       0  hru030                 2.510   72831.969       0.000    2526.873       8.347       2.228      37.273     117.625     115.246       0.000       0.000     411.580       3.058      53.809      12.744       5.267       9.005      10.786       4.202       0.810       0.475       0.000       0.000       0.000       0.000
   365    12    31  2023      31       0  hru031                 2.510   68614.875       0.000    2381.826       8.285       0.332       9.542     117.625     131.175       0.000       0.000     353.779       2.100      46.988      12.744       5.267       9.005      10.786       4.202       0.810       0.475       0.000       0.000       0.000       0.000
   365    12    31  2023      32       0  hru032                 2.146   45484.582     346.538    2611.970       8.387       1.639      39.567     156.101      31.491       0.000       0.000      36.725       1.679       9.104      12.744       5.267       9.005      10.786       4.202       0.810       0.475       0.000       0.000       0.000       0.000
   365    12    31  2023      33       0  hru033                 2.135   44512.453     337.351    2539.819       8.235       4.489       0.120     155.298      36.232       0.000       0.000      35.265       0.622       8.724      12.744       5.267       9.005      10.786       4.202       0.810       0.475       0.000       0.000       0.000       0.000
   365    12    31  2023      34       0  hru034                 0.549   29229.971       0.000    1049.289       8.461       0.084       6.377     140.090     116.012       0.000       0.000      83.895       1.070      22.166      12.744       5.267       9.005      10.786       4.202       0.810       0.475       0.000       0.000       0.000       0.000
   365    12    31  2023      35       0  hru035                 0.548   29308.371       0.000    1050.048       8.440       0.189       0.077     140.090     115.437       0.000       0.000      84.345       0.505      22.286      12.744       5.267       9.005      10.786       4.202       0.810       0.475       0.000       0.000       0.000       0.000
   365    12    31  2023      36       0  hru036                 0.548   29422.510       0.000    1053.538       8.463       0.187       8.683     140.090     114.641       0.000       0.000      85.103       1.207      22.448      12.744       5.267       9.005      10.786       4.202       0.810       0.475       0.000       0.000       0.000       0.000
   365    12    31  2023      37       0  hru037                 0.548   28411.951       0.000    1017.102       8.530       0.240     136.301     140.090     112.088       0.000       0.000      82.187       2.177      21.692      12.744       5.267       9.005      10.786       4.202       0.810       0.475       0.000       0.000       0.000       0.000
   365    12    31  2023      38       0  hru038                 0.548   29331.605       0.000    1051.032       8.444       0.189       0.520     140.090     115.258       0.000       0.000      84.548       0.708      22.329      12.744       5.267       9.005      10.786       4.202       0.810       0.475       0.000       0.000       0.000       0.000
   365    12    31  2023      39       0  hru039                 0.548   29304.482       0.000    1049.938       8.440       0.189       0.041     140.090     115.476       0.000       0.000      84.297       0.457      22.276      12.744       5.267       9.005      10.786       4.202       0.810       0.475       0.000       0.000       0.000       0.000
   365    12    31  2023      40       0  hru040                 0.548   28170.494       0.000    1003.281       8.534       0.094     166.386     140.090      97.061       0.000       0.000      85.418       1.663      22.283      12.744       5.267       9.005      10.786       4.202       0.810       0.475       0.000       0.000       0.000       0.000
   365    12    31  2023      41       0  hru041                 0.549   28345.004       0.000    1017.267       8.462       0.063       7.433     140.090     120.690       0.000       0.000      80.725       0.990      21.406      12.744       5.267       9.005      10.786       4.202       0.810       0.475       0.000       0.000       0.000       0.000
   365    12    31  2023      42       0  hru042                 0.548   28339.500       0.000    1014.274       8.532       0.240     139.936     140.090     111.521       0.000       0.000      82.124       2.238      21.669      12.744       5.267       9.005      10.786       4.202       0.810       0.475       0.000       0.000       0.000       0.000
   365    12    31  2023      43       0  hru043                 1.383   50875.770       0.000    1490.452       8.188      73.448       0.000     163.281      16.233       0.000       0.000     109.673       0.000      30.472      12.744       5.267       9.005      10.786       4.202       0.810       0.475       0.000       0.000       0.000       0.000
   365    12    31  2023      44       0  hru044                 1.685   68897.312       0.000    2322.069       8.171       8.095       8.379     163.281     145.237       0.000       0.000      76.412       1.040      30.556      12.744       5.267       9.005      10.786       4.202       0.810       0.475       0.000       0.000       0.000       0.000
   365    12    31  2023      45       0  hru045                 1.085   41496.461       0.000    1165.569       8.376     104.586       0.000     163.281       0.435       0.000       0.000     116.418       0.000      22.750      12.744       5.267       9.005      10.786       4.202       0.810       0.475       0.000       0.000       0.000       0.000
   365    12    31  2023      46       0  hru046                 1.674   65857.016       0.000    2139.733       7.927      45.005       0.000     163.281     114.552       0.000       0.000      81.374       0.180      31.631      12.744       5.267       9.005      10.786       4.202       0.810       0.475       0.000       0.000       0.000       0.000
   365    12    31  2023      47       0  hru047                 1.088   41435.176       0.000    1164.607       8.382     104.644       0.000     163.281       0.439       0.000       0.000     115.862       0.000      22.660      12.744       5.267       9.005      10.786       4.202       0.810       0.475       0.000       0.000       0.000       0.000
   365    12    31  2023      48       0  hru048                 1.100   40697.211       0.000    1142.661       8.424     105.753       0.000     163.281       0.000       0.000       0.000     115.562       0.000      21.956      12.744       5.267       9.005      10.786       4.202       0.810       0.475       0.000       0.000       0.000       0.000
   365    12    31  2023      49       0  hru049                 1.121   41879.113       0.000    1205.893       8.377     109.797       0.000     163.281       1.197       0.000       0.000     116.825       0.000      22.864      12.744       5.267       9.005      10.786       4.202       0.810       0.475       0.000       0.000       0.000       0.000
   365    12    31  2023      50       0  hru050                 1.121   41879.223       0.000    1205.897       8.377     109.797       0.000     163.281       1.197       0.000       0.000     116.826       0.000      22.864      12.744       5.267       9.005      10.786       4.202       0.810       0.475       0.000       0.000       0.000       0.000
   365    12    31  2023      51       0  hru051                 1.121   41876.625       0.000    1205.819       8.376     109.797       0.000     163.281       1.194       0.000       0.000     116.814       0.000      22.861      12.744       5.267       9.005      10.786       4.202       0.810       0.475       0.000       0.000       0.000       0.000
   365    12    31  2023      52       0  hru052                 1.625   65664.234       0.000    2083.483       8.169      52.815       0.000     163.281      90.695       0.000       0.000      89.022       0.000      33.084      12.744       5.267       9.005      10.786       4.202       0.810       0.475       0.000       0.000       0.000       0.000
   365    12    31  2023      53       0  hru053                 1.685   57004.605       0.000    1910.278       8.495       0.599      97.979     163.281     157.604       0.000       0.000      66.896       2.352      26.725      12.744       5.267       9.005      10.786       4.202       0.810       0.475       0.000       0.000       0.000       0.000
   365    12    31  2023      54       0  hru054                 1.121   41879.453       0.000    1205.903       8.377     109.797       0.000     163.281       1.197       0.000       0.000     116.827       0.000      22.864      12.744       5.267       9.005      10.786       4.202       0.810       0.475       0.000       0.000       0.000       0.000
   365    12    31  2023      55       0  hru055                 0.257     719.589      39.200      22.394       8.500       0.000      27.571      63.976       0.000       0.096       0.000       9.410       6.726       1.573      12.744       5.267       9.005      10.786       4.202       0.810       0.475       0.000       0.000       0.000       0.000
   365    12    31  2023      56       0  hru056                 0.228     708.537      67.795      21.341       8.564       0.000       0.144      64.115       0.000       0.060       0.000       5.281       1.442       0.855      12.744       5.267       9.005      10.786       4.202       0.810       0.475       0.000       0.000       0.000       0.000
   365    12    31  2023      57       0  hru057                 0.246     707.973      34.860      21.954       8.506       0.000      31.608      64.129       0.000       0.118       0.000       9.183       7.311       1.564      12.744       5.267       9.005      10.786       4.202       0.810       0.475       0.000       0.000       0.000       0.000
   365    12    31  2023      58       0  hru058                 0.323     776.638      74.108      24.301       8.508       0.005      34.623      64.238       0.000       0.035       0.000       4.011       6.816       0.643      12.744       5.267       9.005      10.786       4.202       0.810       0.475       0.000       0.000       0.000       0.000
   365    12    31  2023      59       0  hru059                 0.257     732.184      68.131      22.666       8.506       0.000      33.506      64.077       0.000       0.031       0.000       4.011       7.606       0.642      12.744       5.267       9.005      10.786       4.202       0.810       0.475       0.000       0.000       0.000       0.000
   365    12    31  2023      60       0  hru060                 0.303     692.417      37.676      21.538       8.506       0.000      28.098      63.965       0.000       0.111       0.000       9.734       5.347       1.560      12.744       5.267       9.005      10.786       4.202       0.810       0.475       0.000       0.000       0.000       0.000
   365    12    31  2023      61       0  hru061                 0.330     671.850      69.006      21.316       8.410       0.000       2.882      64.065       0.000       0.142       0.000       8.313       3.800       1.338      12.744       5.267       9.005      10.786       4.202       0.810       0.475       0.000       0.000       0.000       0.000
   365    12    31  2023      62       0  hru062                 0.342     663.611      69.084      21.116       8.436       0.000      10.144      64.154       0.000       0.142       0.000       7.999       2.979       1.287      12.744       5.267       9.005      10.786       4.202       0.810       0.475       0.000       0.000       0.000       0.000
   365    12    31  2023      63       0  hru063                 0.314     648.918      36.976      20.454       8.521       0.000      40.964      64.112       0.000       0.149       0.000       9.237       8.071       1.481      12.744       5.267       9.005      10.786       4.202       0.810       0.475       0.000       0.000       0.000       0.000
   365    12    31  2023      64       0  hru064                 0.272     723.919      68.319      22.429       8.566       0.000       0.019      64.170       0.000       0.041       0.000       4.034       0.920       0.645      12.744       5.267       9.005      10.786       4.202       0.810       0.475       0.000       0.000       0.000       0.000
   365    12    31  2023      65       0  hru065                 0.295     722.427      71.827      22.232       8.564       0.000       0.032      64.128       0.000       0.045       0.000       5.299       1.011       0.850      12.744       5.267       9.005      10.786       4.202       0.810       0.475       0.000       0.000       0.000       0.000
   365    12    31  2023      66       0  hru066                 0.269     717.860      67.756      22.398       8.565       0.000       0.009      64.162       0.000       0.044       0.000       3.964       0.755       0.636      12.744       5.267       9.005      10.786       4.202       0.810       0.475       0.000       0.000       0.000       0.000
   365    12    31  2023      67       0  hru067                 0.264     758.014      39.109      23.412       8.419       0.000       0.004      63.990       0.000       0.078       0.000      10.651       1.719       1.711      12.744       5.267       9.005      10.786       4.202       0.810       0.475       0.000       0.000       0.000       0.000
   365    12    31  2023      68       0  hru068                 0.235     734.745      68.416      22.282       8.564       0.000       0.335      64.120       0.000       0.029       0.000       5.386       1.844       0.868      12.744       5.267       9.005      10.786       4.202       0.810       0.475       0.000       0.000       0.000       0.000
   365    12    31  2023      69       0  hru069                 0.236     748.493      34.876      22.727       8.567       0.000       1.093      63.997       0.000       0.095       0.000      10.413       2.560       1.671      12.744       5.267       9.005      10.786       4.202       0.810       0.475       0.000       0.000       0.000       0.000
   365    12    31  2023      70       0  hru070                 0.366     694.340      67.427      21.732       8.566       0.000       2.795      64.098       0.000       0.154       0.000       9.760       3.087       1.564      12.744       5.267       9.005      10.786       4.202       0.810       0.475       0.000       0.000       0.000       0.000
   365    12    31  2023      71       0  hru071                 0.218     725.577      67.793      22.375       8.570       0.000       4.298      64.081       0.000       0.042       0.000       3.945       3.632       0.632      12.744       5.267       9.005      10.786       4.202       0.810       0.475       0.000       0.000       0.000       0.000
   365    12    31  2023      72       0  hru072                 0.275     720.998      67.782      22.173       8.565       0.000       0.798      64.130       0.000       0.032       0.000       5.216       2.317       0.836      12.744       5.267       9.005      10.786       4.202       0.810       0.475       0.000       0.000       0.000       0.000
   365    12    31  2023      73       0  hru073                 0.275     445.985       0.000      14.002       8.559       0.000      61.549      64.094       0.000       0.317       0.000       5.695       8.069       0.914      12.744       5.267       9.005      10.786       4.202       0.810       0.475       0.000       0.000       0.000       0.000
   365    12    31  2023      74       0  hru074                 0.297     705.318      39.248      22.247       8.511       0.000      34.766      64.004       0.000       0.107       0.000       9.398       7.680       1.525      12.744       5.267       9.005      10.786       4.202       0.810       0.475       0.000       0.000       0.000       0.000
   365    12    31  2023      75       0  hru075                 0.228     683.014      34.110      21.207       8.512       0.000      36.095      64.168       0.000       0.136       0.000       9.350       7.695       1.503      12.744       5.267       9.005      10.786       4.202       0.810       0.475       0.000       0.000       0.000       0.000
   365    12    31  2023      76       0  hru076                 0.276     726.855      68.909      22.759       8.428       0.000       5.688      64.151       0.000       0.030       0.000       5.184       4.630       0.854      12.744       5.267       9.005      10.786       4.202       0.810       0.475       0.000       0.000       0.000       0.000
   365    12    31  2023      77       0  hru077                 0.302     745.906      72.469      23.648       8.451       0.000      14.174      64.184       0.000       0.022       0.000       5.388       3.061       0.870      12.744       5.267       9.005      10.786       4.202       0.810       0.475       0.000       0.000       0.000       0.000
   365    12    31  2023      78       0  hru078                 0.204     739.407      34.595      22.611       8.432       0.000       4.025      64.034       0.000       0.097       0.000      10.530       3.532       1.687      12.744       5.267       9.005      10.786       4.202       0.810       0.475       0.000       0.000       0.000       0.000
   365    12    31  2023      79       0  hru079                 0.285     450.466       0.000      14.358       8.544       0.000      62.026      64.177       0.000       0.297       0.000       5.166       4.391       0.827      12.744       5.267       9.005      10.786       4.202       0.810       0.475       0.000       0.000       0.000       0.000
   365    12    31  2023      80       0  hru080                 0.289     717.948      67.782      22.415       8.419       0.000       0.035      64.282       0.000       0.034       0.000       5.043       2.119       0.843      12.744       5.267       9.005      10.786       4.202       0.810       0.475       0.000       0.000       0.000       0.000
   365    12    31  2023      81       0  hru081                 0.235     220.305       0.000       7.250       8.558       0.000      64.021      64.068       0.000       0.487       0.000       2.279       4.331       0.373      12.744       5.267       9.005      10.786       4.202       0.810       0.475       0.000       0.000       0.000       0.000
   365    12    31  2023      82       0  hru082                 0.264     622.207      34.084      19.417       8.483       0.000      33.594      64.162       0.000       0.232       0.000       8.559       4.092       1.380      12.744       5.267       9.005      10.786       4.202       0.810       0.475       0.000       0.000       0.000       0.000
   365    12    31  2023      83       0  hru083                 0.264     635.141      34.816      19.382       8.484       0.000      40.755      64.149       0.000       0.231       0.000       8.711       4.780       1.412      12.744       5.267       9.005      10.786       4.202       0.810       0.475       0.000       0.000       0.000       0.000
   365    12    31  2023      84       0  hru084                 0.253     710.997      68.254      21.906       8.434       0.000       4.598      64.119       0.000       0.058       0.000       5.222       4.441       0.852      12.744       5.267       9.005      10.786       4.202       0.810       0.475       0.000       0.000       0.000       0.000
   365    12    31  2023      85       0  hru085                 0.267     728.593      68.624      22.866       8.422       0.000       0.423      64.108       0.000       0.038       0.000       4.088       3.686       0.654      12.744       5.267       9.005      10.786       4.202       0.810       0.475       0.000       0.000       0.000       0.000
   365    12    31  2023      86       0  hru086                 0.252     657.782       0.000      19.886       8.536       0.000      53.868      64.107       0.000       0.110       0.000       9.971       8.128       1.619      12.744       5.267       9.005      10.786       4.202       0.810       0.475       0.000       0.000       0.000       0.000
   365    12    31  2023      87       0  hru087                 0.416     245.343       0.000       8.119       8.640       0.000      66.678      64.219       0.000       0.489       0.000       2.150       4.651       0.350      12.744       5.267       9.005      10.786       4.202       0.810       0.475       0.000       0.000       0.000       0.000
   365    12    31  2023      88       0  hru088                 0.280     667.121      67.674      20.200       8.461       0.000       6.294      64.165       0.003       0.172       0.000       8.895       1.265       1.427      12.744       5.267       9.005      10.786       4.202       0.810       0.475       0.000       0.000       0.000       0.000
   365    12    31  2023      89       0  hru089                 0.320     653.290      68.268      21.008       8.446       0.000      17.246      64.159       0.000       0.145       0.000       8.041       3.586       1.296      12.744       5.267       9.005      10.786       4.202       0.810       0.475       0.000       0.000       0.000       0.000
   365    12    31  2023      90       0  hru090                 0.298     742.827      69.196      23.432       8.440       0.000      11.877      64.194       0.000       0.025       0.000       5.388       3.454       0.865      12.744       5.267       9.005      10.786       4.202       0.810       0.475       0.000       0.000       0.000       0.000
   365    12    31  2023      91       0  hru091                 0.298     663.399      67.703      20.444       8.461       0.000       6.603      64.216       0.000       0.148       0.000       8.216       1.503       1.320      12.744       5.267       9.005      10.786       4.202       0.810       0.475       0.000       0.000       0.000       0.000
   365    12    31  2023      92       0  hru092                 0.238     662.466      37.115      20.658       8.521       0.000      40.450      64.027       0.000       0.128       0.000       9.376       7.614       1.507      12.744       5.267       9.005      10.786       4.202       0.810       0.475       0.000       0.000       0.000       0.000
   365    12    31  2023      93       0  hru093                 0.299     717.357      69.313      22.521       8.450       0.000      13.857      64.147       0.000       0.032       0.000       5.388       3.826       0.865      12.744       5.267       9.005      10.786       4.202       0.810       0.475       0.000       0.000       0.000       0.000
   365    12    31  2023      94       0  hru094                 0.247     713.238      68.105      21.645       8.460       0.000       5.187      64.126       0.000       0.040       0.000       5.196       1.387       0.834      12.744       5.267       9.005      10.786       4.202       0.810       0.475       0.000       0.000       0.000       0.000
   365    12    31  2023      95       0  hru095                 0.198     245.191       0.000       8.198       8.601       0.000      64.570      64.040       0.000       0.452       0.000       2.536       7.264       0.412      12.744       5.267       9.005      10.786       4.202       0.810       0.475       0.000       0.000       0.000       0.000
   365    12    31  2023      96       0  hru096                 0.291     740.673      68.224      22.550       8.477       0.000      14.895      64.218       0.029       0.033       0.000       3.968       1.211       0.647      12.744       5.267       9.005      10.786       4.202       0.810       0.475       0.000       0.000       0.000       0.000
   365    12    31  2023      97       0  hru097                 0.207     720.221      68.046      21.568       8.451       0.000       0.131      64.097       0.003       0.043       0.000       4.029       0.507       0.644      12.744       5.267       9.005      10.786       4.202       0.810       0.475       0.000       0.000       0.000       0.000
   365    12    31  2023      98       0  hru098                 0.291     705.395      38.305      22.008       8.508       0.000      29.281      64.102       0.000       0.101       0.000       9.849       6.492       1.578      12.744       5.267       9.005      10.786       4.202       0.810       0.475       0.000       0.000       0.000       0.000
   365    12    31  2023      99       0  hru099                 0.235     433.407       0.000      13.713       8.551       0.000      60.645      64.012       0.000       0.329       0.000       6.193       7.899       0.991      12.744       5.267       9.005      10.786       4.202       0.810       0.475       0.000       0.000       0.000       0.000
   365    12    31  2023     100       0  hru100                 0.236     298.800       0.000       9.866       8.574       0.000      62.919      64.045       0.000       0.393       0.000       3.656       8.022       0.586      12.744       5.267       9.005      10.786       4.202       0.810       0.475       0.000       0.000       0.000       0.000
   365    12    31  2023     101       0  hru101                 0.274     755.998      68.735      23.185       8.413       0.000       1.124      64.079       0.000       0.041       0.000       5.160       2.464       0.827      12.744       5.267       9.005      10.786       4.202       0.810       0.475       0.000       0.000       0.000       0.000
   365    12    31  2023     102       0  hru102                 0.183     779.705     897.436     647.302       8.476       0.434      10.436      27.989       0.000       0.008       0.000       0.000      18.407       0.000      12.744       5.267       9.005      10.786       4.202       0.810       0.475       0.000       0.000       0.000       0.000
   365    12    31  2023     103       0  hru103                 0.182     652.232     774.137     557.489       8.451       0.020      33.453      27.326       0.000       0.032       0.000       0.000      14.476       0.000      12.744       5.267       9.005      10.786       4.202       0.810       0.475       0.000       0.000       0.000       0.000
   365    12    31  2023     104       0  hru104                 0.253    1076.983    1395.986    1067.668       8.479       0.440      17.230      34.636       1.523       0.000       0.000       0.000      16.207       0.000      12.744       5.267       9.005      10.786       4.202       0.810       0.475       0.000       0.000       0.000       0.000
   365    12    31  2023     105       0  hru105                 2.244     974.508    2031.840     770.080       8.347       0.078       1.646      26.282       5.243       0.000       0.000       0.000       9.765       0.000      12.744       5.267       9.005      10.786       4.202       0.810       0.475       0.000       0.000       0.000       0.000
   365    12    31  2023     106       0  hru106                 0.249     877.615    1633.239     763.457       8.446       0.362       7.340      27.222       0.000       0.004       0.000       0.000      16.318       0.000      12.744       5.267       9.005      10.786       4.202       0.810       0.475       0.000       0.000       0.000       0.000
   365    12    31  2023     107       0  hru107                 0.429    1167.219    2630.592    1154.806       8.418       0.503      17.551      35.017       7.447       0.105       0.000       2.545       9.554       0.222      12.744       5.267       9.005      10.786       4.202       0.810       0.475       0.000       0.000       0.000       0.000
   365    12    31  2023     108       0  hru108                 0.379    1182.063    3582.388     587.346       8.444       7.046       2.875      27.636      10.725       0.002       0.000       0.000     130.360       0.000      12.744       5.267       9.005      10.786       4.202       0.810       0.475       0.000       0.000       0.000       0.000
   365    12    31  2023     109       0  hru109                 0.910    1463.134    3764.592     559.828       8.248      11.510       0.613      59.272      26.345       0.473       0.000      66.023      49.290       4.724      12.744       5.267       9.005      10.786       4.202       0.810       0.475       0.000       0.000       0.000       0.000
   365    12    31  2023     110       0  hru110                 0.487    1187.447    2352.255     980.845       8.162       2.559       0.327      65.683      17.401       0.000       0.000       0.000       7.051       0.000      12.744       5.267       9.005      10.786       4.202       0.810       0.475       0.000       0.000       0.000       0.000
   365    12    31  2023     111       0  hru111                 0.497    1128.484    2273.858     975.569       8.309       0.595      11.752      61.946      27.262       0.000       0.000       0.000       8.675       0.000      12.744       5.267       9.005      10.786       4.202       0.810       0.475       0.000       0.000       0.000       0.000
   365    12    31  2023     112       0  hru112                 0.843    1523.214    4534.913     627.562       8.403      12.050      27.449      61.394      20.361       0.000       0.000       0.000     138.371       0.000      12.744       5.267       9.005      10.786       4.202       0.810       0.475       0.000       0.000       0.000       0.000
   365    12    31  2023     113       0  hru113                 0.963    1875.047    3724.100    1032.486       8.131       3.301       0.113      70.936      36.809       0.000       0.000       0.000       2.630       0.000      12.744       5.267       9.005      10.786       4.202       0.810       0.475       0.000       0.000       0.000       0.000
   365    12    31  2023     114       0  hru114                 0.411    1514.936    5458.831     757.531       8.341       0.230       3.865      55.482       0.000       0.001       0.000       0.000      71.576       0.000      12.744       5.267       9.005      10.786       4.202       0.810       0.475       0.000       0.000       0.000       0.000
   365    12    31  2023     115       0  hru115                 0.514    1327.153    3245.768    1084.314       8.394       0.640      30.407      59.309      14.499       0.009       0.000       0.000       9.612       0.000      12.744       5.267       9.005      10.786       4.202       0.810       0.475       0.000       0.000       0.000       0.000
   365    12    31  2023     116       0  hru116                 0.662    1590.375    2990.538    1116.115       8.214       1.321       2.222      69.433      20.698       0.000       0.000       0.000       5.588       0.000      12.744       5.267       9.005      10.786       4.202       0.810       0.475       0.000       0.000       0.000       0.000
   365    12    31  2023     117       0  hru117                 0.719    1688.672    3101.615    1193.484       8.164       2.348       0.177      66.218      27.366       0.001       0.000       0.000       3.351       0.000      12.744       5.267       9.005      10.786       4.202       0.810       0.475       0.000       0.000       0.000       0.000
   365    12    31  2023     118       0  hru118                 0.768    1804.468    3126.726    1190.769       8.165       2.335       0.170      67.023      27.949       0.000       0.000       0.000       3.077       0.000      12.744       5.267       9.005      10.786       4.202       0.810       0.475       0.000       0.000       0.000       0.000
   365    12    31  2023     119       0  hru119                 0.731    1417.563    3858.138     821.922       8.366       0.621      13.871      69.751      15.099       0.011       0.000      22.796      12.220       4.370      12.744       5.267       9.005      10.786       4.202       0.810       0.475       0.000       0.000       0.000       0.000
   365    12    31  2023     120       0  hru120                 0.477     995.430    1853.713     781.561       8.399       0.000      20.924      66.174      25.054       0.055       0.000       0.000       3.558       0.000      12.744       5.267       9.005      10.786       4.202       0.810       0.475       0.000       0.000       0.000       0.000
   365    12    31  2023     121       0  hru121                 0.563    1334.738    3681.900     635.954       8.440       9.455      18.948      41.593      13.189       0.003       0.000       0.000     144.525       0.000      12.744       5.267       9.005      10.786       4.202       0.810       0.475       0.000       0.000       0.000       0.000
   365    12    31  2023     122       0  hru122                 1.157    2052.888    4305.423     560.714       8.280       8.937       8.983      69.236      42.584       1.140       0.000      66.023      46.058       4.724      12.744       5.267       9.005      10.786       4.202       0.810       0.475       0.000       0.000       0.000       0.000
   365    12    31  2023     123       0  hru123                 0.599    1439.616    3111.889     823.260       8.289      13.069       1.492      49.184      11.929       0.000       0.000       0.000      47.571       0.000      12.744       5.267       9.005      10.786       4.202       0.810       0.475       0.000       0.000       0.000       0.000
   365    12    31  2023     124       0  hru124                 1.028    1746.102    4441.191     555.323       8.224      13.343       1.396      63.706      27.713       1.074       0.000      15.464      43.555       1.939      12.744       5.267       9.005      10.786       4.202       0.810       0.475       0.000       0.000       0.000       0.000
   365    12    31  2023     125       0  hru125                 0.519    1399.693    4174.115    1366.466       8.365       0.698      26.105      38.157      10.324       0.000       0.000       0.000       8.951       0.000      12.744       5.267       9.005      10.786       4.202       0.810       0.475       0.000       0.000       0.000       0.000
   365    12    31  2023     126       0  hru126                 0.476    1295.706    2795.897    1214.444       8.343       0.197       5.456      54.832       9.789       0.018       0.000      21.644       5.795       2.595      12.744       5.267       9.005      10.786       4.202       0.810       0.475       0.000       0.000       0.000       0.000
   365    12    31  2023     127       0  hru127                 0.474    1403.034    3167.494    1356.717       8.411       0.466      38.063      43.771       9.013       0.229       0.000       9.744       7.390       0.822      12.744       5.267       9.005      10.786       4.202       0.810       0.475       0.000       0.000       0.000       0.000
   365    12    31  2023     128       0  hru128                 0.857    1847.950    3670.254    1403.937       8.324       0.940      19.173      55.440      26.898       0.105       0.000       5.699       5.335       0.482      12.744       5.267       9.005      10.786       4.202       0.810       0.475       0.000       0.000       0.000       0.000
   365    12    31  2023     129       0  hru129                 0.619    1824.524    3702.628    1671.271       8.356       0.774      32.307      56.374      12.331       0.000       0.000       0.000       4.236       0.000      12.744       5.267       9.005      10.786       4.202       0.810       0.475       0.000       0.000       0.000       0.000
   365    12    31  2023     130       0  hru130                 0.755    1943.009    3656.959    1762.738       8.344       0.425      19.680      74.394      19.715       0.166       0.000       3.761       5.405       0.323      12.744       5.267       9.005      10.786       4.202       0.810       0.475       0.000       0.000       0.000       0.000
   365    12    31  2023     131       0  hru131                 0.856    1717.367    3749.375    1355.200       8.361       0.801      29.712      64.781      17.710       0.105       0.000      41.878       7.155       3.620      12.744       5.267       9.005      10.786       4.202       0.810       0.475       0.000       0.000       0.000       0.000
   365    12    31  2023     132       0  hru132                 0.925    1862.728    4430.280    1353.240       8.296       1.344      35.550      57.576      29.132       0.000       0.000      14.813      11.693       1.153      12.744       5.267       9.005      10.786       4.202       0.810       0.475       0.000       0.000       0.000       0.000
   365    12    31  2023     133       0  hru133                 0.493    1543.294    6353.988     258.398       8.291       8.507       0.000      32.470       1.986       0.000       0.000       0.000     154.960       0.000      12.744       5.267       9.005      10.786       4.202       0.810       0.475       0.000       0.000       0.000       0.000
   365    12    31  2023     134       0  hru134                 0.981    1600.273    4132.744     541.582       8.361      13.388      31.753      84.120      29.436       0.000       0.000      40.912      87.317       8.179      12.744       5.267       9.005      10.786       4.202       0.810       0.475       0.000       0.000       0.000       0.000
   365    12    31  2023     135       0  hru135                 0.512    2813.847     708.566    2561.457       8.305       0.759       4.058      49.934       0.308       0.013       0.000       0.000      39.423       0.000      12.744       5.267       9.005      10.786       4.202       0.810       0.475       0.000       0.000       0.000       0.000
   365    12    31  2023     136       0  hru136                 2.342      58.466       0.000      51.117       8.523       0.000     112.220      34.788       0.900       2.249       0.000       0.000       5.246       0.000      12.744       5.267       9.005      10.786       4.202       0.810       0.475       0.000       0.000       0.000       0.000
   365    12    31  2023     137       0  hru137                 2.218    1023.122    1224.745     589.170       8.430       0.077      39.431      25.500      11.605       0.025       0.000       0.000      12.896       0.000      12.744       5.267       9.005      10.786       4.202       0.810       0.475       0.000       0.000       0.000       0.000
   365    12    31  2023     138       0  hru138                 2.707    1868.380    4208.771    1114.545       8.428       0.376      80.582      49.465      24.292       0.025       0.000      34.214      19.089       2.942      12.744       5.267       9.005      10.786       4.202       0.810       0.475       0.000       0.000       0.000       0.000
   365    12    31  2023     139       0  hru139                 2.180    1338.447    2112.960     599.806       8.386       0.126       0.701      26.159      20.740       0.001       0.000       0.000       9.250       0.000      12.744       5.267       9.005      10.786       4.202       0.810       0.475       0.000       0.000       0.000       0.000
   365    12    31  2023     140       0  hru140                 2.198    1323.795    2153.738     591.591       8.186       0.359       0.332      25.176      19.454       0.000       0.000       0.000      11.291       0.000      12.744       5.267       9.005      10.786       4.202       0.810       0.475       0.000       0.000       0.000       0.000
   365    12    31  2023     141       0  hru141                 0.359    1273.343    1696.730    1032.930       8.426       0.301       1.706      36.509      19.697       0.003       0.000       2.865       9.373       0.386      12.744       5.267       9.005      10.786       4.202       0.810       0.475       0.000       0.000       0.000       0.000
   365    12    31  2023     142       0  hru142                 0.802    1834.593    3483.074    1087.635       8.125       1.102       0.000      41.100      38.205       0.000       0.000      13.660       1.970       1.726      12.744       5.267       9.005      10.786       4.202       0.810       0.475       0.000       0.000       0.000       0.000
   365    12    31  2023     143       0  hru143                 0.320    1093.860    1606.523     964.084       8.459       0.171      13.850      36.259      14.993       0.060       0.000      11.612      12.531       1.429      12.744       5.267       9.005      10.786       4.202       0.810       0.475       0.000       0.000       0.000       0.000
   365    12    31  2023     144       0  hru144                 0.418    1194.796    1916.420    1102.321       8.455       0.648      22.243      42.716      17.121       0.004       0.000       0.000      12.578       0.000      12.744       5.267       9.005      10.786       4.202       0.810       0.475       0.000       0.000       0.000       0.000
   365    12    31  2023     145       0  hru145                 0.549    1225.635    2489.902    1060.979       8.316       1.099       5.375      62.906      28.427       0.000       0.000       0.000       8.043       0.000      12.744       5.267       9.005      10.786       4.202       0.810       0.475       0.000       0.000       0.000       0.000
   365    12    31  2023     146       0  hru146                 0.752    1446.846    2416.818     944.056       8.471       0.564      72.775      42.101      22.462       0.121       0.000      20.001      14.101       2.467      12.744       5.267       9.005      10.786       4.202       0.810       0.475       0.000       0.000       0.000       0.000
   365    12    31  2023     147       0  hru147                 0.534    1117.004    2396.203    1089.345       8.505       0.420      96.595      59.531      11.426       0.028       0.000      17.705      20.641       2.124      12.744       5.267       9.005      10.786       4.202       0.810       0.475       0.000       0.000       0.000       0.000
   365    12    31  2023     148       0  hru148                 1.287    1941.963    4409.885     650.620       8.375       1.996      41.546      96.532      37.951       1.782       0.000       0.000       5.794       0.000      12.744       5.267       9.005      10.786       4.202       0.810       0.475       0.000       0.000       0.000       0.000
   365    12    31  2023     149       0  hru149                 2.355     824.291    2318.444     542.744       8.205       4.016       2.186      68.387     102.325       0.043       0.000      11.211       3.060       2.503      12.744       5.267       9.005      10.786       4.202       0.810       0.475       0.000       0.000       0.000       0.000
   365    12    31  2023     150       0  hru150                 2.896    1543.288    3255.776     465.568       8.204       2.777      23.035      81.926      92.303       0.686       0.000      13.602       7.716       2.902      12.744       5.267       9.005      10.786       4.202       0.810       0.475       0.000       0.000       0.000       0.000
   365    12    31  2023     151       0  hru151                 2.752    1138.213    3071.613     394.446       8.432      14.675      63.977      61.344      87.556       0.002       0.000      22.928      86.802       3.493      12.744       5.267       9.005      10.786       4.202       0.810       0.475       0.000       0.000       0.000       0.000
   365    12    31  2023     152       0  hru152                 1.024    1494.758    4239.662     640.932       8.410      12.965      32.317      66.166      22.513       0.625       0.000       0.000      89.852       0.000      12.744       5.267       9.005      10.786       4.202       0.810       0.475       0.000       0.000       0.000       0.000
   365    12    31  2023     153       0  hru153                 1.140    1770.392    4813.910     313.956       8.375      13.683      31.832      85.969      22.811       0.105       0.000      24.895     157.890       4.716      12.744       5.267       9.005      10.786       4.202       0.810       0.475       0.000       0.000       0.000       0.000
   365    12    31  2023     154       0  hru154                 1.248    1917.031    4875.344     278.195       8.382      12.968      35.844      91.565      22.346       0.554       0.000      29.463     158.413       6.504      12.744       5.267       9.005      10.786       4.202       0.810       0.475       0.000       0.000       0.000       0.000
   365    12    31  2023     155       0  hru155                 1.165    1833.942    3707.850     769.218       8.369       1.767      54.088      88.783      36.406       0.550       0.000       0.000       9.126       0.000      12.744       5.267       9.005      10.786       4.202       0.810       0.475       0.000       0.000       0.000       0.000
   365    12    31  2023     156       0  hru156                 1.186    2089.908    4507.855     952.486       8.110       1.486       0.384      72.612      46.006       1.123       0.000      23.059       2.571       2.819      12.744       5.267       9.005      10.786       4.202       0.810       0.475       0.000       0.000       0.000       0.000
   365    12    31  2023     157       0  hru157                 0.859    1557.577    4723.598     633.988       8.382      13.274      32.986      94.544      22.963       0.007       0.000      11.612     172.969       1.429      12.744       5.267       9.005      10.786       4.202       0.810       0.475       0.000       0.000       0.000       0.000
   365    12    31  2023     158       0  hru158                 1.373    2215.673    4341.419     534.561       8.340      16.978      28.710      85.597      48.450       0.625       0.000      19.741      75.377       1.522      12.744       5.267       9.005      10.786       4.202       0.810       0.475       0.000       0.000       0.000       0.000
   365    12    31  2023     159       0  hru159                 1.317    2186.074    3298.227    1316.159       8.333       1.788      50.699      92.748      39.507       1.139       0.000       7.861       7.910       0.663      12.744       5.267       9.005      10.786       4.202       0.810       0.475       0.000       0.000       0.000       0.000
   365    12    31  2023     160       0  hru160                 0.466    1740.124    3638.343    1201.012       8.362       9.181       1.510      54.665       4.125       0.040       0.000       0.000      90.720       0.000      12.744       5.267       9.005      10.786       4.202       0.810       0.475       0.000       0.000       0.000       0.000
   365    12    31  2023     161       0  hru161                 0.682    2453.250    9084.785     966.740       8.321       0.296      20.578      90.567       4.582       0.525       0.000       3.761     159.297       0.323      12.744       5.267       9.005      10.786       4.202       0.810       0.475       0.000       0.000       0.000       0.000
   365    12    31  2023     162       0  hru162                 2.864    1155.292    2738.748     685.448       8.435       8.659     101.669      75.597      58.632       0.000       0.000       0.000      99.099       0.000      12.744       5.267       9.005      10.786       4.202       0.810       0.475       0.000       0.000       0.000       0.000
   365    12    31  2023     163       0  hru163                 0.267     655.250      69.166      20.835       8.427       0.000       2.599      64.096       0.000       0.125       0.000       8.194       4.171       1.319      12.744       5.267       9.005      10.786       4.202       0.810       0.475       0.000       0.000       0.000       0.000
   365    12    31  2023     164       0  hru164                 0.284     659.947      68.338      20.418       8.460       0.000       0.497      64.085       0.010       0.140       0.000       8.418       0.690       1.358      12.744       5.267       9.005      10.786       4.202       0.810       0.475       0.000       0.000       0.000       0.000
   365    12    31  2023     165       0  hru165                 0.270     732.266      68.130      22.510       8.465       0.000      17.746      64.074       0.027       0.038       0.000       4.009       3.481       0.646      12.744       5.267       9.005      10.786       4.202       0.810       0.475       0.000       0.000       0.000       0.000
   365    12    31  2023     166       0  hru166                 0.263     225.775       0.000       7.592       8.554       0.000      65.402      64.138       0.018       0.477       0.000       2.139       4.582       0.352      12.744       5.267       9.005      10.786       4.202       0.810       0.475       0.000       0.000       0.000       0.000
   365    12    31  2023     167       0  hru167                 0.299     747.191      69.131      23.147       8.439       0.005       8.444      64.134       0.000       0.028       0.000       5.378       3.484       0.862      12.744       5.267       9.005      10.786       4.202       0.810       0.475       0.000       0.000       0.000       0.000
   365    12    31  2023     168       0  hru168                 0.244     712.253      67.639      21.996       8.470       0.000       5.025      64.082       0.000       0.057       0.000       4.844       5.681       0.841      12.744       5.267       9.005      10.786       4.202       0.810       0.475       0.000       0.000       0.000       0.000
   365    12    31  2023     169       0  hru169                 0.341     649.893      67.518      20.710       8.487       0.000      15.338      64.173       0.000       0.149       0.000       7.993       5.170       1.287      12.744       5.267       9.005      10.786       4.202       0.810       0.475       0.000       0.000       0.000       0.000
   365    12    31  2023     170       0  hru170                 0.272     758.368      39.543      23.487       8.418       0.000       0.142      64.106       0.000       0.076       0.000      10.548       2.779       1.689      12.744       5.267       9.005      10.786       4.202       0.810       0.475       0.000       0.000       0.000       0.000
   365    12    31  2023     171       0  hru171                 2.264     810.911    1306.734     672.243       8.264       0.199       5.756      31.480      33.007       0.003       0.000       0.000       2.005       0.000      12.744       5.267       9.005      10.786       4.202       0.810       0.475       0.000       0.000       0.000       0.000
   365    12    31  2023     172       0  hru172                 2.415     666.615    1189.532     454.895       8.418       0.059      47.117      31.909      34.241       0.003       0.000       0.000       4.395       0.000      12.744       5.267       9.005      10.786       4.202       0.810       0.475       0.000       0.000       0.000       0.000
   365    12    31  2023     173       0  hru173                 2.264     806.198    1605.069     594.312       8.081       8.675       0.811      38.199     131.812       0.021       0.000      43.991       2.234       3.788      12.744       5.267       9.005      10.786       4.202       0.810       0.475       0.000       0.000       0.000       0.000
   365    12    31  2023     174       0  hru174                 2.330    2231.392    4815.176    1655.102       8.228       3.802       2.337      48.491      53.039       0.171       0.000       1.428      10.248       0.128      12.744       5.267       9.005      10.786       4.202       0.810       0.475       0.000       0.000       0.000       0.000
   365    12    31  2023     175       0  hru175                 3.093    1909.089    4547.994     547.879       8.286       8.935       2.616      70.553      78.232       0.475       0.000      19.303      44.987       2.467      12.744       5.267       9.005      10.786       4.202       0.810       0.475       0.000       0.000       0.000       0.000
   365    12    31  2023     176       0  hru176                 2.840    1767.974    4265.375    1019.508       8.358       4.266      16.439      50.651      70.088       0.000       0.000       0.000      43.842       0.000      12.744       5.267       9.005      10.786       4.202       0.810       0.475       0.000       0.000       0.000       0.000
   365    12    31  2023     177       0  hru177                 0.228     740.579      34.757      22.873       8.468       0.000       4.189      64.042       0.000       0.100       0.000      10.259       5.058       1.653      12.744       5.267       9.005      10.786       4.202       0.810       0.475       0.000       0.000       0.000       0.000
   365    12    31  2023     178       0  hru178                 0.236     736.634      34.681      22.710       8.471       0.000       5.675      64.063       0.000       0.100       0.000      10.218       5.936       1.654      12.744       5.267       9.005      10.786       4.202       0.810       0.475       0.000       0.000       0.000       0.000
   365    12    31  2023     179       0  hru179                 0.198     735.371      34.233      22.004       8.457       0.000       1.811      63.998       0.000       0.102       0.000      10.092       1.048       1.632      12.744       5.267       9.005      10.786       4.202       0.810       0.475       0.000       0.000       0.000       0.000
   365    12    31  2023     180       0  hru180                 2.419    1272.843    3721.999    1167.791       8.280       2.307       0.015      34.948      27.903       0.052       0.000      37.535      10.260       3.266      12.744       5.267       9.005      10.786       4.202       0.810       0.475       0.000       0.000       0.000       0.000
   365    12    31  2023     181       0  hru181                 1.024    1703.023    4492.070     606.494       8.274      11.533       2.647      62.548      25.633       0.319       0.000      26.169      47.007       3.176      12.744       5.267       9.005      10.786       4.202       0.810       0.475       0.000       0.000       0.000       0.000
   365    12    31  2023     182       0  hru182                 0.966    1776.046    4498.402     578.969       8.280      12.691       0.013      60.947      23.845       1.157       0.000      23.059      43.252       2.819      12.744       5.267       9.005      10.786       4.202       0.810       0.475       0.000       0.000       0.000       0.000
   365    12    31  2023     183       0  hru183                 1.175    2234.572    5471.692     958.710       8.054       2.465       0.063      67.370      40.638       0.679       0.000      20.001       4.631       2.467      12.744       5.267       9.005      10.786       4.202       0.810       0.475       0.000       0.000       0.000       0.000
   365    12    31  2023     184       0  hru184                 1.247    2056.519    4560.369     855.093       8.320       1.561      32.024      84.379      31.658       0.719       0.000       0.000       5.252       0.000      12.744       5.267       9.005      10.786       4.202       0.810       0.475       0.000       0.000       0.000       0.000
   365    12    31  2023     185       0  hru185                 1.396    2157.062    5182.573     745.353       8.306       2.846      29.222      82.898      38.274       1.813       0.000       0.000       5.639       0.000      12.744       5.267       9.005      10.786       4.202       0.810       0.475       0.000       0.000       0.000       0.000
   365    12    31  2023     186       0  hru186                 0.502    1470.349    1932.750    1512.295       8.460       0.654      39.849      45.220       7.302       0.001       0.000       0.000      10.516       0.000      12.744       5.267       9.005      10.786       4.202       0.810       0.475       0.000       0.000       0.000       0.000
   365    12    31  2023     187       0  hru187                 0.549    1723.798    2286.914    1741.476       8.431       0.716      29.231      54.942       3.262       0.262       0.000       1.574      10.578       0.140      12.744       5.267       9.005      10.786       4.202       0.810       0.475       0.000       0.000       0.000       0.000
   365    12    31  2023     188       0  hru188                 0.492    1304.909    3176.165    1207.011       8.376       0.575      16.067      37.149       8.879       0.004       0.000       0.000       6.317       0.000      12.744       5.267       9.005      10.786       4.202       0.810       0.475       0.000       0.000       0.000       0.000
   365    12    31  2023     189       0  hru189                 0.493    1538.703    3113.632    1505.811       8.404       0.537      27.235      43.066      16.719       0.000       0.000       0.000       5.933       0.000      12.744       5.267       9.005      10.786       4.202       0.810       0.475       0.000       0.000       0.000       0.000
   365    12    31  2023     190       0  hru190                 0.509    2289.408    1926.948    2146.795       8.480       0.593      20.781      56.923       5.820       0.052       0.000       2.512      39.610       0.340      12.744       5.267       9.005      10.786       4.202       0.810       0.475       0.000       0.000       0.000       0.000
   365    12    31  2023     191       0  hru191                 0.955    1679.592    3118.523     744.167       8.408       1.912      43.123      80.253      22.266       1.264       0.000       0.000       6.033       0.000      12.744       5.267       9.005      10.786       4.202       0.810       0.475       0.000       0.000       0.000       0.000
   365    12    31  2023     192       0  hru192                 1.292    1989.920    3380.313     934.751       8.332       2.549      41.186      95.125      33.851       0.375       0.000       0.000       7.916       0.000      12.744       5.267       9.005      10.786       4.202       0.810       0.475       0.000       0.000       0.000       0.000
   365    12    31  2023     193       0  hru193                 2.514    1095.763    1902.181    1121.122       8.458       0.762      80.041      54.362      56.025       0.185       0.000       5.692      15.399       0.482      12.744       5.267       9.005      10.786       4.202       0.810       0.475       0.000       0.000       0.000       0.000
   365    12    31  2023     194       0  hru194                 0.461    1634.773    2243.202    1728.147       8.467       0.495      30.210      52.995       2.900       0.267       0.000       1.353      12.007       0.121      12.744       5.267       9.005      10.786       4.202       0.810       0.475       0.000       0.000       0.000       0.000
   365    12    31  2023     195       0  hru195                 0.817    2231.398    3392.434    2151.708       8.392       1.167      40.415      67.588       9.367       0.006       0.000       0.000       5.140       0.000      12.744       5.267       9.005      10.786       4.202       0.810       0.475       0.000       0.000       0.000       0.000
   365    12    31  2023     196       0  hru196                 0.759    2091.526    3262.121    2129.020       8.379       0.848      29.977      64.308       8.921       0.781       0.000       4.817       4.755       0.409      12.744       5.267       9.005      10.786       4.202       0.810       0.475       0.000       0.000       0.000       0.000
   365    12    31  2023     197       0  hru197                 0.913    2124.098    2839.661    2264.492       8.336       0.242       0.196      69.711      16.302       0.321       0.000      33.048       0.325       2.885      12.744       5.267       9.005      10.786       4.202       0.810       0.475       0.000       0.000       0.000       0.000
   365    12    31  2023     198       0  hru198                 0.902    2264.114    3489.204    2019.021       8.376       0.122      42.463      71.849      21.903       0.345       0.000       2.898       4.770       0.251      12.744       5.267       9.005      10.786       4.202       0.810       0.475       0.000       0.000       0.000       0.000
   365    12    31  2023     199       0  hru199                 0.865    2237.603    3167.880    2178.765       8.415       1.064      59.448      71.007      19.506       0.003       0.000       8.481       8.490       0.669      12.744       5.267       9.005      10.786       4.202       0.810       0.475       0.000       0.000       0.000       0.000
   365    12    31  2023     200       0  hru200                 0.827    2226.111    3199.036    2209.099       8.382       1.367      48.921      73.514      20.096       0.002       0.000      22.566       7.629       1.732      12.744       5.267       9.005      10.786       4.202       0.810       0.475       0.000       0.000       0.000       0.000
   365    12    31  2023     201       0  hru201                 0.795    1673.611    3850.474    1001.692       8.261      13.918       0.204      71.735      21.635       0.000       0.000       0.000      22.891       0.000      12.744       5.267       9.005      10.786       4.202       0.810       0.475       0.000       0.000       0.000       0.000
   365    12    31  2023     202       0  hru202                 0.686    1681.918    3300.963    1468.790       8.388       0.993      27.996      88.834      18.978       0.000       0.000       0.000       6.984       0.000      12.744       5.267       9.005      10.786       4.202       0.810       0.475       0.000       0.000       0.000       0.000
   365    12    31  2023     203       0  hru203                 0.983    2110.110    4308.854    1246.924       8.122       1.171       0.100      89.658      29.083       1.963       0.000       0.000       1.436       0.000      12.744       5.267       9.005      10.786       4.202       0.810       0.475       0.000       0.000       0.000       0.000
   365    12    31  2023     204       0  hru204                 0.763    1996.845    3560.194    1679.752       8.363       0.858      39.945      95.571      15.612       0.309       0.000       2.865       5.621       0.386      12.744       5.267       9.005      10.786       4.202       0.810       0.475       0.000       0.000       0.000       0.000
   365    12    31  2023     205       0  hru205                 2.941    1841.264    3051.175    1047.996       8.118       3.107       0.044      66.258      82.583       0.000       0.000       0.000       3.804       0.000      12.744       5.267       9.005      10.786       4.202       0.810       0.475       0.000       0.000       0.000       0.000
   365    12    31  2023     206       0  hru206                 2.887    1549.755    2539.768     996.067       8.383       0.729      62.757      65.909      70.087       0.000       0.000       0.000      15.965       0.000      12.744       5.267       9.005      10.786       4.202       0.810       0.475       0.000       0.000       0.000       0.000
   365    12    31  2023     207       0  hru207                 1.127    2042.674    4385.874     939.915       8.291      11.744      14.740      58.739      40.024       0.038       0.000      48.502      42.871       4.422      12.744       5.267       9.005      10.786       4.202       0.810       0.475       0.000       0.000       0.000       0.000
   365    12    31  2023     208       0  hru208                 0.464    1196.330    2224.214     939.089       8.416       0.161      12.668      58.865      26.305       0.105       0.000       6.736      10.623       0.861      12.744       5.267       9.005      10.786       4.202       0.810       0.475       0.000       0.000       0.000       0.000
   365    12    31  2023     209       0  hru209                 0.453    1446.081    2747.963    1063.614       8.419       0.680      35.770      75.443      10.430       0.063       0.000       2.865      12.166       0.386      12.744       5.267       9.005      10.786       4.202       0.810       0.475       0.000       0.000       0.000       0.000
   365    12    31  2023     210       0  hru210                 0.713    1357.484    3340.923    1228.334       8.422       0.694      59.363      81.030      19.010       0.020       0.000       0.000      10.761       0.000      12.744       5.267       9.005      10.786       4.202       0.810       0.475       0.000       0.000       0.000       0.000
   365    12    31  2023     211       0  hru211                 0.619    1628.772    3848.708    1283.261       8.381       0.743      33.997      65.231      16.596       0.210       0.000       5.690       7.854       0.482      12.744       5.267       9.005      10.786       4.202       0.810       0.475       0.000       0.000       0.000       0.000
   365    12    31  2023     212       0  hru212                 0.598    2127.338    2945.532    2100.306       8.139       1.331       2.355      77.941       6.252       0.340       0.000      37.535       8.466       3.266      12.744       5.267       9.005      10.786       4.202       0.810       0.475       0.000       0.000       0.000       0.000
   365    12    31  2023     213       0  hru213                 1.100    2310.807    3997.608    1492.658       8.306       1.378      42.961      87.967      37.806       0.000       0.000      20.953       7.153       1.612      12.744       5.267       9.005      10.786       4.202       0.810       0.475       0.000       0.000       0.000       0.000
   365    12    31  2023     214       0  hru214                 0.720    1556.474    3460.344    1171.536       8.374       0.828      39.990      97.660      27.425       0.135       0.000       0.000      10.194       0.000      12.744       5.267       9.005      10.786       4.202       0.810       0.475       0.000       0.000       0.000       0.000
   365    12    31  2023     215       0  hru215                 0.812    1530.421    3445.414    1188.059       8.385       0.834      40.595      98.547      26.368       0.181       0.000       0.000      10.179       0.000      12.744       5.267       9.005      10.786       4.202       0.810       0.475       0.000       0.000       0.000       0.000
   365    12    31  2023     216       0  hru216                 0.627    1748.575    5087.827    1103.763       8.367       1.155      29.823      92.990      13.402       0.210       0.000       8.845      62.869       0.746      12.744       5.267       9.005      10.786       4.202       0.810       0.475       0.000       0.000       0.000       0.000
   365    12    31  2023     217       0  hru217                 0.753    1828.517    3760.550    1315.368       8.398       1.102      63.827     107.653      23.784       0.638       0.000       7.921       9.099       1.001      12.744       5.267       9.005      10.786       4.202       0.810       0.475       0.000       0.000       0.000       0.000
   365    12    31  2023     218       0  hru218                 0.854    1948.283    4722.913    1295.573       8.338       0.985      29.142      88.612      28.229       0.052       0.000       1.010      11.216       0.091      12.744       5.267       9.005      10.786       4.202       0.810       0.475       0.000       0.000       0.000       0.000
   365    12    31  2023     219       0  hru219                 0.870    1698.738    3622.104    1177.012       8.336       0.908      31.036      69.347      24.662       0.613       0.000       3.316       9.849       0.286      12.744       5.267       9.005      10.786       4.202       0.810       0.475       0.000       0.000       0.000       0.000
   365    12    31  2023     220       0  hru220                 1.095    1986.458    4126.556    1223.645       8.241       1.518      33.670      64.833      43.253       0.000       0.000       0.000      10.359       0.000      12.744       5.267       9.005      10.786       4.202       0.810       0.475       0.000       0.000       0.000       0.000
   365    12    31  2023     221       0  hru221                 3.030    1582.040    3188.907     592.405       8.281       1.028       8.805      70.347     117.631       2.390       0.000      23.491       1.065       3.483      12.744       5.267       9.005      10.786       4.202       0.810       0.475       0.000       0.000       0.000       0.000
   365    12    31  2023     222       0  hru222                 1.027      71.088     170.249      38.684       8.564       0.000     161.230      63.339       2.044       0.962       0.000       0.000      61.980       0.000      12.744       5.267       9.005      10.786       4.202       0.810       0.475       0.000       0.000       0.000       0.000
   365    12    31  2023     223       0  hru223                 0.692    1596.450    3945.822     990.317       8.429      10.165      21.188      47.769      17.203       0.002       0.000       0.000     143.766       0.000      12.744       5.267       9.005      10.786       4.202       0.810       0.475       0.000       0.000       0.000       0.000
   365    12    31  2023     224       0  hru224                 1.213    2172.466    4309.433     684.716       8.244      17.408       0.138      80.018      33.295       1.827       0.000      17.573      29.775       2.186      12.744       5.267       9.005      10.786       4.202       0.810       0.475       0.000       0.000       0.000       0.000
   365    12    31  2023     225       0  hru225                 0.922    2335.111    6369.855     972.079       7.924       2.716       0.465      87.068      30.646       0.001       0.000       0.000      25.899       0.000      12.744       5.267       9.005      10.786       4.202       0.810       0.475       0.000       0.000       0.000       0.000
   365    12    31  2023     226       0  hru226                 0.996    2408.226    6533.020    1002.208       8.261       0.879      31.881      86.150      31.159       0.000       0.000       0.000      49.201       0.000      12.744       5.267       9.005      10.786       4.202       0.810       0.475       0.000       0.000       0.000       0.000
   365    12    31  2023     227       0  hru227                 0.741    1686.060    3549.985    1284.380       7.997       3.688       0.894      88.823      33.424       0.000       0.000       0.000       4.115       0.000      12.744       5.267       9.005      10.786       4.202       0.810       0.475       0.000       0.000       0.000       0.000
   365    12    31  2023     228       0  hru228                 1.305    2182.524    4393.559     497.767       8.333      20.215      38.290      81.705      45.795       0.767       0.000      26.698      84.541       3.765      12.744       5.267       9.005      10.786       4.202       0.810       0.475       0.000       0.000       0.000       0.000
   365    12    31  2023     229       0  hru229                 1.081    1956.423    4073.064     709.172       8.202      18.618       0.478      62.389      36.639       0.000       0.000       0.000      35.138       0.000      12.744       5.267       9.005      10.786       4.202       0.810       0.475       0.000       0.000       0.000       0.000
   365    12    31  2023     230       0  hru230                 1.588    2655.991    4744.792     812.733       7.786       7.322       0.845      92.247      63.934       0.670       0.000      28.285       4.161       2.932      12.744       5.267       9.005      10.786       4.202       0.810       0.475       0.000       0.000       0.000       0.000
   365    12    31  2023     231       0  hru231                 1.083    1602.928    3618.165     604.057       8.402      14.763      43.324      75.887      27.680       1.496       0.000      22.044      90.703       1.906      12.744       5.267       9.005      10.786       4.202       0.810       0.475       0.000       0.000       0.000       0.000
   365    12    31  2023     232       0  hru232                 1.190    2084.453    4598.067     892.175       8.029       3.589       0.113      73.166      40.062       0.265       0.000      20.001       3.938       2.467      12.744       5.267       9.005      10.786       4.202       0.810       0.475       0.000       0.000       0.000       0.000
   365    12    31  2023     233       0  hru233                 1.208    2146.238    4603.044     893.908       8.040       3.573       0.156      71.755      39.834       1.225       0.000      26.169       4.384       3.176      12.744       5.267       9.005      10.786       4.202       0.810       0.475       0.000       0.000       0.000       0.000
   365    12    31  2023     234       0  hru234                 0.930    1683.634    4518.005     401.449       8.281      15.370       0.051      66.098      21.182       0.382       0.000       0.000      48.211       0.000      12.744       5.267       9.005      10.786       4.202       0.810       0.475       0.000       0.000       0.000       0.000
   365    12    31  2023     235       0  hru235                 1.156    2102.364    3548.031    1189.231       8.346       1.999      55.906     100.848      35.085       1.024       0.000      37.535      10.407       3.266      12.744       5.267       9.005      10.786       4.202       0.810       0.475       0.000       0.000       0.000       0.000
   365    12    31  2023     236       0  hru236                 1.465    2315.618    4694.596     794.772       8.214       3.391      32.078     111.770      60.312       1.718       0.000       9.410       6.079       1.175      12.744       5.267       9.005      10.786       4.202       0.810       0.475       0.000       0.000       0.000       0.000
   365    12    31  2023     237       0  hru237                 1.411    2010.719    3886.865     505.055       8.233      21.098       0.093      84.355      48.232       0.592       0.000      17.573      28.679       2.186      12.744       5.267       9.005      10.786       4.202       0.810       0.475       0.000       0.000       0.000       0.000
   365    12    31  2023     238       0  hru238                 1.343    2367.432    4411.498    1064.118       8.237       1.911      24.514      81.803      52.846       0.803       0.000      32.184       7.793       7.807      12.744       5.267       9.005      10.786       4.202       0.810       0.475       0.000       0.000       0.000       0.000
   365    12    31  2023     239       0  hru239                 2.510   69583.922       0.000    2427.115       8.097       7.030      11.907     117.625     125.298       0.000       0.000     370.182       3.435      48.641      12.744       5.267       9.005      10.786       4.202       0.810       0.475       0.000       0.000       0.000       0.000
   365    12    31  2023     240       0  hru240                 2.510   58494.172       0.000    2061.440       8.446       0.413      81.339     117.625     163.627       0.000       0.000     251.166       1.631      34.133      12.744       5.267       9.005      10.786       4.202       0.810       0.475       0.000       0.000       0.000       0.000
   365    12    31  2023     241       0  hru241                 2.510   70625.047       0.000    2458.261       8.318       1.654       1.339     117.625     124.008       0.000       0.000     383.242       1.427      50.477      12.744       5.267       9.005      10.786       4.202       0.810       0.475       0.000       0.000       0.000       0.000
   365    12    31  2023     242       0  hru242                 2.510   71400.523       0.000    2482.642       8.321       1.759       5.490     117.625     121.283       0.000       0.000     394.547       1.974      51.793      12.744       5.267       9.005      10.786       4.202       0.810       0.475       0.000       0.000       0.000       0.000
   365    12    31  2023     243       0  hru243                 2.510   71734.672       0.000    2495.424       7.986      10.858       1.872     117.625     116.156       0.000       0.000     401.092       2.601      52.002      12.744       5.267       9.005      10.786       4.202       0.810       0.475       0.000       0.000       0.000       0.000
   365    12    31  2023     244       0  hru244                 2.510   71437.359       0.000    2484.467       8.312       2.025       2.431     117.625     121.188       0.000       0.000     394.521       1.647      51.796      12.744       5.267       9.005      10.786       4.202       0.810       0.475       0.000       0.000       0.000       0.000
   365    12    31  2023     245       0  hru245                 2.510   71011.391       0.000    2472.167       8.299       2.302       0.157     117.625     122.654       0.000       0.000     388.164       0.913      51.060      12.744       5.267       9.005      10.786       4.202       0.810       0.475       0.000       0.000       0.000       0.000
   365    12    31  2023     246       0  hru246                 0.548   28637.643       0.000    1025.985       8.526       0.245     122.772     140.090     113.596       0.000       0.000      82.461       1.956      21.777      12.744       5.267       9.005      10.786       4.202       0.810       0.475       0.000       0.000       0.000       0.000
   365    12    31  2023     247       0  hru247                 1.504    2193.213    4095.021     352.187       8.348      14.429      37.101     101.519      40.629       1.362       0.000      40.348      80.549       8.570      12.744       5.267       9.005      10.786       4.202       0.810       0.475       0.000       0.000       0.000       0.000
   365    12    31  2023     248       0  hru248                 0.683    1472.531    3764.411     929.002       8.396      12.488      21.979      45.958      14.838       0.052       0.000       0.961      85.306       0.087      12.744       5.267       9.005      10.786       4.202       0.810       0.475       0.000       0.000       0.000       0.000
   365    12    31  2023     249       0  hru249                 0.738    1598.648    3889.743     909.624       8.388      12.382      21.246      47.361      16.466       0.052       0.000       1.428      83.630       0.128      12.744       5.267       9.005      10.786       4.202       0.810       0.475       0.000       0.000       0.000       0.000
   365    12    31  2023     250       0  hru250                 1.374    1951.307    3588.510     590.450       8.341      23.289      41.769      88.187      47.349       1.130       0.000       0.000      62.633       0.000      12.744       5.267       9.005      10.786       4.202       0.810       0.475       0.000       0.000       0.000       0.000
   365    12    31  2023     251       0  hru251                 2.510   70502.648       0.000    2454.272       8.311       1.887       1.000     117.625     124.319       0.000       0.000     382.294       1.212      50.366      12.744       5.267       9.005      10.786       4.202       0.810       0.475       0.000       0.000       0.000       0.000
   365    12    31  2023     252       0  hru252                 2.510   28429.115       0.000    1002.068       8.574       0.025     234.864     117.625      19.914       0.000       0.000     170.844       4.990      20.900      12.744       5.267       9.005      10.786       4.202       0.810       0.475       0.000       0.000       0.000       0.000
   365    12    31  2023     253       0  hru253                 2.510   67137.617       0.000    2343.710       8.380       0.439      26.668     117.625     135.704       0.000       0.000     343.344       2.510      45.626      12.744       5.267       9.005      10.786       4.202       0.810       0.475       0.000       0.000       0.000       0.000
   365    12    31  2023     254       0  hru254                 2.510   68877.875       0.000    2401.766       8.329       1.548       5.296     117.625     129.772       0.000       0.000     362.069       1.524      47.926      12.744       5.267       9.005      10.786       4.202       0.810       0.475       0.000       0.000       0.000       0.000
   365    12    31  2023     255       0  hru255                 2.510   71338.359       0.000    2481.309       8.308       2.119       1.377     117.625     121.511       0.000       0.000     393.057       1.466      51.627      12.744       5.267       9.005      10.786       4.202       0.810       0.475       0.000       0.000       0.000       0.000
   365    12    31  2023     256       0  hru256                 2.510   73185.469       0.000    2526.085       8.343       2.279      43.984     117.625     112.879       0.000       0.000     418.457       2.684      54.597      12.744       5.267       9.005      10.786       4.202       0.810       0.475       0.000       0.000       0.000       0.000
   365    12    31  2023     257       0  hru257                 2.510   71190.766       0.000    2477.232       8.303       2.231       0.546     117.625     121.996       0.000       0.000     390.916       1.202      51.377      12.744       5.267       9.005      10.786       4.202       0.810       0.475       0.000       0.000       0.000       0.000
   365    12    31  2023     258       0  hru258                 2.510   69712.844       0.000    2428.507       8.345       1.209      14.259     117.625     126.817       0.000       0.000     373.162       2.220      49.248      12.744       5.267       9.005      10.786       4.202       0.810       0.475       0.000       0.000       0.000       0.000
   365    12    31  2023     259       0  hru259                 2.510   73177.266       0.000    2525.782       8.344       2.264      44.432     117.625     112.810       0.000       0.000     418.513       2.696      54.605      12.744       5.267       9.005      10.786       4.202       0.810       0.475       0.000       0.000       0.000       0.000
   365    12    31  2023     260       0  hru260                 2.510   72727.055       0.000    2508.962       8.373       1.805      53.993     117.625     112.484       0.000       0.000     415.271       2.949      54.260      12.744       5.267       9.005      10.786       4.202       0.810       0.475       0.000       0.000       0.000       0.000
   365    12    31  2023     261       0  hru261                 2.510   72272.789       0.000    2494.292       8.379       1.754      60.976     117.625     113.060       0.000       0.000     410.494       3.184      53.708      12.744       5.267       9.005      10.786       4.202       0.810       0.475       0.000       0.000       0.000       0.000
   365    12    31  2023     262       0  hru262                 2.510   71100.672       0.000    2475.025       8.300       2.278       0.289     117.625     122.312       0.000       0.000     389.512       1.050      51.217      12.744       5.267       9.005      10.786       4.202       0.810       0.475       0.000       0.000       0.000       0.000
   365    12    31  2023     263       0  hru263                 2.510   72777.992       0.000    2512.607       8.366       1.790      50.940     117.625     112.979       0.000       0.000     414.687       2.813      54.195      12.744       5.267       9.005      10.786       4.202       0.810       0.475       0.000       0.000       0.000       0.000
   365    12    31  2023     264       0  hru264                 2.510   61916.223       0.000    2160.463       8.504       0.283     125.906     117.625     119.354       0.000       0.000     319.893       5.201      42.688      12.744       5.267       9.005      10.786       4.202       0.810       0.475       0.000       0.000       0.000       0.000
   365    12    31  2023     265       0  hru265                 2.510   68321.180       0.000    2386.148       8.304       2.206       0.454     117.625     132.115       0.000       0.000     351.033       0.958      46.645      12.744       5.267       9.005      10.786       4.202       0.810       0.475       0.000       0.000       0.000       0.000
   365    12    31  2023     266       0  hru266                 2.510   70999.961       0.000    2471.802       8.298       2.318       0.142     117.625     122.695       0.000       0.000     387.974       0.890      51.036      12.744       5.267       9.005      10.786       4.202       0.810       0.475       0.000       0.000       0.000       0.000
   365    12    31  2023     267       0  hru267                 2.510   71292.320       0.000    2479.822       8.306       2.161       1.024     117.625     121.637       0.000       0.000     392.447       1.379      51.552      12.744       5.267       9.005      10.786       4.202       0.810       0.475       0.000       0.000       0.000       0.000
   365    12    31  2023     268       0  hru268                 2.510   70223.766       0.000    2446.008       8.312       1.689       1.221     117.625     125.242       0.000       0.000     378.784       1.192      49.952      12.744       5.267       9.005      10.786       4.202       0.810       0.475       0.000       0.000       0.000       0.000
   365    12    31  2023     269       0  hru269                 2.510   70087.836       0.000    2442.041       8.309       1.798       1.119     117.625     125.650       0.000       0.000     377.399       1.083      49.788      12.744       5.267       9.005      10.786       4.202       0.810       0.475       0.000       0.000       0.000       0.000
   365    12    31  2023     270       0  hru270                 2.510   70133.781       0.000    2443.179       8.305       1.971       0.017     117.625     125.851       0.000       0.000     374.395       0.668      49.464      12.744       5.267       9.005      10.786       4.202       0.810       0.475       0.000       0.000       0.000       0.000
   365    12    31  2023     271       0  hru271                 2.510   70452.625       0.000    2437.277       8.205       4.604      23.632     117.625     122.479       0.000       0.000     383.844       3.969      50.403      12.744       5.267       9.005      10.786       4.202       0.810       0.475       0.000       0.000       0.000       0.000
   365    12    31  2023     272       0  hru272                 2.510   71332.352       0.000    2466.393       8.071       8.340       6.010     117.625     118.599       0.000       0.000     395.534       2.962      51.542      12.744       5.267       9.005      10.786       4.202       0.810       0.475       0.000       0.000       0.000       0.000
   365    12    31  2023     273       0  hru273                 2.510   70483.938       0.000    2439.047       8.208       4.563      28.496     117.625     122.352       0.000       0.000     382.895       4.154      50.313      12.744       5.267       9.005      10.786       4.202       0.810       0.475       0.000       0.000       0.000       0.000
   365    12    31  2023     274       0  hru274                 1.597    2175.134    4052.216     371.884       8.369      12.904      51.459     101.515      44.018       1.501       0.000      32.468      83.154       5.955      12.744       5.267       9.005      10.786       4.202       0.810       0.475       0.000       0.000       0.000       0.000
   365    12    31  2023     275       0  hru275                 1.464    1971.965    3798.814     374.597       8.382      15.438      61.876      98.421      38.916       0.732       0.000      39.126      89.397       8.567      12.744       5.267       9.005      10.786       4.202       0.810       0.475       0.000       0.000       0.000       0.000
   365    12    31  2023     276       0  hru276                 1.373    1976.397    3353.084     534.504       8.354      22.489      43.398      89.696      44.433       0.842       0.000       0.000      69.917       0.000      12.744       5.267       9.005      10.786       4.202       0.810       0.475       0.000       0.000       0.000       0.000
   365    12    31  2023     277       0  hru277                 1.400    1943.617    3538.807     559.639       8.350      22.327      47.875      88.420      47.506       1.100       0.000       0.000      64.139       0.000      12.744       5.267       9.005      10.786       4.202       0.810       0.475       0.000       0.000       0.000       0.000
   365    12    31  2023     278       0  hru278                 2.510   70409.594       0.000    2452.355       8.341       0.905       3.409     117.625     125.116       0.000       0.000     377.585       0.258      49.849      12.744       5.267       9.005      10.786       4.202       0.810       0.475       0.000       0.000       0.000       0.000
   365    12    31  2023     279       0  hru279                 2.510   73354.359       0.000    2530.278       8.304       2.405      28.768     117.625     114.483       0.000       0.000     419.815       0.615      54.727      12.744       5.267       9.005      10.786       4.202       0.810       0.475       0.000       0.000       0.000       0.000
   365    12    31  2023     280       0  hru280                 2.510   73748.703       0.000    2544.118       8.299       2.499      26.848     117.625     113.283       0.000       0.000     425.016       0.621      55.328      12.744       5.267       9.005      10.786       4.202       0.810       0.475       0.000       0.000       0.000       0.000
   365    12    31  2023     281       0  hru281                 0.549   28823.703       0.000    1032.982       8.502       0.000       4.263     140.090     118.928       0.000       0.000      81.108       0.103      21.523      12.744       5.267       9.005      10.786       4.202       0.810       0.475       0.000       0.000       0.000       0.000
   365    12    31  2023     282       0  hru282                 0.549   29017.193       0.000    1018.794       8.495       0.000       1.466     140.090     120.482       0.000       0.000      83.782       0.048      21.872      12.744       5.267       9.005      10.786       4.202       0.810       0.475       0.000       0.000       0.000       0.000
   365    12    31  2023     283       0  hru283                 1.627   67129.406       0.000    2097.372       8.126      50.664       0.000     163.281      96.618       0.000       0.000      87.297       0.000      33.183      12.744       5.267       9.005      10.786       4.202       0.810       0.475       0.000       0.000       0.000       0.000
   365    12    31  2023     284       0  hru284                 1.087   41499.066       0.000    1165.788       8.376     104.543       0.000     163.281       0.465       0.000       0.000     116.212       0.000      22.726      12.744       5.267       9.005      10.786       4.202       0.810       0.475       0.000       0.000       0.000       0.000
   365    12    31  2023     285       0  hru285                 1.085   41495.754       0.000    1169.461       8.351     104.586       0.000     163.281       0.399       0.000       0.000     116.432       0.000      22.750      12.744       5.267       9.005      10.786       4.202       0.810       0.475       0.000       0.000       0.000       0.000
   365    12    31  2023     286       0  hru286                 1.085   41495.652       0.000    1165.545       8.376     104.586       0.000     163.281       0.436       0.000       0.000     116.413       0.000      22.750      12.744       5.267       9.005      10.786       4.202       0.810       0.475       0.000       0.000       0.000       0.000
   365    12    31  2023     287       0  hru287                 1.088   41435.043       0.000    1164.603       8.382     104.643       0.000     163.281       0.439       0.000       0.000     115.862       0.000      22.660      12.744       5.267       9.005      10.786       4.202       0.810       0.475       0.000       0.000       0.000       0.000
   365    12    31  2023     288       0  hru288                 0.286     692.868      38.141      21.230       8.604       0.000      40.794      64.106       0.039       0.111       0.000      10.260       0.335       1.649      12.744       5.267       9.005      10.786       4.202       0.810       0.475       0.000       0.000       0.000       0.000
   365    12    31  2023     289       0  hru289                 0.316     771.846      73.834      23.775       8.588       0.000      22.145      64.108       0.000       0.045       0.000       4.054       0.599       0.651      12.744       5.267       9.005      10.786       4.202       0.810       0.475       0.000       0.000       0.000       0.000
   365    12    31  2023     290       0  hru290                 0.219     740.895      34.709      22.668       8.451       0.000       8.207      64.014       0.000       0.097       0.000      10.481       1.247       1.687      12.744       5.267       9.005      10.786       4.202       0.810       0.475       0.000       0.000       0.000       0.000
   365    12    31  2023     291       0  hru291                 0.262     705.093      36.486      21.622       8.483       0.000      44.172      64.082       0.024       0.108       0.000       9.322       0.822       1.566      12.744       5.267       9.005      10.786       4.202       0.810       0.475       0.000       0.000       0.000       0.000
   365    12    31  2023     292       0  hru292                 0.268     734.906      68.419      22.344       8.467       0.000       6.744      64.111       0.004       0.035       0.000       4.049       0.193       0.647      12.744       5.267       9.005      10.786       4.202       0.810       0.475       0.000       0.000       0.000       0.000
   365    12    31  2023     293       0  hru293                 0.243     726.069      68.369      22.146       8.464       0.000       4.690      64.198       0.000       0.039       0.000       3.985       0.215       0.638      12.744       5.267       9.005      10.786       4.202       0.810       0.475       0.000       0.000       0.000       0.000
   365    12    31  2023     294       0  hru294                 0.252     897.343    1685.541     773.499       8.488       0.009       6.038      27.801       0.000       0.015       0.000       0.000       1.686       0.000      12.744       5.267       9.005      10.786       4.202       0.810       0.475       0.000       0.000       0.000       0.000
   365    12    31  2023     295       0  hru295                 0.775    1442.905    3777.249     816.286       8.406       0.073       2.890      72.401      17.035       0.516       0.000      32.590       1.000       7.187      12.744       5.267       9.005      10.786       4.202       0.810       0.475       0.000       0.000       0.000       0.000
   365    12    31  2023     296       0  hru296                 2.222    1248.582    1752.678     569.014       8.476       0.041       2.347      26.135      24.059       0.000       0.000       0.000       1.009       0.000      12.744       5.267       9.005      10.786       4.202       0.810       0.475       0.000       0.000       0.000       0.000
   365    12    31  2023     297       0  hru297                 0.736    1740.530    2826.571    1082.087       8.322       0.041       0.955      42.545      32.394       0.008       0.000      20.001       1.111       2.467      12.744       5.267       9.005      10.786       4.202       0.810       0.475       0.000       0.000       0.000       0.000
   365    12    31  2023     298       0  hru298                 2.233    2048.462    4280.871    1204.367       8.396       2.411       0.091      37.798      79.604       0.003       0.000       0.000       1.556       0.000      12.744       5.267       9.005      10.786       4.202       0.810       0.475       0.000       0.000       0.000       0.000
   365    12    31  2023     299       0  hru299                 0.267     718.039      67.832      21.560       8.494       0.000      40.514      64.100       0.053       0.066       0.000       4.020       0.217       0.643      12.744       5.267       9.005      10.786       4.202       0.810       0.475       0.000       0.000       0.000       0.000
   365    12    31  2023     300       0  hru300                 2.788    1880.740    4552.613    1020.385       8.449       3.864       0.000      50.944      67.350       0.003       0.000       0.000       0.283       0.000      12.744       5.267       9.005      10.786       4.202       0.810       0.475       0.000       0.000       0.000       0.000
   365    12    31  2023     301       0  hru301                 2.131    1189.330    2835.883     588.672       8.339       0.334       0.204      33.644     119.951       0.018       0.000       0.000       0.352       0.000      12.744       5.267       9.005      10.786       4.202       0.810       0.475       0.000       0.000       0.000       0.000
   365    12    31  2023     302       0  hru302                 0.332     664.118      69.562      20.661       8.469       0.000      10.276      64.168       0.004       0.138       0.000       8.149       0.208       1.329      12.744       5.267       9.005      10.786       4.202       0.810       0.475       0.000       0.000       0.000       0.000
   365    12    31  2023     303       0  hru303                 0.751    2103.717    2740.554    2180.148       8.410       0.051      16.446      68.188      19.061       0.393       0.000       3.761       0.156       0.323      12.744       5.267       9.005      10.786       4.202       0.810       0.475       0.000       0.000       0.000       0.000
   365    12    31  2023     304       0  hru304                 2.510   69939.266       0.000    2435.700       8.349       0.813       4.487     117.625     126.482       0.000       0.000     373.154       0.245      49.287      12.744       5.267       9.005      10.786       4.202       0.810       0.475       0.000       0.000       0.000       0.000
   365    12    31  2023     305       0  hru305                 2.510   74983.820       0.000    2584.807       8.458       1.090      61.840     117.625     108.526       0.000       0.000     442.174       0.306      57.362      12.744       5.267       9.005      10.786       4.202       0.810       0.475       0.000       0.000       0.000       0.000
   365    12    31  2023     306       0  hru306                 2.510   67551.594       0.000    2356.849       8.406       0.435      36.213     117.625     133.030       0.000       0.000     351.591       0.421      46.640      12.744       5.267       9.005      10.786       4.202       0.810       0.475       0.000       0.000       0.000       0.000
   365    12    31  2023     307       0  hru307                 2.510   47208.656       0.000    1618.422       8.600       0.251     194.688     117.625      40.380       0.000       0.000     319.790       0.556      41.269      12.744       5.267       9.005      10.786       4.202       0.810       0.475       0.000       0.000       0.000       0.000
   365    12    31  2023     308       0  hru308                 2.510   32334.977       0.000    1137.947       8.577       0.071     230.178     117.625      10.962       0.000       0.000     227.631       0.483      25.297      12.744       5.267       9.005      10.786       4.202       0.810       0.475       0.000       0.000       0.000       0.000
   365    12    31  2023     309       0  hru309                 2.510   71701.984       0.000    2491.863       8.356       0.734      10.113     117.625     120.472       0.000       0.000     397.931       0.319      52.222      12.744       5.267       9.005      10.786       4.202       0.810       0.475       0.000       0.000       0.000       0.000
   365    12    31  2023     310       0  hru310                 2.510   72441.836       0.000    2501.615       8.458       0.997      69.268     117.625     115.161       0.000       0.000     410.293       0.353      53.704      12.744       5.267       9.005      10.786       4.202       0.810       0.475       0.000       0.000       0.000       0.000
   365    12    31  2023     311       0  hru311                 2.510   70881.594       0.000    2465.684       8.352       0.484       6.067     117.625     123.272       0.000       0.000     386.794       0.279      50.914      12.744       5.267       9.005      10.786       4.202       0.810       0.475       0.000       0.000       0.000       0.000
   365    12    31  2023     312       0  hru312                 2.510   74966.797       0.000    2584.350       8.455       1.090      60.482     117.625     108.694       0.000       0.000     441.754       0.305      57.316      12.744       5.267       9.005      10.786       4.202       0.810       0.475       0.000       0.000       0.000       0.000
   365    12    31  2023     313       0  hru313                 2.510   70966.898       0.000    2470.742       8.299       2.311       0.169     117.625     122.812       0.000       0.000     387.501       0.126      50.985      12.744       5.267       9.005      10.786       4.202       0.810       0.475       0.000       0.000       0.000       0.000
   365    12    31  2023     314       0  hru314                 1.489    2007.181    3178.180     539.875       8.290      23.665       0.000      90.468      54.247       0.555       0.000       0.000       0.160       0.000      12.744       5.267       9.005      10.786       4.202       0.810       0.475       0.000       0.000       0.000       0.000
