 Mini_CREATE               SWAT+ Jan 11 2024        MODULAR Rev 2024.61.0                                 
   jday   mon   day    yr   unit  gis_id  name                     lai       bioms       yield     residue     sol_tmp       strsw       strsa     strstmp       strsn       strsp       strss        nplt       percn       pplnt         tmx         tmn       tmpav     solarad      wndspd        rhum     phubas0     lai_max      bm_max     bm_grow       c_gro
                                                             m**2/m**2        kgha        kgha        kgha        degc         ---         ---         ---         ---         ---         ---        kgha        kgha        kgha        degc        degc        degc      mj/m^2         m/s        frac        degc   m**2/m**2       kg/ha       kg/ha       kg/ha
   365    12    31  2023       1       0  hru001                 2.510   73151.805       0.000    2524.589       8.367       1.976      51.164     117.625     111.837       0.024       0.000     419.689       2.870      54.774      12.744       5.267       9.005      10.786       4.202       0.810       0.475       0.000       0.000       0.000       0.000
   365    12    31  2023       2       0  hru002                 2.510   73143.305       0.000    2522.180       8.388       1.454      54.725     117.625     111.068       0.024       0.000     420.614       2.826      54.886      12.744       5.267       9.005      10.786       4.202       0.810       0.475       0.000       0.000       0.000       0.000
   365    12    31  2023       3       0  hru003                 2.510   71166.570       0.000    2460.604       8.180       5.313       2.965     117.625     121.439       0.031       0.000     388.569       2.128      50.977      12.744       5.267       9.005      10.786       4.202       0.810       0.475       0.000       0.000       0.000       0.000
   365    12    31  2023       4       0  hru004                 2.510   70698.820       0.000    2461.382       8.294       2.421       0.002     117.625     123.737       0.033       0.000     383.054       0.527      50.479      12.744       5.267       9.005      10.786       4.202       0.810       0.475       0.000       0.000       0.000       0.000
   365    12    31  2023       5       0  hru005                 2.510   71046.422       0.000    2473.287       8.299       2.302       0.196     117.625     122.516       0.032       0.000     388.728       0.962      51.124      12.744       5.267       9.005      10.786       4.202       0.810       0.475       0.000       0.000       0.000       0.000
   365    12    31  2023       6       0  hru006                 2.510   70861.930       0.000    2466.568       8.296       2.371       0.040     117.625     123.173       0.032       0.000     385.735       0.700      50.782      12.744       5.267       9.005      10.786       4.202       0.810       0.475       0.000       0.000       0.000       0.000
   365    12    31  2023       7       0  hru007                 2.510   71295.477       0.000    2479.925       8.306       2.159       1.046     117.625     121.628       0.031       0.000     392.482       1.385      51.557      12.744       5.267       9.005      10.786       4.202       0.810       0.475       0.000       0.000       0.000       0.000
   365    12    31  2023       8       0  hru008                 2.510   70670.539       0.000    2460.482       8.294       2.428       0.000     117.625     123.838       0.033       0.000     382.591       0.502      50.427      12.744       5.267       9.005      10.786       4.202       0.810       0.475       0.000       0.000       0.000       0.000
   365    12    31  2023       9       0  hru009                 2.510   64913.324       0.000    2236.806       8.520       1.044     138.606     117.625      97.902       0.061       0.000     368.074       7.196      48.549      12.744       5.267       9.005      10.786       4.202       0.810       0.475       0.000       0.000       0.000       0.000
   365    12    31  2023      10       0  hru010                 2.510   71319.586       0.000    2480.699       8.307       2.141       1.214     117.625     121.559       0.031       0.000     392.807       1.429      51.596      12.744       5.267       9.005      10.786       4.202       0.810       0.475       0.000       0.000       0.000       0.000
   365    12    31  2023      11       0  hru011                 2.510   71300.648       0.000    2480.091       8.306       2.152       1.077     117.625     121.614       0.031       0.000     392.554       1.394      51.566      12.744       5.267       9.005      10.786       4.202       0.810       0.475       0.000       0.000       0.000       0.000
   365    12    31  2023      12       0  hru012                 2.510   71772.992       0.000    2494.690       8.333       1.531       8.680     117.625     120.130       0.030       0.000     399.206       2.292      52.345      12.744       5.267       9.005      10.786       4.202       0.810       0.475       0.000       0.000       0.000       0.000
   365    12    31  2023      13       0  hru013                 2.510   71178.898       0.000    2477.527       8.302       2.235       0.503     117.625     122.034       0.031       0.000     390.752       1.180      51.358      12.744       5.267       9.005      10.786       4.202       0.810       0.475       0.000       0.000       0.000       0.000
   365    12    31  2023      14       0  hru014                 2.510   71230.906       0.000    2477.858       8.304       2.203       0.702     117.625     121.856       0.031       0.000     391.512       1.270      51.445      12.744       5.267       9.005      10.786       4.202       0.810       0.475       0.000       0.000       0.000       0.000
   365    12    31  2023      15       0  hru015                 2.510   71023.859       0.000    2472.566       8.299       2.309       0.169     117.625     122.603       0.032       0.000     388.365       0.927      51.082      12.744       5.267       9.005      10.786       4.202       0.810       0.475       0.000       0.000       0.000       0.000
   365    12    31  2023      16       0  hru016                 2.510   64304.914       0.000    2239.417       8.344       2.580      85.942     117.625     130.810       0.062       0.000     325.710       5.029      43.424      12.744       5.267       9.005      10.786       4.202       0.810       0.475       0.000       0.000       0.000       0.000
   365    12    31  2023      17       0  hru017                 2.510   72572.461       0.000    2506.468       8.123       7.215       0.026     117.625     115.854       0.028       0.000     408.000       1.162      53.159      12.744       5.267       9.005      10.786       4.202       0.810       0.475       0.000       0.000       0.000       0.000
   365    12    31  2023      18       0  hru018                 2.510   68679.758       0.000    2378.887       8.345       1.418      30.716     117.625     129.481       0.040       0.000     353.900       3.849      47.039      12.744       5.267       9.005      10.786       4.202       0.810       0.475       0.000       0.000       0.000       0.000
   365    12    31  2023      19       0  hru019                 2.510   65479.324       0.000    2288.072       8.477       0.024      76.737     117.625     132.901       0.055       0.000     331.726       3.744      44.254      12.744       5.267       9.005      10.786       4.202       0.810       0.475       0.000       0.000       0.000       0.000
   365    12    31  2023      20       0  hru020                 2.510   66867.547       0.000    2314.423       8.350       1.930      42.294     117.625     134.620       0.048       0.000     336.533       3.637      44.822      12.744       5.267       9.005      10.786       4.202       0.810       0.475       0.000       0.000       0.000       0.000
   365    12    31  2023      21       0  hru021                 2.510   72920.727       0.000    2517.619       8.149       6.461       0.518     117.625     114.931       0.027       0.000     413.391       1.936      53.800      12.744       5.267       9.005      10.786       4.202       0.810       0.475       0.000       0.000       0.000       0.000
   365    12    31  2023      22       0  hru022                 2.510   72978.609       0.000    2519.451       8.155       6.254       0.744     117.625     114.815       0.027       0.000     414.165       2.038      53.886      12.744       5.267       9.005      10.786       4.202       0.810       0.475       0.000       0.000       0.000       0.000
   365    12    31  2023      23       0  hru023                 2.510   65167.914       0.000    2241.591       8.379       0.463       5.802     117.625     144.365       0.059       0.000     315.694       0.830      42.395      12.744       5.267       9.005      10.786       4.202       0.810       0.475       0.000       0.000       0.000       0.000
   365    12    31  2023      24       0  hru024                 2.510   65224.336       0.000    2242.645       8.385       0.394       7.975     117.625     144.169       0.059       0.000     316.253       0.911      42.464      12.744       5.267       9.005      10.786       4.202       0.810       0.475       0.000       0.000       0.000       0.000
   365    12    31  2023      25       0  hru025                 2.510   72562.594       0.000    2503.975       8.119       7.390       0.047     117.625     115.737       0.028       0.000     408.190       1.267      53.143      12.744       5.267       9.005      10.786       4.202       0.810       0.475       0.000       0.000       0.000       0.000
   365    12    31  2023      26       0  hru026                 2.510   72867.062       0.000    2515.890       8.157       6.215       0.871     117.625     115.202       0.027       0.000     412.536       2.068      53.701      12.744       5.267       9.005      10.786       4.202       0.810       0.475       0.000       0.000       0.000       0.000
   365    12    31  2023      27       0  hru027                 2.510   72430.695       0.000    2500.622       8.057       9.239       3.669     117.625     114.481       0.028       0.000     410.572       2.858      53.207      12.744       5.267       9.005      10.786       4.202       0.810       0.475       0.000       0.000       0.000       0.000
   365    12    31  2023      28       0  hru028                 2.510   72530.641       0.000    2502.975       8.117       7.453       0.032     117.625     115.822       0.028       0.000     407.688       1.205      53.075      12.744       5.267       9.005      10.786       4.202       0.810       0.475       0.000       0.000       0.000       0.000
   365    12    31  2023      29       0  hru029                 2.510   71536.781       0.000    2469.902       7.995      10.414       0.416     117.625     116.739       0.031       0.000     398.730       1.915      51.767      12.744       5.267       9.005      10.786       4.202       0.810       0.475       0.000       0.000       0.000       0.000
   365    12    31  2023      30       0  hru030                 2.510   72831.969       0.000    2526.873       8.347       2.228      37.273     117.625     115.246       0.027       0.000     411.580       3.058      53.809      12.744       5.267       9.005      10.786       4.202       0.810       0.475       0.000       0.000       0.000       0.000
   365    12    31  2023      31       0  hru031                 2.510   68616.250       0.000    2381.869       8.285       0.332       9.535     117.625     131.168       0.040       0.000     353.801       2.100      46.991      12.744       5.267       9.005      10.786       4.202       0.810       0.475       0.000       0.000       0.000       0.000
   365    12    31  2023      32       0  hru032                 2.146   45484.582     346.538    2611.970       8.387       1.639      39.567     156.101      31.491       0.734       0.000      36.725       1.679       9.104      12.744       5.267       9.005      10.786       4.202       0.810       0.475       0.000       0.000       0.000       0.000
   365    12    31  2023      33       0  hru033                 2.135   44512.453     337.351    2539.819       8.235       4.489       0.120     155.298      36.232       0.734       0.000      35.265       0.622       8.724      12.744       5.267       9.005      10.786       4.202       0.810       0.475       0.000       0.000       0.000       0.000
   365    12    31  2023      34       0  hru034                 0.549   29229.971       0.000    1049.289       8.461       0.084       6.377     140.090     116.012       0.734       0.000      83.895       1.070      22.166      12.744       5.267       9.005      10.786       4.202       0.810       0.475       0.000       0.000       0.000       0.000
   365    12    31  2023      35       0  hru035                 0.548   29308.371       0.000    1050.048       8.440       0.189       0.077     140.090     115.437       0.734       0.000      84.345       0.505      22.286      12.744       5.267       9.005      10.786       4.202       0.810       0.475       0.000       0.000       0.000       0.000
   365    12    31  2023      36       0  hru036                 0.548   29422.510       0.000    1053.538       8.463       0.187       8.683     140.090     114.641       0.734       0.000      85.103       1.207      22.448      12.744       5.267       9.005      10.786       4.202       0.810       0.475       0.000       0.000       0.000       0.000
   365    12    31  2023      37       0  hru037                 0.548   28411.951       0.000    1017.102       8.530       0.240     136.301     140.090     112.088       0.734       0.000      82.187       2.177      21.692      12.744       5.267       9.005      10.786       4.202       0.810       0.475       0.000       0.000       0.000       0.000
   365    12    31  2023      38       0  hru038                 0.548   29331.605       0.000    1051.032       8.444       0.189       0.520     140.090     115.258       0.734       0.000      84.548       0.708      22.329      12.744       5.267       9.005      10.786       4.202       0.810       0.475       0.000       0.000       0.000       0.000
   365    12    31  2023      39       0  hru039                 0.548   29304.482       0.000    1049.938       8.440       0.189       0.041     140.090     115.476       0.734       0.000      84.297       0.457      22.276      12.744       5.267       9.005      10.786       4.202       0.810       0.475       0.000       0.000       0.000       0.000
   365    12    31  2023      40       0  hru040                 0.548   28170.494       0.000    1003.281       8.534       0.094     166.386     140.090      97.061       0.734       0.000      85.418       1.663      22.283      12.744       5.267       9.005      10.786       4.202       0.810       0.475       0.000       0.000       0.000       0.000
   365    12    31  2023      41       0  hru041                 0.549   28395.150       0.000    1018.913       8.463       0.058       7.412     140.090     120.479       0.734       0.000      80.802       0.993      21.426      12.744       5.267       9.005      10.786       4.202       0.810       0.475       0.000       0.000       0.000       0.000
   365    12    31  2023      42       0  hru042                 0.548   28339.500       0.000    1014.274       8.532       0.240     139.936     140.090     111.521       0.734       0.000      82.124       2.238      21.669      12.744       5.267       9.005      10.786       4.202       0.810       0.475       0.000       0.000       0.000       0.000
   365    12    31  2023      43       0  hru043                 1.383   50875.770       0.000    1490.452       8.188      73.448       0.000     163.281      16.233       0.674       0.000     109.673       0.000      30.472      12.744       5.267       9.005      10.786       4.202       0.810       0.475       0.000       0.000       0.000       0.000
   365    12    31  2023      44       0  hru044                 1.685   68885.094       0.000    2304.646       8.209      13.224       7.768     163.281     143.072       0.242       0.000      77.338       1.015      30.888      12.744       5.267       9.005      10.786       4.202       0.810       0.475       0.000       0.000       0.000       0.000
   365    12    31  2023      45       0  hru045                 1.085   41496.461       0.000    1165.569       8.376     104.586       0.000     163.281       0.435       0.734       0.000     116.418       0.000      22.750      12.744       5.267       9.005      10.786       4.202       0.810       0.475       0.000       0.000       0.000       0.000
   365    12    31  2023      46       0  hru046                 1.674   65846.617       0.000    2139.715       7.926      45.054       0.000     163.281     114.444       0.282       0.000      81.390       0.179      31.634      12.744       5.267       9.005      10.786       4.202       0.810       0.475       0.000       0.000       0.000       0.000
   365    12    31  2023      47       0  hru047                 1.088   41435.176       0.000    1164.607       8.382     104.644       0.000     163.281       0.439       0.734       0.000     115.862       0.000      22.660      12.744       5.267       9.005      10.786       4.202       0.810       0.475       0.000       0.000       0.000       0.000
   365    12    31  2023      48       0  hru048                 1.100   40697.211       0.000    1142.661       8.424     105.753       0.000     163.281       0.000       0.734       0.000     115.562       0.000      21.956      12.744       5.267       9.005      10.786       4.202       0.810       0.475       0.000       0.000       0.000       0.000
   365    12    31  2023      49       0  hru049                 1.121   41879.113       0.000    1205.893       8.377     109.797       0.000     163.281       1.197       0.734       0.000     116.825       0.000      22.864      12.744       5.267       9.005      10.786       4.202       0.810       0.475       0.000       0.000       0.000       0.000
   365    12    31  2023      50       0  hru050                 1.121   41879.223       0.000    1205.897       8.377     109.797       0.000     163.281       1.197       0.734       0.000     116.826       0.000      22.864      12.744       5.267       9.005      10.786       4.202       0.810       0.475       0.000       0.000       0.000       0.000
   365    12    31  2023      51       0  hru051                 1.121   41876.625       0.000    1205.819       8.376     109.797       0.000     163.281       1.194       0.734       0.000     116.814       0.000      22.861      12.744       5.267       9.005      10.786       4.202       0.810       0.475       0.000       0.000       0.000       0.000
   365    12    31  2023      52       0  hru052                 1.625   65664.234       0.000    2083.483       8.169      52.815       0.000     163.281      90.695       0.287       0.000      89.022       0.000      33.084      12.744       5.267       9.005      10.786       4.202       0.810       0.475       0.000       0.000       0.000       0.000
   365    12    31  2023      53       0  hru053                 1.685   57004.605       0.000    1910.278       8.495       0.599      97.979     163.281     157.604       0.545       0.000      66.896       2.352      26.725      12.744       5.267       9.005      10.786       4.202       0.810       0.475       0.000       0.000       0.000       0.000
   365    12    31  2023      54       0  hru054                 1.121   41879.453       0.000    1205.903       8.377     109.797       0.000     163.281       1.197       0.734       0.000     116.827       0.000      22.864      12.744       5.267       9.005      10.786       4.202       0.810       0.475       0.000       0.000       0.000       0.000
   365    12    31  2023      55       0  hru055                 2.510   73182.438       0.000    2526.191       8.326       2.504      39.594     117.625     113.433       0.024       0.000     417.665       2.562      54.490      12.744       5.267       9.005      10.786       4.202       0.810       0.475       0.000       0.000       0.000       0.000
   365    12    31  2023      56       0  hru056                 2.510   70967.172       0.000    2469.935       8.298       2.331       0.111     117.625     122.796       0.032       0.000     387.445       0.843      50.975      12.744       5.267       9.005      10.786       4.202       0.810       0.475       0.000       0.000       0.000       0.000
   365    12    31  2023      57       0  hru057                 2.510   73176.359       0.000    2525.725       8.346       2.243      44.974     117.625     112.744       0.024       0.000     418.605       2.710      54.624      12.744       5.267       9.005      10.786       4.202       0.810       0.475       0.000       0.000       0.000       0.000
   365    12    31  2023      58       0  hru058                 2.510   72417.516       0.000    2500.471       8.384       1.263      58.379     117.625     113.551       0.028       0.000     410.249       3.056      53.684      12.744       5.267       9.005      10.786       4.202       0.810       0.475       0.000       0.000       0.000       0.000
   365    12    31  2023      59       0  hru059                 2.510   73166.297       0.000    2525.213       8.359       2.084      48.464     117.625     112.252       0.024       0.000     419.223       2.801      54.712      12.744       5.267       9.005      10.786       4.202       0.810       0.475       0.000       0.000       0.000       0.000
   365    12    31  2023      60       0  hru060                 2.510   71771.367       0.000    2493.107       8.369       1.620      43.228     117.625     118.233       0.030       0.000     397.634       3.052      52.208      12.744       5.267       9.005      10.786       4.202       0.810       0.475       0.000       0.000       0.000       0.000
   365    12    31  2023      61       0  hru061                 2.510   70932.188       0.000    2469.824       8.007       9.895       4.369     117.625     119.311       0.032       0.000     390.212       2.800      50.815      12.744       5.267       9.005      10.786       4.202       0.810       0.475       0.000       0.000       0.000       0.000
   365    12    31  2023      62       0  hru062                 2.510   68434.562       0.000    2389.161       8.092       6.309      13.701     117.625     129.095       0.041       0.000     360.031       3.025      47.441      12.744       5.267       9.005      10.786       4.202       0.810       0.475       0.000       0.000       0.000       0.000
   365    12    31  2023      63       0  hru063                 2.510   71715.922       0.000    2486.653       8.430       1.311      67.835     117.625     111.941       0.030       0.000     406.885       4.138      53.280      12.744       5.267       9.005      10.786       4.202       0.810       0.475       0.000       0.000       0.000       0.000
   365    12    31  2023      64       0  hru064                 2.510   70675.422       0.000    2460.637       8.294       2.426       0.000     117.625     123.821       0.033       0.000     382.673       0.506      50.436      12.744       5.267       9.005      10.786       4.202       0.810       0.475       0.000       0.000       0.000       0.000
   365    12    31  2023      65       0  hru065                 2.510   70747.242       0.000    2462.920       8.295       2.409       0.006     117.625     123.562       0.033       0.000     383.864       0.574      50.570      12.744       5.267       9.005      10.786       4.202       0.810       0.475       0.000       0.000       0.000       0.000
   365    12    31  2023      66       0  hru066                 2.510   70537.219       0.000    2455.805       8.294       2.454       0.000     117.625     124.315       0.033       0.000     380.437       0.399      50.182      12.744       5.267       9.005      10.786       4.202       0.810       0.475       0.000       0.000       0.000       0.000
   365    12    31  2023      67       0  hru067                 2.510   72442.656       0.000    2502.385       8.118       7.384       0.000     117.625     116.241       0.028       0.000     405.934       0.936      52.889      12.744       5.267       9.005      10.786       4.202       0.810       0.475       0.000       0.000       0.000       0.000
   365    12    31  2023      68       0  hru068                 2.510   71125.461       0.000    2475.817       8.301       2.264       0.347     117.625     122.222       0.032       0.000     389.908       1.091      51.262      12.744       5.267       9.005      10.786       4.202       0.810       0.475       0.000       0.000       0.000       0.000
   365    12    31  2023      69       0  hru069                 2.510   71338.562       0.000    2481.315       8.308       2.120       1.379     117.625     121.510       0.031       0.000     393.060       1.467      51.627      12.744       5.267       9.005      10.786       4.202       0.810       0.475       0.000       0.000       0.000       0.000
   365    12    31  2023      70       0  hru070                 2.510   71525.219       0.000    2487.267       8.317       1.884       3.659     117.625     120.936       0.030       0.000     395.758       1.809      51.939      12.744       5.267       9.005      10.786       4.202       0.810       0.475       0.000       0.000       0.000       0.000
   365    12    31  2023      71       0  hru071                 2.510   71623.359       0.000    2489.930       8.323       1.751       5.510     117.625     120.608       0.030       0.000     397.168       2.004      52.103      12.744       5.267       9.005      10.786       4.202       0.810       0.475       0.000       0.000       0.000       0.000
   365    12    31  2023      72       0  hru072                 2.510   71281.656       0.000    2479.481       8.306       2.166       0.956     117.625     121.673       0.031       0.000     392.290       1.359      51.534      12.744       5.267       9.005      10.786       4.202       0.810       0.475       0.000       0.000       0.000       0.000
   365    12    31  2023      73       0  hru073                 2.510   58628.680       0.000    1992.682       8.554       0.901     169.346     117.625      74.837       0.126       0.000     357.370       7.745      47.111      12.744       5.267       9.005      10.786       4.202       0.810       0.475       0.000       0.000       0.000       0.000
   365    12    31  2023      74       0  hru074                 2.510   73170.578       0.000    2523.933       8.379       1.604      51.883     117.625     111.582       0.024       0.000     420.121       2.753      54.829      12.744       5.267       9.005      10.786       4.202       0.810       0.475       0.000       0.000       0.000       0.000
   365    12    31  2023      75       0  hru075                 2.510   72782.000       0.000    2510.600       8.377       1.724      55.504     117.625     111.848       0.025       0.000     416.611       2.975      54.419      12.744       5.267       9.005      10.786       4.202       0.810       0.475       0.000       0.000       0.000       0.000
   365    12    31  2023      76       0  hru076                 2.510   71041.625       0.000    2472.082       8.055       9.210       8.261     117.625     119.485       0.032       0.000     390.734       3.254      50.969      12.744       5.267       9.005      10.786       4.202       0.810       0.475       0.000       0.000       0.000       0.000
   365    12    31  2023      77       0  hru077                 2.510   69855.266       0.000    2414.408       8.334       1.440      22.383     117.625     126.255       0.035       0.000     369.057       3.016      48.791      12.744       5.267       9.005      10.786       4.202       0.810       0.475       0.000       0.000       0.000       0.000
   365    12    31  2023      78       0  hru078                 2.510   71752.438       0.000    2478.977       8.220       4.104       4.946     117.625     119.798       0.030       0.000     396.379       2.423      51.957      12.744       5.267       9.005      10.786       4.202       0.810       0.475       0.000       0.000       0.000       0.000
   365    12    31  2023      79       0  hru079                 2.510   59493.305       0.000    2050.775       8.566       0.205     134.146     117.625     134.698       0.102       0.000     278.635       7.371      37.615      12.744       5.267       9.005      10.786       4.202       0.810       0.475       0.000       0.000       0.000       0.000
   365    12    31  2023      80       0  hru080                 2.510   72519.414       0.000    2502.622       8.117       7.465       0.027     117.625     115.854       0.028       0.000     407.505       1.183      53.054      12.744       5.267       9.005      10.786       4.202       0.810       0.475       0.000       0.000       0.000       0.000
   365    12    31  2023      81       0  hru081                 2.510   50207.129       0.000    1703.685       8.602       0.389     189.072     117.625      72.186       0.278       0.000     280.079       7.461      37.358      12.744       5.267       9.005      10.786       4.202       0.810       0.475       0.000       0.000       0.000       0.000
   365    12    31  2023      82       0  hru082                 2.510   67005.461       0.000    2313.771       8.462       0.224      69.314     117.625     125.293       0.047       0.000     346.241       4.873      46.092      12.744       5.267       9.005      10.786       4.202       0.810       0.475       0.000       0.000       0.000       0.000
   365    12    31  2023      83       0  hru083                 2.510   67502.422       0.000    2331.993       8.431       0.498      64.715     117.625     127.414       0.045       0.000     352.317       5.341      46.750      12.744       5.267       9.005      10.786       4.202       0.810       0.475       0.000       0.000       0.000       0.000
   365    12    31  2023      84       0  hru084                 2.510   72398.055       0.000    2499.549       8.227       4.004       5.954     117.625     117.666       0.028       0.000     404.986       2.666      52.963      12.744       5.267       9.005      10.786       4.202       0.810       0.475       0.000       0.000       0.000       0.000
   365    12    31  2023      85       0  hru085                 2.510   72902.562       0.000    2517.049       8.147       6.530       0.461     117.625     114.972       0.027       0.000     413.138       1.902      53.768      12.744       5.267       9.005      10.786       4.202       0.810       0.475       0.000       0.000       0.000       0.000
   365    12    31  2023      86       0  hru086                 2.510   66594.641       0.000    2297.162       8.500       0.615     123.949     117.625     100.371       0.051       0.000     382.666       5.880      50.403      12.744       5.267       9.005      10.786       4.202       0.810       0.475       0.000       0.000       0.000       0.000
   365    12    31  2023      87       0  hru087                 2.510   34878.387       0.000    1232.545       8.561       0.004     225.033     117.625      17.284       0.680       0.000     239.554      10.436      29.484      12.744       5.267       9.005      10.786       4.202       0.810       0.475       0.000       0.000       0.000       0.000
   365    12    31  2023      88       0  hru088                 2.510   64919.875       0.000    2232.865       8.393       0.371       8.120     117.625     145.253       0.061       0.000     313.291       0.878      42.082      12.744       5.267       9.005      10.786       4.202       0.810       0.475       0.000       0.000       0.000       0.000
   365    12    31  2023      89       0  hru089                 2.510   69582.867       0.000    2405.845       8.251       3.917      24.682     117.625     126.905       0.037       0.000     367.766       3.722      48.584      12.744       5.267       9.005      10.786       4.202       0.810       0.475       0.000       0.000       0.000       0.000
   365    12    31  2023      90       0  hru090                 2.510   70307.758       0.000    2431.308       8.235       4.016      16.598     117.625     124.731       0.034       0.000     375.883       3.220      49.563      12.744       5.267       9.005      10.786       4.202       0.810       0.475       0.000       0.000       0.000       0.000
   365    12    31  2023      91       0  hru091                 2.510   65230.223       0.000    2242.831       8.386       0.403       8.186     117.625     144.148       0.059       0.000     316.315       0.918      42.472      12.744       5.267       9.005      10.786       4.202       0.810       0.475       0.000       0.000       0.000       0.000
   365    12    31  2023      92       0  hru092                 2.510   71683.086       0.000    2486.162       8.428       1.221      66.547     117.625     114.115       0.030       0.000     402.336       4.109      52.750      12.744       5.267       9.005      10.786       4.202       0.810       0.475       0.000       0.000       0.000       0.000
   365    12    31  2023      93       0  hru093                 2.510   70366.422       0.000    2433.712       8.330       1.264      23.447     117.625     124.798       0.034       0.000     374.466       3.509      49.450      12.744       5.267       9.005      10.786       4.202       0.810       0.475       0.000       0.000       0.000       0.000
   365    12    31  2023      94       0  hru094                 2.510   65181.035       0.000    2241.275       8.381       0.448       6.423     117.625     144.319       0.059       0.000     315.815       0.854      42.410      12.744       5.267       9.005      10.786       4.202       0.810       0.475       0.000       0.000       0.000       0.000
   365    12    31  2023      95       0  hru095                 2.510   72839.719       0.000    2527.038       8.353       2.155      38.996     117.625     115.036       0.026       0.000     411.955       3.133      53.860      12.744       5.267       9.005      10.786       4.202       0.810       0.475       0.000       0.000       0.000       0.000
   365    12    31  2023      96       0  hru096                 2.510   63303.133       0.000    2176.430       8.448       0.046      22.387     117.625     150.747       0.073       0.000     295.743       1.341      39.855      12.744       5.267       9.005      10.786       4.202       0.810       0.475       0.000       0.000       0.000       0.000
   365    12    31  2023      97       0  hru097                 2.510   64646.566       0.000    2225.944       8.356       0.908       0.095     117.625     146.146       0.063       0.000     310.060       0.330      41.695      12.744       5.267       9.005      10.786       4.202       0.810       0.475       0.000       0.000       0.000       0.000
   365    12    31  2023      98       0  hru098                 2.510   72478.711       0.000    2515.125       8.367       1.724      42.253     117.625     115.869       0.028       0.000     407.505       3.215      53.361      12.744       5.267       9.005      10.786       4.202       0.810       0.475       0.000       0.000       0.000       0.000
   365    12    31  2023      99       0  hru099                 2.510   60021.320       0.000    2057.142       8.544       0.178     166.835     117.625      74.652       0.112       0.000     364.527       7.148      47.863      12.744       5.267       9.005      10.786       4.202       0.810       0.475       0.000       0.000       0.000       0.000
   365    12    31  2023     100       0  hru100                 2.510   60522.609       0.000    2074.397       8.568       0.996     162.399     117.625      82.294       0.096       0.000     353.609       8.179      46.412      12.744       5.267       9.005      10.786       4.202       0.810       0.475       0.000       0.000       0.000       0.000
   365    12    31  2023     101       0  hru101                 2.510   70742.469       0.000    2450.502       8.147       6.347       1.468     117.625     122.746       0.033       0.000     380.074       2.139      49.988      12.744       5.267       9.005      10.786       4.202       0.810       0.475       0.000       0.000       0.000       0.000
   365    12    31  2023     102       0  hru102                 0.276    1200.253    1630.727    1241.565       8.472       0.560      12.235      26.321       1.193       0.003       0.000       0.000      16.417       0.000      12.744       5.267       9.005      10.786       4.202       0.810       0.475       0.000       0.000       0.000       0.000
   365    12    31  2023     103       0  hru103                 0.275     909.662    1260.400     965.314       8.448       0.016      39.597      24.661       1.584       0.020       0.000       0.000      13.285       0.000      12.744       5.267       9.005      10.786       4.202       0.810       0.475       0.000       0.000       0.000       0.000
   365    12    31  2023     104       0  hru104                 0.309    1365.386    1873.060    1466.322       8.480       0.506      11.820      23.801       2.300       0.000       0.000       0.000      14.914       0.000      12.744       5.267       9.005      10.786       4.202       0.810       0.475       0.000       0.000       0.000       0.000
   365    12    31  2023     105       0  hru105                 2.305    1200.312    2452.689    1163.653       8.350       0.077       1.529      23.729       6.396       0.000       0.000       0.000       8.585       0.000      12.744       5.267       9.005      10.786       4.202       0.810       0.475       0.000       0.000       0.000       0.000
   365    12    31  2023     106       0  hru106                 0.310    1199.378    2120.784    1144.640       8.426       0.477       8.140      26.289       0.679       0.004       0.000       0.000      15.439       0.000      12.744       5.267       9.005      10.786       4.202       0.810       0.475       0.000       0.000       0.000       0.000
   365    12    31  2023     107       0  hru107                 0.429    1167.170    2630.512    1154.775       8.418       0.503      17.564      35.017       7.447       0.157       0.000       2.545       9.557       0.222      12.744       5.267       9.005      10.786       4.202       0.810       0.475       0.000       0.000       0.000       0.000
   365    12    31  2023     108       0  hru108                 0.379    1182.063    3582.388     587.346       8.444       7.046       2.875      27.636      10.725       0.002       0.000       0.000     130.360       0.000      12.744       5.267       9.005      10.786       4.202       0.810       0.475       0.000       0.000       0.000       0.000
   365    12    31  2023     109       0  hru109                 0.910    1463.134    3764.592     559.828       8.248      11.510       0.613      59.272      26.345       0.578       0.000      66.023      49.290       4.724      12.744       5.267       9.005      10.786       4.202       0.810       0.475       0.000       0.000       0.000       0.000
   365    12    31  2023     110       0  hru110                 0.487    1187.447    2352.255     980.845       8.162       2.559       0.327      65.683      17.401       0.000       0.000       0.000       7.051       0.000      12.744       5.267       9.005      10.786       4.202       0.810       0.475       0.000       0.000       0.000       0.000
   365    12    31  2023     111       0  hru111                 0.497    1127.196    2269.332     974.956       8.312       0.629      11.866      61.946      27.249       0.000       0.000       0.000       8.693       0.000      12.744       5.267       9.005      10.786       4.202       0.810       0.475       0.000       0.000       0.000       0.000
   365    12    31  2023     112       0  hru112                 0.843    1523.214    4534.913     627.562       8.403      12.050      27.449      61.394      20.361       0.000       0.000       0.000     138.371       0.000      12.744       5.267       9.005      10.786       4.202       0.810       0.475       0.000       0.000       0.000       0.000
   365    12    31  2023     113       0  hru113                 0.963    1875.047    3724.100    1032.486       8.131       3.301       0.113      70.936      36.809       0.000       0.000       0.000       2.630       0.000      12.744       5.267       9.005      10.786       4.202       0.810       0.475       0.000       0.000       0.000       0.000
   365    12    31  2023     114       0  hru114                 0.411    1514.936    5458.831     757.531       8.341       0.230       3.865      55.482       0.000       0.001       0.000       0.000      71.576       0.000      12.744       5.267       9.005      10.786       4.202       0.810       0.475       0.000       0.000       0.000       0.000
   365    12    31  2023     115       0  hru115                 0.514    1327.153    3245.768    1084.314       8.394       0.640      30.407      59.309      14.499       0.009       0.000       0.000       9.612       0.000      12.744       5.267       9.005      10.786       4.202       0.810       0.475       0.000       0.000       0.000       0.000
   365    12    31  2023     116       0  hru116                 0.662    1591.342    2994.173    1117.230       8.217       1.306       2.204      69.433      20.676       0.000       0.000       0.000       5.533       0.000      12.744       5.267       9.005      10.786       4.202       0.810       0.475       0.000       0.000       0.000       0.000
   365    12    31  2023     117       0  hru117                 0.719    1688.672    3101.615    1193.484       8.164       2.348       0.177      66.218      27.366       0.001       0.000       0.000       3.351       0.000      12.744       5.267       9.005      10.786       4.202       0.810       0.475       0.000       0.000       0.000       0.000
   365    12    31  2023     118       0  hru118                 0.768    1804.468    3126.726    1190.769       8.165       2.335       0.170      67.023      27.949       0.000       0.000       0.000       3.077       0.000      12.744       5.267       9.005      10.786       4.202       0.810       0.475       0.000       0.000       0.000       0.000
   365    12    31  2023     119       0  hru119                 0.731    1417.563    3858.138     821.922       8.366       0.621      13.871      69.751      15.099       0.115       0.000      22.796      12.220       4.370      12.744       5.267       9.005      10.786       4.202       0.810       0.475       0.000       0.000       0.000       0.000
   365    12    31  2023     120       0  hru120                 0.477     992.976    1844.365     778.602       8.398       0.000      20.128      66.174      25.311       0.034       0.000       0.000       3.347       0.000      12.744       5.267       9.005      10.786       4.202       0.810       0.475       0.000       0.000       0.000       0.000
   365    12    31  2023     121       0  hru121                 0.563    1334.835    3682.216     636.010       8.440       9.454      18.910      41.593      13.198       0.003       0.000       0.000     144.523       0.000      12.744       5.267       9.005      10.786       4.202       0.810       0.475       0.000       0.000       0.000       0.000
   365    12    31  2023     122       0  hru122                 1.157    2052.863    4305.332     560.707       8.279       8.938       8.974      69.236      42.583       1.195       0.000      66.023      46.057       4.724      12.744       5.267       9.005      10.786       4.202       0.810       0.475       0.000       0.000       0.000       0.000
   365    12    31  2023     123       0  hru123                 0.599    1439.616    3111.889     823.260       8.289      13.069       1.492      49.184      11.929       0.000       0.000       0.000      47.571       0.000      12.744       5.267       9.005      10.786       4.202       0.810       0.475       0.000       0.000       0.000       0.000
   365    12    31  2023     124       0  hru124                 1.029    1748.993    4449.678     556.209       8.225      13.220       1.384      63.706      27.775       1.177       0.000      15.464      43.555       1.939      12.744       5.267       9.005      10.786       4.202       0.810       0.475       0.000       0.000       0.000       0.000
   365    12    31  2023     125       0  hru125                 0.519    1399.485    4174.069    1366.403       8.365       0.698      26.102      38.157      10.319       0.000       0.000       0.000       8.950       0.000      12.744       5.267       9.005      10.786       4.202       0.810       0.475       0.000       0.000       0.000       0.000
   365    12    31  2023     126       0  hru126                 0.476    1295.943    2796.793    1214.709       8.344       0.200       5.457      54.832       9.776       0.105       0.000      21.644       5.775       2.595      12.744       5.267       9.005      10.786       4.202       0.810       0.475       0.000       0.000       0.000       0.000
   365    12    31  2023     127       0  hru127                 0.474    1403.213    3167.863    1356.899       8.411       0.465      38.073      43.771       9.009       0.319       0.000       9.744       7.387       0.822      12.744       5.267       9.005      10.786       4.202       0.810       0.475       0.000       0.000       0.000       0.000
   365    12    31  2023     128       0  hru128                 0.857    1847.950    3670.254    1403.937       8.324       0.940      19.173      55.440      26.898       0.315       0.000       5.699       5.335       0.482      12.744       5.267       9.005      10.786       4.202       0.810       0.475       0.000       0.000       0.000       0.000
   365    12    31  2023     129       0  hru129                 0.619    1824.524    3702.628    1671.271       8.356       0.774      32.307      56.374      12.331       0.000       0.000       0.000       4.236       0.000      12.744       5.267       9.005      10.786       4.202       0.810       0.475       0.000       0.000       0.000       0.000
   365    12    31  2023     130       0  hru130                 0.595    1817.600    5193.139    1398.251       8.346       0.352       7.321      47.868      13.243       0.000       0.000       0.000      55.181       0.000      12.744       5.267       9.005      10.786       4.202       0.810       0.475       0.000       0.000       0.000       0.000
   365    12    31  2023     131       0  hru131                 0.856    1717.291    3749.095    1355.102       8.361       0.800      29.768      64.781      17.713       0.315       0.000      41.878       7.160       3.620      12.744       5.267       9.005      10.786       4.202       0.810       0.475       0.000       0.000       0.000       0.000
   365    12    31  2023     132       0  hru132                 0.925    1862.779    4430.350    1353.271       8.297       1.342      35.575      57.576      29.131       0.105       0.000      14.813      11.697       1.153      12.744       5.267       9.005      10.786       4.202       0.810       0.475       0.000       0.000       0.000       0.000
   365    12    31  2023     133       0  hru133                 0.493    1543.294    6353.988     258.398       8.291       8.507       0.000      32.470       1.986       0.000       0.000       0.000     154.960       0.000      12.744       5.267       9.005      10.786       4.202       0.810       0.475       0.000       0.000       0.000       0.000
   365    12    31  2023     134       0  hru134                 0.981    1600.273    4132.744     541.582       8.361      13.388      31.753      84.120      29.436       0.105       0.000      40.912      87.317       8.179      12.744       5.267       9.005      10.786       4.202       0.810       0.475       0.000       0.000       0.000       0.000
   365    12    31  2023     135       0  hru135                 0.512    2813.949     708.587    2561.539       8.306       0.757       4.047      49.934       0.307       0.013       0.000       0.000      39.375       0.000      12.744       5.267       9.005      10.786       4.202       0.810       0.475       0.000       0.000       0.000       0.000
   365    12    31  2023     136       0  hru136                 2.342      50.494       0.000      41.313       8.508       0.000     112.383      34.788       0.024       2.038       0.000       0.000       5.021       0.000      12.744       5.267       9.005      10.786       4.202       0.810       0.475       0.000       0.000       0.000       0.000
   365    12    31  2023     137       0  hru137                 2.218     983.916    1135.966     572.218       8.435       0.075      42.015      25.500      11.239       0.028       0.000       0.000      12.705       0.000      12.744       5.267       9.005      10.786       4.202       0.810       0.475       0.000       0.000       0.000       0.000
   365    12    31  2023     138       0  hru138                 2.707    1868.380    4208.771    1114.545       8.428       0.376      80.582      49.465      24.292       0.106       0.000      34.214      19.089       2.942      12.744       5.267       9.005      10.786       4.202       0.810       0.475       0.000       0.000       0.000       0.000
   365    12    31  2023     139       0  hru139                 2.260    1656.323    2433.492    1090.897       8.426       0.087       0.553      24.281      17.065       0.001       0.000       0.000      10.109       0.000      12.744       5.267       9.005      10.786       4.202       0.810       0.475       0.000       0.000       0.000       0.000
   365    12    31  2023     140       0  hru140                 2.268    1714.541    2523.510    1113.955       8.251       0.276       0.291      24.664      15.614       0.000       0.000       0.000      12.267       0.000      12.744       5.267       9.005      10.786       4.202       0.810       0.475       0.000       0.000       0.000       0.000
   365    12    31  2023     141       0  hru141                 0.359    1273.730    1697.362    1033.305       8.426       0.301       1.674      36.509      19.683       0.105       0.000       2.865       9.344       0.386      12.744       5.267       9.005      10.786       4.202       0.810       0.475       0.000       0.000       0.000       0.000
   365    12    31  2023     142       0  hru142                 0.802    1834.593    3483.074    1087.635       8.125       1.102       0.000      41.100      38.205       0.262       0.000      13.660       1.970       1.726      12.744       5.267       9.005      10.786       4.202       0.810       0.475       0.000       0.000       0.000       0.000
   365    12    31  2023     143       0  hru143                 0.320    1094.217    1608.688     964.455       8.459       0.156      13.817      36.259      14.922       0.113       0.000      11.612      12.364       1.429      12.744       5.267       9.005      10.786       4.202       0.810       0.475       0.000       0.000       0.000       0.000
   365    12    31  2023     144       0  hru144                 0.418    1194.739    1916.276    1102.269       8.455       0.648      22.240      42.716      17.120       0.004       0.000       0.000      12.582       0.000      12.744       5.267       9.005      10.786       4.202       0.810       0.475       0.000       0.000       0.000       0.000
   365    12    31  2023     145       0  hru145                 0.549    1225.593    2489.724    1060.926       8.316       1.099       5.389      62.906      28.428       0.000       0.000       0.000       8.045       0.000      12.744       5.267       9.005      10.786       4.202       0.810       0.475       0.000       0.000       0.000       0.000
   365    12    31  2023     146       0  hru146                 0.752    1449.480    2417.978     946.312       8.469       0.557      72.092      42.101      22.591       0.332       0.000      20.001      13.856       2.467      12.744       5.267       9.005      10.786       4.202       0.810       0.475       0.000       0.000       0.000       0.000
   365    12    31  2023     147       0  hru147                 0.534    1120.925    2402.328    1093.244       8.504       0.423      96.069      59.531      11.480       0.123       0.000      17.705      20.533       2.124      12.744       5.267       9.005      10.786       4.202       0.810       0.475       0.000       0.000       0.000       0.000
   365    12    31  2023     148       0  hru148                 1.287    1941.912    4409.803     650.610       8.375       1.996      41.551      96.532      37.949       1.782       0.000       0.000       5.794       0.000      12.744       5.267       9.005      10.786       4.202       0.810       0.475       0.000       0.000       0.000       0.000
   365    12    31  2023     149       0  hru149                 2.355     824.298    2318.439     542.738       8.205       4.014       2.194      68.387     102.326       0.160       0.000      11.211       3.062       2.503      12.744       5.267       9.005      10.786       4.202       0.810       0.475       0.000       0.000       0.000       0.000
   365    12    31  2023     150       0  hru150                 2.896    1544.033    3257.464     465.643       8.204       2.768      22.888      81.926      92.290       0.839       0.000      13.602       7.699       2.902      12.744       5.267       9.005      10.786       4.202       0.810       0.475       0.000       0.000       0.000       0.000
   365    12    31  2023     151       0  hru151                 2.752    1138.199    3071.335     394.468       8.432      14.672      63.961      61.344      87.559       0.107       0.000      22.928      86.807       3.493      12.744       5.267       9.005      10.786       4.202       0.810       0.475       0.000       0.000       0.000       0.000
   365    12    31  2023     152       0  hru152                 1.024    1494.758    4239.662     640.932       8.410      12.965      32.317      66.166      22.513       0.625       0.000       0.000      89.852       0.000      12.744       5.267       9.005      10.786       4.202       0.810       0.475       0.000       0.000       0.000       0.000
   365    12    31  2023     153       0  hru153                 1.140    1770.384    4813.661     313.944       8.375      13.691      31.801      85.969      22.803       0.262       0.000      24.895     157.875       4.716      12.744       5.267       9.005      10.786       4.202       0.810       0.475       0.000       0.000       0.000       0.000
   365    12    31  2023     154       0  hru154                 1.248    1917.077    4875.486     278.204       8.382      12.965      35.852      91.565      22.342       0.711       0.000      29.463     158.420       6.504      12.744       5.267       9.005      10.786       4.202       0.810       0.475       0.000       0.000       0.000       0.000
   365    12    31  2023     155       0  hru155                 1.165    1833.912    3707.796     769.213       8.369       1.767      54.091      88.783      36.400       0.550       0.000       0.000       9.128       0.000      12.744       5.267       9.005      10.786       4.202       0.810       0.475       0.000       0.000       0.000       0.000
   365    12    31  2023     156       0  hru156                 1.186    2089.908    4507.855     952.486       8.110       1.486       0.384      72.612      46.006       1.228       0.000      23.059       2.571       2.819      12.744       5.267       9.005      10.786       4.202       0.810       0.475       0.000       0.000       0.000       0.000
   365    12    31  2023     157       0  hru157                 0.859    1557.577    4723.598     633.988       8.382      13.274      32.986      94.544      22.963       0.105       0.000      11.612     172.969       1.429      12.744       5.267       9.005      10.786       4.202       0.810       0.475       0.000       0.000       0.000       0.000
   365    12    31  2023     158       0  hru158                 1.373    2215.673    4341.419     534.561       8.340      16.978      28.710      85.597      48.450       0.907       0.000      19.741      75.377       1.522      12.744       5.267       9.005      10.786       4.202       0.810       0.475       0.000       0.000       0.000       0.000
   365    12    31  2023     159       0  hru159                 1.317    2185.075    3296.757    1315.332       8.332       1.826      50.896      92.748      39.463       1.348       0.000       7.861       7.901       0.663      12.744       5.267       9.005      10.786       4.202       0.810       0.475       0.000       0.000       0.000       0.000
   365    12    31  2023     160       0  hru160                 0.466    1740.124    3638.343    1201.012       8.362       9.181       1.510      54.665       4.125       0.040       0.000       0.000      90.720       0.000      12.744       5.267       9.005      10.786       4.202       0.810       0.475       0.000       0.000       0.000       0.000
   365    12    31  2023     161       0  hru161                 0.682    2453.300    9084.874     966.862       8.321       0.296      20.574      90.567       4.582       0.577       0.000       3.761     159.295       0.323      12.744       5.267       9.005      10.786       4.202       0.810       0.475       0.000       0.000       0.000       0.000
   365    12    31  2023     162       0  hru162                 2.864    1155.292    2738.748     685.448       8.435       8.659     101.669      75.597      58.632       0.000       0.000       0.000      99.099       0.000      12.744       5.267       9.005      10.786       4.202       0.810       0.475       0.000       0.000       0.000       0.000
   365    12    31  2023     163       0  hru163                 2.510   72487.203       0.000    2503.272       8.192       5.020       3.421     117.625     117.088       0.028       0.000     406.033       2.506      53.060      12.744       5.267       9.005      10.786       4.202       0.810       0.475       0.000       0.000       0.000       0.000
   365    12    31  2023     164       0  hru164                 2.510   64327.180       0.000    2215.562       8.403       0.238       0.467     117.625     147.579       0.065       0.000     306.492       0.509      41.227      12.744       5.267       9.005      10.786       4.202       0.810       0.475       0.000       0.000       0.000       0.000
   365    12    31  2023     165       0  hru165                 2.510   63381.066       0.000    2220.244       8.306       1.637      33.456     117.625     144.738       0.071       0.000     303.124       5.062      40.746      12.744       5.267       9.005      10.786       4.202       0.810       0.475       0.000       0.000       0.000       0.000
   365    12    31  2023     166       0  hru166                 2.510   47645.426       0.000    1620.307       8.607       0.242     198.181     117.625      59.049       0.375       0.000     281.465       7.581      37.444      12.744       5.267       9.005      10.786       4.202       0.810       0.475       0.000       0.000       0.000       0.000
   365    12    31  2023     167       0  hru167                 2.510   71063.555       0.000    2456.627       8.274       1.893      10.737     117.625     122.546       0.032       0.000     386.450       2.772      50.857      12.744       5.267       9.005      10.786       4.202       0.810       0.475       0.000       0.000       0.000       0.000
   365    12    31  2023     168       0  hru168                 2.510   72896.672       0.000    2528.830       8.188       5.261       6.881     117.625     115.906       0.027       0.000     411.326       2.875      53.654      12.744       5.267       9.005      10.786       4.202       0.810       0.475       0.000       0.000       0.000       0.000
   365    12    31  2023     169       0  hru169                 2.510   71179.625       0.000    2473.489       8.279       2.744      24.598     117.625     121.644       0.031       0.000     386.646       3.935      50.878      12.744       5.267       9.005      10.786       4.202       0.810       0.475       0.000       0.000       0.000       0.000
   365    12    31  2023     170       0  hru170                 2.510   72689.930       0.000    2508.788       8.128       7.128       0.135     117.625     115.400       0.027       0.000     410.109       1.509      53.391      12.744       5.267       9.005      10.786       4.202       0.810       0.475       0.000       0.000       0.000       0.000
   365    12    31  2023     171       0  hru171                 2.286    1134.561    1889.581    1177.332       8.289       0.128       3.391      21.268      24.454       0.003       0.000       0.000       3.155       0.000      12.744       5.267       9.005      10.786       4.202       0.810       0.475       0.000       0.000       0.000       0.000
   365    12    31  2023     172       0  hru172                 2.486     770.489    1447.182     620.688       8.408       0.016      55.646      32.417      24.873       0.003       0.000       0.000       9.450       0.000      12.744       5.267       9.005      10.786       4.202       0.810       0.475       0.000       0.000       0.000       0.000
   365    12    31  2023     173       0  hru173                 2.227    1159.640    2220.366    1046.339       8.145       6.936       0.849      28.184      99.332       0.000       0.000       0.000       2.998       0.000      12.744       5.267       9.005      10.786       4.202       0.810       0.475       0.000       0.000       0.000       0.000
   365    12    31  2023     174       0  hru174                 2.330    2232.675    4822.238    1655.282       8.229       3.798       2.337      48.491      53.006       0.318       0.000       1.428      10.209       0.128      12.744       5.267       9.005      10.786       4.202       0.810       0.475       0.000       0.000       0.000       0.000
   365    12    31  2023     175       0  hru175                 3.093    1909.185    4548.349     547.892       8.286       8.936       2.610      70.553      78.230       0.738       0.000      19.303      44.987       2.467      12.744       5.267       9.005      10.786       4.202       0.810       0.475       0.000       0.000       0.000       0.000
   365    12    31  2023     176       0  hru176                 2.840    1766.098    4257.736    1019.191       8.358       4.261      16.462      50.651      70.172       0.000       0.000       0.000      44.140       0.000      12.744       5.267       9.005      10.786       4.202       0.810       0.475       0.000       0.000       0.000       0.000
   365    12    31  2023     177       0  hru177                 2.510   72641.859       0.000    2520.688       8.182       5.395       5.737     117.625     116.621       0.027       0.000     407.909       2.710      53.250      12.744       5.267       9.005      10.786       4.202       0.810       0.475       0.000       0.000       0.000       0.000
   365    12    31  2023     178       0  hru178                 2.510   72939.531       0.000    2530.185       8.194       5.081       7.717     117.625     115.799       0.027       0.000     411.892       2.956      53.718      12.744       5.267       9.005      10.786       4.202       0.810       0.475       0.000       0.000       0.000       0.000
   365    12    31  2023     179       0  hru179                 2.510   65023.422       0.000    2237.000       8.369       0.688       2.260     117.625     144.860       0.060       0.000     314.228       0.665      42.212      12.744       5.267       9.005      10.786       4.202       0.810       0.475       0.000       0.000       0.000       0.000
   365    12    31  2023     180       0  hru180                 2.419    1272.865    3722.099    1167.791       8.280       2.305       0.015      34.948      27.903       0.105       0.000      37.535      10.258       3.266      12.744       5.267       9.005      10.786       4.202       0.810       0.475       0.000       0.000       0.000       0.000
   365    12    31  2023     181       0  hru181                 1.025    1704.050    4496.218     606.959       8.275      11.493       2.641      62.548      25.645       0.424       0.000      26.169      47.011       3.176      12.744       5.267       9.005      10.786       4.202       0.810       0.475       0.000       0.000       0.000       0.000
   365    12    31  2023     182       0  hru182                 0.966    1776.046    4498.402     578.969       8.280      12.691       0.013      60.947      23.845       1.262       0.000      23.059      43.252       2.819      12.744       5.267       9.005      10.786       4.202       0.810       0.475       0.000       0.000       0.000       0.000
   365    12    31  2023     183       0  hru183                 1.175    2234.572    5471.692     958.710       8.054       2.465       0.063      67.370      40.638       0.930       0.000      20.001       4.631       2.467      12.744       5.267       9.005      10.786       4.202       0.810       0.475       0.000       0.000       0.000       0.000
   365    12    31  2023     184       0  hru184                 1.247    2056.455    4560.253     855.055       8.320       1.561      32.039      84.379      31.657       0.719       0.000       0.000       5.252       0.000      12.744       5.267       9.005      10.786       4.202       0.810       0.475       0.000       0.000       0.000       0.000
   365    12    31  2023     185       0  hru185                 1.396    2157.062    5182.573     745.353       8.306       2.846      29.222      82.898      38.274       1.813       0.000       0.000       5.639       0.000      12.744       5.267       9.005      10.786       4.202       0.810       0.475       0.000       0.000       0.000       0.000
   365    12    31  2023     186       0  hru186                 0.502    1470.276    1932.678    1512.230       8.460       0.653      39.850      45.220       7.302       0.001       0.000       0.000      10.516       0.000      12.744       5.267       9.005      10.786       4.202       0.810       0.475       0.000       0.000       0.000       0.000
   365    12    31  2023     187       0  hru187                 0.549    1723.764    2286.830    1741.683       8.431       0.716      29.232      54.942       3.265       0.367       0.000       1.574      10.580       0.140      12.744       5.267       9.005      10.786       4.202       0.810       0.475       0.000       0.000       0.000       0.000
   365    12    31  2023     188       0  hru188                 0.492    1304.909    3176.165    1207.011       8.376       0.575      16.067      37.149       8.879       0.004       0.000       0.000       6.317       0.000      12.744       5.267       9.005      10.786       4.202       0.810       0.475       0.000       0.000       0.000       0.000
   365    12    31  2023     189       0  hru189                 0.493    1538.641    3113.552    1505.768       8.404       0.537      27.246      43.066      16.719       0.000       0.000       0.000       5.935       0.000      12.744       5.267       9.005      10.786       4.202       0.810       0.475       0.000       0.000       0.000       0.000
   365    12    31  2023     190       0  hru190                 0.509    2291.341    1930.045    2148.085       8.477       0.599      19.469      56.923       5.783       0.105       0.000       2.512      39.199       0.340      12.744       5.267       9.005      10.786       4.202       0.810       0.475       0.000       0.000       0.000       0.000
   365    12    31  2023     191       0  hru191                 0.955    1679.550    3118.484     744.161       8.408       1.912      43.130      80.253      22.266       1.264       0.000       0.000       6.034       0.000      12.744       5.267       9.005      10.786       4.202       0.810       0.475       0.000       0.000       0.000       0.000
   365    12    31  2023     192       0  hru192                 1.292    1989.906    3380.312     934.753       8.332       2.549      41.192      95.125      33.850       0.375       0.000       0.000       7.916       0.000      12.744       5.267       9.005      10.786       4.202       0.810       0.475       0.000       0.000       0.000       0.000
   365    12    31  2023     193       0  hru193                 2.293    1100.115    3016.242     857.401       8.439       0.761      49.321      30.425      53.342       0.000       0.000       0.000     122.299       0.000      12.744       5.267       9.005      10.786       4.202       0.810       0.475       0.000       0.000       0.000       0.000
   365    12    31  2023     194       0  hru194                 0.461    1635.738    2244.357    1729.338       8.467       0.496      29.995      52.995       2.910       0.372       0.000       1.353      11.991       0.121      12.744       5.267       9.005      10.786       4.202       0.810       0.475       0.000       0.000       0.000       0.000
   365    12    31  2023     195       0  hru195                 0.477    2085.240    4748.183    1790.678       8.389       0.823      11.707      24.545       4.938       0.040       0.000       0.000      82.325       0.000      12.744       5.267       9.005      10.786       4.202       0.810       0.475       0.000       0.000       0.000       0.000
   365    12    31  2023     196       0  hru196                 0.473    1940.084    4610.672    1763.203       8.367       0.874       7.091      25.151       4.195       0.000       0.000       0.000      69.569       0.000      12.744       5.267       9.005      10.786       4.202       0.810       0.475       0.000       0.000       0.000       0.000
   365    12    31  2023     197       0  hru197                 0.483    2123.957    5000.918    1746.374       8.315       0.250       0.000      23.663      10.524       0.000       0.000       0.000       3.983       0.000      12.744       5.267       9.005      10.786       4.202       0.810       0.475       0.000       0.000       0.000       0.000
   365    12    31  2023     198       0  hru198                 0.704    2205.334    4819.521    1653.979       8.356       0.248      22.203      35.648      18.965       0.004       0.000       0.000      45.759       0.000      12.744       5.267       9.005      10.786       4.202       0.810       0.475       0.000       0.000       0.000       0.000
   365    12    31  2023     199       0  hru199                 0.627    2172.948    4544.608    1839.520       8.408       0.968      23.937      31.322      15.416       0.106       0.000       8.481      91.731       0.669      12.744       5.267       9.005      10.786       4.202       0.810       0.475       0.000       0.000       0.000       0.000
   365    12    31  2023     200       0  hru200                 0.656    2237.279    4591.939    1879.754       8.379       1.334      18.236      32.766      15.383       0.105       0.000      22.566      86.520       1.732      12.744       5.267       9.005      10.786       4.202       0.810       0.475       0.000       0.000       0.000       0.000
   365    12    31  2023     201       0  hru201                 0.795    1678.944    3860.419    1004.164       8.261      13.779       0.207      71.735      21.680       0.000       0.000       0.000      22.721       0.000      12.744       5.267       9.005      10.786       4.202       0.810       0.475       0.000       0.000       0.000       0.000
   365    12    31  2023     202       0  hru202                 0.686    1681.918    3300.963    1468.790       8.388       0.993      27.996      88.834      18.978       0.000       0.000       0.000       6.984       0.000      12.744       5.267       9.005      10.786       4.202       0.810       0.475       0.000       0.000       0.000       0.000
   365    12    31  2023     203       0  hru203                 0.983    2110.110    4308.854    1246.924       8.122       1.171       0.100      89.658      29.083       1.963       0.000       0.000       1.436       0.000      12.744       5.267       9.005      10.786       4.202       0.810       0.475       0.000       0.000       0.000       0.000
   365    12    31  2023     204       0  hru204                 0.763    1997.821    3562.723    1680.684       8.361       0.857      38.971      95.571      15.576       0.372       0.000       2.865       5.558       0.386      12.744       5.267       9.005      10.786       4.202       0.810       0.475       0.000       0.000       0.000       0.000
   365    12    31  2023     205       0  hru205                 2.941    1841.264    3051.175    1047.996       8.118       3.107       0.044      66.258      82.583       0.000       0.000       0.000       3.804       0.000      12.744       5.267       9.005      10.786       4.202       0.810       0.475       0.000       0.000       0.000       0.000
   365    12    31  2023     206       0  hru206                 2.887    1549.755    2539.768     996.067       8.383       0.729      62.757      65.909      70.087       0.000       0.000       0.000      15.965       0.000      12.744       5.267       9.005      10.786       4.202       0.810       0.475       0.000       0.000       0.000       0.000
   365    12    31  2023     207       0  hru207                 1.127    2042.691    4385.890     939.919       8.291      11.745      14.733      58.739      40.026       0.315       0.000      48.501      42.871       4.422      12.744       5.267       9.005      10.786       4.202       0.810       0.475       0.000       0.000       0.000       0.000
   365    12    31  2023     208       0  hru208                 0.464    1196.218    2227.195     939.248       8.417       0.153      12.468      58.865      26.231       0.157       0.000       6.736      10.477       0.861      12.744       5.267       9.005      10.786       4.202       0.810       0.475       0.000       0.000       0.000       0.000
   365    12    31  2023     209       0  hru209                 0.453    1446.157    2748.092    1063.668       8.419       0.680      35.738      75.443      10.430       0.159       0.000       2.865      12.162       0.386      12.744       5.267       9.005      10.786       4.202       0.810       0.475       0.000       0.000       0.000       0.000
   365    12    31  2023     210       0  hru210                 0.713    1357.742    3341.417    1228.493       8.422       0.694      59.273      81.030      19.016       0.020       0.000       0.000      10.756       0.000      12.744       5.267       9.005      10.786       4.202       0.810       0.475       0.000       0.000       0.000       0.000
   365    12    31  2023     211       0  hru211                 0.619    1628.795    3848.725    1283.271       8.381       0.743      34.000      65.231      16.597       0.315       0.000       5.690       7.854       0.482      12.744       5.267       9.005      10.786       4.202       0.810       0.475       0.000       0.000       0.000       0.000
   365    12    31  2023     212       0  hru212                 0.478    2071.010    4370.199    1734.454       8.162       0.573       0.593      51.813       2.481       0.000       0.000       0.000      43.861       0.000      12.744       5.267       9.005      10.786       4.202       0.810       0.475       0.000       0.000       0.000       0.000
   365    12    31  2023     213       0  hru213                 1.100    2310.807    3997.608    1492.658       8.306       1.378      42.961      87.967      37.806       0.105       0.000      20.953       7.153       1.612      12.744       5.267       9.005      10.786       4.202       0.810       0.475       0.000       0.000       0.000       0.000
   365    12    31  2023     214       0  hru214                 0.720    1556.474    3460.344    1171.536       8.374       0.828      39.990      97.660      27.425       0.135       0.000       0.000      10.194       0.000      12.744       5.267       9.005      10.786       4.202       0.810       0.475       0.000       0.000       0.000       0.000
   365    12    31  2023     215       0  hru215                 0.812    1530.421    3445.414    1188.059       8.385       0.834      40.595      98.547      26.368       0.181       0.000       0.000      10.179       0.000      12.744       5.267       9.005      10.786       4.202       0.810       0.475       0.000       0.000       0.000       0.000
   365    12    31  2023     216       0  hru216                 0.627    1748.575    5087.827    1103.763       8.367       1.155      29.823      92.990      13.402       0.315       0.000       8.845      62.869       0.746      12.744       5.267       9.005      10.786       4.202       0.810       0.475       0.000       0.000       0.000       0.000
   365    12    31  2023     217       0  hru217                 0.753    1825.816    3759.142    1314.216       8.398       1.100      63.692     107.653      23.706       0.882       0.000       7.921       9.105       1.001      12.744       5.267       9.005      10.786       4.202       0.810       0.475       0.000       0.000       0.000       0.000
   365    12    31  2023     218       0  hru218                 0.854    1948.283    4722.913    1295.573       8.338       0.985      29.142      88.612      28.229       0.105       0.000       1.010      11.216       0.091      12.744       5.267       9.005      10.786       4.202       0.810       0.475       0.000       0.000       0.000       0.000
   365    12    31  2023     219       0  hru219                 0.870    1698.738    3622.104    1177.012       8.336       0.908      31.036      69.347      24.662       0.714       0.000       3.316       9.849       0.286      12.744       5.267       9.005      10.786       4.202       0.810       0.475       0.000       0.000       0.000       0.000
   365    12    31  2023     220       0  hru220                 1.095    1986.458    4126.556    1223.645       8.241       1.518      33.670      64.833      43.253       0.000       0.000       0.000      10.359       0.000      12.744       5.267       9.005      10.786       4.202       0.810       0.475       0.000       0.000       0.000       0.000
   365    12    31  2023     221       0  hru221                 3.030    1582.097    3189.024     592.419       8.280       1.035       8.729      70.347     117.632       2.513       0.000      23.487       1.063       3.483      12.744       5.267       9.005      10.786       4.202       0.810       0.475       0.000       0.000       0.000       0.000
   365    12    31  2023     222       0  hru222                 1.027      70.968     169.800      38.584       8.563       0.000     161.238      63.339       2.039       0.962       0.000       0.000      61.989       0.000      12.744       5.267       9.005      10.786       4.202       0.810       0.475       0.000       0.000       0.000       0.000
   365    12    31  2023     223       0  hru223                 0.692    1596.547    3946.880     990.158       8.429      10.157      21.097      47.769      17.202       0.002       0.000       0.000     143.692       0.000      12.744       5.267       9.005      10.786       4.202       0.810       0.475       0.000       0.000       0.000       0.000
   365    12    31  2023     224       0  hru224                 1.213    2172.466    4309.433     684.716       8.244      17.408       0.138      80.018      33.295       1.932       0.000      17.573      29.775       2.186      12.744       5.267       9.005      10.786       4.202       0.810       0.475       0.000       0.000       0.000       0.000
   365    12    31  2023     225       0  hru225                 0.922    2335.420    6370.774     972.285       7.924       2.717       0.457      87.068      30.633       0.001       0.000       0.000      25.871       0.000      12.744       5.267       9.005      10.786       4.202       0.810       0.475       0.000       0.000       0.000       0.000
   365    12    31  2023     226       0  hru226                 0.996    2408.138    6532.852    1002.179       8.261       0.879      31.897      86.150      31.157       0.000       0.000       0.000      49.204       0.000      12.744       5.267       9.005      10.786       4.202       0.810       0.475       0.000       0.000       0.000       0.000
   365    12    31  2023     227       0  hru227                 0.741    1686.844    3552.920    1285.008       7.999       3.668       0.913      88.823      33.427       0.000       0.000       0.000       4.105       0.000      12.744       5.267       9.005      10.786       4.202       0.810       0.475       0.000       0.000       0.000       0.000
   365    12    31  2023     228       0  hru228                 1.305    2182.524    4393.559     497.767       8.333      20.215      38.290      81.705      45.795       1.056       0.000      26.698      84.541       3.765      12.744       5.267       9.005      10.786       4.202       0.810       0.475       0.000       0.000       0.000       0.000
   365    12    31  2023     229       0  hru229                 1.081    1956.423    4073.064     709.172       8.202      18.618       0.478      62.389      36.639       0.000       0.000       0.000      35.138       0.000      12.744       5.267       9.005      10.786       4.202       0.810       0.475       0.000       0.000       0.000       0.000
   365    12    31  2023     230       0  hru230                 1.588    2655.991    4744.792     812.733       7.786       7.322       0.845      92.247      63.934       0.725       0.000      28.285       4.161       2.932      12.744       5.267       9.005      10.786       4.202       0.810       0.475       0.000       0.000       0.000       0.000
   365    12    31  2023     231       0  hru231                 1.083    1602.928    3618.165     604.057       8.402      14.763      43.324      75.887      27.680       1.548       0.000      22.044      90.703       1.906      12.744       5.267       9.005      10.786       4.202       0.810       0.475       0.000       0.000       0.000       0.000
   365    12    31  2023     232       0  hru232                 1.190    2084.453    4598.067     892.175       8.029       3.589       0.113      73.166      40.062       0.367       0.000      20.001       3.938       2.467      12.744       5.267       9.005      10.786       4.202       0.810       0.475       0.000       0.000       0.000       0.000
   365    12    31  2023     233       0  hru233                 1.208    2146.238    4603.044     893.908       8.040       3.573       0.156      71.755      39.834       1.328       0.000      26.169       4.384       3.176      12.744       5.267       9.005      10.786       4.202       0.810       0.475       0.000       0.000       0.000       0.000
   365    12    31  2023     234       0  hru234                 0.930    1683.634    4518.005     401.449       8.281      15.370       0.051      66.098      21.182       0.382       0.000       0.000      48.211       0.000      12.744       5.267       9.005      10.786       4.202       0.810       0.475       0.000       0.000       0.000       0.000
   365    12    31  2023     235       0  hru235                 1.156    2103.175    3549.405    1189.816       8.344       2.009      54.894     100.848      35.050       1.164       0.000      37.535      10.367       3.266      12.744       5.267       9.005      10.786       4.202       0.810       0.475       0.000       0.000       0.000       0.000
   365    12    31  2023     236       0  hru236                 1.465    2315.618    4694.596     794.772       8.214       3.391      32.078     111.770      60.312       1.875       0.000       9.410       6.079       1.175      12.744       5.267       9.005      10.786       4.202       0.810       0.475       0.000       0.000       0.000       0.000
   365    12    31  2023     237       0  hru237                 1.411    2010.719    3886.865     505.055       8.233      21.098       0.093      84.355      48.232       0.907       0.000      17.573      28.679       2.186      12.744       5.267       9.005      10.786       4.202       0.810       0.475       0.000       0.000       0.000       0.000
   365    12    31  2023     238       0  hru238                 1.343    2367.432    4411.498    1064.118       8.237       1.911      24.514      81.803      52.846       0.908       0.000      32.184       7.793       7.807      12.744       5.267       9.005      10.786       4.202       0.810       0.475       0.000       0.000       0.000       0.000
   365    12    31  2023     239       0  hru239                 2.510   69596.242       0.000    2427.510       8.098       6.989      11.860     117.625     125.268       0.037       0.000     370.285       3.430      48.654      12.744       5.267       9.005      10.786       4.202       0.810       0.475       0.000       0.000       0.000       0.000
   365    12    31  2023     240       0  hru240                 2.510   58494.172       0.000    2061.440       8.446       0.413      81.339     117.625     163.627       0.136       0.000     251.166       1.631      34.133      12.744       5.267       9.005      10.786       4.202       0.810       0.475       0.000       0.000       0.000       0.000
   365    12    31  2023     241       0  hru241                 2.510   70625.047       0.000    2458.261       8.318       1.654       1.339     117.625     124.008       0.033       0.000     383.242       1.427      50.477      12.744       5.267       9.005      10.786       4.202       0.810       0.475       0.000       0.000       0.000       0.000
   365    12    31  2023     242       0  hru242                 2.510   71402.555       0.000    2482.709       8.321       1.759       5.478     117.625     121.277       0.031       0.000     394.566       1.974      51.795      12.744       5.267       9.005      10.786       4.202       0.810       0.475       0.000       0.000       0.000       0.000
   365    12    31  2023     243       0  hru243                 2.510   71734.672       0.000    2495.424       7.986      10.858       1.872     117.625     116.156       0.030       0.000     401.092       2.601      52.002      12.744       5.267       9.005      10.786       4.202       0.810       0.475       0.000       0.000       0.000       0.000
   365    12    31  2023     244       0  hru244                 2.510   71437.359       0.000    2484.467       8.312       2.025       2.431     117.625     121.188       0.031       0.000     394.521       1.647      51.796      12.744       5.267       9.005      10.786       4.202       0.810       0.475       0.000       0.000       0.000       0.000
   365    12    31  2023     245       0  hru245                 2.510   71014.125       0.000    2472.255       8.299       2.310       0.157     117.625     122.641       0.032       0.000     388.204       0.912      51.063      12.744       5.267       9.005      10.786       4.202       0.810       0.475       0.000       0.000       0.000       0.000
   365    12    31  2023     246       0  hru246                 0.548   28637.643       0.000    1025.985       8.526       0.245     122.772     140.090     113.596       0.734       0.000      82.461       1.956      21.777      12.744       5.267       9.005      10.786       4.202       0.810       0.475       0.000       0.000       0.000       0.000
   365    12    31  2023     247       0  hru247                 1.504    2193.336    4095.252     352.200       8.348      14.419      37.080     101.519      40.615       1.522       0.000      40.388      80.549       8.570      12.744       5.267       9.005      10.786       4.202       0.810       0.475       0.000       0.000       0.000       0.000
   365    12    31  2023     248       0  hru248                 0.683    1472.535    3764.536     929.011       8.396      12.486      21.984      45.958      14.838       0.105       0.000       0.961      85.316       0.087      12.744       5.267       9.005      10.786       4.202       0.810       0.475       0.000       0.000       0.000       0.000
   365    12    31  2023     249       0  hru249                 0.738    1598.647    3889.741     909.628       8.388      12.382      21.246      47.361      16.466       0.105       0.000       1.428      83.630       0.128      12.744       5.267       9.005      10.786       4.202       0.810       0.475       0.000       0.000       0.000       0.000
   365    12    31  2023     250       0  hru250                 1.374    1951.307    3588.510     590.450       8.341      23.289      41.769      88.187      47.349       1.130       0.000       0.000      62.633       0.000      12.744       5.267       9.005      10.786       4.202       0.810       0.475       0.000       0.000       0.000       0.000
   365    12    31  2023     251       0  hru251                 2.510   70517.570       0.000    2454.776       8.311       1.888       0.965     117.625     124.284       0.033       0.000     382.405       1.209      50.379      12.744       5.267       9.005      10.786       4.202       0.810       0.475       0.000       0.000       0.000       0.000
   365    12    31  2023     252       0  hru252                 2.510   28519.920       0.000    1005.606       8.574       0.025     234.571     117.625      19.628       0.720       0.000     171.768       5.019      20.969      12.744       5.267       9.005      10.786       4.202       0.810       0.475       0.000       0.000       0.000       0.000
   365    12    31  2023     253       0  hru253                 2.510   67171.227       0.000    2344.756       8.381       0.437      26.651     117.625     135.568       0.047       0.000     343.908       2.495      45.694      12.744       5.267       9.005      10.786       4.202       0.810       0.475       0.000       0.000       0.000       0.000
   365    12    31  2023     254       0  hru254                 2.510   68901.195       0.000    2402.488       8.329       1.545       5.278     117.625     129.669       0.039       0.000     362.536       1.514      47.980      12.744       5.267       9.005      10.786       4.202       0.810       0.475       0.000       0.000       0.000       0.000
   365    12    31  2023     255       0  hru255                 2.510   71338.359       0.000    2481.309       8.308       2.119       1.377     117.625     121.511       0.031       0.000     393.057       1.466      51.627      12.744       5.267       9.005      10.786       4.202       0.810       0.475       0.000       0.000       0.000       0.000
   365    12    31  2023     256       0  hru256                 2.510   73185.469       0.000    2526.085       8.343       2.279      43.984     117.625     112.879       0.024       0.000     418.457       2.684      54.597      12.744       5.267       9.005      10.786       4.202       0.810       0.475       0.000       0.000       0.000       0.000
   365    12    31  2023     257       0  hru257                 2.510   71190.766       0.000    2477.232       8.303       2.231       0.546     117.625     121.996       0.031       0.000     390.916       1.202      51.377      12.744       5.267       9.005      10.786       4.202       0.810       0.475       0.000       0.000       0.000       0.000
   365    12    31  2023     258       0  hru258                 2.510   69712.844       0.000    2428.507       8.345       1.209      14.259     117.625     126.817       0.036       0.000     373.162       2.220      49.248      12.744       5.267       9.005      10.786       4.202       0.810       0.475       0.000       0.000       0.000       0.000
   365    12    31  2023     259       0  hru259                 2.510   73177.266       0.000    2525.782       8.344       2.264      44.432     117.625     112.810       0.024       0.000     418.513       2.696      54.605      12.744       5.267       9.005      10.786       4.202       0.810       0.475       0.000       0.000       0.000       0.000
   365    12    31  2023     260       0  hru260                 2.510   72752.906       0.000    2510.360       8.373       1.820      53.702     117.625     112.450       0.025       0.000     415.491       2.933      54.285      12.744       5.267       9.005      10.786       4.202       0.810       0.475       0.000       0.000       0.000       0.000
   365    12    31  2023     261       0  hru261                 2.510   72343.688       0.000    2496.387       8.376       1.894      58.528     117.625     112.406       0.027       0.000     412.366       3.050      53.914      12.744       5.267       9.005      10.786       4.202       0.810       0.475       0.000       0.000       0.000       0.000
   365    12    31  2023     262       0  hru262                 2.510   71100.672       0.000    2475.025       8.300       2.278       0.289     117.625     122.312       0.032       0.000     389.512       1.050      51.217      12.744       5.267       9.005      10.786       4.202       0.810       0.475       0.000       0.000       0.000       0.000
   365    12    31  2023     263       0  hru263                 2.510   72777.992       0.000    2512.607       8.366       1.790      50.940     117.625     112.979       0.025       0.000     414.687       2.813      54.195      12.744       5.267       9.005      10.786       4.202       0.810       0.475       0.000       0.000       0.000       0.000
   365    12    31  2023     264       0  hru264                 2.510   61919.387       0.000    2160.573       8.504       0.283     125.843     117.625     119.360       0.077       0.000     319.907       5.200      42.689      12.744       5.267       9.005      10.786       4.202       0.810       0.475       0.000       0.000       0.000       0.000
   365    12    31  2023     265       0  hru265                 2.510   68574.227       0.000    2393.850       8.307       2.133       0.499     117.625     130.916       0.041       0.000     356.956       0.884      47.326      12.744       5.267       9.005      10.786       4.202       0.810       0.475       0.000       0.000       0.000       0.000
   365    12    31  2023     266       0  hru266                 2.510   70999.961       0.000    2471.802       8.298       2.318       0.142     117.625     122.695       0.032       0.000     387.974       0.890      51.036      12.744       5.267       9.005      10.786       4.202       0.810       0.475       0.000       0.000       0.000       0.000
   365    12    31  2023     267       0  hru267                 2.510   71292.320       0.000    2479.822       8.306       2.161       1.024     117.625     121.637       0.031       0.000     392.447       1.379      51.552      12.744       5.267       9.005      10.786       4.202       0.810       0.475       0.000       0.000       0.000       0.000
   365    12    31  2023     268       0  hru268                 2.510   70224.391       0.000    2446.029       8.312       1.689       1.219     117.625     125.241       0.034       0.000     378.790       1.192      49.953      12.744       5.267       9.005      10.786       4.202       0.810       0.475       0.000       0.000       0.000       0.000
   365    12    31  2023     269       0  hru269                 2.510   70088.531       0.000    2442.064       8.309       1.798       1.117     117.625     125.647       0.035       0.000     377.405       1.083      49.789      12.744       5.267       9.005      10.786       4.202       0.810       0.475       0.000       0.000       0.000       0.000
   365    12    31  2023     270       0  hru270                 2.510   70133.781       0.000    2443.179       8.305       1.971       0.017     117.625     125.851       0.035       0.000     374.395       0.668      49.464      12.744       5.267       9.005      10.786       4.202       0.810       0.475       0.000       0.000       0.000       0.000
   365    12    31  2023     271       0  hru271                 2.510   70461.180       0.000    2437.559       8.205       4.608      23.568     117.625     122.458       0.034       0.000     383.925       3.965      50.412      12.744       5.267       9.005      10.786       4.202       0.810       0.475       0.000       0.000       0.000       0.000
   365    12    31  2023     272       0  hru272                 2.510   71333.359       0.000    2466.426       8.071       8.342       6.004     117.625     118.594       0.031       0.000     395.551       2.962      51.544      12.744       5.267       9.005      10.786       4.202       0.810       0.475       0.000       0.000       0.000       0.000
   365    12    31  2023     273       0  hru273                 2.510   70486.453       0.000    2439.127       8.208       4.567      28.463     117.625     122.341       0.033       0.000     382.932       4.152      50.317      12.744       5.267       9.005      10.786       4.202       0.810       0.475       0.000       0.000       0.000       0.000
   365    12    31  2023     274       0  hru274                 1.597    2175.190    4052.338     371.891       8.369      12.904      51.449     101.515      44.019       1.661       0.000      32.468      83.151       5.955      12.744       5.267       9.005      10.786       4.202       0.810       0.475       0.000       0.000       0.000       0.000
   365    12    31  2023     275       0  hru275                 1.464    1972.080    3798.997     374.610       8.382      15.439      61.859      98.421      38.922       0.890       0.000      39.126      89.393       8.567      12.744       5.267       9.005      10.786       4.202       0.810       0.475       0.000       0.000       0.000       0.000
   365    12    31  2023     276       0  hru276                 1.373    1976.397    3353.084     534.504       8.354      22.489      43.398      89.696      44.433       0.842       0.000       0.000      69.917       0.000      12.744       5.267       9.005      10.786       4.202       0.810       0.475       0.000       0.000       0.000       0.000
   365    12    31  2023     277       0  hru277                 1.400    1943.617    3538.807     559.639       8.350      22.327      47.875      88.420      47.506       1.100       0.000       0.000      64.139       0.000      12.744       5.267       9.005      10.786       4.202       0.810       0.475       0.000       0.000       0.000       0.000
   365    12    31  2023     278       0  hru278                 2.510   70409.500       0.000    2452.355       8.343       0.871       3.324     117.625     125.126       0.034       0.000     377.625       0.258      49.847      12.744       5.267       9.005      10.786       4.202       0.810       0.475       0.000       0.000       0.000       0.000
   365    12    31  2023     279       0  hru279                 2.510   73354.359       0.000    2530.278       8.304       2.405      28.768     117.625     114.483       0.023       0.000     419.815       0.615      54.727      12.744       5.267       9.005      10.786       4.202       0.810       0.475       0.000       0.000       0.000       0.000
   365    12    31  2023     280       0  hru280                 2.510   73748.703       0.000    2544.118       8.299       2.499      26.848     117.625     113.283       0.021       0.000     425.016       0.621      55.328      12.744       5.267       9.005      10.786       4.202       0.810       0.475       0.000       0.000       0.000       0.000
   365    12    31  2023     281       0  hru281                 0.549   28823.703       0.000    1032.982       8.502       0.000       4.263     140.090     118.928       0.734       0.000      81.108       0.103      21.523      12.744       5.267       9.005      10.786       4.202       0.810       0.475       0.000       0.000       0.000       0.000
   365    12    31  2023     282       0  hru282                 0.549   29017.193       0.000    1018.794       8.495       0.000       1.466     140.090     120.482       0.734       0.000      83.782       0.048      21.872      12.744       5.267       9.005      10.786       4.202       0.810       0.475       0.000       0.000       0.000       0.000
   365    12    31  2023     283       0  hru283                 1.627   67191.430       0.000    2101.595       8.126      49.981       0.000     163.281      97.510       0.255       0.000      87.095       0.000      33.149      12.744       5.267       9.005      10.786       4.202       0.810       0.475       0.000       0.000       0.000       0.000
   365    12    31  2023     284       0  hru284                 1.087   41499.066       0.000    1165.788       8.376     104.543       0.000     163.281       0.465       0.734       0.000     116.212       0.000      22.726      12.744       5.267       9.005      10.786       4.202       0.810       0.475       0.000       0.000       0.000       0.000
   365    12    31  2023     285       0  hru285                 1.085   41495.754       0.000    1169.461       8.351     104.586       0.000     163.281       0.399       0.734       0.000     116.432       0.000      22.750      12.744       5.267       9.005      10.786       4.202       0.810       0.475       0.000       0.000       0.000       0.000
   365    12    31  2023     286       0  hru286                 1.085   41495.652       0.000    1165.545       8.376     104.586       0.000     163.281       0.436       0.734       0.000     116.413       0.000      22.750      12.744       5.267       9.005      10.786       4.202       0.810       0.475       0.000       0.000       0.000       0.000
   365    12    31  2023     287       0  hru287                 1.088   41435.043       0.000    1164.603       8.382     104.643       0.000     163.281       0.439       0.734       0.000     115.862       0.000      22.660      12.744       5.267       9.005      10.786       4.202       0.810       0.475       0.000       0.000       0.000       0.000
   365    12    31  2023     288       0  hru288                 2.510   63351.293       0.000    2213.799       8.491       0.111      87.803     117.625     140.718       0.069       0.000     305.658       0.444      41.087      12.744       5.267       9.005      10.786       4.202       0.810       0.475       0.000       0.000       0.000       0.000
   365    12    31  2023     289       0  hru289                 2.510   69806.695       0.000    2432.153       8.425       0.435      33.531     117.625     126.286       0.036       0.000     373.821       0.408      49.359      12.744       5.267       9.005      10.786       4.202       0.810       0.475       0.000       0.000       0.000       0.000
   365    12    31  2023     290       0  hru290                 2.510   73841.172       0.000    2544.302       8.298       2.612      10.612     117.625     113.294       0.021       0.000     424.931       0.453      55.307      12.744       5.267       9.005      10.786       4.202       0.810       0.475       0.000       0.000       0.000       0.000
   365    12    31  2023     291       0  hru291                 2.510   63831.281       0.000    2215.271       8.497       0.243     107.873     117.625     133.124       0.064       0.000     317.588       0.898      42.622      12.744       5.267       9.005      10.786       4.202       0.810       0.475       0.000       0.000       0.000       0.000
   365    12    31  2023     292       0  hru292                 2.510   64707.781       0.000    2227.227       8.410       0.326       8.899     117.625     146.188       0.062       0.000     310.402       0.123      41.721      12.744       5.267       9.005      10.786       4.202       0.810       0.475       0.000       0.000       0.000       0.000
   365    12    31  2023     293       0  hru293                 2.510   65213.371       0.000    2243.353       8.392       0.391       5.884     117.625     144.193       0.059       0.000     316.245       0.113      42.465      12.744       5.267       9.005      10.786       4.202       0.810       0.475       0.000       0.000       0.000       0.000
   365    12    31  2023     294       0  hru294                 0.312    1193.498    2139.088    1125.932       8.483       0.021       6.053      25.709       0.934       0.014       0.000       0.000       1.579       0.000      12.744       5.267       9.005      10.786       4.202       0.810       0.475       0.000       0.000       0.000       0.000
   365    12    31  2023     295       0  hru295                 0.775    1442.905    3777.249     816.286       8.406       0.073       2.890      72.401      17.035       0.621       0.000      32.590       1.000       7.187      12.744       5.267       9.005      10.786       4.202       0.810       0.475       0.000       0.000       0.000       0.000
   365    12    31  2023     296       0  hru296                 2.288    1624.976    2216.593    1067.249       8.480       0.037       2.268      23.982      19.657       0.000       0.000       0.000       1.087       0.000      12.744       5.267       9.005      10.786       4.202       0.810       0.475       0.000       0.000       0.000       0.000
   365    12    31  2023     297       0  hru297                 0.736    1742.771    2830.172    1084.362       8.318       0.053       0.734      42.545      32.302       0.323       0.000      20.001       1.103       2.467      12.744       5.267       9.005      10.786       4.202       0.810       0.475       0.000       0.000       0.000       0.000
   365    12    31  2023     298       0  hru298                 2.313    2450.970    4720.758    1722.756       8.417       1.191       0.098      36.168      45.985       0.003       0.000       0.000       1.706       0.000      12.744       5.267       9.005      10.786       4.202       0.810       0.475       0.000       0.000       0.000       0.000
   365    12    31  2023     299       0  hru299                 2.510   63011.629       0.000    2166.252       8.495       0.163      64.710     117.625     151.766       0.076       0.000     293.460       0.208      39.549      12.744       5.267       9.005      10.786       4.202       0.810       0.475       0.000       0.000       0.000       0.000
   365    12    31  2023     300       0  hru300                 2.788    1880.740    4552.613    1020.385       8.449       3.864       0.000      50.944      67.350       0.003       0.000       0.000       0.283       0.000      12.744       5.267       9.005      10.786       4.202       0.810       0.475       0.000       0.000       0.000       0.000
   365    12    31  2023     301       0  hru301                 2.208    1463.977    2902.878     960.880       8.350       0.296       0.276      31.400      92.853       0.014       0.000       0.000       0.379       0.000      12.744       5.267       9.005      10.786       4.202       0.810       0.475       0.000       0.000       0.000       0.000
   365    12    31  2023     302       0  hru302                 2.510   64769.145       0.000    2227.414       8.413       0.363      13.183     117.625     145.849       0.062       0.000     311.666       0.127      41.875      12.744       5.267       9.005      10.786       4.202       0.810       0.475       0.000       0.000       0.000       0.000
   365    12    31  2023     303       0  hru303                 0.487    1966.677    4869.488    1629.812       8.385       0.052       1.108      24.152      14.540       0.004       0.000       0.000       1.812       0.000      12.744       5.267       9.005      10.786       4.202       0.810       0.475       0.000       0.000       0.000       0.000
   365    12    31  2023     304       0  hru304                 2.510   69942.844       0.000    2435.817       8.349       0.812       4.479     117.625     126.473       0.035       0.000     373.183       0.245      49.291      12.744       5.267       9.005      10.786       4.202       0.810       0.475       0.000       0.000       0.000       0.000
   365    12    31  2023     305       0  hru305                 2.510   74983.820       0.000    2584.807       8.458       1.090      61.840     117.625     108.526       0.019       0.000     442.174       0.306      57.362      12.744       5.267       9.005      10.786       4.202       0.810       0.475       0.000       0.000       0.000       0.000
   365    12    31  2023     306       0  hru306                 2.510   67723.125       0.000    2360.923       8.407       0.455      35.892     117.625     132.391       0.044       0.000     353.881       0.408      46.912      12.744       5.267       9.005      10.786       4.202       0.810       0.475       0.000       0.000       0.000       0.000
   365    12    31  2023     307       0  hru307                 2.510   51449.988       0.000    1757.008       8.600       0.308     183.909     117.625      56.873       0.271       0.000     329.937       0.488      43.357      12.744       5.267       9.005      10.786       4.202       0.810       0.475       0.000       0.000       0.000       0.000
   365    12    31  2023     308       0  hru308                 2.510   74965.914       0.000    2584.326       8.455       1.090      60.419     117.625     108.701       0.019       0.000     441.737       0.305      57.314      12.744       5.267       9.005      10.786       4.202       0.810       0.475       0.000       0.000       0.000       0.000
   365    12    31  2023     309       0  hru309                 2.510   71701.984       0.000    2491.863       8.356       0.734      10.113     117.625     120.472       0.030       0.000     397.931       0.319      52.222      12.744       5.267       9.005      10.786       4.202       0.810       0.475       0.000       0.000       0.000       0.000
   365    12    31  2023     310       0  hru310                 2.510   72485.227       0.000    2503.046       8.458       1.002      69.153     117.625     115.032       0.027       0.000     410.759       0.353      53.758      12.744       5.267       9.005      10.786       4.202       0.810       0.475       0.000       0.000       0.000       0.000
   365    12    31  2023     311       0  hru311                 2.510   70884.281       0.000    2465.772       8.352       0.485       6.059     117.625     123.264       0.032       0.000     386.817       0.279      50.917      12.744       5.267       9.005      10.786       4.202       0.810       0.475       0.000       0.000       0.000       0.000
   365    12    31  2023     312       0  hru312                 2.510   74966.797       0.000    2584.350       8.455       1.090      60.482     117.625     108.694       0.019       0.000     441.754       0.305      57.316      12.744       5.267       9.005      10.786       4.202       0.810       0.475       0.000       0.000       0.000       0.000
   365    12    31  2023     313       0  hru313                 2.510   70966.898       0.000    2470.742       8.299       2.311       0.169     117.625     122.812       0.032       0.000     387.501       0.126      50.985      12.744       5.267       9.005      10.786       4.202       0.810       0.475       0.000       0.000       0.000       0.000
   365    12    31  2023     314       0  hru314                 1.489    2007.181    3178.180     539.875       8.290      23.665       0.000      90.468      54.247       0.555       0.000       0.000       0.160       0.000      12.744       5.267       9.005      10.786       4.202       0.810       0.475       0.000       0.000       0.000       0.000
