 Mini_CREATE               SWAT+ Jan 11 2024        MODULAR Rev 2024.61.0                                 
  jday   mon   day    yr    unit  gis_id  name                  precip     snofall      snomlt    surq_gen        latq    wateryld        perc          et     ecanopy      eplant       esoil   surq_cont          cn     sw_init    sw_final      sw_ave      sw_300    sno_init   sno_final     snopack         pet       qtile         irr  surq_runon  latq_runon    overbank    surq_cha    surq_res     surq_ls    latq_cha    latq_res     latq_ls     gwsoilq       satex  satex_chan   sw_change     lagsurf     laglatq    lagsatex    wet_evap
                                                                  mm            mm          mm          mm          mm          mm          mm          mm          mm          mm          mm          mm         ---          mm          mm          mm          mm          mm          mm          mm          mm          mm          mm          mm          mm          mm          mm          mm          mm          mm          mm          mm          mm          mm          mm          mm          mm          mm          mm          mm
   365    12    31  2023       1       0  hru001               792.783      74.583      74.567      24.834      12.794      37.628     202.244     557.698      82.332     459.209      16.158      24.830      78.027     407.492     317.444     248.959      26.286       0.000       0.000       0.290     690.085       0.000       0.000       0.000       0.000       0.000       0.000       0.000      24.830       0.000       0.000      12.794       0.000       0.000       0.000      -4.723       2.851     791.985       0.000       0.000
   365    12    31  2023       2       0  hru002               792.783      74.583      74.567      26.120      12.260      38.380     200.453     558.673      82.332     460.255      16.086      26.115      78.366     413.913     325.023     257.540      25.105       0.000       0.000       0.290     690.085       0.000       0.000       0.000       0.000       0.000       0.000       0.000      26.115       0.000       0.000      12.260       0.000       0.000       0.000      -4.662       3.632     758.917       0.000       0.000
   365    12    31  2023       3       0  hru003               792.783      74.583      74.567       0.000     289.361     289.362     147.163     547.437      82.334     447.126      17.977       0.000      24.538     363.132     289.806     192.873      26.981       0.000       0.000       0.290     690.072       0.000       0.000       0.000     187.083       0.000       0.000       0.000       0.000       0.000       0.000     289.361       0.000       0.000       0.000      -3.846       0.000     924.006       0.000       0.000
   365    12    31  2023       4       0  hru004               792.783      74.584      74.568       0.000     207.827     207.827      27.732     558.996      82.331     457.861      18.805       0.000      20.938     307.419     279.312     203.877      43.108       0.000       0.000       0.290     690.093       0.000       0.000       0.000       0.000       0.000       0.000       0.000       0.000       0.000       0.000     207.827       0.000       0.000       0.000      -1.474       0.000     550.048       0.000       0.000
   365    12    31  2023       5       0  hru005               792.783      74.584      74.568       0.000     186.740     186.741      49.164     559.131      82.332     458.251      18.549       0.000      21.963     334.115     295.265     210.782      43.187       0.000       0.000       0.290     690.088       0.000       0.000       0.000       0.000       0.000       0.000       0.000       0.000       0.000       0.000     186.740       0.000       0.000       0.000      -2.038       0.000     494.239       0.000       0.000
   365    12    31  2023       6       0  hru006               792.783      74.583      74.567       0.000     199.562     199.563      36.149     559.026      82.333     458.009      18.684       0.000      21.335     318.762     286.398     206.699      43.147       0.000       0.000       0.290     690.080       0.000       0.000       0.000       0.000       0.000       0.000       0.000       0.000       0.000       0.000     199.562       0.000       0.000       0.000      -1.697       0.000     528.175       0.000       0.000
   365    12    31  2023       7       0  hru007               792.783      74.584      74.568       0.000     164.576     164.576      71.521     559.417      82.331     458.716      18.370       0.000      23.090     355.547     306.659     217.476      43.222       0.000       0.000       0.290     690.089       0.000       0.000       0.000       0.000       0.000       0.000       0.000       0.000       0.000       0.000     164.576       0.000       0.000       0.000      -2.564       0.000     435.576       0.000       0.000
   365    12    31  2023       8       0  hru008               792.783      74.584      74.568       0.000     209.029     209.030      26.508     558.995      82.331     457.838      18.826       0.000      20.881     305.669     278.166     203.451      43.100       0.000       0.000       0.290     690.093       0.000       0.000       0.000       0.000       0.000       0.000       0.000       0.000       0.000       0.000     209.029       0.000       0.000       0.000      -1.443       0.000     553.230       0.000       0.000
   365    12    31  2023       9       0  hru009               792.783      74.582      74.566      84.552      97.032     181.584     419.845     566.232      82.334     461.278      22.620      84.423      75.128     581.390     409.461     362.397      31.453       0.000       0.000       0.290     690.067       0.000       0.000     247.321     117.944       0.000      84.423       0.000       0.000      97.032       0.000       0.000       0.000       0.000       0.000      -9.017      36.671    1465.701       0.000       0.000
   365    12    31  2023      10       0  hru010               792.783      74.584      74.568       0.000     162.189     162.190      73.900     559.473      82.330     458.791      18.351       0.000      23.213     357.535     307.657     218.178      43.224       0.000       0.000       0.290     690.098       0.000       0.000       0.000       0.000       0.000       0.000       0.000       0.000       0.000       0.000     162.189       0.000       0.000       0.000      -2.616       0.000     429.260       0.000       0.000
   365    12    31  2023      11       0  hru011               792.783      74.582      74.566       0.000     164.123     164.123      71.998     559.402      82.335     458.699      18.368       0.000      23.115     355.942     306.879     217.632      43.224       0.000       0.000       0.290     690.067       0.000       0.000       0.000       0.000       0.000       0.000       0.000       0.000       0.000       0.000     164.123       0.000       0.000       0.000      -2.573       0.000     434.378       0.000       0.000
   365    12    31  2023      12       0  hru012               792.783      74.581      74.565       0.008     110.012     110.020     125.304     561.037      82.336     460.670      18.031       0.007      26.025     390.523     324.023     233.689      43.252       0.000       0.000       0.290     690.056       0.000       0.000       0.000       0.000       0.000       0.000       0.000       0.007       0.000       0.000     110.012       0.000       0.000       0.000      -3.488       0.001     291.166       0.000       0.000
   365    12    31  2023      13       0  hru013               792.783      74.582      74.566       0.000     175.558     175.559      60.507     559.218      82.336     458.427      18.455       0.000      22.527     345.648     301.570     214.216      43.210       0.000       0.000       0.290     690.060       0.000       0.000       0.000       0.000       0.000       0.000       0.000       0.000       0.000       0.000     175.558       0.000       0.000       0.000      -2.312       0.000     464.644       0.000       0.000
   365    12    31  2023      14       0  hru014               792.783      74.582      74.566       0.000     170.860     170.860      65.243     559.280      82.336     458.525      18.419       0.000      22.768     350.046     303.878     215.630      43.216       0.000       0.000       0.290     690.059       0.000       0.000       0.000       0.000       0.000       0.000       0.000       0.000       0.000       0.000     170.860       0.000       0.000       0.000      -2.422       0.000     452.209       0.000       0.000
   365    12    31  2023      15       0  hru015               792.783      74.583      74.567       0.000     188.491     188.491      47.400     559.105      82.333     458.206      18.566       0.000      21.877     332.171     294.181     210.246      43.184       0.000       0.000       0.290     690.076       0.000       0.000       0.000       0.000       0.000       0.000       0.000       0.000       0.000       0.000     188.491       0.000       0.000       0.000      -1.993       0.000     498.872       0.000       0.000
   365    12    31  2023      16       0  hru016               792.783      74.583      74.567      32.447     726.406     758.853     597.292     564.560      82.334     457.952      24.275      32.436      66.057     553.566     349.005     274.315      30.599       0.000       0.000       0.290     690.073       0.000       0.000       1.053    1115.638       0.000       0.000       0.000      32.436       0.000       0.000     726.406       0.000       0.000       0.000     -10.729       3.457    2485.285       0.000       0.000
   365    12    31  2023      17       0  hru017               792.783      74.583      74.567       0.000     189.500     189.501      66.312     539.006      82.333     439.966      16.707       0.000      21.409     294.839     259.040     169.187      28.368       0.000       0.000       0.290     690.075       0.000       0.000       0.000       0.000       0.000       0.000       0.000       0.000       0.000       0.000     189.500       0.000       0.000       0.000      -1.878       0.000     566.733       0.000       0.000
   365    12    31  2023      18       0  hru018               792.783      74.583      74.567      18.898     533.658     552.556     368.448     564.133      82.333     461.090      20.710      18.898      34.692     430.943     392.668     262.588      28.258       0.000       0.000       0.290     690.077       0.000       0.000      37.153     653.116       0.000       0.000       0.000      18.898       0.000       0.000     533.658       0.000       0.000       0.000      -2.007       0.960    1704.111       0.000       0.000
   365    12    31  2023      19       0  hru019               792.783      74.581      74.565      13.496     675.067     688.563     375.788     572.791      82.337     465.749      24.705      13.496      43.554     468.520     364.091     325.322      48.668       0.000       0.000       0.290     690.052       0.000       0.000     213.061     625.544       0.000      13.496       0.000       0.000     675.067       0.000       0.000       0.000       0.000       0.000      -5.477       2.172    1786.674       0.000       0.000
   365    12    31  2023      20       0  hru020               792.783      74.583      74.567       6.474     771.354     777.829     394.014     564.651      82.333     460.034      22.284       6.474      36.309     513.308     344.254     267.367      28.797       0.000       0.000       0.290     690.076       0.000       0.000      15.228     919.001       0.000       0.000       0.000       6.474       0.000       0.000     771.354       0.000       0.000       0.000      -8.867       0.596    2463.137       0.000       0.000
   365    12    31  2023      21       0  hru021               792.783      74.582      74.566       0.000     139.355     139.355     115.037     541.513      82.334     442.815      16.364       0.000      23.092     334.811     277.539     182.197      26.449       0.000       0.000       0.290     690.071       0.000       0.000       0.000       0.000       0.000       0.000       0.000       0.000       0.000       0.000     139.355       0.000       0.000       0.000      -3.004       0.000     444.997       0.000       0.000
   365    12    31  2023      22       0  hru022               792.783      74.582      74.566       0.000     131.618     131.618     122.234     542.202      82.334     443.539      16.329       0.000      23.357     339.894     279.643     184.428      26.450       0.000       0.000       0.290     690.068       0.000       0.000       0.000       0.000       0.000       0.000       0.000       0.000       0.000       0.000     131.618       0.000       0.000       0.000      -3.160       0.000     420.291       0.000       0.000
   365    12    31  2023      23       0  hru023               792.783      74.581      74.565       0.000     116.858     116.858     109.679     569.639      82.336     463.078      24.225       0.000      24.903     401.952     338.053     251.677      64.157       0.000       0.000       0.290     690.054       0.000       0.000       0.000       0.000       0.000       0.000       0.000       0.000       0.000       0.000     116.858       0.000       0.000       0.000      -3.351       0.000      94.033       0.000       0.000
   365    12    31  2023      24       0  hru024               792.783      74.581      74.565       0.003     104.085     104.088     122.360     569.870      82.336     463.361      24.172       0.003      25.577     407.945     341.228     255.392      64.161       0.000       0.000       0.290     690.054       0.000       0.000       0.000       0.000       0.000       0.000       0.000       0.003       0.000       0.000     104.085       0.000       0.000       0.000      -3.499       0.001      83.755       0.000       0.000
   365    12    31  2023      25       0  hru025               792.783      74.582      74.566       0.000     185.536     185.537      71.304     538.058      82.334     439.129      16.595       0.000      21.566     297.405     260.021     168.719      26.441       0.000       0.000       0.290     690.070       0.000       0.000       0.000       0.000       0.000       0.000       0.000       0.000       0.000       0.000     185.536       0.000       0.000       0.000      -1.961       0.000     592.467       0.000       0.000
   365    12    31  2023      26       0  hru026               792.783      74.581      74.565       0.000     138.991     138.991     125.017     542.439      82.336     443.667      16.436       0.000      23.478     342.683     281.118     185.343      26.487       0.000       0.000       0.290     690.054       0.000       0.000       0.000      10.317       0.000       0.000       0.000       0.000       0.000       0.000     138.991       0.000       0.000       0.000      -3.229       0.000     443.833       0.000       0.000
   365    12    31  2023      27       0  hru027               792.783      74.581      74.565       0.544      86.761      87.305     178.384     530.349      82.336     431.236      16.777       0.543      52.153     326.994     266.662     164.543      28.363       0.000       0.000       0.290     690.053       0.000       0.000       0.000       0.000       0.000       0.249       0.000       0.295      39.736       0.000      47.026       0.000       0.000       0.000      -3.164       0.148     499.169       0.000       0.000
   365    12    31  2023      28       0  hru028               792.783      74.584      74.568       0.000     189.384     189.385      67.561     537.862      82.330     438.920      16.612       0.000      21.444     293.616     258.000     167.590      26.439       0.000       0.000       0.290     690.096       0.000       0.000       0.000       0.000       0.000       0.000       0.000       0.000       0.000       0.000     189.384       0.000       0.000       0.000      -1.868       0.000     604.754       0.000       0.000
   365    12    31  2023      29       0  hru029               792.783      74.581      74.565       0.610     180.013     180.623     115.536     525.706      82.337     425.694      17.675       0.609      49.906     287.139     243.362     146.562      28.478       0.000       0.000       0.290     690.047       0.000       0.000       5.326      21.263       0.000       0.609       0.000       0.000     180.013       0.000       0.000       0.000       0.000       0.000      -2.296       0.005    1035.676       0.000       0.000
   365    12    31  2023      30       0  hru030               792.783      74.581      74.565       4.184      55.961      60.145     180.811     557.008      82.337     458.325      16.346       4.183      59.810     409.373     313.050     240.406      26.128       0.000       0.000       0.290     690.049       0.000       0.000       0.000       0.000       0.000       0.000       0.000       4.183       0.000       0.000      55.961       0.000       0.000       0.000      -5.052       0.042     845.316       0.000       0.000
   365    12    31  2023      31       0  hru031               792.783      74.582      74.566      22.836     601.637     624.473     188.352     567.680      82.336     464.496      20.849      22.836      26.743     470.255     282.908     215.264      30.270       0.000       0.000       0.290     690.060       0.000       0.000     174.471     402.423       0.000       0.000       0.000      22.836       0.000       0.000     601.637       0.000       0.000       0.000      -9.826       1.771    1799.298       0.000       0.000
   365    12    31  2023      32       0  hru032               792.783      73.564      73.549      22.470      32.388      54.859     182.054     560.862      87.800     413.807      59.255      22.469      77.029     401.802     310.159     237.397      26.021       0.000       0.000       0.285     690.103       0.000       0.000       0.000       0.000       0.000       0.000       0.000      22.469       0.000       0.000      32.388       0.000       0.000       0.000      -4.807       0.822    2004.884       0.000       0.000
   365    12    31  2023      33       0  hru033               792.783      73.641      73.626       0.000     158.701     158.701      84.328     552.415      87.111     404.474      60.830       0.000      21.971     311.819     263.934     175.135      26.164       0.000       0.000       0.285     690.062       0.000       0.000       0.000       0.000       0.000       0.000       0.000       0.000       0.000       0.000     158.701       0.000       0.000       0.000      -2.512       0.000     506.774       0.000       0.000
   365    12    31  2023      34       0  hru034               792.783      78.240      78.195       1.102     202.234     203.336     250.051     340.642      35.860     137.553     167.230       1.102      58.677     357.711     334.647     247.438      34.664       0.000       0.000       0.311     689.978       0.000       0.000       0.000       0.000       0.000       0.000       0.000       1.102       0.000       0.000     202.234       0.000       0.000       0.000      -1.210       0.032    1478.471       0.000       0.000
   365    12    31  2023      35       0  hru035               792.783      78.240      78.195       0.000     323.688     323.689     132.886     337.312      35.859     137.369     164.084       0.000      24.831     301.497     281.537     220.224      31.432       0.000       0.000       0.311     689.980       0.000       0.000       0.000       0.000       0.000       0.000       0.000       0.000       0.000       0.000     323.688       0.000       0.000       0.000      -1.047       0.000    1033.622       0.000       0.000
   365    12    31  2023      36       0  hru036               792.783      78.239      78.195       0.000     156.512     156.512     300.771     336.715      35.861     137.365     163.489       0.000      31.239     378.558     355.666     263.663      31.443       0.000       0.000       0.311     689.964       0.000       0.000       0.000       0.000       0.000       0.000       0.000       0.000       0.000       0.000     156.512       0.000       0.000       0.000      -1.200       0.000     499.783       0.000       0.000
   365    12    31  2023      37       0  hru037               792.783      78.239      78.195      19.205      43.025      62.229     388.358     342.145      35.861     137.246     169.038      19.204      76.422     455.114     455.543     357.520      31.464       0.000       0.000       0.311     689.961       0.000       0.000       0.000       0.000       0.000       0.000       0.000      19.204       0.000       0.000      43.025       0.000       0.000       0.000       0.023       0.658     649.902       0.000       0.000
   365    12    31  2023      38       0  hru038               792.783      78.239      78.195       0.000     274.997     274.997     181.765     337.194      35.862     137.359     163.974       0.000      26.528     328.525     306.904     232.915      31.435       0.000       0.000       0.311     689.957       0.000       0.000       0.000       0.000       0.000       0.000       0.000       0.000     153.726       0.000     121.271       0.000       0.000       0.000      -1.134       0.000     878.137       0.000       0.000
   365    12    31  2023      39       0  hru039               792.783      78.239      78.195       0.000     335.188     335.188     121.357     337.325      35.862     137.359     164.104       0.000      24.454     294.487     274.958     217.232      31.432       0.000       0.000       0.311     689.958       0.000       0.000       0.000       0.000       0.000       0.000       0.000       0.000       0.000       0.000     335.188       0.000       0.000       0.000      -1.024       0.000    1070.344       0.000       0.000
   365    12    31  2023      40       0  hru040               792.783      78.241      78.196     104.548      47.813     152.361     388.932     347.398      35.855     137.490     174.052     104.545      88.637     448.528     451.038     371.270      31.605       0.000       0.000       0.311     690.014       0.000       0.000      39.376      56.756       0.000       0.000       0.000     104.545       0.000       0.000      47.813       0.000       0.000       0.000       0.132       2.523    2959.697       0.000       0.000
   365    12    31  2023      41       0  hru041               792.783      78.240      78.195       0.002     338.975     338.977     267.947     348.335      35.861     137.551     174.922       0.001      30.056     373.790     327.506     256.497      32.094       0.000       0.000       0.311     689.967       0.000       0.000      32.387     127.575       0.000       0.000       0.000       0.001       0.000       0.000     338.975       0.000       0.000       0.000      -2.428       0.000    1082.438       0.000       0.000
   365    12    31  2023      42       0  hru042               792.783      78.239      78.195      20.201      35.168      55.370     394.603     342.708      35.861     137.246     169.601      20.200      76.814     456.722     458.202     360.359      31.528       0.000       0.000       0.311     689.962       0.000       0.000       0.000       0.000       0.000       0.000       0.000      20.200       0.000       0.000      35.168       0.000       0.000       0.000       0.078       1.961     531.227       0.000       0.000
   365    12    31  2023      43       0  hru043               792.783      75.327      75.305     508.452       0.005     508.457       0.000     595.763      42.325     113.873     439.565     508.449       0.000      20.585      18.633      15.105       9.521       0.000       0.000       0.294     690.081       0.000       0.000       0.000      37.161       0.000       0.000       0.000     508.449       0.000       0.000       0.005       0.000       0.000       0.000      -0.102      12.011       0.075       0.000     228.584
   365    12    31  2023      44       0  hru044               792.783      75.327      75.305     527.764       5.336     533.100      47.036     754.647      49.864     304.476     400.307     527.756       0.000      94.505      49.516     116.859      14.373       0.000       0.000       0.294     690.085       0.000       0.000       0.000     297.256       0.000       0.000       0.000     527.756       0.000       0.000       5.336       0.000       0.000       0.000      -2.360      32.621      80.609       0.000     188.914
   365    12    31  2023      45       0  hru045               792.783      75.326      75.304     471.168       0.000     471.168       0.000     622.881      34.640      76.445     511.796     471.161       0.000      11.975      12.435       8.250       8.250       0.000       0.000       0.294     690.073       0.000       0.000       0.000       0.000       0.000       0.000       0.000     471.161       0.000       0.000       0.000       0.000       0.000       0.000       0.024      26.937       0.000       0.000     265.583
   365    12    31  2023      46       0  hru046               792.783      75.326      75.303     525.126       5.769     530.895       4.716     652.414      49.495     201.571     401.349     525.114       0.000      92.893      56.208      49.389      13.387       0.000       0.000       0.294     690.059       0.000       0.000       0.000     134.478       0.000       0.000       0.000     525.114       0.000       0.000       5.769       0.000       0.000       0.000      -1.924      54.472      19.739       0.000     208.217
   365    12    31  2023      47       0  hru047               792.783      75.325      75.303     471.516       0.000     471.516       0.000     622.458      34.672      76.405     511.381     471.499       0.000      12.270      12.730       8.536       8.536       0.000       0.000       0.294     690.051       0.000       0.000       0.000       0.000       0.000     471.499       0.000       0.000       0.000       0.000       0.000       0.000       0.000       0.000       0.024      69.922       0.000       0.000     265.465
   365    12    31  2023      48       0  hru048               792.783      75.325      75.303     473.551       0.000     473.551       0.000     620.140      35.063      75.679     509.399     473.539       0.000      13.768      14.229       9.903       9.903       0.000       0.000       0.294     690.046       0.000       0.000       0.000       0.000       0.000       0.000     473.539       0.000       0.000       0.000       0.000       0.000       0.000       0.000       0.024      49.889       0.000       0.000     264.796
   365    12    31  2023      49       0  hru049               792.783      75.326      75.303     476.079       0.000     476.079       0.000     614.690      35.550      75.889     503.251     476.076       0.000      13.327      13.728       9.619       9.619       0.000       0.000       0.294     690.059       0.000       0.000       0.000       0.000       0.000     476.076       0.000       0.000       0.000       0.000       0.000       0.000       0.000       0.000       0.021      14.055       0.000       0.000     261.392
   365    12    31  2023      50       0  hru050               792.783      75.325      75.303     476.077       0.000     476.077       0.000     614.692      35.550      75.889     503.253     476.076       0.000      13.327      13.728       9.618       9.618       0.000       0.000       0.294     690.058       0.000       0.000       0.000       0.000       0.000       0.000       0.000     476.076       0.000       0.000       0.000       0.000       0.000       0.000       0.021       5.430       0.000       0.000     261.395
   365    12    31  2023      51       0  hru051               792.783      75.327      75.304     476.085       0.000     476.085       0.000     614.701      35.547      75.888     503.266     476.073       0.000      13.331      13.731       9.621       9.621       0.000       0.000       0.294     690.076       0.000       0.000       0.000       0.000       0.000       0.000       0.000     476.073       0.000       0.000       0.000       0.000       0.000       0.000       0.021      50.835       0.000       0.000     261.404
   365    12    31  2023      52       0  hru052               792.783      75.327      75.305     520.417       0.026     520.443       0.001     638.726      48.158     180.971     409.597     520.404       0.000      60.778      26.226      41.485      14.751       0.000       0.000       0.294     690.083       0.000       0.000       0.000     102.500       0.000       0.000       0.000     520.404       0.000       0.000       0.026       0.000       0.000       0.000      -1.812      60.173       0.069       0.000     212.842
   365    12    31  2023      53       0  hru053               792.783      75.325      75.303     618.013     533.363    1151.375     463.033     805.648      49.868     347.033     408.748     617.993       0.000     548.570     191.003     285.869      38.866       0.000       0.000       0.294     690.058       0.000       0.000       0.000    1346.428       0.000       0.000       0.000     617.993       0.000       0.000     533.363       0.000       0.000       0.000     -18.754     106.248    1411.632       0.000     209.556
   365    12    31  2023      54       0  hru054               792.783      75.325      75.303     476.088       0.000     476.088       0.000     614.697      35.550      75.890     503.257     476.075       0.000      13.327      13.727       9.618       9.618       0.000       0.000       0.294     690.056       0.000       0.000       0.000       0.000       0.000       0.000       0.000     476.075       0.000       0.000       0.000       0.000       0.000       0.000       0.021      55.281       0.000       0.000     261.398
   365    12    31  2023      55       0  hru055               792.783      74.584      74.568      21.258      43.059      64.317     177.165     556.336      82.331     457.833      16.172      21.243      76.649     399.387     307.995     233.606      26.282       0.000       0.000       0.290     690.089       0.000       0.000       0.000       0.000       0.000       0.000       0.000      21.243       0.000       0.000      43.059       0.000       0.000       0.000      -4.793      14.351    2665.398       0.000       0.000
   365    12    31  2023      56       0  hru056               792.783      74.583      74.567       0.000     192.629     192.629      43.182     559.088      82.332     458.148      18.607       0.000      21.672     327.358     291.441     208.930      43.172       0.000       0.000       0.290     690.086       0.000       0.000       0.000       0.000       0.000       0.000       0.000       0.000       0.000       0.000     192.629       0.000       0.000       0.000      -1.884       0.000     509.825       0.000       0.000
   365    12    31  2023      57       0  hru057               792.783      74.585      74.569      22.778      28.923      51.701     188.997     557.010      82.329     458.520      16.161      22.759      77.304     403.375     312.562     240.854      26.283       0.000       0.000       0.290     690.103       0.000       0.000       0.000       0.000       0.000       0.000       0.000      22.759       0.000       0.000      28.923       0.000       0.000       0.000      -4.763      17.264    1790.349       0.000       0.000
   365    12    31  2023      58       0  hru058               792.783      74.585      74.569      60.138      49.850     109.989     218.099     560.043      82.329     460.652      17.061      60.118      78.950     413.861     336.269     259.529      26.593       0.000       0.000       0.290     690.104       0.000       0.000      62.499      28.583       0.000       0.000       0.000      60.118       0.000       0.000      49.850       0.000       0.000       0.000      -4.070      26.566    3085.781       0.000       0.000
   365    12    31  2023      59       0  hru059               792.783      74.584      74.568      23.937      19.785      43.722     196.507     557.410      82.330     458.923      16.157      23.918      77.715     405.758     315.368     245.450      26.284       0.000       0.000       0.290     690.100       0.000       0.000       0.000       0.000       0.000       0.000       0.000      23.918       0.000       0.000      19.785       0.000       0.000       0.000      -4.741      17.574    1224.712       0.000       0.000
   365    12    31  2023      60       0  hru060               792.783      74.584      74.568      12.567     128.018     140.585     195.327     560.194      82.331     460.318      17.545      12.566      60.978     428.682     323.105     248.960      26.532       0.000       0.000       0.290     690.092       0.000       0.000      13.518      83.964       0.000       0.000       0.000      12.566       0.000       0.000     128.018       0.000       0.000       0.000      -5.537       6.358    1933.756       0.000       0.000
   365    12    31  2023      61       0  hru061               792.783      74.582      74.566       3.144     168.286     171.430     166.150     528.089      82.334     427.698      18.056       3.144      52.173     338.655     257.606     155.987      26.389       0.000       0.000       0.290     690.067       0.000       0.000      19.292      49.198       0.000       0.000       0.000       3.144       0.000       0.000     168.286       0.000       0.000       0.000      -4.251       3.059     575.763       0.000       0.000
   365    12    31  2023      62       0  hru062               792.783      74.582      74.566     188.704     351.828     540.532     224.173     544.098      82.335     441.351      20.412     188.681      54.657     405.334     252.899     176.283      27.985       0.000       0.000       0.290     690.064       0.000       0.000     344.370     163.207       0.000     188.681       0.000       0.000     351.828       0.000       0.000       0.000       0.000       0.000      -7.995     140.232    1203.725       0.000       0.000
   365    12    31  2023      63       0  hru063               792.783      74.583      74.567      19.703      26.104      45.808     255.509     560.035      82.332     460.339      17.365      19.691      65.061     450.956     341.358     279.664      26.792       0.000       0.000       0.290     690.085       0.000       0.000      17.025      45.722       0.000       0.000       0.000      19.691       0.000       0.000      26.104       0.000       0.000       0.000      -5.748      22.455     394.316       0.000       0.000
   365    12    31  2023      64       0  hru064               792.783      74.584      74.568       0.000     208.826     208.826      26.716     558.994      82.331     457.842      18.822       0.000      20.890     305.968     278.362     203.524      43.102       0.000       0.000       0.290     690.093       0.000       0.000       0.000       0.000       0.000       0.000       0.000       0.000       0.000       0.000     208.826       0.000       0.000       0.000      -1.448       0.000     552.691       0.000       0.000
   365    12    31  2023      65       0  hru065               792.783      74.584      74.568       0.000     205.627     205.627      29.974     559.000      82.331     457.900      18.769       0.000      21.044     310.554     281.309     204.649      43.120       0.000       0.000       0.290     690.091       0.000       0.000       0.000       0.000       0.000       0.000       0.000       0.000       0.000       0.000     205.627       0.000       0.000       0.000      -1.534       0.000     544.226       0.000       0.000
   365    12    31  2023      66       0  hru066               792.783      74.584      74.568       0.000     213.904     213.904      21.541     558.994      82.331     457.737      18.926       0.000      20.647     298.254     273.283     201.651      43.064       0.000       0.000       0.290     690.089       0.000       0.000       0.000       0.000       0.000       0.000       0.000       0.000       0.000       0.000     213.904       0.000       0.000       0.000      -1.310       0.000     566.133       0.000       0.000
   365    12    31  2023      67       0  hru067               792.783      74.583      74.567       0.000     203.166     203.166      52.937     538.395      82.332     439.274      16.789       0.000      20.992     280.390     250.908     165.231      28.363       0.000       0.000       0.290     690.081       0.000       0.000       0.000       0.000       0.000       0.000       0.000       0.000       0.000       0.000     203.166       0.000       0.000       0.000      -1.546       0.000     607.604       0.000       0.000
   365    12    31  2023      68       0  hru068               792.783      74.582      74.566       0.000     180.204     180.204      55.801     559.176      82.334     458.349      18.493       0.000      22.291     341.044     299.106     212.798      43.201       0.000       0.000       0.290     690.068       0.000       0.000       0.000       0.000       0.000       0.000       0.000       0.000       0.000       0.000     180.204       0.000       0.000       0.000      -2.200       0.000     476.939       0.000       0.000
   365    12    31  2023      69       0  hru069               792.783      74.582      74.566       0.000     160.058     160.058      76.062     559.482      82.335     458.806      18.341       0.000      23.326     359.287     308.572     218.831      43.221       0.000       0.000       0.290     690.066       0.000       0.000       0.000       0.000       0.000       0.000       0.000       0.000       0.000       0.000     160.058       0.000       0.000       0.000      -2.660       0.000     423.619       0.000       0.000
   365    12    31  2023      70       0  hru070               792.783      74.582      74.566       0.000     140.295     140.295      95.699     559.961      82.335     459.419      18.207       0.000      24.378     373.568     315.534     224.725      43.240       0.000       0.000       0.290     690.063       0.000       0.000       0.000       0.000       0.000       0.000       0.000       0.000       0.000       0.000     140.295       0.000       0.000       0.000      -3.044       0.000     371.314       0.000       0.000
   365    12    31  2023      71       0  hru071               792.783      74.582      74.566       0.000     128.445     128.445     107.342     560.346      82.335     459.875      18.136       0.000      25.019     380.794     319.056     228.253      43.247       0.000       0.000       0.290     690.067       0.000       0.000       0.000       0.000       0.000       0.000       0.000       0.000       0.000       0.000     128.445       0.000       0.000       0.000      -3.238       0.000     339.949       0.000       0.000
   365    12    31  2023      72       0  hru072               792.783      74.582      74.566       0.000     166.038     166.038      70.083     559.362      82.335     458.646      18.382       0.000      23.016     354.314     306.057     217.064      43.222       0.000       0.000       0.290     690.063       0.000       0.000       0.000       0.000       0.000       0.000       0.000       0.000       0.000       0.000     166.038       0.000       0.000       0.000      -2.531       0.000     439.446       0.000       0.000
   365    12    31  2023      73       0  hru073               792.783      74.583      74.567     203.532      32.124     235.656     459.172     572.079      82.333     461.514      28.231     203.192      89.375     612.173     563.050     408.430      31.397       0.000       0.000       0.290     690.073       0.000       0.000     471.049       0.000       0.000       0.000       0.000     203.192       0.000       0.000      32.124       0.000       0.000       0.000      -2.576     204.369    1988.525       0.000       0.000
   365    12    31  2023      74       0  hru074               792.783      74.584      74.568      25.151      19.363      44.513     194.597     558.521      82.332     460.110      16.079      25.128      78.030     412.203     321.909     253.770      25.104       0.000       0.000       0.290     690.087       0.000       0.000       0.000       0.000       0.000       0.000       0.000      25.128       0.000       0.000      19.363       0.000       0.000       0.000      -4.736      21.199    1198.584       0.000       0.000
   365    12    31  2023      75       0  hru075               792.783      74.583      74.567      41.011      22.333      63.345     211.421     558.797      82.332     459.827      16.638      40.973      78.516     412.523     318.476     254.687      26.411       0.000       0.000       0.290     690.084       0.000       0.000      23.567      12.142       0.000       0.000       0.000      40.973       0.000       0.000      22.333       0.000       0.000       0.000      -4.933      46.520    1382.457       0.000       0.000
   365    12    31  2023      76       0  hru076               792.783      74.583      74.567       1.179     149.246     150.425     209.874     531.457      82.333     431.218      17.906       1.179      53.839     341.749     274.655     168.404      26.423       0.000       0.000       0.290     690.076       0.000       0.000       0.657      94.712       0.000       0.000       0.000       1.179       0.000       0.000     149.246       0.000       0.000       0.000      -3.519       2.112     510.623       0.000       0.000
   365    12    31  2023      77       0  hru077               792.783      74.582      74.566       0.070     481.363     481.433     291.729     563.993      82.335     461.896      19.762       0.070      30.931     397.885     314.082     240.053      27.944       0.000       0.000       0.290     690.064       0.000       0.000       4.612     535.126       0.000       0.000       0.000       0.070       0.000       0.000     481.363       0.000       0.000       0.000      -4.395       0.109    1537.117       0.000       0.000
   365    12    31  2023      78       0  hru078               792.783      74.582      74.566       0.000     241.856     241.856     177.742     551.895      82.334     451.861      17.700       0.000      25.665     364.882     288.594     203.299      27.025       0.000       0.000       0.290     690.069       0.000       0.000       0.680     173.850       0.000       0.000       0.000       0.000       0.000       0.000     241.856       0.000       0.000       0.000      -4.001       0.000     772.309       0.000       0.000
   365    12    31  2023      79       0  hru079               792.783      74.582      74.566      73.748    1014.581    1088.328     932.743     576.925      82.336     464.557      30.032      73.510      60.069     757.884     676.449     415.128      38.034       0.000       0.000       0.290     690.058       0.000       0.000      15.515    1784.920       0.000       0.000       0.000      73.510       0.000       0.000    1014.581       0.000       0.000       0.000      -4.271      71.164    3239.823       0.000       0.000
   365    12    31  2023      80       0  hru080               792.783      74.582      74.566       0.000     190.785     190.785      66.221     537.769      82.334     438.813      16.622       0.000      21.402     292.223     257.243     167.203      26.440       0.000       0.000       0.290     690.069       0.000       0.000       0.000       0.000       0.000       0.000       0.000       0.000       0.000       0.000     190.785       0.000       0.000       0.000      -1.835       0.000     609.227       0.000       0.000
   365    12    31  2023      81       0  hru081               792.783      74.582      74.567     559.281    1709.452    2268.733    1382.061     586.287      82.334     463.217      40.736     557.801      73.808     803.710     665.353     533.226      64.525       0.000       0.000       0.290     690.071       0.000       0.000       0.002    3434.944       0.000       0.000       0.000     557.801       0.000       0.000    1709.452       0.000       0.000       0.000      -7.257     910.160    5458.729       0.000       0.000
   365    12    31  2023      82       0  hru082               792.783      74.581      74.565      18.265     614.234     632.499     554.091     569.583      82.336     464.890      22.356      18.265      43.471     497.975     402.682     317.232      29.766       0.000       0.000       0.290     690.056       0.000       0.000      65.860     892.370       0.000       0.000       0.000      18.265       0.000       0.000     614.234       0.000       0.000       0.000      -4.998      41.515    1961.411       0.000       0.000
   365    12    31  2023      83       0  hru083               792.783      74.581      74.565      10.735     405.659     416.394     484.894     567.762      82.337     463.651      21.774      10.731      40.522     514.440     384.144     296.395      30.356       0.000       0.000       0.290     690.053       0.000       0.000     265.413     403.824       0.000       0.000       0.000      10.731       0.000       0.000     405.659       0.000       0.000       0.000      -6.834      25.691    1295.376       0.000       0.000
   365    12    31  2023      84       0  hru084               792.783      74.581      74.565       0.000     162.582     162.582     184.698     551.619      82.336     452.139      17.144       0.000      25.912     375.132     295.638     204.894      26.818       0.000       0.000       0.290     690.055       0.000       0.000       0.545     101.279       0.000       0.000       0.000       0.000       0.000       0.000     162.582       0.000       0.000       0.000      -4.169       0.000     519.166       0.000       0.000
   365    12    31  2023      85       0  hru085               792.783      74.581      74.565       0.000     141.880     141.880     112.695     541.280      82.336     442.567      16.377       0.000      23.006     333.093     276.814     181.470      26.449       0.000       0.000       0.290     690.053       0.000       0.000       0.000       0.000       0.000       0.000       0.000       0.000      74.929       0.000      66.950       0.000       0.000       0.000      -2.952       0.000     453.059       0.000       0.000
   365    12    31  2023      86       0  hru086               792.783      74.581      74.565     160.034      62.807     222.842     376.102     566.437      82.336     462.936      21.164     159.508      73.281     533.241     449.671     341.755      28.830       0.000       0.000       0.290     690.056       0.000       0.000     237.956     129.596       0.000       0.000       0.000     159.508       0.000       0.000      62.807       0.000       0.000       0.000      -4.383     339.682     948.728       0.000       0.000
   365    12    31  2023      87       0  hru087               792.783      74.581      74.565     480.408    1410.471    1890.879    1109.911     621.709      82.337     462.233      77.139     479.291      81.090     666.534     595.155     523.540      85.854       0.000       0.000       0.290     690.051       0.000       0.000       0.001    2824.480       0.000       0.000       0.000     479.291       0.000       0.000    1410.471       0.000       0.000       0.000      -3.744     841.036    3733.043       0.000       0.000
   365    12    31  2023      88       0  hru088               792.783      74.581      74.565       0.006     169.014     169.020     123.615     570.613      82.336     463.570      24.707       0.005      25.849     410.190     345.269     258.093      64.569       0.000       0.000       0.290     690.054       0.000       0.000       0.086      66.920       0.000       0.000       0.000       0.005       0.000       0.000     169.014       0.000       0.000       0.000      -3.405       0.017     136.003       0.000       0.000
   365    12    31  2023      89       0  hru089               792.783      74.582      74.566       0.276     341.187     341.463     281.920     554.079      82.334     452.528      19.217       0.276      30.786     474.581     353.075     230.451      27.296       0.000       0.000       0.290     690.067       0.000       0.000       0.001     378.043       0.000       0.000       0.000       0.276       0.000       0.000     341.187       0.000       0.000       0.000      -6.373       0.407    1089.500       0.000       0.000
   365    12    31  2023      90       0  hru090               792.783      74.581      74.565       0.046     327.272     327.317     248.358     553.242      82.337     452.162      18.743       0.045      29.076     442.522     332.616     221.756      27.237       0.000       0.000       0.290     690.050       0.000       0.000       0.001     330.111       0.000       0.000       0.000       0.045       0.000       0.000     327.272       0.000       0.000       0.000      -5.764       0.060    1045.065       0.000       0.000
   365    12    31  2023      91       0  hru091               792.783      74.581      74.565       0.004     102.917     102.921     123.516     569.893      82.336     463.390      24.166       0.004      25.638     408.458     341.503     255.729      64.161       0.000       0.000       0.290     690.054       0.000       0.000       0.000       0.000       0.000       0.000       0.000       0.004       0.000       0.000     102.917       0.000       0.000       0.000      -3.512       0.008      82.815       0.000       0.000
   365    12    31  2023      92       0  hru092               792.783      74.581      74.565      23.768      50.813      74.581     254.147     560.474      82.336     460.576      17.561      23.766      65.020     431.508     357.081     279.286      26.834       0.000       0.000       0.290     690.052       0.000       0.000      32.929      59.520       0.000       0.000       0.000      23.766       0.000       0.000      50.813       0.000       0.000       0.000      -3.903      14.843     767.550       0.000       0.000
   365    12    31  2023      93       0  hru093               792.783      74.581      74.565       0.073     356.747     356.820     307.629     563.398      82.336     461.843      19.219       0.073      31.570     410.436     332.533     243.132      27.669       0.000       0.000       0.290     690.054       0.000       0.000       6.349     424.473       0.000       0.073       0.000       0.000     356.747       0.000       0.000       0.000       0.000       0.000      -4.086       0.233    1139.188       0.000       0.000
   365    12    31  2023      94       0  hru094               792.783      74.581      74.565       0.000     113.086     113.086     113.426     569.708      82.336     463.158      24.213       0.000      25.101     403.797     339.017     252.774      64.159       0.000       0.000       0.290     690.054       0.000       0.000       0.000       0.000       0.000       0.000       0.000       0.000       0.000       0.000     113.086       0.000       0.000       0.000      -3.398       0.001      90.998       0.000       0.000
   365    12    31  2023      95       0  hru095               792.783      74.581      74.565       4.417      51.053      55.471     185.296     557.195      82.337     458.519      16.339       4.417      60.129     411.327     314.781     242.789      26.138       0.000       0.000       0.290     690.047       0.000       0.000       0.000       0.000       0.000       0.000       0.000       0.000       0.000       0.000       0.000       0.000       0.000       0.000      -5.064       0.600     771.180       0.000       0.000
   365    12    31  2023      96       0  hru096               792.783      74.581      74.565      35.201     489.320     524.521     202.251     575.065      82.337     465.454      27.274      35.084      31.122     528.001     370.646     293.083      66.719       0.000       0.000       0.290     690.049       0.000       0.000     144.257     356.194       0.000      35.084       0.000       0.000     489.320       0.000       0.000       0.000       0.000       0.000      -8.253      67.397     393.747       0.000       0.000
   365    12    31  2023      97       0  hru097               792.783      74.581      74.565       0.000     184.737     184.737      41.172     569.108      82.337     462.037      24.734       0.000      21.442     350.843     310.174     231.366      64.085       0.000       0.000       0.290     690.047       0.000       0.000       0.000       0.000       0.000       0.000       0.000       0.000       0.000       0.000     184.737       0.000       0.000       0.000      -2.133       0.000     148.655       0.000       0.000
   365    12    31  2023      98       0  hru098               792.783      74.581      74.565       7.611      68.492      76.103     193.822     558.758      82.337     459.517      16.904       7.611      60.793     417.419     321.502     247.739      26.291       0.000       0.000       0.290     690.046       0.000       0.000       6.155      24.571       0.000       7.611       0.000       0.000      68.492       0.000       0.000       0.000       0.000       0.000      -5.031       3.101    1034.591       0.000       0.000
   365    12    31  2023      99       0  hru099               792.783      74.581      74.565     257.491     185.214     442.704     491.002     574.433      82.338     464.686      27.409     257.386      80.068     543.197     488.877     398.206      32.823       0.000       0.000       0.290     690.046       0.000       0.000     226.348     485.889       0.000     257.386       0.000       0.000     185.214       0.000       0.000       0.000       0.000       0.000      -2.849     145.680    2797.715       0.000       0.000
   365    12    31  2023     100       0  hru100               792.783      74.581      74.565      98.260     174.568     272.828     522.207     570.244      82.337     461.299      26.607      97.904      79.341     682.365     535.422     411.149      39.403       0.000       0.000       0.290     690.046       0.000       0.000       3.190     560.550       0.000      97.904       0.000       0.000     174.568       0.000       0.000       0.000       0.000       0.000      -7.707     147.799    2636.913       0.000       0.000
   365    12    31  2023     101       0  hru101               792.783      74.584      74.568       0.000     317.542     317.542     140.525     543.742      82.330     443.124      18.289       0.000      24.247     357.691     309.919     190.786      26.945       0.000       0.000       0.290     690.100       0.000       0.000       0.000     206.340       0.000       0.000       0.000       0.000       0.000       0.000     317.542       0.000       0.000       0.000      -2.506       0.000    1013.994       0.000       0.000
   365    12    31  2023     102       0  hru102               792.783      79.399      79.350      10.139      18.082      28.220     270.229     497.739       9.240     116.974     371.525      10.136      67.033     466.065     401.958     295.218      27.985       0.000       0.000       0.316     689.977       0.000       0.000       0.000       0.000       0.000       0.000       0.000      10.136       0.000       0.000      18.082       0.000       0.000       0.000      -3.362       1.057     273.131       0.000       0.000
   365    12    31  2023     103       0  hru103               792.783      79.399      79.350      15.037     878.140     893.177     638.888     597.587       9.267     117.967     470.354      15.036      48.380     503.526     371.346     350.021      33.187       0.000       0.000       0.316     689.952       0.000       0.000      15.423    1314.211       0.000       0.000       0.000      15.036       0.000       0.000     878.140       0.000       0.000       0.000      -6.932       1.087    2804.133       0.000       0.000
   365    12    31  2023     104       0  hru104               792.783      79.399      79.350      10.307      14.692      24.999     272.847     497.654      10.751     126.906     359.996      10.305      67.149     454.794     403.434     296.156      27.999       0.000       0.000       0.316     689.966       0.000       0.000       0.000       0.000       0.000       0.000       0.000      10.305       0.000       0.000      14.692       0.000       0.000       0.000      -2.693       1.795     221.923       0.000       0.000
   365    12    31  2023     105       0  hru105               792.783      74.647      74.631      17.897     314.614     332.511     310.511     344.761      33.820     152.569     158.372      17.897      32.353     454.006     345.942     263.386      32.727       0.000       0.000       0.290     690.077       0.000       0.000     134.306      54.859       0.000       0.000       0.000      17.897       0.000       0.000     314.614       0.000       0.000       0.000      -5.668       3.354    1004.646       0.000       0.000
   365    12    31  2023     106       0  hru106               792.783      79.398      79.349      37.561      43.625      81.186     227.943     504.706       5.710     126.582     372.413      37.550      80.587     436.847     376.345     270.953      27.938       0.000       0.000       0.316     689.977       0.000       0.000       8.295       9.466       0.000       0.000       0.000      37.550       0.000       0.000      43.625       0.000       0.000       0.000      -3.173       6.991    2700.446       0.000       0.000
   365    12    31  2023     107       0  hru107               792.783      79.033      78.984      90.273      12.241     102.514     262.569     513.801       6.209     144.357     363.235      90.250      82.213     465.860     372.898     290.866      28.014       0.000       0.000       0.316     689.977       0.000       0.000      68.366      12.786       0.000       0.000       0.000      90.250       0.000       0.000      12.241       0.000       0.000       0.000      -4.876      16.432     757.748       0.000       0.000
   365    12    31  2023     108       0  hru108               792.783      79.399      79.350       9.248      44.790      54.038     257.963     483.303       5.111     110.535     367.657       9.247      66.114     443.725     396.624     288.895      27.656       0.000       0.000       0.316     689.936       0.000       0.000       0.000       0.000       0.000       0.000       0.000       9.247       0.000       0.000      44.790       0.000       0.000       0.000      -2.470       0.484     676.575       0.000       0.000
   365    12    31  2023     109       0  hru109               792.783      78.370      78.340       1.550     114.850     116.400     185.273     493.016       8.741     179.761     304.513       1.550      53.909     313.197     277.408     172.331      26.598       0.000       0.000       0.308     689.959       0.000       0.000       0.000       0.000       0.000       0.000       0.000       1.550       0.000       0.000     114.850       0.000       0.000       0.000      -1.877       0.283     392.941       0.000       0.000
   365    12    31  2023     110       0  hru110               792.783      78.601      78.552       1.298     132.038     133.336     152.455     509.340       9.670     146.020     353.650       1.298      52.522     305.249     261.444     160.040      27.590       0.000       0.000       0.315     689.962       0.000       0.000       0.000       0.000       0.000       0.000       0.000       1.298       0.000       0.000     132.038       0.000       0.000       0.000      -2.298       0.234     451.748       0.000       0.000
   365    12    31  2023     111       0  hru111               792.783      78.566      78.518       5.854     313.736     319.591     312.388     553.105      10.152     161.419     381.534       5.854      58.903     371.409     291.564     208.963      28.994       0.000       0.000       0.313     689.963       0.000       0.000       5.843     382.137       0.000       0.000       0.000       5.854       0.000       0.000     313.736       0.000       0.000       0.000      -4.188       0.930    1073.400       0.000       0.000
   365    12    31  2023     112       0  hru112               792.783      78.683      78.634      41.918      11.276      53.194     264.171     489.475       8.929     156.639     323.907      41.879      82.460     432.306     391.913     289.791      27.065       0.000       0.000       0.313     690.005       0.000       0.000       8.391       3.496       0.000       0.000       0.000      41.879       0.000       0.000      11.276       0.000       0.000       0.000      -2.119      34.697     697.999       0.000       0.000
   365    12    31  2023     113       0  hru113               792.783      77.888      77.839       0.000     175.905     175.905      87.607     531.362      14.063     208.534     308.765       0.000      22.312     312.976     275.042     183.780      27.458       0.000       0.000       0.311     689.971       0.000       0.000       0.000       0.000       0.000       0.000       0.000       0.000       0.000       0.000     175.905       0.000       0.000       0.000      -1.990       0.000     561.711       0.000       0.000
   365    12    31  2023     114       0  hru114               792.783      79.375      79.326       0.182     412.511     412.693     215.726     539.895       5.672     152.023     382.200       0.182      27.745     390.584     337.287     232.776      29.510       0.000       0.000       0.316     689.943       0.000       0.000      15.355     357.234       0.000       0.000       0.000       0.182       0.000       0.000     412.511       0.000       0.000       0.000      -2.795       0.013    1317.256       0.000       0.000
   365    12    31  2023     115       0  hru115               792.783      79.168      79.119      16.744      29.509      46.254     267.262     526.692       6.024     174.503     346.165      16.742      66.770     459.657     384.166     293.030      27.858       0.000       0.000       0.315     689.996       0.000       0.000       7.738      35.670       0.000       0.000       0.000      16.742       0.000       0.000      29.509       0.000       0.000       0.000      -3.959       2.264     445.750       0.000       0.000
   365    12    31  2023     116       0  hru116               792.783      78.804      78.756       0.000     248.239     248.239     162.184     534.508       6.299     181.931     346.278       0.000      25.210     364.675     297.582     211.127      28.473       0.000       0.000       0.314     689.938       0.000       0.000       2.691     145.779       0.000       0.000       0.000       0.000       0.000       0.000     248.239       0.000       0.000       0.000      -3.519       0.000     792.693       0.000       0.000
   365    12    31  2023     117       0  hru117               792.783      78.726      78.678       0.000     173.632     173.632      96.672     524.696       6.096     194.631     323.970       0.000      22.615     318.380     278.051     187.178      27.667       0.000       0.000       0.314     689.945       0.000       0.000       0.000       0.000       0.000       0.000       0.000       0.000       0.000       0.000     173.632       0.000       0.000       0.000      -2.115       0.000     554.451       0.000       0.000
   365    12    31  2023     118       0  hru118               792.783      78.631      78.582       0.000     171.480     171.481      98.768     524.760       6.682     198.734     319.344       0.000      22.684     320.701     280.167     187.720      27.642       0.000       0.000       0.313     689.955       0.000       0.000       0.000       0.000       0.000       0.000       0.000       0.000       0.000       0.000     171.480       0.000       0.000       0.000      -2.126       0.000     547.582       0.000       0.000
   365    12    31  2023     119       0  hru119               792.783      78.628      78.579      28.471      40.253      68.724     202.979     525.766       7.704     185.688     332.374      28.468      79.099     418.486     333.510     255.022      27.257       0.000       0.000       0.314     689.988       0.000       0.000       0.000       0.000       0.000       0.000       0.000      28.468       0.000       0.000      40.253       0.000       0.000       0.000      -4.457       2.044    2491.699       0.000       0.000
   365    12    31  2023     120       0  hru120               792.783      78.881      78.832       1.692     142.454     144.146     279.864     567.687      10.233     149.547     407.907       1.692      34.308     483.459     413.719     317.048      68.331       0.000       0.000       0.314     689.964       0.000       0.000       0.007     195.228       0.000       0.000       0.000       1.692       0.000       0.000     142.454       0.000       0.000       0.000      -3.658       0.403     114.630       0.000       0.000
   365    12    31  2023     121       0  hru121               792.783      78.994      78.945      15.262      32.762      48.024     285.306     484.147       7.643     119.112     357.392      15.260      67.969     452.784     410.059     301.433      27.732       0.000       0.000       0.315     689.950       0.000       0.000       6.817      15.598       0.000       0.000       0.000      15.260       0.000       0.000      32.762       0.000       0.000       0.000      -2.241       2.768     494.883       0.000       0.000
   365    12    31  2023     122       0  hru122               792.783      78.196      78.167       6.841     389.549     396.390     321.147     530.268      10.133     221.115     299.020       6.841      59.143     395.319     342.233     210.745      27.886       0.000       0.000       0.306     689.966       0.000       0.000       4.094     448.047       0.000       0.000       0.000       6.841       0.000       0.000     389.549       0.000       0.000       0.000      -2.784       0.921    1332.782       0.000       0.000
   365    12    31  2023     123       0  hru123               792.783      79.126      79.077       0.000     115.719     115.719     198.146     481.189       4.220     132.840     344.129       0.000      26.363     373.707     331.060     226.592      27.740       0.000       0.000       0.315     689.940       0.000       0.000       0.000       0.000       0.000       0.000       0.000       0.000       0.000       0.000     115.719       0.000       0.000       0.000      -2.237       0.000     369.521       0.000       0.000
   365    12    31  2023     124       0  hru124               792.783      78.011      77.965       1.430     164.530     165.960     174.854     492.548       9.904     173.124     309.520       1.430      53.737     310.818     271.919     171.470      27.009       0.000       0.000       0.311     689.960       0.000       0.000       0.197      38.297       0.000       0.000       0.000       1.430       0.000       0.000     164.530       0.000       0.000       0.000      -2.040       0.350     562.914       0.000       0.000
   365    12    31  2023     125       0  hru125               792.783      79.206      79.157     119.525      20.324     139.849     254.727     534.761       6.159     189.415     339.186     119.506      81.713     454.144     383.166     285.957      27.859       0.000       0.000       0.315     689.980       0.000       0.000     106.751      25.990       0.000       0.000       0.000     119.506       0.000       0.000      20.324       0.000       0.000       0.000      -3.723      16.657    1258.104       0.000       0.000
   365    12    31  2023     126       0  hru126               792.783      78.934      78.885       2.696     404.209     406.905     291.775     551.842       5.749     157.516     388.577       2.695      30.984     418.099     333.608     254.154      29.839       0.000       0.000       0.315     689.970       0.000       0.000      28.116     425.003       0.000       0.000       0.000       2.695       0.000       0.000     404.209       0.000       0.000       0.000      -4.431       1.065    1290.746       0.000       0.000
   365    12    31  2023     127       0  hru127               792.783      79.059      79.010     287.976      24.305     312.282     293.819     531.449       6.982     173.658     350.809     287.947      83.548     496.990     388.699     309.355      28.388       0.000       0.000       0.316     689.977       0.000       0.000     287.367      51.593       0.000       0.000       0.000     287.947       0.000       0.000      24.305       0.000       0.000       0.000      -5.680      25.609    1504.532       0.000       0.000
   365    12    31  2023     128       0  hru128               792.783      78.159      78.130      12.185      75.642      87.826     205.769     540.832      11.282     237.881     291.669      12.184      62.389     442.303     364.387     261.665      27.099       0.000       0.000       0.309     690.012       0.000       0.000       8.497      28.905       0.000       0.000       0.000      12.184       0.000       0.000      75.642       0.000       0.000       0.000      -4.086       0.191    1142.593       0.000       0.000
   365    12    31  2023     129       0  hru129               792.783      78.513      78.464      32.299      12.844      45.143     223.776     527.962      10.122     201.179     316.661      32.293      80.218     438.532     361.565     268.195      27.410       0.000       0.000       0.311     689.988       0.000       0.000       0.000       0.000       0.000       0.000       0.000      32.293       0.000       0.000      12.844       0.000       0.000       0.000      -4.037       3.138     795.077       0.000       0.000
   365    12    31  2023     130       0  hru130               792.783      79.136      79.081      13.903     132.190     146.093     315.052     549.402       7.562     206.745     335.095      13.903      59.835     432.974     355.060     250.808      31.112       0.000       0.000       0.316     689.974       0.000       0.000      14.497     199.070       0.000       0.000       0.000      13.903       0.000       0.000     132.190       0.000       0.000       0.000      -4.087       2.203     966.400       0.000       0.000
   365    12    31  2023     131       0  hru131               792.783      77.848      77.798      12.721      23.912      36.632     241.467     536.131      11.124     216.616     308.391      12.718      64.877     462.070     337.627     279.363      27.457       0.000       0.000       0.312     689.991       0.000       0.000      10.284       4.565       0.000       0.000       0.000      12.718       0.000       0.000      23.912       0.000       0.000       0.000      -6.527       1.295     361.196       0.000       0.000
   365    12    31  2023     132       0  hru132               792.783      78.772      78.723      63.678      11.909      75.588     230.474     549.642       6.799     253.426     289.417      63.662      80.153     453.974     339.271     268.995      26.988       0.000       0.000       0.314     689.979       0.000       0.000      42.275      14.545       0.000       0.000       0.000      63.662       0.000       0.000      11.909       0.000       0.000       0.000      -6.016      11.201     737.206       0.000       0.000
   365    12    31  2023     133       0  hru133               792.783      79.399      79.350       0.000     153.133     153.134     150.956     490.684       9.014     113.309     368.361       0.000      24.774     348.388     311.335     214.591      27.906       0.000       0.000       0.316     689.943       0.000       0.000       0.000       0.000       0.000       0.000       0.000       0.000       0.000       0.000     153.133       0.000       0.000       0.000      -1.943       0.000     488.995       0.000       0.000
   365    12    31  2023     134       0  hru134               792.783      78.426      78.378      33.859      18.670      52.530     244.261     498.227       8.505     190.385     299.337      33.836      81.395     421.731     379.936     277.936      26.586       0.000       0.000       0.314     689.969       0.000       0.000       0.000       0.000       0.000       0.000       0.000      33.836       0.000       0.000      18.670       0.000       0.000       0.000      -2.192      19.599    1155.727       0.000       0.000
   365    12    31  2023     135       0  hru135               792.783      79.148      79.099       3.529     306.820     310.348     271.044     513.685       8.579     178.678     326.428       3.528      57.201     381.813     319.665     196.787      29.036       0.000       0.000       0.316     689.949       0.000       0.000       2.353     296.565       0.000       0.000       0.000       3.528       0.000       0.000     306.820       0.000       0.000       0.000      -3.260       0.246    1049.736       0.000       0.000
   365    12    31  2023     136       0  hru136               792.783      72.515      72.498    6379.517    2198.294    8577.809    1339.852     457.492      52.590     228.980     175.922    6379.281      87.225     700.681     700.681     603.979     136.449       0.000       0.000       0.278     690.121       0.000       0.000       0.316    9581.767       0.000       0.000       0.000    6379.281       0.000       0.000    2198.294       0.000       0.000       0.000      -0.006     413.150    1768.928       0.000       0.000
   365    12    31  2023     137       0  hru137               792.783      73.587      73.565     159.144    1398.578    1557.723     685.605     504.228      41.003     288.494     174.731     159.093      50.784     615.296     368.262     362.417      35.996       0.000       0.000       0.284     690.101       0.000       0.000     464.745    1476.014       0.000       0.000       0.000     159.093       0.000       0.000    1398.578       0.000       0.000       0.000     -12.957      15.673    4466.029       0.000       0.000
   365    12    31  2023     138       0  hru138               792.783      75.913      75.891      58.526      21.640      80.166     341.342     373.792      23.416     210.776     139.600      58.517      86.630     489.824     443.019     342.519      30.556       0.000       0.000       0.298     690.032       0.000       0.000       0.000       0.000       0.000       0.000       0.000      58.517       0.000       0.000      21.640       0.000       0.000       0.000      -2.455       5.019    1339.524       0.000       0.000
   365    12    31  2023     139       0  hru139               792.783      74.092      74.070       0.006     181.272     181.278     129.211     483.099      37.274     297.046     148.780       0.005      26.628     382.885     368.126     247.921      45.467       0.000       0.000       0.287     690.057       0.000       0.000       0.000       0.000       0.000       0.000       0.000       0.005       0.000       0.000     181.272       0.000       0.000       0.000      -0.774       0.000     479.767       0.000       0.000
   365    12    31  2023     140       0  hru140               792.783      74.098      74.076       0.000     220.622     220.623     190.702     473.011      37.339     294.194     141.478       0.000      26.334     369.483     340.913     216.943      28.277       0.000       0.000       0.287     690.058       0.000       0.000       0.000      90.013       0.000       0.000       0.000       0.000       0.000       0.000     220.622       0.000       0.000       0.000      -1.498       0.000     704.505       0.000       0.000
   365    12    31  2023     141       0  hru141               792.783      79.073      79.024       8.694     110.441     119.136     305.859     529.582       7.840     131.849     389.893       8.694      59.649     428.127     353.119     250.714      31.667       0.000       0.000       0.315     689.961       0.000       0.000       8.541     149.230       0.000       0.000       0.000       8.694       0.000       0.000     110.441       0.000       0.000       0.000      -3.935       1.966     807.401       0.000       0.000
   365    12    31  2023     142       0  hru142               792.783      78.730      78.679       0.000     189.438     189.439      75.146     530.225      10.098     197.038     323.089       0.000      21.894     300.816     264.462     179.393      27.761       0.000       0.000       0.314     689.953       0.000       0.000       0.000       0.000       0.000       0.000       0.000       0.000       0.000       0.000     189.438       0.000       0.000       0.000      -1.907       0.000     604.926       0.000       0.000
   365    12    31  2023     143       0  hru143               792.783      79.205      79.156      24.147     289.520     313.666     462.862     557.662       6.915     123.644     427.103      24.140      65.769     507.427     362.967     295.938      33.273       0.000       0.000       0.316     689.958       0.000       0.000      14.684     518.769       0.000       0.000       0.000      24.140       0.000       0.000     289.520       0.000       0.000       0.000      -7.578       3.212    2116.586       0.000       0.000
   365    12    31  2023     144       0  hru144               792.783      78.653      78.604      12.498      19.080      31.578     263.688     510.987       8.418     138.927     363.642      12.494      66.503     470.703     351.308     290.911      27.920       0.000       0.000       0.314     689.972       0.000       0.000       2.943       4.195       0.000       0.000       0.000      12.494       0.000       0.000      19.080       0.000       0.000       0.000      -6.262       1.773     288.206       0.000       0.000
   365    12    31  2023     145       0  hru145               792.783      78.590      78.541       3.329      62.395      65.724     208.451     529.556      11.044     167.153     351.360       3.328      55.549     389.701     309.815     217.846      30.622       0.000       0.000       0.315     689.965       0.000       0.000       2.751       3.922       0.000       0.000       0.000       3.328       0.000       0.000      62.395       0.000       0.000       0.000      -4.190       0.738     456.152       0.000       0.000
   365    12    31  2023     146       0  hru146               792.783      78.080      78.032      39.349      75.980     115.329     412.214     561.698      11.914     179.675     370.109      39.329      75.775     562.786     425.058     362.711      30.977       0.000       0.000       0.313     689.943       0.000       0.000       0.000     288.886       0.000       0.000       0.000      39.329       0.000       0.000      75.980       0.000       0.000       0.000      -7.223       5.399    1147.709       0.000       0.000
   365    12    31  2023     147       0  hru147               792.783      79.112      79.063      80.624     137.987     218.611     482.087     580.924       5.874     195.623     379.427      80.611      78.988     633.113     508.923     397.040      36.009       0.000       0.000       0.316     689.960       0.000       0.000      19.105     462.698       0.000       0.000       0.000       0.000       0.000       0.000       0.000       0.000       0.000       0.000      -6.513       3.775    2084.341       0.000       0.000
   365    12    31  2023     148       0  hru148               792.783      75.649      75.631      85.965      45.033     130.998     248.419     557.210      23.180     249.855     284.174      85.960      81.376     444.105     373.098     281.385      26.813       0.000       0.000       0.297     690.091       0.000       0.000      69.897      70.042       0.000       0.000       0.000      85.960       0.000       0.000      45.033       0.000       0.000       0.000      -3.724       3.584    2787.608       0.000       0.000
   365    12    31  2023     149       0  hru149               792.783      71.953      71.936       1.089     253.140     254.230     185.537     500.519      49.981     308.344     142.194       1.089      26.347     397.452     290.910     212.937      28.633       0.000       0.000       0.277     690.166       0.000       0.000      77.117      64.566       0.000       0.000       0.000       1.089       0.000       0.000     253.140       0.000       0.000       0.000      -5.588       0.238     808.344       0.000       0.000
   365    12    31  2023     150       0  hru150               792.783      73.558      73.546       6.727     196.669     203.396     408.671     455.622      37.375     289.360     128.888       6.723      61.903     460.797     348.631     239.392      31.591       0.000       0.000       0.287     690.095       0.000       0.000       0.000     268.850       0.000       0.000       0.000       6.723       0.000       0.000     196.669       0.000       0.000       0.000      -5.883       3.180    1131.508       0.000       0.000
   365    12    31  2023     151       0  hru151               792.783      75.438      75.424      29.688      68.475      98.163     366.043     396.597      26.107     244.788     125.702      29.650      74.356     509.195     410.090     343.438      29.088       0.000       0.000       0.296     690.061       0.000       0.000      15.847      46.640       0.000       0.000       0.000      29.650       0.000       0.000      68.475       0.000       0.000       0.000      -5.197      15.274    1034.343       0.000       0.000
   365    12    31  2023     152       0  hru152               792.783      78.058      78.015      18.282      41.356      59.638     291.421     502.639       8.819     192.360     301.460      18.281      68.323     466.159     412.544     303.676      27.043       0.000       0.000       0.311     690.039       0.000       0.000       8.977      49.053       0.000       0.000       0.000      18.281       0.000       0.000      41.356       0.000       0.000       0.000      -2.812       0.666     624.698       0.000       0.000
   365    12    31  2023     153       0  hru153               792.783      77.161      77.116      38.862      10.968      49.830     256.375     494.564      14.943     188.270     291.350      38.840      82.022     424.575     384.063     284.683      26.520       0.000       0.000       0.309     689.977       0.000       0.000       3.810       2.025       0.000       0.000       0.000      38.840       0.000       0.000      10.968       0.000       0.000       0.000      -2.125      19.906     678.945       0.000       0.000
   365    12    31  2023     154       0  hru154               792.783      76.727      76.683      44.683      11.661      56.343     262.128     497.494      16.307     193.940     287.247      44.652      82.259     431.175     384.624     287.787      26.483       0.000       0.000       0.307     689.987       0.000       0.000      13.044       7.660       0.000       0.000       0.000      44.652       0.000       0.000      11.661       0.000       0.000       0.000      -2.442      26.825     721.802       0.000       0.000
   365    12    31  2023     155       0  hru155               792.783      76.836      76.815     346.296      21.347     367.643     279.570     551.113      15.686     249.129     286.298     346.265      82.682     477.561     379.548     299.036      27.206       0.000       0.000       0.305     690.088       0.000       0.000     357.727      42.558       0.000       0.000       0.000     346.265       0.000       0.000      21.347       0.000       0.000       0.000      -5.141      31.580    1321.409       0.000       0.000
   365    12    31  2023     156       0  hru156               792.783      77.859      77.816       0.000     329.948     329.949      94.462     562.930      10.444     268.587     283.899       0.000      22.694     322.835     273.788     186.656      27.545       0.000       0.000       0.311     690.046       0.000       0.000      11.955     179.761       0.000       0.000       0.000       0.000       0.000       0.000     329.948       0.000       0.000       0.000      -2.572       0.000    1053.612       0.000       0.000
   365    12    31  2023     157       0  hru157               792.783      78.652      78.604       9.428      26.815      36.243     263.958     495.458       6.699     185.418     303.341       9.423      66.290     455.291     401.396     290.173      26.710       0.000       0.000       0.314     689.970       0.000       0.000       0.000       0.000       0.000       0.000       0.000       9.423       0.000       0.000      26.815       0.000       0.000       0.000      -2.827       3.846     405.047       0.000       0.000
   365    12    31  2023     158       0  hru158               792.783      77.524      77.477       7.467      46.331      53.799     238.667     502.448      12.984     239.263     250.202       7.467      64.329     433.516     393.612     276.673      25.815       0.000       0.000       0.309     690.054       0.000       0.000       0.000       0.000       0.000       0.000       0.000       7.466       0.000       0.000      46.331       0.000       0.000       0.000      -2.093       1.637     699.853       0.000       0.000
   365    12    31  2023     159       0  hru159               792.783      76.514      76.493      66.452      39.505     105.957     232.930     566.580      16.621     296.678     253.282      66.447      80.421     456.456     338.879     271.923      26.734       0.000       0.000       0.302     690.078       0.000       0.000      49.939      56.321       0.000       0.000       0.000      66.447       0.000       0.000      39.505       0.000       0.000       0.000      -6.167       2.981    2445.382       0.000       0.000
   365    12    31  2023     160       0  hru160               792.783      79.317      79.268       0.156     264.701     264.857     185.129     495.064       3.953     138.362     352.749       0.156      26.239     367.061     315.977     225.463      28.689       0.000       0.000       0.316     689.943       0.000       0.000      20.749     128.737       0.000       0.000       0.000       0.156       0.000       0.000     264.701       0.000       0.000       0.000      -2.679       0.015     845.259       0.000       0.000
   365    12    31  2023     161       0  hru161               792.783      79.033      78.984       4.370     454.169     458.539     329.848     566.783       9.424     207.347     350.012       4.370      32.934     442.987     355.793     261.767      29.876       0.000       0.000       0.314     689.955       0.000       0.000      13.282     544.346       0.000       4.370       0.000       0.000     454.169       0.000       0.000       0.000       0.000       0.000      -4.573       0.722    1450.282       0.000       0.000
   365    12    31  2023     162       0  hru162               792.783      75.133      75.115      33.051     107.526     140.577     429.579     364.502      29.576     214.990     119.936      33.024      78.617     538.860     503.780     375.461      31.548       0.000       0.000       0.293     690.036       0.000       0.000       0.000     139.843       0.000       0.000       0.000      33.024       0.000       0.000     107.526       0.000       0.000       0.000      -1.839       8.797    1624.221       0.000       0.000
   365    12    31  2023     163       0  hru163               792.783      74.581      74.565       0.000     156.353     156.353     162.057     547.952      82.336     448.558      17.059       0.000      24.972     365.056     297.372     197.449      26.690       0.000       0.000       0.290     690.056       0.000       0.000       0.931      68.985       0.000       0.000       0.000       0.000       0.000       0.000     156.353       0.000       0.000       0.000      -3.550       0.000     499.275       0.000       0.000
   365    12    31  2023     164       0  hru164               792.783      74.581      74.565       0.000     302.456     302.456      78.269     572.655      82.337     464.542      25.777       0.000      23.444     367.726     334.321     251.333      65.274       0.000       0.000       0.290     690.049       0.000       0.000       0.000     158.760       0.000       0.000       0.000       0.000     302.456       0.000       0.000       0.000       0.000       0.000      -1.752       0.000     243.381       0.000       0.000
   365    12    31  2023     165       0  hru165               792.783      74.582      74.566      20.638     530.778     551.416     404.908     567.660      82.335     459.357      25.968      20.541      62.389     444.913     406.111     234.760      30.210       0.000       0.000       0.290     690.061       0.000       0.000     721.069       7.922       0.000       0.000       0.000      20.541       0.000       0.000     530.778       0.000       0.000       0.000      -2.035      24.212    1815.974       0.000       0.000
   365    12    31  2023     166       0  hru166               792.783      74.582      74.566     434.843    1504.920    1939.763    1357.424     591.502      82.336     463.867      45.299     433.920      75.444     803.710     676.095     528.137      56.411       0.000       0.000       0.290     690.057       0.000       0.000     102.539    2985.248       0.000       0.000       0.000     433.920       0.000       0.000    1504.920       0.000       0.000       0.000      -6.693     446.924    4805.605       0.000       0.000
   365    12    31  2023     167       0  hru167               792.783      74.582      74.566       1.169     299.089     300.258     218.101     560.912      82.334     460.048      18.530       1.169      27.468     383.741     297.182     217.213      27.420       0.000       0.000       0.290     690.070       0.000       0.000      21.689     260.055       0.000       0.000       0.000       1.169       0.000       0.000     299.089       0.000       0.000       0.000      -4.540       1.785     955.069       0.000       0.000
   365    12    31  2023     168       0  hru168               792.783      74.583      74.567       0.884      75.588      76.472     173.695     546.809      82.333     447.904      16.572       0.884      53.316     367.247     289.773     196.934      29.141       0.000       0.000       0.290     690.074       0.000       0.000       0.000       0.000       0.000       0.000       0.000       0.884       0.000       0.000      75.588       0.000       0.000       0.000      -4.064       0.948     552.603       0.000       0.000
   365    12    31  2023     169       0  hru169               792.783      74.583      74.567       8.904     166.484     175.387     285.982     557.270      82.333     456.556      18.381       8.904      57.975     402.439     341.274     232.501      29.849       0.000       0.000       0.290     690.077       0.000       0.000      11.977     210.545       0.000       0.000       0.000       8.904       0.000       0.000     166.484       0.000       0.000       0.000      -3.208      15.532    1217.108       0.000       0.000
   365    12    31  2023     170       0  hru170               792.783      74.582      74.566       0.000     169.730     169.730      86.460     539.071      82.334     440.225      16.512       0.000      22.072     311.754     267.219     173.311      26.444       0.000       0.000       0.290     690.070       0.000       0.000       0.000       0.000       0.000       0.000       0.000       0.000       0.000       0.000     169.730       0.000       0.000       0.000      -2.336       0.000     541.993       0.000       0.000
   365    12    31  2023     171       0  hru171               792.783      72.069      72.058       0.000     443.574     443.574     256.274     496.434      55.500     295.493     145.441       0.000      29.423     398.055     326.312     235.683      29.550       0.000       0.000       0.276     690.148       0.000       0.000       3.010     396.526       0.000       0.000       0.000       0.000       0.000       0.000     443.574       0.000       0.000       0.000      -3.762       0.000    1416.447       0.000       0.000
   365    12    31  2023     172       0  hru172               792.783      74.511      74.496      10.502     894.929     905.431     658.476     511.105      35.551     326.809     148.744      10.502      49.459     552.834     391.972     349.832      32.985       0.000       0.000       0.290     690.066       0.000       0.000       0.185    1273.189       0.000       0.000       0.000      10.502       0.000       0.000     894.929       0.000       0.000       0.000      -8.437       0.963    2857.743       0.000       0.000
   365    12    31  2023     173       0  hru173               792.783      72.116      72.096       2.163     191.777     193.940     204.504     494.794      53.734     295.600     145.460       2.163      54.600     341.402     262.952     172.576      27.838       0.000       0.000       0.276     690.148       0.000       0.000       0.754      95.454       0.000       0.000       0.000       2.163       0.000       0.000     191.777       0.000       0.000       0.000      -4.115       0.220     656.136       0.000       0.000
   365    12    31  2023     174       0  hru174               792.783      75.152      75.134       2.539     319.929     322.468     242.910     428.516      29.751     249.365     149.401       2.539      56.851     351.745     295.784     192.528      29.745       0.000       0.000       0.293     690.069       0.000       0.000       2.014     196.040       0.000       0.000       0.000       2.539       0.000       0.000     319.929       0.000       0.000       0.000      -2.935       0.291    1094.587       0.000       0.000
   365    12    31  2023     175       0  hru175               792.783      75.097      75.079       2.483     273.518     276.001     251.080     364.771      29.037     214.096     121.637       2.482      57.570     334.319     294.059     199.220      29.816       0.000       0.000       0.295     690.045       0.000       0.000       1.434      95.466       0.000       0.000       0.000       2.482       0.000       0.000     273.518       0.000       0.000       0.000      -2.112       0.458     935.801       0.000       0.000
   365    12    31  2023     176       0  hru176               792.783      76.294      76.274       1.956     639.707     641.664     408.765     377.208      22.611     224.033     130.564       1.956      36.999     482.538     413.926     291.774      31.992       0.000       0.000       0.298     689.988       0.000       0.000       9.728     621.356       0.000       0.000       0.000       1.956       0.000       0.000     639.707       0.000       0.000       0.000      -3.598       0.195    2042.754       0.000       0.000
   365    12    31  2023     177       0  hru177               792.783      74.582      74.566       0.818     102.629     103.448     164.802     546.559      82.334     447.342      16.882       0.818      53.016     361.968     287.454     194.658      29.223       0.000       0.000       0.290     690.069       0.000       0.000       0.247      17.694       0.000       0.000       0.000       0.818       0.000       0.000     102.629       0.000       0.000       0.000      -3.908       1.082     750.291       0.000       0.000
   365    12    31  2023     178       0  hru178               792.783      74.583      74.567       0.958      68.701      69.659     179.915     547.489      82.334     448.609      16.546       0.958      53.556     370.239     290.877     198.795      29.140       0.000       0.000       0.290     690.072       0.000       0.000       0.000       0.000       0.000       0.000       0.000       0.958       0.000       0.000      68.701       0.000       0.000       0.000      -4.163       1.047     502.248       0.000       0.000
   365    12    31  2023     179       0  hru179               792.783      74.581      74.565       0.000     141.265     141.266      85.287     569.297      82.337     462.594      24.366       0.000      23.629     388.109     330.705     244.532      64.141       0.000       0.000       0.290     690.051       0.000       0.000       0.000       0.000       0.000       0.000       0.000       0.000       0.000       0.000     141.265       0.000       0.000       0.000      -3.011       0.000     113.674       0.000       0.000
   365    12    31  2023     180       0  hru180               792.783      75.600      75.582       0.000     300.399     300.399     177.135     363.634      26.895     183.567     153.172       0.000      26.363     353.577     275.008     226.016      33.752       0.000       0.000       0.296     690.078       0.000       0.000      33.462      10.594       0.000       0.000       0.000       0.000       0.000       0.000     300.399       0.000       0.000       0.000      -4.121       0.000     898.394       0.000       0.000
   365    12    31  2023     181       0  hru181               792.783      78.327      78.281       3.777     251.468     255.245     255.064     509.009       8.171     180.247     320.590       3.777      56.700     363.533     310.152     193.495      27.711       0.000       0.000       0.313     689.958       0.000       0.000       1.744     221.916       0.000       0.000       0.000       3.777       0.000       0.000     251.468       0.000       0.000       0.000      -2.800       0.441     860.359       0.000       0.000
   365    12    31  2023     182       0  hru182               792.783      78.382      78.335       0.000     159.753     159.753     143.120     491.838       7.682     170.673     313.483       0.000      24.476     343.475     307.670     211.659      27.219       0.000       0.000       0.312     689.950       0.000       0.000       0.000       0.000       0.000       0.000       0.000       0.000       0.000       0.000     159.753       0.000       0.000       0.000      -1.878       0.000     510.132       0.000       0.000
   365    12    31  2023     183       0  hru183               792.783      77.922      77.874       0.000     127.338     127.338     117.335     551.308      11.822     257.708     281.778       0.000      23.095     345.878     286.751     186.856      27.042       0.000       0.000       0.310     689.966       0.000       0.000       0.000       0.000       0.000       0.000       0.000       0.000       0.000       0.000     127.338       0.000       0.000       0.000      -3.101       0.000     406.622       0.000       0.000
   365    12    31  2023     184       0  hru184               792.783      77.471      77.442     107.708      46.694     154.403     202.552     552.368      13.610     255.754     283.003     107.702      78.809     431.006     342.172     253.926      27.011       0.000       0.000       0.307     689.995       0.000       0.000     105.126       6.480       0.000       0.000       0.000     107.702       0.000       0.000      46.694       0.000       0.000       0.000      -4.659       7.241    2890.440       0.000       0.000
   365    12    31  2023     185       0  hru185               792.783      77.432      77.403       6.339      29.222      35.561     200.268     562.277      13.941     279.718     268.619       6.338      61.676     433.840     333.793     255.946      26.452       0.000       0.000       0.303     690.022       0.000       0.000       0.000       0.000       0.000       0.000       0.000       6.338       0.000       0.000      29.222       0.000       0.000       0.000      -5.247       0.739     441.404       0.000       0.000
   365    12    31  2023     186       0  hru186               792.783      78.163      78.121     190.620      22.677     213.298     274.395     516.863       7.901     155.396     353.566     190.594      82.643     480.093     382.565     297.674      28.266       0.000       0.000       0.311     690.007       0.000       0.000     185.550      20.988       0.000       0.000       0.000     190.594       0.000       0.000      22.677       0.000       0.000       0.000      -5.115      22.923    1403.763       0.000       0.000
   365    12    31  2023     187       0  hru187               792.783      77.898      77.852      34.284      12.394      46.678     238.103     511.868      10.771     161.051     340.046      34.276      80.980     445.395     372.755     276.709      27.759       0.000       0.000       0.312     689.987       0.000       0.000       0.000       0.000       0.000       0.000       0.000      34.276       0.000       0.000      12.394       0.000       0.000       0.000      -3.810       4.310     767.189       0.000       0.000
   365    12    31  2023     188       0  hru188               792.783      78.778      78.732      58.627      18.387      77.014     246.243     517.583       7.334     163.632     346.617      58.618      81.471     440.665     384.162     281.358      27.857       0.000       0.000       0.313     689.991       0.000       0.000      35.647       9.399       0.000       0.000       0.000      58.618       0.000       0.000      18.387       0.000       0.000       0.000      -2.964       6.806    1138.190       0.000       0.000
   365    12    31  2023     189       0  hru189               792.783      79.237      79.188     141.703      33.814     175.517     261.718     525.032       6.975     185.410     332.646     141.691      82.088     458.996     386.576     290.316      27.957       0.000       0.000       0.316     689.978       0.000       0.000     141.720      23.862       0.000       0.000       0.000     141.691       0.000       0.000      33.814       0.000       0.000       0.000      -3.798       9.734    2093.137       0.000       0.000
   365    12    31  2023     190       0  hru190               792.783      79.187      79.138      11.434      59.682      71.115     253.028     504.982       5.810     182.739     316.433      11.433      65.822     451.172     388.855     286.841      27.886       0.000       0.000       0.316     689.966       0.000       0.000      10.898      22.074       0.000       0.000       0.000      11.433       0.000       0.000      59.682       0.000       0.000       0.000      -3.268       0.244     901.510       0.000       0.000
   365    12    31  2023     191       0  hru191               792.783      77.216      77.192     135.931      47.266     183.197     262.217     540.890      13.842     211.409     315.639     135.927      82.135     448.454     391.667     289.967      27.397       0.000       0.000       0.307     690.009       0.000       0.000     124.978      65.471       0.000       0.000       0.000     135.927       0.000       0.000      47.266       0.000       0.000       0.000      -2.978       4.414    2925.801       0.000       0.000
   365    12    31  2023     192       0  hru192               792.783      76.558      76.537      96.095      45.542     141.637     218.062     555.892      14.688     264.414     276.790      96.092      79.643     432.844     336.071     262.929      26.746       0.000       0.000       0.303     690.073       0.000       0.000      87.151      30.304       0.000       0.000       0.000      96.092       0.000       0.000      45.542       0.000       0.000       0.000      -5.076       3.594    2819.126       0.000       0.000
   365    12    31  2023     193       0  hru193               792.783      74.075      74.058      26.736      27.912      54.648     359.720     445.381      38.287     257.251     149.844      26.722      73.714     530.629     330.679     338.754      30.195       0.000       0.000       0.287     690.080       0.000       0.000       2.850      53.434       0.000       0.000       0.000      26.722       0.000       0.000      27.912       0.000       0.000       0.000     -10.487       3.990     421.623       0.000       0.000
   365    12    31  2023     194       0  hru194               792.783      78.488      78.439      21.672      60.152      81.824     275.606     509.313       9.828     155.213     344.272      21.662      67.436     477.940     410.416     297.944      28.259       0.000       0.000       0.314     689.974       0.000       0.000      41.716      28.523       0.000       0.000       0.000      21.662       0.000       0.000      60.152       0.000       0.000       0.000      -3.541       4.642     908.618       0.000       0.000
   365    12    31  2023     195       0  hru195               792.783      79.399      79.350      31.352      13.917      45.269     228.856     522.093       7.829     193.358     320.905      31.346      80.454     430.271     365.935     271.055      27.566       0.000       0.000       0.316     689.980       0.000       0.000       0.000       0.000       0.000       0.000       0.000      31.346       0.000       0.000      13.917       0.000       0.000       0.000      -3.374       3.230     861.467       0.000       0.000
   365    12    31  2023     196       0  hru196               792.783      79.398      79.349      29.554      33.873      63.427     210.859     522.199       7.784     192.137     322.278      29.550      79.594     425.522     357.945     261.191      27.692       0.000       0.000       0.316     689.979       0.000       0.000       0.000       0.000       0.000       0.000       0.000      29.550       0.000       0.000      33.873       0.000       0.000       0.000      -3.544       2.464    2096.809       0.000       0.000
   365    12    31  2023     197       0  hru197               792.783      79.398      79.349       0.000     183.096     183.096      55.003     556.337      12.045     194.963     349.330       0.000      22.112     367.609     337.466     245.497      66.978       0.000       0.000       0.316     689.935       0.000       0.000       0.000       0.000       0.000       0.000       0.000       0.000      63.877     119.219       0.000       0.000       0.000       0.000      -1.581       0.000     147.334       0.000       0.000
   365    12    31  2023     198       0  hru198               792.783      79.056      79.027       5.980     693.785     699.765     432.078     585.468       9.948     225.646     349.874       5.980      38.156     487.718     350.262     292.822      31.357       0.000       0.000       0.313     689.967       0.000       0.000      21.835     895.125       0.000       0.000       0.000       5.980       0.000       0.000     693.785       0.000       0.000       0.000      -7.209       0.704    2215.437       0.000       0.000
   365    12    31  2023     199       0  hru199               792.783      79.007      78.958      77.439      17.281      94.720     267.643     534.053      10.374     222.718     300.961      77.426      82.164     477.830     390.810     292.296      27.530       0.000       0.000       0.315     689.984       0.000       0.000      72.269      26.721       0.000       0.000       0.000      77.426       0.000       0.000      17.281       0.000       0.000       0.000      -4.564       5.883    1069.706       0.000       0.000
   365    12    31  2023     200       0  hru200               792.783      78.892      78.843      51.902      13.773      65.676     238.122     531.235      10.836     224.756     295.642      51.895      80.629     445.756     368.813     274.439      27.332       0.000       0.000       0.315     689.979       0.000       0.000      27.303      10.857       0.000       0.000       0.000      51.895       0.000       0.000      13.773       0.000       0.000       0.000      -4.036       4.501     852.582       0.000       0.000
   365    12    31  2023     201       0  hru201               792.783      78.952      78.908       0.000     312.177     312.177     114.738     494.085       5.674     165.581     322.829       0.000      23.735     323.759     289.790     205.403      27.827       0.000       0.000       0.313     689.978       0.000       0.000       0.000     126.320       0.000       0.000       0.000       0.000       0.000       0.000     312.177       0.000       0.000       0.000      -1.782       0.000     996.864       0.000       0.000
   365    12    31  2023     202       0  hru202               792.783      78.442      78.396       6.386      59.484      65.870     203.644     527.195      10.014     197.836     319.345       6.386      62.192     435.831     362.972     261.594      27.239       0.000       0.000       0.312     690.011       0.000       0.000       0.000       0.000       0.000       0.000       0.000       6.386       0.000       0.000      59.484       0.000       0.000       0.000      -3.821       0.232     898.530       0.000       0.000
   365    12    31  2023     203       0  hru203               792.783      78.109      78.082       0.000     253.980     253.980      80.558     549.289       9.946     250.446     288.897       0.000      22.037     306.915     269.211     179.635      27.320       0.000       0.000       0.303     690.002       0.000       0.000       0.000      88.894       0.000       0.000       0.000       0.000       0.000       0.000     253.982       0.000       0.000       0.000      -1.978       0.000     811.024       0.000       0.000
   365    12    31  2023     204       0  hru204               792.783      77.511      77.482      30.768      41.060      71.828     207.677     536.764      12.816     208.272     315.677      30.765      79.344     428.062     347.456     258.933      27.540       0.000       0.000       0.308     690.032       0.000       0.000       6.296      12.754       0.000       0.000       0.000      30.765       0.000       0.000      41.060       0.000       0.000       0.000      -4.228       1.355    2541.658       0.000       0.000
   365    12    31  2023     205       0  hru205               792.783      72.219      72.207       0.670     281.873     282.543     106.605     405.122      52.030     242.280     110.812       0.670      51.758     252.273     225.338     153.838      28.832       0.000       0.000       0.280     690.152       0.000       0.000       0.000       0.000       0.000       0.000       0.000       0.670       0.000       0.000     281.873       0.000       0.000       0.000      -1.413       0.020     964.385       0.000       0.000
   365    12    31  2023     206       0  hru206               792.783      72.363      72.349      15.673      39.969      55.642     328.024     412.744      51.233     246.995     114.515      15.670      71.843     504.295     438.259     324.981      29.284       0.000       0.000       0.281     690.139       0.000       0.000       0.000       0.000       0.000       0.000       0.000      15.670       0.000       0.000      39.969       0.000       0.000       0.000      -3.463       0.842     603.744       0.000       0.000
   365    12    31  2023     207       0  hru207               792.783      78.490      78.441      11.852     485.732     497.584     336.944     534.926      10.249     234.498     290.179      11.852      33.074     492.944     348.000     264.335      28.767       0.000       0.000       0.313     689.975       0.000       0.000      24.061     544.678       0.000       0.000       0.000      11.852       0.000       0.000     485.732       0.000       0.000       0.000      -7.602       2.027    1551.069       0.000       0.000
   365    12    31  2023     208       0  hru208               792.783      78.530      78.483      12.345     215.685     228.030     412.271     558.043      10.106     155.474     392.463      12.341      63.729     490.161     354.486     280.484      32.240       0.000       0.000       0.314     689.965       0.000       0.000       3.314     394.854       0.000       0.000       0.000      12.341       0.000       0.000     215.685       0.000       0.000       0.000      -7.117       1.788    1576.806       0.000       0.000
   365    12    31  2023     209       0  hru209               792.783      78.894      78.848      20.759      29.700      50.458     270.181     523.654       6.431     153.379     363.844      20.741      67.038     473.397     388.244     295.113      28.141       0.000       0.000       0.315     689.974       0.000       0.000      23.488      23.462       0.000       0.000       0.000      20.741       0.000       0.000      29.700       0.000       0.000       0.000      -4.466      12.014     448.624       0.000       0.000
   365    12    31  2023     210       0  hru210               792.783      78.241      78.188      27.440      50.729      78.169     323.804     547.494       8.294     193.777     345.423      27.428      70.681     511.870     451.975     320.845      28.966       0.000       0.000       0.311     689.998       0.000       0.000     140.660      12.712       0.000       0.000       0.000      27.428       0.000       0.000      50.729       0.000       0.000       0.000      -3.141       3.173     766.279       0.000       0.000
   365    12    31  2023     211       0  hru211               792.783      78.721      78.672      32.174      19.972      52.146     276.219     537.897       7.840     199.405     330.652      32.160      67.350     482.381     385.881     297.404      28.238       0.000       0.000       0.314     689.963       0.000       0.000      50.489      17.857       0.000       0.000       0.000      32.160       0.000       0.000      19.972       0.000       0.000       0.000      -5.061       8.989     301.682       0.000       0.000
   365    12    31  2023     212       0  hru212               792.783      79.363      79.314       1.874     182.359     184.233     185.666     521.769       6.228     186.429     329.112       1.873      53.689     329.955     270.019     169.174      27.944       0.000       0.000       0.316     689.959       0.000       0.000       0.453      95.193       0.000       0.000       0.000       1.873       0.000       0.000     182.359       0.000       0.000       0.000      -3.144       0.283     623.913       0.000       0.000
   365    12    31  2023     213       0  hru213               792.783      78.064      78.016      33.673      11.863      45.535     216.764     546.512      10.157     264.649     271.706      33.667      79.427     424.227     363.982     260.793      26.829       0.000       0.000       0.309     689.989       0.000       0.000       2.914       9.911       0.000       0.000       0.000      33.667       0.000       0.000      11.863       0.000       0.000       0.000      -3.160       4.143     734.322       0.000       0.000
   365    12    31  2023     214       0  hru214               792.783      78.203      78.156       8.176      21.957      30.134     234.088     534.468       9.837     205.019     319.612       8.174      64.295     453.950     342.562     275.385      27.346       0.000       0.000       0.313     690.002       0.000       0.000       0.000       0.000       0.000       0.000       0.000       8.174       0.000       0.000      21.957       0.000       0.000       0.000      -5.842       1.151     331.675       0.000       0.000
   365    12    31  2023     215       0  hru215               792.783      77.774      77.723       8.756      18.690      27.446     235.330     534.921      11.304     209.096     314.521       8.754      64.363     453.948     361.181     276.105      27.282       0.000       0.000       0.310     690.015       0.000       0.000       0.000       0.000       0.000       0.000       0.000       8.754       0.000       0.000      18.690       0.000       0.000       0.000      -4.865       1.213     282.317       0.000       0.000
   365    12    31  2023     216       0  hru216               792.783      78.795      78.746       8.508      28.940      37.447     231.686     527.445       6.649     197.389     323.407       8.506      64.255     453.119     381.879     275.544      27.307       0.000       0.000       0.315     689.984       0.000       0.000       0.000       0.000       0.000       0.000       0.000       8.506       0.000       0.000      28.940       0.000       0.000       0.000      -3.736       0.764     437.143       0.000       0.000
   365    12    31  2023     217       0  hru217               792.783      78.170      78.124      40.139      43.303      83.442     284.781     551.373      12.868     218.019     320.487      40.127      67.774     503.124     392.104     301.474      28.132       0.000       0.000       0.313     689.987       0.000       0.000      43.711      77.106       0.000       0.000       0.000      40.127       0.000       0.000      43.303       0.000       0.000       0.000      -5.823       4.063     654.103       0.000       0.000
   365    12    31  2023     218       0  hru218               792.783      78.582      78.534       7.415      40.517      47.932     210.200     540.424       7.764     229.958     302.702       7.414      62.611     456.450     349.014     263.582      26.934       0.000       0.000       0.314     689.982       0.000       0.000       0.000       0.000       0.000       0.000       0.000       7.414       0.000       0.000      40.517       0.000       0.000       0.000      -5.635       0.205     612.027       0.000       0.000
   365    12    31  2023     219       0  hru219               792.783      78.280      78.233       9.180      15.344      24.524     239.399     534.832       7.296     212.945     314.591       9.177      64.677     457.364     344.372     277.234      27.278       0.000       0.000       0.313     689.970       0.000       0.000       0.000       0.000       0.000       0.000       0.000       9.177       0.000       0.000      15.344       0.000       0.000       0.000      -5.926       1.872     231.781       0.000       0.000
   365    12    31  2023     220       0  hru220               792.783      78.096      78.068      39.415      10.393      49.807     208.367     560.406      11.021     284.624     264.761      39.406      78.978     432.237     330.739     255.628      26.457       0.000       0.000       0.310     690.006       0.000       0.000      15.081       5.313       0.000       0.000       0.000      39.406       0.000       0.000      10.393       0.000       0.000       0.000      -5.324       5.963     643.314       0.000       0.000
   365    12    31  2023     221       0  hru221               792.783      73.634      73.619       0.095     176.781     176.876     183.954     481.932      38.946     317.484     125.502       0.095      29.787     454.288     334.416     289.160      69.075       0.000       0.000       0.282     690.067       0.000       0.000       0.201      43.424       0.000       0.095       0.000       0.000     176.781       0.000       0.000       0.000       0.000       0.000      -6.287       0.043     142.252       0.000       0.000
   365    12    31  2023     222       0  hru222               792.783      77.959      77.914    2245.044     314.039    2559.083     981.602     666.924      10.646     239.890     416.389    2244.830      95.299     716.838     716.838     634.304     113.495       0.000       0.000       0.311     689.962       0.000       0.000       0.003    3414.196       0.000       0.000       0.000    2244.830       0.000       0.000     314.039       0.000       0.000       0.000       0.001     396.900    4743.675       0.000       0.000
   365    12    31  2023     223       0  hru223               792.783      78.811      78.762      13.089      28.149      41.238     284.034     483.072       6.334     148.420     328.319      13.088      67.824     450.352     406.907     300.444      27.366       0.000       0.000       0.315     689.947       0.000       0.000       4.187       9.064       0.000       0.000       0.000      13.088       0.000       0.000      28.149       0.000       0.000       0.000      -2.278       1.767     425.198       0.000       0.000
   365    12    31  2023     224       0  hru224               792.783      77.896      77.849       0.000     203.205     203.206     102.116     489.123      10.010     197.016     282.097       0.000      23.182     313.369     283.016     200.512      26.823       0.000       0.000       0.311     689.986       0.000       0.000       0.000       0.000       0.000       0.000       0.000       0.000       0.000       0.000     203.205       0.000       0.000       0.000      -1.592       0.000     648.888       0.000       0.000
   365    12    31  2023     225       0  hru225               792.783      78.687      78.641       3.188     190.052     193.240     112.955     538.708       8.230     231.440     299.038       3.187      50.867     283.942     238.120     144.616      27.339       0.000       0.000       0.313     689.974       0.000       0.000      21.910      27.705       0.000       0.000       0.000       3.187       0.000       0.000     190.052       0.000       0.000       0.000      -2.403       0.382     650.234       0.000       0.000
   365    12    31  2023     226       0  hru226               792.783      78.462      78.421      36.949      37.025      73.973     199.079     545.136       8.868     244.332     291.936      36.945      78.760     421.584     361.984     252.096      26.929       0.000       0.000       0.313     690.005       0.000       0.000      14.314       7.829       0.000       0.000       0.000      36.945       0.000       0.000      37.025       0.000       0.000       0.000      -3.126       2.314    2291.881       0.000       0.000
   365    12    31  2023     227       0  hru227               792.783      78.828      78.779       3.404     238.526     241.930     129.776     536.738       7.001     207.740     321.997       3.404      51.547     298.006     251.833     150.427      27.753       0.000       0.000       0.314     689.959       0.000       0.000      14.662      98.459       0.000       0.000       0.000       3.404       0.000       0.000     238.526       0.000       0.000       0.000      -2.422       0.432     816.081       0.000       0.000
   365    12    31  2023     228       0  hru228               792.783      77.316      77.270       9.069      36.206      45.275     263.887     485.617      14.763     195.115     275.740       9.069      66.275     438.104     400.548     289.690      26.338       0.000       0.000       0.310     689.952       0.000       0.000       0.000       0.000       0.000       0.000       0.000       9.069       0.000       0.000      36.206       0.000       0.000       0.000      -1.970       0.410     546.899       0.000       0.000
   365    12    31  2023     229       0  hru229               792.783      78.113      78.065       0.000     167.168     167.169     145.441     482.092      11.530     176.430     294.132       0.000      24.550     343.073     307.483     211.943      27.080       0.000       0.000       0.312     689.957       0.000       0.000       0.000       0.000       0.000       0.000       0.000       0.000       0.000       0.000     167.168       0.000       0.000       0.000      -1.867       0.000     533.812       0.000       0.000
   365    12    31  2023     230       0  hru230               792.783      76.618      76.590       1.117     113.363     114.480     133.414     547.036      20.216     288.599     238.222       1.117      51.164     300.448     260.464     144.436      26.005       0.000       0.000       0.296     689.988       0.000       0.000       0.000       0.000       0.000       0.000       0.000       1.117       0.000       0.000     113.363       0.000       0.000       0.000      -2.097       0.105     387.855       0.000       0.000
   365    12    31  2023     231       0  hru231               792.783      77.974      77.929      22.876      43.645      66.521     300.929     497.878       8.577     191.423     297.878      22.871      68.953     462.247     416.639     308.140      27.076       0.000       0.000       0.310     689.966       0.000       0.000      18.235      51.865       0.000       0.000       0.000      22.871       0.000       0.000      43.645       0.000       0.000       0.000      -2.392       5.392     659.274       0.000       0.000
   365    12    31  2023     232       0  hru232               792.783      78.089      78.041       0.000     154.262     154.262      85.901     555.152      10.586     267.725     276.841       0.000      22.018     320.054     274.175     176.524      26.778       0.000       0.000       0.312     690.008       0.000       0.000       0.000       0.000       0.000       0.000       0.000       0.000       0.000       0.000     154.262       0.000       0.000       0.000      -2.406       0.000     492.599       0.000       0.000
   365    12    31  2023     233       0  hru233               792.783      78.128      78.081       0.000     145.823     145.824      92.619     557.078      10.675     269.031     277.373       0.000      22.216     327.353     277.468     178.095      26.798       0.000       0.000       0.312     690.007       0.000       0.000       0.000       0.000       0.000       0.000       0.000       0.000       0.000       0.000     145.823       0.000       0.000       0.000      -2.616       0.000     465.653       0.000       0.000
   365    12    31  2023     234       0  hru234               792.783      78.402      78.355       0.000     212.150     212.151      89.079     493.086       9.534     170.631     312.922       0.000      22.796     302.846     275.108     197.384      27.030       0.000       0.000       0.313     690.006       0.000       0.000       0.000       0.000       0.000       0.000       0.000       0.000       0.000       0.000     212.150       0.000       0.000       0.000      -1.455       0.000     677.452       0.000       0.000
   365    12    31  2023     235       0  hru235               792.783      77.513      77.466      67.512      46.593     114.105     238.753     563.442      12.082     267.687     283.673      67.508      80.677     459.114     355.722     275.964      27.120       0.000       0.000       0.311     689.990       0.000       0.000      48.614      69.241       0.000       0.000       0.000      67.508       0.000       0.000      46.593       0.000       0.000       0.000      -5.423       2.955    2884.174       0.000       0.000
   365    12    31  2023     236       0  hru236               792.783      77.237      77.204      23.726      26.475      50.200     175.982     571.946      15.715     310.156     246.075      23.721      77.203     416.546     318.426     236.226      26.148       0.000       0.000       0.309     690.023       0.000       0.000       0.000       0.000       0.000       0.000       0.000      23.721       0.000       0.000      26.475       0.000       0.000       0.000      -5.146       2.611    1638.811       0.000       0.000
   365    12    31  2023     237       0  hru237               792.783      77.460      77.414       0.000     203.691     203.691      99.428     491.301      13.178     209.892     268.232       0.000      23.071     311.731     281.848     199.263      26.566       0.000       0.000       0.310     690.007       0.000       0.000       0.000       0.000       0.000       0.000       0.000       0.000       0.000       0.000     203.691       0.000       0.000       0.000      -1.567       0.000     650.438       0.000       0.000
   365    12    31  2023     238       0  hru238               792.783      77.813      77.780      26.190      20.713      46.902     185.013     565.176      13.850     310.674     240.652      26.187      77.655     420.013     340.173     241.497      26.073       0.000       0.000       0.309     689.989       0.000       0.000       0.000       0.000       0.000       0.000       0.000      26.187       0.000       0.000      20.713       0.000       0.000       0.000      -4.187       1.957    1282.140       0.000       0.000
   365    12    31  2023     239       0  hru239               792.783      74.582      74.566       2.267     275.424     277.691     251.414     540.469      82.335     438.714      19.420       2.267      55.674     371.062     304.217     182.477      26.911       0.000       0.000       0.290     690.063       0.000       0.000       2.151     271.004       0.000       0.000       0.000       2.267       0.000       0.000     275.424       0.000       0.000       0.000      -3.506       0.269     942.319       0.000       0.000
   365    12    31  2023     240       0  hru240               792.783      74.582      74.566      81.726    3819.300    3901.025     415.995     578.864      82.336     463.773      32.756      81.722      45.604     660.363     517.683     320.575      52.157       0.000       0.000       0.290     690.060       0.000       0.000       0.007    4091.473       0.000       0.000       0.000      81.722       0.000       0.000    3819.300       0.000       0.000       0.000      -7.484       0.729   10108.401       0.000       0.000
   365    12    31  2023     241       0  hru241               792.783      74.583      74.567       0.000     208.227     208.227      75.877     561.702      82.334     460.194      19.174       0.000      23.488     358.389     311.448     221.879      43.872       0.000       0.000       0.290     690.072       0.000       0.000      32.414      17.956       0.000       0.000       0.000       0.000     208.227       0.000       0.000       0.000       0.000       0.000      -2.462       0.000     551.107       0.000       0.000
   365    12    31  2023     242       0  hru242               792.783      74.583      74.567       0.013     140.962     140.975     105.193     560.555      82.332     459.878      18.345       0.013      24.957     381.705     318.910     227.976      43.372       0.000       0.000       0.290     690.082       0.000       0.000       8.204       2.315       0.000       0.000       0.000       0.013       0.000       0.000     140.962       0.000       0.000       0.000      -3.294       0.005     373.079       0.000       0.000
   365    12    31  2023     243       0  hru243               792.783      74.583      74.567       0.412     122.111     122.523     149.270     523.662      82.332     424.275      17.054       0.412      51.415     303.547     253.931     150.029      26.112       0.000       0.000       0.290     690.079       0.000       0.000       0.000       0.000       0.000       0.000       0.000       0.412       0.000       0.000     122.111       0.000       0.000       0.000      -2.602       0.065     417.784       0.000       0.000
   365    12    31  2023     244       0  hru244               792.783      74.583      74.567       0.000     149.781     149.781      86.287     559.724      82.333     459.123      18.269       0.000      23.867     367.101     312.450     221.874      43.231       0.000       0.000       0.290     690.081       0.000       0.000       0.000       0.000       0.000       0.000       0.000       0.000       0.000       0.000     149.781       0.000       0.000       0.000      -2.866       0.000     396.419       0.000       0.000
   365    12    31  2023     245       0  hru245               792.783      74.582      74.566       0.000     189.248     189.249      46.648     559.081      82.336     458.170      18.575       0.000      21.840     331.325     293.718     210.025      43.183       0.000       0.000       0.290     690.059       0.000       0.000       0.000       0.000       0.000       0.000       0.000       0.000       0.000       0.000     189.248       0.000       0.000       0.000      -1.972       0.000     500.877       0.000       0.000
   365    12    31  2023     246       0  hru246               792.783      78.240      78.195      15.966      70.962      86.928     365.537     340.454      35.860     137.248     167.346      15.966      74.965     448.893     445.667     347.187      31.290       0.000       0.000       0.311     689.974       0.000       0.000       0.000       0.000       0.000       0.000       0.000      15.966       0.000       0.000      70.962       0.000       0.000       0.000      -0.169       0.298    1071.899       0.000       0.000
   365    12    31  2023     247       0  hru247               792.783      76.199      76.169      40.299      40.255      80.553     234.673     512.007      19.318     245.790     246.899      40.283      80.751     428.919     378.520     271.576      25.894       0.000       0.000       0.302     690.064       0.000       0.000      20.238      11.486       0.000       0.000       0.000      40.283       0.000       0.000      40.255       0.000       0.000       0.000      -2.643      11.447    2491.808       0.000       0.000
   365    12    31  2023     248       0  hru248               792.783      79.171      79.126      39.015      14.792      53.807     259.030     489.081       5.243     169.381     314.458      38.979      82.175     431.389     394.123     286.898      26.911       0.000       0.000       0.315     689.981       0.000       0.000       5.359       1.773       0.000       0.000       0.000      38.979       0.000       0.000      14.792       0.000       0.000       0.000      -1.955      31.615     915.620       0.000       0.000
   365    12    31  2023     249       0  hru249               792.783      79.003      78.971      35.650      13.299      48.949     255.808     489.840       5.679     176.999     307.162      35.634      82.012     427.965     393.890     284.927      26.727       0.000       0.000       0.312     689.988       0.000       0.000       0.000       0.000       0.000       0.000       0.000      35.634       0.000       0.000      13.299       0.000       0.000       0.000      -1.787      12.801     823.233       0.000       0.000
   365    12    31  2023     250       0  hru250               792.783      77.114      77.088      33.474      21.799      55.273     245.923     493.595      17.545     240.973     235.077      33.469      81.399     424.951     387.310     277.761      25.640       0.000       0.000       0.307     690.013       0.000       0.000       0.000       0.000       0.000       0.000       0.000      33.469       0.000       0.000      21.799       0.000       0.000       0.000      -1.974       3.195    1349.375       0.000       0.000
   365    12    31  2023     251       0  hru251               792.783      74.583      74.567       0.000     216.839     216.840      64.592     560.998      82.333     459.526      19.139       0.000      22.856     348.983     303.606     217.068      43.490       0.000       0.000       0.290     690.081       0.000       0.000      11.151      35.891       0.000       0.000       0.000       0.000       0.000       0.000     216.839       0.000       0.000       0.000      -2.380       0.000     573.901       0.000       0.000
   365    12    31  2023     252       0  hru252               792.783      74.582      74.566   51309.277    3583.137   54892.414    1938.780     638.123      82.335     459.588      96.199   51308.215      90.323     666.534     666.534     599.440     118.974       0.000       0.000       0.290     690.062       0.000       0.000       0.706   56673.809       0.000       0.000       0.000   51308.215       0.000       0.000    3583.137       0.000       0.000       0.000      -0.000    2866.691    9483.357       0.000       0.000
   365    12    31  2023     253       0  hru253               792.783      74.582      74.566       1.076     461.600     462.677     173.520     568.108      82.335     463.066      22.707       1.076      30.367     431.429     340.353     255.774      47.315       0.000       0.000       0.290     690.064       0.000       0.000     362.694      43.684       0.000       0.000       0.000       1.076       0.000       0.000     461.600       0.000       0.000       0.000      -4.777       0.464    1221.700       0.000       0.000
   365    12    31  2023     254       0  hru254               792.783      74.583      74.567       0.005     363.434     363.438     101.440     563.397      82.333     460.539      20.526       0.004      25.108     381.453     319.595     228.919      43.930       0.000       0.000       0.290     690.080       0.000       0.000       0.000     231.915       0.000       0.000       0.000       0.004       0.000       0.000     363.434       0.000       0.000       0.000      -3.245       0.002     961.887       0.000       0.000
   365    12    31  2023     255       0  hru255               792.783      74.582      74.566       0.000     160.082     160.082      76.043     559.476      82.335     458.800      18.342       0.000      23.325     359.270     308.568     218.828      43.222       0.000       0.000       0.290     690.062       0.000       0.000       0.000       0.000       0.000       0.000       0.000       0.000       0.000       0.000     160.082       0.000       0.000       0.000      -2.659       0.000     423.682       0.000       0.000
   365    12    31  2023     256       0  hru256               792.783      74.584      74.568      22.670      31.279      53.949     186.869     556.891      82.330     458.402      16.159      22.669      77.190     402.730     311.811     239.563      26.283       0.000       0.000       0.290     690.097       0.000       0.000       0.000       0.000       0.000       0.000       0.000      22.669       0.000       0.000      31.279       0.000       0.000       0.000      -4.769       0.724    1936.231       0.000       0.000
   365    12    31  2023     257       0  hru257               792.783      74.583      74.567       0.000     174.445     174.445      61.613     559.250      82.333     458.471      18.446       0.000      22.583     346.701     302.113     214.536      43.209       0.000       0.000       0.290     690.076       0.000       0.000       0.000       0.000       0.000       0.000       0.000       0.000       0.000       0.000     174.445       0.000       0.000       0.000      -2.339       0.000     461.696       0.000       0.000
   365    12    31  2023     258       0  hru258               792.783      74.582      74.566       0.101     270.341     270.443     143.741     563.540      82.336     461.364      19.841       0.101      27.622     412.029     332.192     240.739      43.854       0.000       0.000       0.290     690.060       0.000       0.000       0.000     180.527       0.000       0.000       0.101       0.000       0.000     270.341       0.000       0.000       0.000       0.000      -4.187       0.051     715.502       0.000       0.000
   365    12    31  2023     259       0  hru259               792.783      74.584      74.568      22.584      30.363      52.947     187.830     556.924      82.331     458.430      16.163      22.583      77.240     402.988     312.118     240.144      26.283       0.000       0.000       0.290     690.087       0.000       0.000       0.000       0.000       0.000       0.000       0.000      22.583       0.000       0.000      30.363       0.000       0.000       0.000      -4.766       1.215    1879.484       0.000       0.000
   365    12    31  2023     260       0  hru260               792.783      74.584      74.568      39.712      31.049      70.761     207.603     558.776      82.331     459.741      16.705      39.705      78.321     414.562     318.133     252.491      26.417       0.000       0.000       0.290     690.094       0.000       0.000      22.012      17.139       0.000       0.000       0.000      39.705       0.000       0.000      31.049       0.000       0.000       0.000      -5.058       5.411    1921.992       0.000       0.000
   365    12    31  2023     261       0  hru261               792.783      74.584      74.568      28.226      44.818      73.044     213.966     558.538      82.331     459.470      16.737      28.219      78.527     422.357     322.544     255.938      26.458       0.000       0.000       0.290     690.090       0.000       0.000       0.000      47.322       0.000       0.000       0.000      28.219       0.000       0.000      44.818       0.000       0.000       0.000      -5.235       4.432    2774.295       0.000       0.000
   365    12    31  2023     262       0  hru262               792.783      74.583      74.568       0.000     182.268     182.268      53.699     559.169      82.332     458.328      18.509       0.000      22.186     338.909     297.928     212.156      43.196       0.000       0.000       0.290     690.086       0.000       0.000       0.000       0.000       0.000       0.000       0.000       0.000       0.000     119.338      62.930       0.000       0.000       0.000      -2.149       0.000     482.402       0.000       0.000
   365    12    31  2023     263       0  hru263               792.783      74.584      74.568      36.482      43.333      79.816     202.105     558.961      82.331     459.855      16.774      36.480      78.064     407.806     315.310     249.335      26.438       0.000       0.000       0.290     690.089       0.000       0.000      18.243      24.804       0.000       0.000       0.000      36.480       0.000       0.000      43.333       0.000       0.000       0.000      -4.851       1.837    2682.375       0.000       0.000
   365    12    31  2023     264       0  hru264               792.783      74.583      74.567      39.946     796.336     836.282     564.798     574.123      82.333     464.497      27.293      39.915      54.080     595.893     445.753     368.889      51.797       0.000       0.000       0.290     690.080       0.000       0.000       0.001    1174.001       0.000      39.915       0.000       0.000     796.336       0.000       0.000       0.000       0.000       0.000      -7.875       6.611    2107.634       0.000       0.000
   365    12    31  2023     265       0  hru265               792.783      74.583      74.567       0.000     381.407     381.407      56.996     561.702      82.332     458.726      20.644       0.000      22.578     344.375     302.178     214.921      43.604       0.000       0.000       0.290     690.083       0.000       0.000       0.000     204.694       0.000       0.000       0.000       0.000     381.407       0.000       0.000       0.000       0.000       0.000      -2.213       0.000    1009.456       0.000       0.000
   365    12    31  2023     266       0  hru266               792.783      74.583      74.567       0.000     190.300     190.300      45.562     559.091      82.333     458.174      18.584       0.000      21.787     330.102     293.012     209.678      43.179       0.000       0.000       0.290     690.075       0.000       0.000       0.000       0.000       0.000       0.000       0.000       0.000     190.300       0.000       0.000       0.000       0.000       0.000      -1.945       0.000     503.660       0.000       0.000
   365    12    31  2023     267       0  hru267               792.783      74.583      74.567       0.000     164.931     164.932      71.170     559.405      82.332     458.701      18.372       0.000      23.072     355.248     306.512     217.375      43.222       0.000       0.000       0.290     690.084       0.000       0.000       0.000       0.000       0.000       0.000       0.000       0.000       0.000       0.000     164.931       0.000       0.000       0.000      -2.556       0.000     436.518       0.000       0.000
   365    12    31  2023     268       0  hru268               792.783      74.583      74.567       0.043     229.817     229.861      62.561     561.819      82.333     460.025      19.461       0.043      22.844     351.433     303.761     217.508      43.807       0.000       0.000       0.290     690.076       0.000       0.000      41.082      17.617       0.000       0.043       0.000       0.000     229.817       0.000       0.000       0.000       0.000       0.000      -2.500       0.017     608.250       0.000       0.000
   365    12    31  2023     269       0  hru269               792.783      74.584      74.568       0.064     239.622     239.686      57.502     561.620      82.331     459.782      19.507       0.063      22.577     347.395     299.508     215.438      43.693       0.000       0.000       0.290     690.091       0.000       0.000      37.076      26.142       0.000       0.000       0.063       0.000       0.000     239.622       0.000       0.000       0.000       0.000      -2.512       0.021     634.199       0.000       0.000
   365    12    31  2023     270       0  hru270               792.783      74.583      74.567       0.000     245.980     245.980      34.867     561.003      82.332     459.169      19.502       0.000      21.475     313.973     290.745     210.242      43.955       0.000       0.000       0.290     690.082       0.000       0.000      47.618       0.000       0.000       0.000       0.000       0.000       0.000       0.000     245.980       0.000       0.000       0.000      -1.218       0.000     651.027       0.000       0.000
   365    12    31  2023     271       0  hru271               792.783      74.583      74.567      12.970     186.866     199.836     316.884     550.965      82.333     449.641      18.990      12.970      57.397     402.661     294.471     206.333      29.509       0.000       0.000       0.290     690.075       0.000       0.000      58.967     210.065       0.000       0.000       0.000      12.970       0.000       0.000     186.866       0.000       0.000       0.000      -5.674       6.381    1075.103       0.000       0.000
   365    12    31  2023     272       0  hru272               792.783      74.583      74.567       3.271     156.158     159.428     194.190     534.584      82.332     434.244      18.008       3.270      52.883     346.679     268.457     170.556      28.875       0.000       0.000       0.290     690.081       0.000       0.000      32.174      58.952       0.000       0.000       0.000       3.270       0.000       0.000     156.158       0.000       0.000       0.000      -4.103       1.363     898.429       0.000       0.000
   365    12    31  2023     273       0  hru273               792.783      74.583      74.567       5.516     183.472     188.988     339.181     551.119      82.333     449.914      18.872       5.516      58.152     414.058     301.105     211.581      29.226       0.000       0.000       0.290     690.075       0.000       0.000       6.614     273.774       0.000       0.000       0.000       5.516       0.000       0.000     183.472       0.000       0.000       0.000      -5.924       2.890    1055.579       0.000       0.000
   365    12    31  2023     274       0  hru274               792.783      75.810      75.789      73.409      32.206     105.615     257.209     519.712      20.357     256.335     243.019      73.374      82.256     446.722     394.872     294.614      24.994       0.000       0.000       0.301     690.078       0.000       0.000      61.567      25.397       0.000       0.000       0.000      73.374       0.000       0.000      32.206       0.000       0.000       0.000      -2.719      30.540    1993.575       0.000       0.000
   365    12    31  2023     275       0  hru275               792.783      76.379      76.347      63.146      26.048      89.194     294.249     513.699      18.883     243.095     251.721      63.105      83.521     457.558     395.418     305.647      26.349       0.000       0.000       0.303     690.076       0.000       0.000      26.074      74.954       0.000       0.000       0.000      63.105       0.000       0.000      26.048       0.000       0.000       0.000      -3.259      32.037    1612.430       0.000       0.000
   365    12    31  2023     276       0  hru276               792.783      77.057      77.021      34.314      22.133      56.448     248.060     492.863      17.454     231.009     244.400      34.292      81.521     427.130     387.780     279.272      25.783       0.000       0.000       0.305     690.005       0.000       0.000       1.498       0.975       0.000       0.000       0.000      34.292       0.000       0.000      22.133       0.000       0.000       0.000      -2.064      17.708    1370.086       0.000       0.000
   365    12    31  2023     277       0  hru277               792.783      77.019      76.984      46.443      25.294      71.738     260.918     497.572      17.872     243.533     236.167      46.413      82.118     436.744     394.537     286.381      25.817       0.000       0.000       0.306     690.065       0.000       0.000      19.383      15.786       0.000       0.000       0.000      46.413       0.000       0.000      25.294       0.000       0.000       0.000      -2.214      24.783    1565.736       0.000       0.000
   365    12    31  2023     278       0  hru278               792.783      74.581      74.565       0.000     322.929     334.531      16.269     564.033      82.337     462.218      19.479       0.000      15.429     372.425     337.366     236.495      43.887       0.000       0.000       0.290     690.053      11.602       0.000       0.000     119.769       0.000       0.000       0.000       0.000       0.000       0.000     322.929       0.000       0.000       0.000      -1.839       0.000     854.684       0.000       0.000
   365    12    31  2023     279       0  hru279               792.783      74.581      74.565       0.000     161.329     224.160      52.565     555.996      82.336     457.320      16.339       0.000      38.637     344.163     311.203     223.683      28.466       0.000       0.000       0.290     690.052      62.831       0.000       0.000      37.207       0.000       0.000       0.000       0.000       0.000       0.000     161.329       0.000       0.000       0.000      -1.729       0.000     928.179       0.000       0.000
   365    12    31  2023     280       0  hru280               792.783      74.581      74.565       0.000     134.422     188.431      51.981     555.219      82.336     456.946      15.937       0.000      38.637     343.959     307.456     222.158      28.328       0.000       0.000       0.290     690.054      54.009       0.000       0.000       0.000       0.000       0.000       0.000       0.000       0.000       0.000     134.422       0.000       0.000       0.000      -1.914       0.000     773.374       0.000       0.000
   365    12    31  2023     281       0  hru281               792.783      78.240      78.195       0.000     410.801     420.214      22.469     350.936      35.862     137.694     177.380       0.000      15.434     371.591     358.834     283.776      51.471       0.000       0.000       0.311     689.966       9.412       0.000       0.000       0.000       0.000       0.000       0.000       0.000       0.000       0.000     410.801       0.000       0.000       0.000      -0.669       0.000    1087.253       0.000       0.000
   365    12    31  2023     282       0  hru282               792.783      78.239      78.195       0.000     416.466     418.451      18.076     356.893      35.863     137.690     183.340       0.000      15.350     380.138     368.683     301.701      76.662       0.000       0.000       0.311     689.958       1.984       0.000       0.000       0.000       0.000       0.000       0.000       0.000       0.000       0.000     416.462       0.000       0.000       0.000      -0.601       0.000     335.123       0.000       0.000
   365    12    31  2023     283       0  hru283               792.783      75.325      75.303     522.125       0.043     522.168       0.044     637.249      48.262     182.691     406.297     522.090       0.000      46.297      22.922      35.592      12.790       0.000       0.000       0.294     690.053       0.000       0.000       0.000     104.678       0.000     522.090       0.000       0.000       0.043       0.000       0.000       0.000       0.000       0.000      -1.226     174.270       5.271       0.000     211.401
   365    12    31  2023     284       0  hru284               792.783      75.325      75.303     471.414       0.000     471.414       0.000     622.913      34.665      76.485     511.763     471.396       0.000      12.069      12.530       8.345       8.344       0.000       0.000       0.294     690.048       0.000       0.000       0.000       0.000       0.000       0.000       0.000     471.396       0.000       0.000       0.000       0.000       0.000       0.000       0.024      79.265       0.000       0.000     265.823
   365    12    31  2023     285       0  hru285               792.783      75.327      75.305     471.173       0.000     471.173       0.000     622.852      34.639      76.445     511.768     471.167       0.000      11.977      12.437       8.251       8.251       0.000       0.000       0.294     690.081       0.000       0.000       0.000       0.000       0.000       0.000       0.000     471.167       0.000       0.000       0.000       0.000       0.000       0.000       0.024      23.238       0.000       0.000     265.559
   365    12    31  2023     286       0  hru286               792.783      75.327      75.305     471.167       0.000     471.167       0.000     622.860      34.638      76.444     511.777     471.163       0.000      11.977      12.436       8.251       8.251       0.000       0.000       0.294     690.081       0.000       0.000       0.000       0.000       0.000       0.000       0.000     471.163       0.000       0.000       0.000       0.000       0.000       0.000       0.024      16.364       0.000       0.000     265.564
   365    12    31  2023     287       0  hru287               792.783      75.325      75.303     471.502       0.000     471.502       0.000     622.453      34.672      76.405     511.377     471.500       0.000      12.270      12.731       8.536       8.536       0.000       0.000       0.294     690.052       0.000       0.000       0.000       0.000       0.000       0.000       0.000     471.500       0.000       0.000       0.000       0.000       0.000       0.000       0.024       6.618       0.000       0.000     265.461
   365    12    31  2023     288       0  hru288               792.783      74.582      74.566       0.000     893.579    1600.905      59.641     574.872      82.336     465.330      27.206       0.000      15.416     409.298     372.100     342.934      48.855       0.000       0.000       0.290     690.057     707.326       0.000       0.001    1439.682       0.000       0.000       0.000       0.000       0.000       0.000     893.579       0.000       0.000       0.000      -1.951       0.000    2365.003       0.000       0.000
   365    12    31  2023     289       0  hru289               792.783      74.581      74.565       0.000     333.088     477.250      34.709     566.545      82.337     464.138      20.070       0.000      15.426     375.266     370.614     278.464      44.625       0.000       0.000       0.290     690.053     144.162       0.000      26.329     257.887       0.000       0.000       0.000       0.000     128.002       0.000     205.086       0.000       0.000       0.000      -0.244       0.000     881.572       0.000       0.000
   365    12    31  2023     290       0  hru290               792.783      74.581      74.565       0.000     186.034     208.485      33.957     554.492      82.336     456.369      15.787       0.000      15.385     376.410     309.888     223.641      26.422       0.000       0.000       0.290     690.053      22.451       0.000       0.000       0.000       0.000       0.000       0.000       0.000       0.000       0.000     186.034       0.000       0.000       0.000      -3.489       0.000     594.056       0.000       0.000
   365    12    31  2023     291       0  hru291               792.783      74.581      74.565       0.562     338.151    1385.820     100.449     573.218      82.337     464.754      26.127       0.562      38.580     406.759     355.726     328.631      33.008       0.000       0.000       0.290     690.048    1047.107       0.000     594.543     669.418       0.000       0.000       0.000       0.562       0.000       0.000     338.151       0.000       0.000       0.000      -2.677       0.698    1945.503       0.000       0.000
   365    12    31  2023     292       0  hru292               792.783      74.581      74.565       0.000     309.212     339.088      20.583     571.761      82.337     464.236      25.187       0.000      15.340     402.003     356.852     268.300      64.920       0.000       0.000       0.290     690.049      29.875       0.000       0.000     135.691       0.000       0.000       0.000       0.000     207.002       0.000     102.210       0.000       0.000       0.000      -2.368       0.000     248.818       0.000       0.000
   365    12    31  2023     293       0  hru293               792.783      74.581      74.565       0.000     188.105     208.581      17.639     570.150      82.337     463.634      24.178       0.000      15.340     401.626     340.380     257.565      64.140       0.000       0.000       0.290     690.047      20.475       0.000       0.000       0.000       0.000       0.000       0.000       0.000       0.000     188.105       0.000       0.000       0.000       0.000      -3.212       0.000     151.365       0.000       0.000
   365    12    31  2023     294       0  hru294               792.783      79.399      79.350     190.675      24.327    1232.042      31.888     565.370       5.731     128.487     431.152     190.675      56.480     388.187     255.551     284.915      33.321       0.000       0.000       0.316     689.974    1017.039       0.000     476.306     553.199       0.000       0.000       0.000     190.675       0.000       0.000      24.327       0.000       0.000       0.000      -6.957       7.138    1505.891       0.000       0.000
   365    12    31  2023     295       0  hru295               792.783      78.575      78.526      77.909      55.779     754.832      24.828     563.672       8.104     192.496     363.071      77.908      56.391     393.911     252.655     250.187      29.689       0.000       0.000       0.314     689.982     621.145       0.000     224.393     317.246       0.000       0.000       0.000      77.908       0.000       0.000      55.779       0.000       0.000       0.000      -7.409       0.732    3452.770       0.000       0.000
   365    12    31  2023     296       0  hru296               792.783      74.084      74.061       0.000     373.247    1011.189      32.065     499.183      37.699     306.131     155.353       0.000      15.551     406.634     315.687     287.609      48.149       0.000       0.000       0.287     690.055     637.941       0.000      26.373     717.889       0.000       0.000       0.000       0.000       0.000       0.000     373.247       0.000       0.000       0.000      -4.770       0.000     987.860       0.000       0.000
   365    12    31  2023     297       0  hru297               792.783      78.159      78.110       1.637     225.772     703.641      49.018     568.139      11.615     180.769     375.755       1.636      39.465     366.924     248.444     229.852      31.847       0.000       0.000       0.313     689.936     476.233       0.000      82.091     438.193       0.000       0.000       0.000       1.636       0.000       0.000     225.772       0.000       0.000       0.000      -6.214       0.125    1298.944       0.000       0.000
   365    12    31  2023     298       0  hru298               792.783      74.073      74.059       0.000     197.356     330.422      16.626     446.673      39.341     253.775     153.556       0.000      15.532     316.402     312.799     250.280      47.671       0.000       0.000       0.287     690.054     133.067       0.000       0.000       0.000       0.000       0.000       0.000       0.000       0.000       0.000     197.356       0.000       0.000       0.000      -0.189       0.000     522.334       0.000       0.000
   365    12    31  2023     299       0  hru299               792.783      74.581      74.565       0.000     713.448    1317.281      48.226     575.414      82.337     465.065      28.012       0.000      15.333     439.804     401.340     338.555      68.579       0.000       0.000       0.290     690.048     603.833       0.000       0.000    1145.241       0.000       0.000       0.000       0.000       0.000       0.000     713.448       0.000       0.000       0.000      -2.017       0.000     574.099       0.000       0.000
   365    12    31  2023     300       0  hru300               792.783      76.361      76.342       0.000      19.116     415.522       0.852     377.261      22.245     224.844     130.172       0.000      15.558     255.000     255.000     239.318      49.197       0.000       0.000       0.299     689.985     396.405       0.000       0.000       0.000       0.000       0.000       0.000       0.000       0.000       0.000      19.116       0.000       0.000       0.000      -0.000       0.000      50.595       0.000       0.000
   365    12    31  2023     301       0  hru301               792.783      74.106      74.084       0.000     209.490     446.768      22.208     516.433      36.824     322.129     157.480       0.000      15.503     345.595     341.469     282.600      67.880       0.000       0.000       0.287     690.050     237.278       0.000       0.000     191.485       0.000       0.000       0.000       0.000     209.490       0.000       0.000       0.000       0.000       0.000      -0.216       0.000     168.573       0.000       0.000
   365    12    31  2023     302       0  hru302               792.783      74.581      74.565       0.000     288.678     339.763      21.975     571.482      82.337     464.221      24.925       0.000      15.340     402.692     355.508     269.744      64.775       0.000       0.000       0.290     690.050      51.086       0.000       0.000     137.176       0.000       0.000       0.000       0.000       0.000       0.000     288.678       0.000       0.000       0.000      -2.475       0.000     232.294       0.000       0.000
   365    12    31  2023     303       0  hru303               792.783      79.398      79.349       0.000     504.290     569.806      34.378     583.672      12.006     196.865     374.802       0.000      15.476     403.070     397.572     313.373      69.658       0.000       0.000       0.316     689.936      65.516       0.000       2.834     390.938       0.000       0.000       0.000       0.000       0.000       0.000     504.290       0.000       0.000       0.000      -0.288       0.000     405.793       0.000       0.000
   365    12    31  2023     304       0  hru304               792.783      74.582      74.566       0.000     367.446     382.229      16.577     564.359      82.336     462.240      19.783       0.000      15.427     372.714     332.391     236.304      44.037       0.000       0.000       0.290     690.057      14.782       0.000       1.368     166.258       0.000       0.000       0.000       0.000     256.687       0.000     110.759       0.000       0.000       0.000      -2.115       0.000     972.506       0.000       0.000
   365    12    31  2023     305       0  hru305               792.783      74.581      74.565       1.095       4.410     203.757      30.581     559.234      82.336     461.438      15.460       1.094      55.393     350.287     346.376     283.469      33.046       0.000       0.000       0.290     690.056     198.253       0.000       0.000       0.000       0.000       0.000       0.000       0.000       0.000       0.000       0.000       0.000       0.000       0.000      -0.205       0.029     543.741       0.000       0.000
   365    12    31  2023     306       0  hru306               792.783      74.581      74.565       4.184     422.385     680.851      34.217     567.976      82.336     463.942      21.698       4.184      15.591     465.955     370.987     274.084      45.137       0.000       0.000       0.290     690.055     254.281       0.000     178.867     304.618       0.000       0.000       0.000       4.184       0.000       0.000     422.385       0.000       0.000       0.000      -4.981       0.776    1117.912       0.000       0.000
   365    12    31  2023     307       0  hru307               792.783      74.581      74.565    1824.300      45.217    4051.860      70.318     585.087      82.336     463.753      38.998    1823.841      68.277     730.579     510.524     495.388      70.790       0.000       0.000       0.290     690.056    2182.344       0.000       9.077    3893.256       0.000    1823.841       0.000       0.000      45.217       0.000       0.000       0.000       0.000       0.000     -11.542     389.121    5575.643       0.000       0.000
   365    12    31  2023     308       0  hru308               792.783      74.581      74.565       1.095      13.304     204.114      30.187     559.246      82.336     461.437      15.472       1.094      55.393     350.265     346.358     281.698      33.053       0.000       0.000       0.290     690.055     189.715       0.000       0.000       0.000       0.000       0.000       0.000       0.000       0.000       0.000       0.000       0.000       0.000       0.000      -0.205       0.007    1640.537       0.000       0.000
   365    12    31  2023     309       0  hru309               792.783      74.581      74.566       0.000     206.868     240.051      20.500     562.814      82.336     462.343      18.136       0.000      15.427     373.645     332.947     241.961      43.359       0.000       0.000       0.290     690.056      33.183       0.000       0.000      27.680       0.000       0.000       0.000       0.000       0.000       0.000     206.868       0.000       0.000       0.000      -2.135       0.000     547.509       0.000       0.000
   365    12    31  2023     310       0  hru310               792.783      74.583      74.567       6.188      34.410     315.068      32.682     561.211      82.332     461.724      17.155       6.187      55.393     345.410     340.803     286.465      25.919       0.000       0.000       0.290     690.083     274.471       0.000      71.398      43.556       0.000       0.000       0.000       6.187       0.000       0.000      34.410       0.000       0.000       0.000      -0.241       1.573    2129.993       0.000       0.000
   365    12    31  2023     311       0  hru311               792.783      74.583      74.567       0.000     274.748     298.583      17.832     564.386      82.332     462.994      19.060       0.000      15.427     373.067     328.693     238.619      43.804       0.000       0.000       0.290     690.082      23.836       0.000      11.253      73.817       0.000       0.000       0.000       0.000       0.000     106.814     167.934       0.000       0.000       0.000      -2.327       0.000     727.164       0.000       0.000
   365    12    31  2023     312       0  hru312               792.783      74.581      74.565       1.095      12.911     204.098      30.205     559.245      82.336     461.437      15.472       1.094      55.393     350.266     346.358     281.776      33.053       0.000       0.000       0.290     690.056     190.092       0.000       0.000       0.000       0.000       0.000       0.000       0.000       0.000       0.000       0.000       0.000       0.000       0.000      -0.205       0.007    1592.078       0.000       0.000
   365    12    31  2023     313       0  hru313               792.783      74.583      74.567       0.000     229.329     229.415       6.578     559.147      82.333     458.208      18.607       0.000      15.429     332.634     292.958     210.235      43.164       0.000       0.000       0.290     690.081       0.085       0.000       0.000       0.000       0.000       0.000       0.000       0.000     229.329       0.000       0.000       0.000       0.000       0.000      -2.081       0.000     606.956       0.000       0.000
   365    12    31  2023     314       0  hru314               792.783      76.537      76.502       0.010       2.978     304.498       0.382     488.829      19.016     233.295     236.518       0.010      39.567     192.500     192.500     170.424      25.345       0.000       0.000       0.304     689.987     301.510       0.000       0.000       0.000       0.000       0.000       0.000       0.010       0.000       0.000       2.978       0.000       0.000       0.000       0.001       0.001      44.988       0.000       0.000
