 Mini_CREATE               SWAT+ Jan 11 2024        MODULAR Rev 2024.61.0                                 
  jday   mon   day    yr    unit  gis_id  name                  precip     snofall      snomlt    surq_gen        latq    wateryld        perc          et     ecanopy      eplant       esoil   surq_cont          cn     sw_init    sw_final      sw_ave      sw_300    sno_init   sno_final     snopack         pet       qtile         irr  surq_runon  latq_runon    overbank    surq_cha    surq_res     surq_ls    latq_cha    latq_res     latq_ls     gwsoilq       satex  satex_chan   sw_change     lagsurf     laglatq    lagsatex    wet_evap
                                                                  mm            mm          mm          mm          mm          mm          mm          mm          mm          mm          mm          mm         ---          mm          mm          mm          mm          mm          mm          mm          mm          mm          mm          mm          mm          mm          mm          mm          mm          mm          mm          mm          mm          mm          mm          mm          mm          mm          mm          mm
   365    12    31  2023       1       0  hru001               792.783      47.884      47.868      26.683      15.910      42.592     201.260     553.444      82.347     455.327      15.771      26.678      77.861     383.796     299.679     218.344      26.305       0.000       0.000       0.260     690.130       0.000       0.000       0.000       0.000       0.000       0.000       0.000      26.678       0.000       0.000      15.910       0.000       0.000       0.000      -4.412       2.219     984.834       0.000       0.000
   365    12    31  2023       2       0  hru002               792.783      47.884      47.868      27.791      15.127      42.918     198.923     555.452      82.347     457.478      15.627      27.785      78.040     390.527     306.393     225.300      25.127       0.000       0.000       0.260     690.130       0.000       0.000       0.000       0.000       0.000       0.000       0.000      27.785       0.000       0.000      15.127       0.000       0.000       0.000      -4.413       2.850     936.384       0.000       0.000
   365    12    31  2023       3       0  hru003               792.783      47.883      47.867       0.000     394.561     394.561     122.349     541.782      82.348     441.050      18.384       0.000      29.536     339.140     305.522     186.578      27.186       0.000       0.000       0.260     690.117       0.000       0.000       0.000     263.978       0.000       0.000       0.000       0.000       0.000       0.000     394.561       0.000       0.000       0.000      -1.763       0.000    1259.937       0.000       0.000
   365    12    31  2023       4       0  hru004               792.783      47.884      47.868       0.000     221.627     221.627      14.035     558.607      82.346     457.746      18.516       0.000      24.013     285.759     265.698     199.273      43.375       0.000       0.000       0.260     690.138       0.000       0.000       0.000       0.000       0.000       0.000       0.000       0.000       0.000       0.000     221.627       0.000       0.000       0.000      -1.052       0.000     586.571       0.000       0.000
   365    12    31  2023       5       0  hru005               792.783      47.884      47.868       0.000     208.094     208.094      27.850     558.576      82.346     458.006      18.225       0.000      25.189     307.733     280.142     204.617      43.497       0.000       0.000       0.260     690.133       0.000       0.000       0.000       0.000       0.000       0.000       0.000       0.000       0.000       0.000     208.094       0.000       0.000       0.000      -1.447       0.000     550.754       0.000       0.000
   365    12    31  2023       6       0  hru006               792.783      47.883      47.867       0.000     216.518     216.518      19.281     558.558      82.347     457.838      18.372       0.000      24.475     294.708     271.554     201.512      43.438       0.000       0.000       0.260     690.125       0.000       0.000       0.000       0.000       0.000       0.000       0.000       0.000       0.000       0.000     216.518       0.000       0.000       0.000      -1.214       0.000     573.050       0.000       0.000
   365    12    31  2023       7       0  hru007               792.783      47.884      47.868       0.000     192.317     192.317      43.852     558.717      82.346     458.311      18.060       0.000      26.506     328.477     292.679     209.823      43.553       0.000       0.000       0.260     690.134       0.000       0.000       0.000       0.000       0.000       0.000       0.000       0.000       0.000       0.000     192.317       0.000       0.000       0.000      -1.878       0.000     508.999       0.000       0.000
   365    12    31  2023       8       0  hru008               792.783      47.884      47.868       0.000     222.347     222.347      13.293     558.616      82.346     457.728      18.542       0.000      23.945     284.413     264.863     198.920      43.362       0.000       0.000       0.260     690.139       0.000       0.000       0.000       0.000       0.000       0.000       0.000       0.000       0.000       0.000     222.347       0.000       0.000       0.000      -1.025       0.000     588.477       0.000       0.000
   365    12    31  2023       9       0  hru009               792.783      47.883      47.867     103.585     137.902     241.487     433.587     565.074      82.349     460.932      21.792     103.440      75.347     535.829     401.413     317.938      31.354       0.000       0.000       0.260     690.112       0.000       0.000     293.376     146.021       0.000     103.440       0.000       0.000     137.902       0.000       0.000       0.000       0.000       0.000      -7.050      36.239    2083.054       0.000       0.000
   365    12    31  2023      10       0  hru010               792.783      47.884      47.868       0.000     190.531     190.531      45.658     558.740      82.345     458.351      18.043       0.000      26.655     330.566     293.864     210.380      43.556       0.000       0.000       0.260     690.143       0.000       0.000       0.000       0.000       0.000       0.000       0.000       0.000       0.000       0.000     190.531       0.000       0.000       0.000      -1.925       0.000     504.271       0.000       0.000
   365    12    31  2023      11       0  hru011               792.783      47.883      47.867       0.000     191.988     191.988      44.212     558.694      82.349     458.285      18.059       0.000      26.537     328.891     292.934     209.950      43.555       0.000       0.000       0.260     690.112       0.000       0.000       0.000       0.000       0.000       0.000       0.000       0.000       0.000       0.000     191.988       0.000       0.000       0.000      -1.886       0.000     508.127       0.000       0.000
   365    12    31  2023      12       0  hru012               792.783      47.882      47.866       0.115     146.067     146.182      90.233     559.441      82.351     459.368      17.722       0.115      30.338     370.529     314.528     223.880      43.615       0.000       0.000       0.260     690.101       0.000       0.000       0.000       0.000       0.000       0.000       0.000       0.115       0.000       0.000     146.067       0.000       0.000       0.000      -2.937       0.007     386.589       0.000       0.000
   365    12    31  2023      13       0  hru013               792.783      47.882      47.866       0.000     200.326     200.326      35.757     558.612      82.350     458.123      18.138       0.000      25.842     318.503     286.871     207.269      43.532       0.000       0.000       0.260     690.105       0.000       0.000       0.000       0.000       0.000       0.000       0.000       0.000       0.000       0.000     200.326       0.000       0.000       0.000      -1.659       0.000     530.195       0.000       0.000
   365    12    31  2023      14       0  hru014               792.783      47.882      47.866       0.000     196.949     196.949      39.186     558.640      82.350     458.185      18.105       0.000      26.123     322.842     289.449     208.369      43.542       0.000       0.000       0.260     690.105       0.000       0.000       0.000       0.000       0.000       0.000       0.000       0.000       0.000       0.000     196.949       0.000       0.000       0.000      -1.751       0.000     521.257       0.000       0.000
   365    12    31  2023      15       0  hru015               792.783      47.883      47.867       0.000     209.279     209.279      26.656     558.559      82.348     457.969      18.243       0.000      25.091     306.009     279.043     204.213      43.492       0.000       0.000       0.260     690.122       0.000       0.000       0.000       0.000       0.000       0.000       0.000       0.000       0.000       0.000     209.279       0.000       0.000       0.000      -1.414       0.000     553.891       0.000       0.000
   365    12    31  2023      16       0  hru016               792.783      47.883      47.867      61.864    1061.467    1123.331     529.561     557.719      82.349     449.730      25.641      61.844      68.447     585.592     369.865     256.227      32.335       0.000       0.000       0.260     690.118       0.000       0.000       2.048    1403.526       0.000       0.000       0.000      61.844       0.000       0.000    1061.467       0.000       0.000       0.000     -11.315       4.738    3631.645       0.000       0.000
   365    12    31  2023      17       0  hru017               792.783      47.883      47.867       0.000     212.414     212.414      44.037     537.848      82.348     439.086      16.414       0.000      25.059     270.351     244.809     162.961      28.494       0.000       0.000       0.260     690.121       0.000       0.000       0.000       0.000       0.000       0.000       0.000       0.000       0.000       0.000     212.414       0.000       0.000       0.000      -1.340       0.000     635.260       0.000       0.000
   365    12    31  2023      18       0  hru018               792.783      47.883      47.867      42.502     772.021     814.523     324.763     563.464      82.348     459.621      21.496      42.502      41.754     468.436     381.643     251.912      28.821       0.000       0.000       0.260     690.123       0.000       0.000      60.643     844.436       0.000       0.000       0.000      42.502       0.000       0.000     772.021       0.000       0.000       0.000      -4.552       1.435    2465.266       0.000       0.000
   365    12    31  2023      19       0  hru019               792.783      47.882      47.866      85.829    1223.107    1308.937     361.038     576.073      82.351     465.403      28.318      85.781      55.747     473.390     453.156     321.389      50.308       0.000       0.000       0.260     690.097       0.000       0.000     495.072     956.920       0.000      85.781       0.000       0.000    1223.107       0.000       0.000       0.000       0.000       0.000      -1.061      10.326    3237.154       0.000       0.000
   365    12    31  2023      20       0  hru020               792.783      47.883      47.867      30.246    1148.029    1178.276     356.959     566.346      82.348     460.124      23.873      30.244      43.720     510.429     373.904     259.017      29.581       0.000       0.000       0.260     690.121       0.000       0.000      39.567    1261.153       0.000       0.000       0.000      30.244       0.000       0.000    1148.029       0.000       0.000       0.000      -7.161       1.974    3665.960       0.000       0.000
   365    12    31  2023      21       0  hru021               792.783      47.883      47.867       0.000     170.793     170.794      85.664     538.801      82.349     440.395      16.058       0.000      27.168     311.756     267.286     173.517      26.568       0.000       0.000       0.260     690.116       0.000       0.000       0.000       0.000       0.000       0.000       0.000       0.000       0.000       0.000     170.793       0.000       0.000       0.000      -2.332       0.000     545.388       0.000       0.000
   365    12    31  2023      22       0  hru022               792.783      47.883      47.867       0.000     163.645     163.645      92.450     539.326      82.349     440.957      16.019       0.000      27.531     317.748     270.099     175.628      26.569       0.000       0.000       0.260     690.113       0.000       0.000       0.000       0.000       0.000       0.000       0.000       0.000       0.000       0.000     163.645       0.000       0.000       0.000      -2.499       0.000     522.561       0.000       0.000
   365    12    31  2023      23       0  hru023               792.783      47.882      47.866       0.031     152.444     152.475      77.683     565.297      82.351     463.119      19.827       0.031      28.764     383.551     333.689     244.009      64.508       0.000       0.000       0.260     690.099       0.000       0.000       0.000       0.000       0.000       0.000       0.000       0.031       0.000       0.000     152.444       0.000       0.000       0.000      -2.615       0.003     122.669       0.000       0.000
   365    12    31  2023      24       0  hru024               792.783      47.882      47.866       0.065     140.205     140.270      89.990     565.378      82.351     463.270      19.757       0.064      29.697     391.611     338.114     247.636      64.516       0.000       0.000       0.260     690.099       0.000       0.000       0.000       0.000       0.000       0.000       0.000       0.064       0.000       0.000     140.205       0.000       0.000       0.000      -2.806       0.018     112.821       0.000       0.000
   365    12    31  2023      25       0  hru025               792.783      47.883      47.867       0.000     209.317     209.318      48.295     536.750      82.349     438.135      16.266       0.000      25.267     272.792     245.902     162.269      26.561       0.000       0.000       0.260     690.115       0.000       0.000       0.000       0.000       0.000       0.000       0.000       0.000       0.000       0.000     209.317       0.000       0.000       0.000      -1.410       0.000     668.406       0.000       0.000
   365    12    31  2023      26       0  hru026               792.783      47.882      47.866       0.000     173.392     173.392      94.891     539.515      82.351     441.011      16.154       0.000      27.686     320.361     271.869     176.460      26.611       0.000       0.000       0.260     690.099       0.000       0.000       0.000      12.326       0.000       0.000       0.000       0.000       0.000       0.000     173.392       0.000       0.000       0.000      -2.543       0.000     553.686       0.000       0.000
   365    12    31  2023      27       0  hru027               792.783      47.882      47.866       1.146     118.300     119.446     149.045     527.201      82.351     428.267      16.583       1.146      55.109     311.461     258.392     156.422      28.476       0.000       0.000       0.260     690.099       0.000       0.000       0.000       0.000       0.000       0.525       0.000       0.621      54.180       0.000      64.120       0.000       0.000       0.000      -2.783       0.243     680.621       0.000       0.000
   365    12    31  2023      28       0  hru028               792.783      47.884      47.868       0.000     212.244     212.245      45.380     536.675      82.345     438.049      16.281       0.000      25.124     269.288     243.655     161.395      26.559       0.000       0.000       0.260     690.142       0.000       0.000       0.000       0.000       0.000       0.000       0.000       0.000       0.000       0.000     212.244       0.000       0.000       0.000      -1.344       0.000     677.752       0.000       0.000
   365    12    31  2023      29       0  hru029               792.783      47.882      47.866       1.018     219.972     220.989      84.775     523.593      82.352     423.613      17.628       1.017      52.290     264.415     228.072     137.876      28.622       0.000       0.000       0.260     690.092       0.000       0.000       6.265      28.145       0.000       1.017       0.000       0.000     219.972       0.000       0.000       0.000       0.000       0.000      -1.906       0.005    1265.575       0.000       0.000
   365    12    31  2023      30       0  hru030               792.783      47.882      47.866       5.342      72.269      77.611     168.723     551.358      82.352     452.952      16.055       5.342      60.753     383.409     294.204     212.810      26.235       0.000       0.000       0.260     690.094       0.000       0.000       0.000       0.000       0.000       0.000       0.000       5.342       0.000       0.000      72.269       0.000       0.000       0.000      -4.679       0.029    1091.653       0.000       0.000
   365    12    31  2023      31       0  hru031               792.783      47.882      47.866      31.035     776.686     807.721     146.841     568.545      82.350     464.725      21.470      31.033      31.645     432.751     275.280     206.278      30.681       0.000       0.000       0.260     690.105       0.000       0.000     192.193     528.455       0.000       0.000       0.000      31.033       0.000       0.000     776.686       0.000       0.000       0.000      -8.259       1.676    2322.814       0.000       0.000
   365    12    31  2023      32       0  hru032               792.783      47.204      47.189      23.675      39.642      63.317     178.243     555.754      87.823     411.762      56.170      23.673      76.944     375.769     294.852     208.353      26.112       0.000       0.000       0.255     690.153       0.000       0.000       0.000       0.000       0.000       0.000       0.000      23.673       0.000       0.000      39.642       0.000       0.000       0.000      -4.244       0.555    2453.876       0.000       0.000
   365    12    31  2023      33       0  hru033               792.783      47.242      47.227       0.000     185.293     185.293      59.498     549.951      87.134     404.499      58.317       0.000      25.894     286.689     252.484     168.962      26.343       0.000       0.000       0.255     690.112       0.000       0.000       0.000       0.000       0.000       0.000       0.000       0.000       0.000       0.000     185.293       0.000       0.000       0.000      -1.794       0.000     591.689       0.000       0.000
   365    12    31  2023      34       0  hru034               792.783      50.547      50.527       1.962     263.340     265.302     194.459     334.212      35.871     137.599     160.741       1.962      62.425     332.789     311.160     234.409      35.016       0.000       0.000       0.279     690.043       0.000       0.000       0.000       0.000       0.000       0.000       0.000       1.962       0.000       0.000     263.340       0.000       0.000       0.000      -1.134       0.036    1925.192       0.000       0.000
   365    12    31  2023      35       0  hru035               792.783      50.547      50.527       0.000     370.074     370.074      91.827     331.919      35.871     137.405     158.644       0.000      30.017     275.150     256.965     210.489      31.709       0.000       0.000       0.279     690.045       0.000       0.000       0.000       0.000       0.000       0.000       0.000       0.000       0.000       0.000     370.074       0.000       0.000       0.000      -0.954       0.000    1181.743       0.000       0.000
   365    12    31  2023      36       0  hru036               792.783      50.547      50.527       0.012     212.543     212.555     249.916     331.538      35.873     137.408     158.258       0.011      38.381     359.846     336.919     251.783      31.707       0.000       0.000       0.279     690.029       0.000       0.000       0.000       0.000       0.000       0.000       0.000       0.011       0.000       0.000     212.543       0.000       0.000       0.000      -1.202       0.001     678.705       0.000       0.000
   365    12    31  2023      37       0  hru037               792.783      50.546      50.527      21.046      56.202      77.247     380.241     335.954      35.873     137.301     162.780      21.045      77.053     422.230     409.571     313.148      31.546       0.000       0.000       0.279     690.026       0.000       0.000       0.000       0.000       0.000       0.000       0.000      21.045       0.000       0.000      56.202       0.000       0.000       0.000      -0.664       0.459     848.948       0.000       0.000
   365    12    31  2023      38       0  hru038               792.783      50.546      50.527       0.000     329.568     329.569     132.429     331.876      35.873     137.398     158.604       0.000      32.037     300.973     281.254     221.110      31.713       0.000       0.000       0.279     690.023       0.000       0.000       0.000       0.000       0.000       0.000       0.000       0.000     184.232       0.000     145.336       0.000       0.000       0.000      -1.034       0.000    1052.399       0.000       0.000
   365    12    31  2023      39       0  hru039               792.783      50.546      50.527       0.000     379.102     379.103      82.792     331.915      35.873     137.396     158.646       0.000      29.584     268.978     251.160     208.127      31.705       0.000       0.000       0.279     690.023       0.000       0.000       0.000       0.000       0.000       0.000       0.000       0.000       0.000       0.000     379.102       0.000       0.000       0.000      -0.935       0.000    1210.574       0.000       0.000
   365    12    31  2023      40       0  hru040               792.783      50.547      50.528     106.213      60.558     166.771     398.339     339.374      35.867     137.584     165.923     106.211      88.485     419.433     403.928     322.654      31.698       0.000       0.000       0.279     690.080       0.000       0.000      41.487      69.467       0.000       0.000       0.000     106.211       0.000       0.000      60.558       0.000       0.000       0.000      -0.813       1.564    3748.606       0.000       0.000
   365    12    31  2023      41       0  hru041               792.783      50.547      50.527       2.668     532.370     535.038     257.030     353.666      35.873     137.660     180.133       2.668      39.337     389.458     320.880     256.229      33.495       0.000       0.000       0.279     690.032       0.000       0.000     125.954     223.171       0.000       0.000       0.000       2.668       0.000       0.000     532.370       0.000       0.000       0.000      -3.597       0.443    1699.996       0.000       0.000
   365    12    31  2023      42       0  hru042               792.783      50.547      50.527      22.296      46.236      68.531     388.389     336.485      35.873     137.302     163.310      22.293      77.480     424.514     412.580     315.974      31.605       0.000       0.000       0.279     690.028       0.000       0.000       0.000       0.000       0.000       0.000       0.000      22.293       0.000       0.000      46.236       0.000       0.000       0.000      -0.626       1.542     698.404       0.000       0.000
   365    12    31  2023      43       0  hru043               792.783      48.403      48.384     516.681       0.015     516.697       0.000     597.424      44.731     128.997     423.696     516.680       0.000      30.158      22.574      19.344      10.109       0.000       0.000       0.263     690.121       0.000       0.000       0.000      51.507       0.000       0.000       0.000     516.680       0.000       0.000       0.015       0.000       0.000       0.000      -0.398       7.430       0.234       0.000     220.906
   365    12    31  2023      44       0  hru044               792.783      48.403      48.385     529.060      22.138     551.198     129.330     786.388      49.875     333.949     402.563     529.055       0.000     191.344     114.205     167.354      16.851       0.000       0.000       0.263     690.125       0.000       0.000       0.000     426.325       0.000       0.000       0.000     529.055       0.000       0.000      22.138       0.000       0.000       0.000      -4.046      22.218     334.402       0.000     188.944
   365    12    31  2023      45       0  hru045               792.783      48.403      48.384     471.353       0.000     471.353       0.000     622.596      34.675      76.553     511.368     471.349       0.000      11.942      12.435       8.252       8.252       0.000       0.000       0.263     690.112       0.000       0.000       0.000       0.000       0.000       0.000       0.000     471.349       0.000       0.000       0.000       0.000       0.000       0.000       0.026      18.154       0.000       0.000     265.456
   365    12    31  2023      46       0  hru046               792.783      48.402      48.383     525.402      29.908     555.310      15.008     678.261      49.876     226.197     402.187     525.393       0.000     137.590      82.486      65.639      14.862       0.000       0.000       0.263     690.099       0.000       0.000       0.000     193.745       0.000       0.000       0.000     525.393       0.000       0.000      29.908       0.000       0.000       0.000      -2.890      39.076     102.326       0.000     208.087
   365    12    31  2023      47       0  hru047               792.783      48.402      48.383     471.653       0.000     471.653       0.000     622.193      34.703      76.506     510.983     471.641       0.000      12.237      12.730       8.538       8.538       0.000       0.000       0.263     690.090       0.000       0.000       0.000       0.000       0.000     471.641       0.000       0.000       0.000       0.000       0.000       0.000       0.000       0.000       0.026      51.889       0.000       0.000     265.317
   365    12    31  2023      48       0  hru048               792.783      48.402      48.383     473.594       0.000     473.594       0.000     620.068      35.086      75.743     509.239     473.585       0.000      13.736      14.229       9.903       9.903       0.000       0.000       0.263     690.085       0.000       0.000       0.000       0.000       0.000       0.000     473.585       0.000       0.000       0.000       0.000       0.000       0.000       0.000       0.026      35.828       0.000       0.000     264.754
   365    12    31  2023      49       0  hru049               792.783      48.402      48.383     476.201       0.000     476.201       0.000     614.597      35.588      76.014     502.995     476.198       0.000      13.298      13.728       9.623       9.623       0.000       0.000       0.263     690.098       0.000       0.000       0.000       0.000       0.000     476.198       0.000       0.000       0.000       0.000       0.000       0.000       0.000       0.000       0.023       8.786       0.000       0.000     261.390
   365    12    31  2023      50       0  hru050               792.783      48.402      48.383     476.199       0.000     476.199       0.000     614.600      35.588      76.014     502.998     476.198       0.000      13.297      13.728       9.623       9.623       0.000       0.000       0.263     690.097       0.000       0.000       0.000       0.000       0.000       0.000       0.000     476.198       0.000       0.000       0.000       0.000       0.000       0.000       0.023       3.026       0.000       0.000     261.393
   365    12    31  2023      51       0  hru051               792.783      48.403      48.384     476.212       0.000     476.212       0.000     614.553      35.586      76.011     502.956     476.203       0.000      13.301      13.731       9.625       9.625       0.000       0.000       0.263     690.116       0.000       0.000       0.000       0.000       0.000       0.000       0.000     476.203       0.000       0.000       0.000       0.000       0.000       0.000       0.023      36.562       0.000       0.000     261.354
   365    12    31  2023      52       0  hru052               792.783      48.403      48.384     520.583       0.683     521.266       0.393     655.384      48.252     197.464     409.668     520.573       0.000      79.242      33.002      50.690      15.941       0.000       0.000       0.263     690.122       0.000       0.000       0.000     119.685       0.000       0.000       0.000     520.573       0.000       0.000       0.683       0.000       0.000       0.000      -2.425      43.619       1.809       0.000     212.833
   365    12    31  2023      53       0  hru053               792.783      48.402      48.383     699.073     777.365    1476.439     360.341     801.807      49.878     342.311     409.618     699.040       0.000     576.882     291.044     254.855      39.390       0.000       0.000       0.263     690.097       0.000       0.000       0.000    1565.912       0.000       0.000       0.000     699.040       0.000       0.000     777.365       0.000       0.000       0.000     -14.992      90.356    2057.424       0.000     209.784
   365    12    31  2023      54       0  hru054               792.783      48.402      48.383     476.207       0.000     476.207       0.000     614.605      35.589      76.014     503.002     476.198       0.000      13.297      13.727       9.623       9.623       0.000       0.000       0.263     690.096       0.000       0.000       0.000       0.000       0.000       0.000       0.000     476.198       0.000       0.000       0.000       0.000       0.000       0.000       0.023      40.086       0.000       0.000     261.396
   365    12    31  2023      55       0  hru055               792.783      50.864      50.842      33.855      64.805      98.660     216.674     479.400      10.025      37.551     431.823      33.854      80.934     381.403     347.338     238.531      28.701       0.000       0.000       0.283     690.053       0.000       0.000       0.000       0.000       0.000       0.000       0.000      33.854       0.000       0.000      64.805       0.000       0.000       0.000      -1.787       0.492    4011.514       0.000       0.000
   365    12    31  2023      56       0  hru056               792.783      50.872      50.849       0.000     255.816     255.816      30.504     507.761       8.786      26.203     472.772       0.000      26.768     304.501     283.995     236.781      47.367       0.000       0.000       0.283     690.050       0.000       0.000       0.000       0.000       0.000       0.000       0.000       0.000       0.000       0.000     255.816       0.000       0.000       0.000      -1.076       0.000     677.058       0.000       0.000
   365    12    31  2023      57       0  hru057               792.783      50.839      50.819      37.080      44.578      81.658     237.026     475.966       9.562      27.968     438.437      37.078      81.921     388.337     354.620     247.739      28.926       0.000       0.000       0.283     690.072       0.000       0.000       0.000       0.000       0.000       0.000       0.000      37.078       0.000       0.000      44.578       0.000       0.000       0.000      -1.769       0.767    2759.439       0.000       0.000
   365    12    31  2023      58       0  hru058               792.783      50.872      50.849      78.457      70.853     149.310     252.269     492.738      12.572      50.503     429.662      78.456      82.322     395.459     362.766     253.263      28.761       0.000       0.000       0.283     690.068       0.000       0.000      63.495      36.202       0.000       0.000       0.000      78.456       0.000       0.000      70.853       0.000       0.000       0.000      -1.715       0.393    4385.906       0.000       0.000
   365    12    31  2023      59       0  hru059               792.783      50.839      50.819      37.845      30.529      68.374     246.804     479.384      10.178      36.737     432.469      37.843      82.317     390.321     357.520     251.702      28.873       0.000       0.000       0.283     690.069       0.000       0.000       0.000       0.000       0.000       0.000       0.000      37.843       0.000       0.000      30.529       0.000       0.000       0.000      -1.721       0.783    1889.811       0.000       0.000
   365    12    31  2023      60       0  hru060               792.783      50.839      50.819      20.449     189.737     210.186     220.854     491.797      11.845      42.004     437.948      20.449      66.593     404.548     354.156     252.237      29.214       0.000       0.000       0.283     690.061       0.000       0.000      16.187     110.814       0.000       0.000       0.000      20.449       0.000       0.000     189.737       0.000       0.000       0.000      -2.643       0.122    2866.036       0.000       0.000
   365    12    31  2023      61       0  hru061               792.783      50.839      50.819       7.369     239.070     246.439     144.582     489.117      12.977      49.686     426.454       7.369      57.655     310.460     255.665     167.162      29.120       0.000       0.000       0.283     690.037       0.000       0.000      20.933      63.424       0.000       0.000       0.000       7.369       0.000       0.000     239.070       0.000       0.000       0.000      -2.874       0.296     817.941       0.000       0.000
   365    12    31  2023      62       0  hru062               792.783      50.815      50.795     242.143     458.740     700.883     178.845     513.019      13.777      51.464     447.778     242.141      59.677     350.173     249.400     180.817      31.443       0.000       0.000       0.283     690.033       0.000       0.000     388.246     206.056       0.000     242.141       0.000       0.000     458.740       0.000       0.000       0.000       0.000       0.000      -5.286       5.039    1569.507       0.000       0.000
   365    12    31  2023      63       0  hru063               792.783      50.864      50.842      34.629      41.285      75.914     314.429     489.919      12.070      42.946     434.903      34.623      71.967     443.111     387.591     284.441      29.277       0.000       0.000       0.283     690.050       0.000       0.000      22.381      62.068       0.000       0.000       0.000      34.623       0.000       0.000      41.285       0.000       0.000       0.000      -2.912       1.923     623.625       0.000       0.000
   365    12    31  2023      64       0  hru064               792.783      50.839      50.819       0.000     268.760     268.760      17.857     507.436      10.379      28.675     468.383       0.000      25.871     287.740     270.087     233.253      47.301       0.000       0.000       0.283     690.062       0.000       0.000       0.000       0.000       0.000       0.000       0.000       0.000       0.000       0.000     268.760       0.000       0.000       0.000      -0.926       0.000     711.317       0.000       0.000
   365    12    31  2023      65       0  hru065               792.783      50.839      50.819       0.000     262.838     262.838      19.997     511.225      11.320      39.756     460.149       0.000      25.996     291.221     272.824     233.591      47.200       0.000       0.000       0.283     690.060       0.000       0.000       0.000       0.000       0.000       0.000       0.000       0.000       0.000       0.000     262.838       0.000       0.000       0.000      -0.965       0.000     695.643       0.000       0.000
   365    12    31  2023      66       0  hru066               792.783      50.872      50.849       0.000     272.667     272.668      14.095     507.269      10.202      28.928     468.139       0.000      25.607     281.954     265.876     232.136      47.261       0.000       0.000       0.283     690.054       0.000       0.000       0.000       0.000       0.000       0.000       0.000       0.000       0.000       0.000     272.667       0.000       0.000       0.000      -0.843       0.000     721.659       0.000       0.000
   365    12    31  2023      67       0  hru067               792.783      50.839      50.819       0.000     270.372     270.372      42.651     481.095      10.229      36.760     434.106       0.000      26.730     259.822     237.471     191.960      31.284       0.000       0.000       0.283     690.050       0.000       0.000       0.000       0.000       0.000       0.000       0.000       0.000       0.000       0.000     270.372       0.000       0.000       0.000      -1.172       0.000     808.594       0.000       0.000
   365    12    31  2023      68       0  hru068               792.783      50.872      50.849       0.000     243.568     243.568      40.547     509.986       9.055      34.328     466.602       0.000      27.451     316.548     294.678     238.562      47.055       0.000       0.000       0.283     690.033       0.000       0.000       0.000       0.000       0.000       0.000       0.000       0.000       0.000       0.000     243.568       0.000       0.000       0.000      -1.147       0.000     644.642       0.000       0.000
   365    12    31  2023      69       0  hru069               792.783      50.839      50.819       0.000     227.263     227.264      58.758     508.109       9.054      26.843     472.211       0.000      28.876     335.264     311.854     244.404      47.442       0.000       0.000       0.283     690.035       0.000       0.000       0.000       0.000       0.000       0.000       0.000       0.000       0.000       0.000     227.263       0.000       0.000       0.000      -1.228       0.000     601.489       0.000       0.000
   365    12    31  2023      70       0  hru070               792.783      50.800      50.780       0.006     202.464     202.469      75.630     516.131      14.259      52.931     448.941       0.006      30.021     353.652     327.827     246.433      46.603       0.000       0.000       0.283     690.033       0.000       0.000       0.000       0.000       0.000       0.000       0.000       0.006       0.000       0.000     202.464       0.000       0.000       0.000      -1.355       0.000     535.853       0.000       0.000
   365    12    31  2023      71       0  hru071               792.783      50.856      50.837       0.027     195.698     195.725      89.915     508.630       8.525      26.649     473.456       0.027      31.273     363.425     336.568     252.487      47.441       0.000       0.000       0.283     690.031       0.000       0.000       0.000       0.000       0.000       0.000       0.000       0.027       0.000       0.000     195.698       0.000       0.000       0.000      -1.409       0.001     517.948       0.000       0.000
   365    12    31  2023      72       0  hru072               792.783      50.856      50.837       0.000     229.830     229.831      52.608     511.698      10.785      39.070     461.844       0.000      28.334     329.941     306.666     241.600      46.963       0.000       0.000       0.283     690.028       0.000       0.000       0.000       0.000       0.000       0.000       0.000       0.000       0.000       0.000     229.830       0.000       0.000       0.000      -1.221       0.000     608.284       0.000       0.000
   365    12    31  2023      73       0  hru073               792.783      50.839      50.819     222.684      39.269     261.953     482.883     520.836      10.649      31.959     478.227     222.666      90.066     528.873     500.624     356.304      32.542       0.000       0.000       0.283     690.043       0.000       0.000     471.234       0.000       0.000       0.000       0.000     222.666       0.000       0.000      39.269       0.000       0.000       0.000      -1.482       9.836    2430.770       0.000       0.000
   365    12    31  2023      74       0  hru074               792.783      50.839      50.819      40.298      29.556      69.854     243.038     481.696      11.466      40.467     429.762      40.296      82.446     400.015     366.735     258.863      27.441       0.000       0.000       0.283     690.056       0.000       0.000       0.000       0.000       0.000       0.000       0.000      40.296       0.000       0.000      29.556       0.000       0.000       0.000      -1.746       1.134    1829.543       0.000       0.000
   365    12    31  2023      75       0  hru075               792.783      50.872      50.849      58.931      34.091      93.022     262.903     479.357       8.786      26.197     444.374      58.926      83.006     399.025     360.757     258.917      29.099       0.000       0.000       0.283     690.048       0.000       0.000      25.321      15.098       0.000       0.000       0.000      58.926       0.000       0.000      34.091       0.000       0.000       0.000      -2.007       3.104    2110.263       0.000       0.000
   365    12    31  2023      76       0  hru076               792.783      50.856      50.837       4.215     228.719     232.934     197.168     488.075      10.674      36.768     440.634       4.215      60.067     327.586     283.508     182.308      29.443       0.000       0.000       0.283     690.040       0.000       0.000       0.961     122.054       0.000       0.000       0.000       4.215       0.000       0.000     228.719       0.000       0.000       0.000      -2.312       0.565     782.527       0.000       0.000
   365    12    31  2023      77       0  hru077               792.783      50.872      50.849       8.930     863.708     872.638     318.773     560.499      11.472      39.156     509.871       8.930      42.552     430.042     348.630     269.182      32.847       0.000       0.000       0.283     690.029       0.000       0.000      23.769     930.761       0.000       0.000       0.000       8.930       0.000       0.000     863.708       0.000       0.000       0.000      -4.269       0.872    2758.045       0.000       0.000
   365    12    31  2023      78       0  hru078               792.783      50.856      50.837       2.645     424.199     426.844     191.548     507.994       7.895      24.994     475.106       2.645      34.697     365.376     313.059     233.032      30.822       0.000       0.000       0.283     690.034       0.000       0.000      13.936     316.762       0.000       0.000       0.000       2.645       0.000       0.000     424.199       0.000       0.000       0.000      -2.744       0.359    1354.578       0.000       0.000
   365    12    31  2023      79       0  hru079               792.783      50.872      50.849     166.013    1557.482    1723.495     863.072     583.622      10.936      40.890     531.796     165.984      67.361     728.814     699.731     410.418      44.691       0.000       0.000       0.283     690.022       0.000       0.000      23.658    2351.964       0.000       0.000       0.000     165.984       0.000       0.000    1557.482       0.000       0.000       0.000      -1.524       6.697    4973.449       0.000       0.000
   365    12    31  2023      80       0  hru080               792.783      50.800      50.780       0.000     260.235     260.236      55.116     478.806      11.460      38.231     429.115       0.000      27.324     269.859     245.873     193.518      29.188       0.000       0.000       0.283     690.038       0.000       0.000       0.000       0.000       0.000       0.000       0.000       0.000       0.000       0.000     260.235       0.000       0.000       0.000      -1.258       0.000     830.999       0.000       0.000
   365    12    31  2023      81       0  hru081               792.783      50.872      50.849    1346.058    2605.717    3951.775    1281.255     626.746       8.883      27.494     590.370    1345.936      79.686     728.814     728.814     520.574      73.988       0.000       0.000       0.283     690.036       0.000       0.000      32.084    5034.721       0.000       0.000       0.000    1345.936       0.000       0.000    2605.717       0.000       0.000       0.000       0.002     149.332    8320.737       0.000       0.000
   365    12    31  2023      82       0  hru082               792.783      50.839      50.819     149.380    1154.519    1303.898     624.527     596.294      10.387      30.200     555.707     149.263      59.012     589.858     415.786     351.439      36.814       0.000       0.000       0.283     690.025       0.000       0.000     258.235    1463.746       0.000       0.000       0.000     149.263       0.000       0.000    1154.519       0.000       0.000       0.000      -9.129      29.551    3686.681       0.000       0.000
   365    12    31  2023      83       0  hru083               792.783      50.872      50.849      44.925     696.984     741.910     507.288     547.118      10.082      29.331     507.706      44.858      52.883     554.697     503.090     319.931      36.072       0.000       0.000       0.283     690.018       0.000       0.000     409.431     591.189       0.000       0.000       0.000      44.858       0.000       0.000     696.984       0.000       0.000       0.000      -2.706       9.815    2225.654       0.000       0.000
   365    12    31  2023      84       0  hru084               792.783      50.872      50.849       0.005     258.982     258.987     180.766     496.219      10.193      36.511     449.516       0.005      33.734     365.564     319.252     228.319      29.987       0.000       0.000       0.283     690.019       0.000       0.000       1.150     139.519       0.000       0.000       0.000       0.005       0.000       0.000     258.982       0.000       0.000       0.000      -2.429       0.001     826.997       0.000       0.000
   365    12    31  2023      85       0  hru085               792.783      50.839      50.819       0.000     213.407     213.408     104.053     476.904      10.085      29.262     437.557       0.000      29.651     312.203     283.307     206.952      29.382       0.000       0.000       0.283     690.022       0.000       0.000       0.000       0.000       0.000       0.000       0.000       0.000     112.705       0.000     100.703       0.000       0.000       0.000      -1.515       0.000     681.465       0.000       0.000
   365    12    31  2023      86       0  hru086               792.783      50.852      50.832     197.252      84.829     282.081     413.726     514.238       9.790      36.803     467.646     197.175      77.763     492.546     441.464     321.747      31.345       0.000       0.000       0.283     690.021       0.000       0.000     253.432     160.894       0.000       0.000       0.000     197.175       0.000       0.000      84.829       0.000       0.000       0.000      -2.679      34.115    1281.377       0.000       0.000
   365    12    31  2023      87       0  hru087               792.783      50.852      50.832    1116.284    2157.654    3273.938     912.839     661.089      16.263      68.660     576.166    1116.185      86.079     576.882     576.882     482.863      89.059       0.000       0.000       0.283     690.015       0.000       0.000       0.002    4054.990       0.000       0.000       0.000    1116.185       0.000       0.000    2157.654       0.000       0.000       0.000      -0.006     146.044    5710.583       0.000       0.000
   365    12    31  2023      88       0  hru088               792.783      50.839      50.819       0.059     248.392     248.451     100.366     540.492      11.172      39.335     489.985       0.058      31.378     399.370     368.181     277.073      71.826       0.000       0.000       0.283     690.023       0.000       0.000       0.138      94.696       0.000       0.000       0.000       0.058       0.000       0.000     248.392       0.000       0.000       0.000      -1.636       0.018     199.877       0.000       0.000
   365    12    31  2023      89       0  hru089               792.783      50.857      50.834       0.977     486.525     487.502     246.261     501.793      12.536      43.703     445.554       0.977      37.872     454.589     371.995     245.190      30.638       0.000       0.000       0.283     690.032       0.000       0.000       0.001     438.177       0.000       0.000       0.000       0.977       0.000       0.000     486.525       0.000       0.000       0.000      -4.332       0.089    1553.601       0.000       0.000
   365    12    31  2023      90       0  hru090               792.783      50.872      50.849       0.306     474.138     474.444     220.448     502.211      11.408      37.025     453.778       0.305      36.438     422.817     349.845     238.957      30.672       0.000       0.000       0.283     690.015       0.000       0.000       0.001     400.243       0.000       0.000       0.000       0.305       0.000       0.000     474.138       0.000       0.000       0.000      -3.827       0.022    1514.047       0.000       0.000
   365    12    31  2023      91       0  hru091               792.783      50.872      50.849       0.059     157.701     157.761     105.191     531.231      11.408      37.048     482.776       0.059      31.417     403.098     376.985     276.635      71.038       0.000       0.000       0.283     690.019       0.000       0.000       0.000       0.000       0.000       0.000       0.000       0.059       0.000       0.000     157.701       0.000       0.000       0.000      -1.370       0.011     126.899       0.000       0.000
   365    12    31  2023      92       0  hru092               792.783      50.872      50.849      36.802      77.960     114.762     305.557     488.567       9.137      34.723     444.706      36.801      71.527     424.327     394.613     281.677      29.449       0.000       0.000       0.283     690.017       0.000       0.000      36.308      78.168       0.000       0.000       0.000      36.801       0.000       0.000      77.960       0.000       0.000       0.000      -1.558       0.488    1177.612       0.000       0.000
   365    12    31  2023      93       0  hru093               792.783      50.864      50.842      11.045     655.001     666.047     343.118     548.361      11.559      40.140     496.662      11.042      43.561     455.479     355.891     275.187      32.631       0.000       0.000       0.283     690.019       0.000       0.000      53.452     705.781       0.000      11.042       0.000       0.000     655.001       0.000       0.000       0.000       0.000       0.000      -5.223       3.747    2091.592       0.000       0.000
   365    12    31  2023      94       0  hru094               792.783      50.872      50.849       0.029     170.152     170.181      94.634     529.349       9.557      27.771     492.021       0.028      30.719     395.233     369.613     274.682      71.748       0.000       0.000       0.283     690.019       0.000       0.000       0.000       0.000       0.000       0.000       0.000       0.028       0.000       0.000     170.152       0.000       0.000       0.000      -1.344       0.007     136.918       0.000       0.000
   365    12    31  2023      95       0  hru095               792.783      50.872      50.849       9.518      83.018      92.536     229.375     472.977       7.601      24.288     441.088       9.518      66.982     400.330     362.716     254.589      28.939       0.000       0.000       0.283     690.012       0.000       0.000       0.000       0.000       0.000       0.000       0.000       0.000       0.000       0.000       0.000       0.000       0.000       0.000      -1.973       0.002    1254.014       0.000       0.000
   365    12    31  2023      96       0  hru096               792.783      50.828      50.808      45.314     654.562     699.876     148.213     573.511      11.385      38.765     523.360      45.287      36.084     480.264     364.455     297.501      74.472       0.000       0.000       0.283     690.014       0.000       0.000     158.909     463.474       0.000      45.287       0.000       0.000     654.562       0.000       0.000       0.000       0.000       0.000      -6.074       6.504     526.714       0.000       0.000
   365    12    31  2023      97       0  hru097               792.783      50.852      50.832       0.000     237.339     237.340      28.289     528.308       8.028      25.226     495.054       0.000      26.059     331.914     312.217     257.108      71.728       0.000       0.000       0.283     690.012       0.000       0.000       0.000       0.000       0.000       0.000       0.000       0.000       0.000       0.000     237.339       0.000       0.000       0.000      -1.033       0.000     190.983       0.000       0.000
   365    12    31  2023      98       0  hru098               792.783      50.833      50.810      14.201     106.994     121.195     231.154     482.421      11.553      41.758     429.110      14.201      67.033     403.320     364.400     254.731      28.821       0.000       0.000       0.283     690.010       0.000       0.000       7.240      32.525       0.000      14.201       0.000       0.000     106.994       0.000       0.000       0.000       0.000       0.000      -2.041       0.054    1616.182       0.000       0.000
   365    12    31  2023      99       0  hru099               792.783      50.864      50.842     342.935     276.576     619.511     553.012     564.111       9.154      28.576     526.381     342.928      84.483     532.286     480.896     375.308      37.125       0.000       0.000       0.283     690.011       0.000       0.000     281.311     659.489       0.000     342.928       0.000       0.000     276.576       0.000       0.000       0.000       0.000       0.000      -2.694       3.407    4177.773       0.000       0.000
   365    12    31  2023     100       0  hru100               792.783      50.839      50.819     123.568     239.365     362.933     567.418     533.814       9.054      26.843     497.917     123.510      82.479     632.597     551.807     378.953      41.324       0.000       0.000       0.283     690.015       0.000       0.000       3.724     662.317       0.000     123.510       0.000       0.000     239.365       0.000       0.000       0.000       0.000       0.000      -4.236      11.257    3615.688       0.000       0.000
   365    12    31  2023     101       0  hru101               792.783      50.872      50.849       0.000     422.762     422.762     114.234     494.608      10.460      40.984     443.164       0.000      30.422     326.916     297.241     208.765      30.000       0.000       0.000       0.283     690.065       0.000       0.000       0.000     237.135       0.000       0.000       0.000       0.000       0.000       0.000     422.762       0.000       0.000       0.000      -1.556       0.000    1349.990       0.000       0.000
   365    12    31  2023     102       0  hru102               792.783      51.311      51.288      12.895      24.773      37.668     272.266     485.158      14.697      77.946     392.515      12.892      69.180     420.451     377.517     267.692      28.492       0.000       0.000       0.283     690.056       0.000       0.000       0.000       0.000       0.000       0.000       0.000      12.892       0.000       0.000      24.773       0.000       0.000       0.000      -2.251       0.964     374.207       0.000       0.000
   365    12    31  2023     103       0  hru103               792.783      51.311      51.288     175.596    1844.422    2020.018     781.441     618.754      14.671      78.719     525.364     175.579      66.221     594.718     485.567     390.968      41.274       0.000       0.000       0.283     690.031       0.000       0.000     135.439    2485.648       0.000       0.000       0.000     175.579       0.000       0.000    1844.422       0.000       0.000       0.000      -5.723       8.769    5889.725       0.000       0.000
   365    12    31  2023     104       0  hru104               792.783      51.311      51.288      13.213      20.084      33.297     273.147     488.668       8.408     105.178     375.082      13.208      69.170     422.723     379.284     267.609      28.479       0.000       0.000       0.283     690.045       0.000       0.000       0.000       0.000       0.000       0.000       0.000      13.208       0.000       0.000      20.084       0.000       0.000       0.000      -2.278       1.732     303.373       0.000       0.000
   365    12    31  2023     105       0  hru105               792.783      47.130      47.118      29.213     406.776     435.988     245.125     343.984      42.031     137.202     164.750      29.210      38.431     456.617     323.819     248.058      33.397       0.000       0.000       0.254     690.154       0.000       0.000     151.651      73.350       0.000       0.000       0.000      29.210       0.000       0.000     406.776       0.000       0.000       0.000      -6.965       4.147    1298.941       0.000       0.000
   365    12    31  2023     106       0  hru106               792.783      51.311      51.288      41.351      54.531      95.882     228.518     491.705       6.670      99.048     385.986      41.341      81.061     392.111     348.986     241.479      28.393       0.000       0.000       0.283     690.057       0.000       0.000       9.168      11.700       0.000       0.000       0.000      41.341       0.000       0.000      54.531       0.000       0.000       0.000      -2.262       5.826    3375.557       0.000       0.000
   365    12    31  2023     107       0  hru107               792.783      51.311      51.288      99.256      15.610     114.866     268.295     505.661       7.024     138.457     360.180      99.228      82.468     435.500     351.776     258.070      28.280       0.000       0.000       0.283     690.056       0.000       0.000      75.247      16.288       0.000       0.000       0.000      99.228       0.000       0.000      15.610       0.000       0.000       0.000      -4.392      13.651     966.308       0.000       0.000
   365    12    31  2023     108       0  hru108               792.783      51.311      51.288      10.681      58.774      69.456     247.336     478.160       5.176     113.395     359.589      10.680      67.648     407.121     367.676     258.349      27.948       0.000       0.000       0.283     690.015       0.000       0.000       0.000       0.000       0.000       0.000       0.000      10.680       0.000       0.000      58.774       0.000       0.000       0.000      -2.069       0.373     887.808       0.000       0.000
   365    12    31  2023     109       0  hru109               792.783      50.579      50.556       2.187     152.979     155.166     150.965     488.305       8.790     181.472     298.043       2.187      57.362     293.465     262.624     164.803      26.959       0.000       0.000       0.275     690.028       0.000       0.000       0.000       0.000       0.000       0.000       0.000       2.187       0.000       0.000     152.979       0.000       0.000       0.000      -1.618       0.301     523.394       0.000       0.000
   365    12    31  2023     110       0  hru110               792.783      50.847      50.825       1.729     170.551     172.279     120.351     501.972       9.675     145.367     346.930       1.728      55.640     280.481     246.824     152.908      28.022       0.000       0.000       0.281     690.041       0.000       0.000       0.000       0.000       0.000       0.000       0.000       1.728       0.000       0.000     170.551       0.000       0.000       0.000      -1.765       0.235     583.512       0.000       0.000
   365    12    31  2023     111       0  hru111               792.783      50.803      50.780      37.408     593.447     630.855     361.379     571.478      10.156     162.972     398.350      37.403      67.048     391.328     307.908     226.465      30.804       0.000       0.000       0.280     690.035       0.000       0.000      56.159     710.168       0.000       0.000       0.000      37.403       0.000       0.000     593.447       0.000       0.000       0.000      -4.375       4.434    2030.386       0.000       0.000
   365    12    31  2023     112       0  hru112               792.783      50.862      50.839      44.982      14.067      59.049     264.117     484.981       8.972     159.269     316.740      44.935      82.520     400.463     362.048     254.895      27.275       0.000       0.000       0.280     690.057       0.000       0.000       8.927       4.345       0.000       0.000       0.000      44.935       0.000       0.000      14.067       0.000       0.000       0.000      -2.015      31.102     870.755       0.000       0.000
   365    12    31  2023     113       0  hru113               792.783      50.360      50.337       0.000     207.098     207.099      62.340     524.995      14.068     208.702     302.224       0.000      26.467     286.769     257.478     178.091      27.752       0.000       0.000       0.278     690.024       0.000       0.000       0.000       0.000       0.000       0.000       0.000       0.000       0.000       0.000     207.098       0.000       0.000       0.000      -1.536       0.000     661.320       0.000       0.000
   365    12    31  2023     114       0  hru114               792.783      51.311      51.288       1.135     565.108     566.243     180.347     536.719       7.464     149.474     379.780       1.134      34.067     377.328     324.116     225.783      30.192       0.000       0.000       0.283     690.021       0.000       0.000      18.798     468.703       0.000       0.000       0.000       1.134       0.000       0.000     565.108       0.000       0.000       0.000      -2.790       0.056    1804.540       0.000       0.000
   365    12    31  2023     115       0  hru115               792.783      51.276      51.253      21.985      41.619      63.604     271.318     519.431       6.715     170.023     342.693      21.979      68.780     430.810     364.772     265.508      28.208       0.000       0.000       0.283     690.062       0.000       0.000      10.261      47.690       0.000       0.000       0.000      21.979       0.000       0.000      41.619       0.000       0.000       0.000      -3.463       2.187     628.676       0.000       0.000
   365    12    31  2023     116       0  hru116               792.783      50.957      50.935       0.000     340.934     340.934     135.947     528.212       7.361     178.439     342.411       0.000      30.849     346.596     296.782     205.340      28.986       0.000       0.000       0.281     690.017       0.000       0.000       3.069     206.447       0.000       0.000       0.000       0.000       0.000       0.000     340.934       0.000       0.000       0.000      -2.612       0.000    1088.691       0.000       0.000
   365    12    31  2023     117       0  hru117               792.783      50.873      50.851       0.000     207.446     207.446      69.960     517.053       7.054     192.615     317.384       0.000      26.902     291.552     261.705     181.599      27.983       0.000       0.000       0.281     690.018       0.000       0.000       0.000       0.000       0.000       0.000       0.000       0.000       0.000       0.000     207.446       0.000       0.000       0.000      -1.565       0.000     662.430       0.000       0.000
   365    12    31  2023     118       0  hru118               792.783      50.954      50.932       0.000     206.001     206.001      71.891     516.588       6.875     192.183     317.531       0.000      26.997     293.455     263.172     182.080      28.000       0.000       0.000       0.281     690.016       0.000       0.000       0.000       0.000       0.000       0.000       0.000       0.000       0.000       0.000     206.001       0.000       0.000       0.000      -1.588       0.000     657.814       0.000       0.000
   365    12    31  2023     119       0  hru119               792.783      50.853      50.830      30.420      49.212      79.632     198.348     519.014       7.705     185.929     325.380      30.417      79.193     384.872     311.529     225.114      27.493       0.000       0.000       0.281     690.067       0.000       0.000       0.000       0.000       0.000       0.000       0.000      30.417       0.000       0.000      49.212       0.000       0.000       0.000      -3.847       1.508    3046.261       0.000       0.000
   365    12    31  2023     120       0  hru120               792.783      50.974      50.951       8.619     257.007     265.627     270.873     557.601      10.233     149.551     397.816       8.609      43.885     504.369     466.091     317.720      69.465       0.000       0.000       0.282     690.031       0.000       0.000       0.113     299.152       0.000       0.000       0.000       8.609       0.000       0.000     257.007       0.000       0.000       0.000      -2.007       1.584     206.809       0.000       0.000
   365    12    31  2023     121       0  hru121               792.783      51.063      51.040      18.968      44.467      63.435     282.032     479.333       7.721     121.612     349.999      18.962      69.656     420.204     381.328     270.380      28.034       0.000       0.000       0.282     690.022       0.000       0.000       8.763      21.139       0.000       0.000       0.000      18.962       0.000       0.000      44.467       0.000       0.000       0.000      -2.039       2.599     671.696       0.000       0.000
   365    12    31  2023     122       0  hru122               792.783      50.451      50.428      11.381     564.967     576.347     285.082     531.362      10.163     224.432     296.767      11.380      63.679     378.533     333.648     203.728      28.701       0.000       0.000       0.273     690.030       0.000       0.000       6.241     591.284       0.000       0.000       0.000      11.380       0.000       0.000     564.967       0.000       0.000       0.000      -2.354       1.126    1932.946       0.000       0.000
   365    12    31  2023     123       0  hru123               792.783      51.115      51.092       0.000     155.466     155.466     162.783     476.523       4.921     134.519     337.083       0.000      32.264     353.437     316.400     218.878      28.060       0.000       0.000       0.282     690.019       0.000       0.000       0.000       0.000       0.000       0.000       0.000       0.000       0.000       0.000     155.466       0.000       0.000       0.000      -1.942       0.000     496.443       0.000       0.000
   365    12    31  2023     124       0  hru124               792.783      50.412      50.392       2.181     216.799     218.980     140.875     488.850       9.945     175.193     303.712       2.180      57.276     289.526     254.752     164.245      27.465       0.000       0.000       0.278     690.037       0.000       0.000       0.703      53.334       0.000       0.000       0.000       2.180       0.000       0.000     216.799       0.000       0.000       0.000      -1.824       0.413     741.743       0.000       0.000
   365    12    31  2023     125       0  hru125               792.783      51.311      51.288     134.738      25.929     160.667     260.638     527.139       7.326     185.199     334.614     134.714      81.926     422.700     363.722     253.686      28.124       0.000       0.000       0.283     690.059       0.000       0.000     119.405      33.024       0.000       0.000       0.000     134.714       0.000       0.000      25.929       0.000       0.000       0.000      -3.094      13.851    1605.041       0.000       0.000
   365    12    31  2023     126       0  hru126               792.783      51.091      51.068      21.294     662.272     683.566     291.229     560.395       6.502     153.772     400.121      21.294      40.574     445.602     330.936     259.014      31.387       0.000       0.000       0.282     690.037       0.000       0.000      58.553     677.423       0.000       0.000       0.000      21.294       0.000       0.000     662.272       0.000       0.000       0.000      -6.014       6.747    2114.808       0.000       0.000
   365    12    31  2023     127       0  hru127               792.783      51.311      51.288     325.212      31.578     356.790     306.056     524.095       8.124     169.869     346.101     325.176      83.804     469.412     367.117     274.781      28.619       0.000       0.000       0.283     690.056       0.000       0.000     322.856      65.698       0.000       0.000       0.000     325.176       0.000       0.000      31.578       0.000       0.000       0.000      -5.366      20.416    1954.691       0.000       0.000
   365    12    31  2023     128       0  hru128               792.783      50.823      50.800      14.587     100.210     114.797     197.735     533.011      11.267     225.440     296.303      14.586      63.817     408.307     341.929     234.415      27.515       0.000       0.000       0.275     690.063       0.000       0.000      10.201      38.755       0.000       0.000       0.000      14.586       0.000       0.000     100.210       0.000       0.000       0.000      -3.481       0.132    1513.713       0.000       0.000
   365    12    31  2023     129       0  hru129               792.783      51.311      51.288      34.346      16.252      50.598     226.920     518.392      11.833     190.631     315.927      34.341      80.542     397.494     339.621     239.088      27.650       0.000       0.000       0.283     690.060       0.000       0.000       0.000       0.000       0.000       0.000       0.000      34.341       0.000       0.000      16.252       0.000       0.000       0.000      -3.035       2.377    1006.045       0.000       0.000
   365    12    31  2023     130       0  hru130               792.783      51.118      51.095      45.684     248.361     294.045     352.294     553.027       9.659     210.589     332.778      45.673      67.353     448.315     370.591     264.970      32.252       0.000       0.000       0.282     690.038       0.000       0.000      45.290     357.016       0.000       0.000       0.000      45.673       0.000       0.000     248.361       0.000       0.000       0.000      -4.077       5.402    1815.689       0.000       0.000
   365    12    31  2023     131       0  hru131               792.783      50.805      50.782      15.892      32.640      48.532     238.938     527.521      10.313     203.893     313.315      15.888      66.494     426.263     330.862     250.931      27.764       0.000       0.000       0.280     690.057       0.000       0.000      11.341       5.702       0.000       0.000       0.000      15.888       0.000       0.000      32.640       0.000       0.000       0.000      -5.003       1.158     493.034       0.000       0.000
   365    12    31  2023     132       0  hru132               792.783      50.874      50.851      70.087      15.171      85.258     235.148     542.580       7.833     250.624     284.123      70.068      80.271     425.802     331.850     238.724      27.173       0.000       0.000       0.281     690.058       0.000       0.000      46.892      18.262       0.000       0.000       0.000      70.068       0.000       0.000      15.171       0.000       0.000       0.000      -4.928       9.287     939.088       0.000       0.000
   365    12    31  2023     133       0  hru133               792.783      51.311      51.288       0.000     192.804     192.804     115.872     485.800       9.144     116.234     360.422       0.000      29.979     323.565     292.424     207.014      28.252       0.000       0.000       0.283     690.022       0.000       0.000       0.000       0.000       0.000       0.000       0.000       0.000       0.000       0.000     192.804       0.000       0.000       0.000      -1.633       0.000     615.673       0.000       0.000
   365    12    31  2023     134       0  hru134               792.783      50.715      50.693      35.860      23.139      58.999     242.539     493.467       8.536     192.348     292.583      35.832      81.466     391.338     350.513     244.848      26.787       0.000       0.000       0.281     690.048       0.000       0.000       0.000       0.000       0.000       0.000       0.000      35.832       0.000       0.000      23.139       0.000       0.000       0.000      -2.141      17.032    1432.355       0.000       0.000
   365    12    31  2023     135       0  hru135               792.783      51.311      51.288       8.340     442.041     450.381     238.988     510.633      11.638     171.102     327.893       8.340      61.493     363.239     309.360     190.195      29.826       0.000       0.000       0.283     690.028       0.000       0.000       4.836     399.397       0.000       0.000       0.000       8.340       0.000       0.000     442.041       0.000       0.000       0.000      -2.826       0.400    1512.375       0.000       0.000
   365    12    31  2023     136       0  hru136               792.783      46.459      46.448    9803.883    3476.415   13280.298    1142.178     455.751      52.604     228.980     174.168    9803.703      88.798     624.319     624.319     546.024     137.766       0.000       0.000       0.249     690.158       0.000       0.000       3.322   14081.867       0.000       0.000       0.000    9803.703       0.000       0.000    3476.415       0.000       0.000       0.000      -0.009     433.551    2797.410       0.000       0.000
   365    12    31  2023     137       0  hru137               792.783      47.201      47.186     618.266    2355.699    2973.964     697.236     505.275      41.050     289.462     174.762     618.169      63.245     591.535     480.820     369.541      39.324       0.000       0.000       0.254     690.140       0.000       0.000    1119.454    2257.234       0.000       0.000       0.000     618.169       0.000       0.000    2355.699       0.000       0.000       0.000      -5.806      43.431    7522.365       0.000       0.000
   365    12    31  2023     138       0  hru138               792.783      48.739      48.721      58.378      26.681      85.059     339.420     369.855      26.100     201.339     142.416      58.371      86.202     436.073     407.965     295.174      30.570       0.000       0.000       0.264     690.088       0.000       0.000       0.000       0.000       0.000       0.000       0.000      58.371       0.000       0.000      26.681       0.000       0.000       0.000      -1.474       3.521    1651.601       0.000       0.000
   365    12    31  2023     139       0  hru139               792.783      46.500      46.486       0.013     184.383     184.395      69.996     540.649      48.106     348.637     143.907       0.012      28.515     354.831     314.684     218.914      42.934       0.000       0.000       0.249     690.164       0.000       0.000       0.000       0.000       0.000       0.000       0.000       0.012       0.000       0.000     184.383       0.000       0.000       0.000      -2.106       0.001     488.000       0.000       0.000
   365    12    31  2023     140       0  hru140               792.783      46.507      46.492       0.000     249.820     249.820     131.476     527.703      48.386     343.782     135.535       0.000      29.850     346.914     294.832     191.424      26.951       0.000       0.000       0.249     690.165       0.000       0.000       0.000     113.331       0.000       0.000       0.000       0.000       0.000       0.000     249.820       0.000       0.000       0.000      -2.731       0.000     797.739       0.000       0.000
   365    12    31  2023     141       0  hru141               792.783      51.115      51.092      27.053     199.125     226.177     329.337     532.323       7.840     132.052     392.431      27.039      66.712     447.522     354.451     261.027      32.665       0.000       0.000       0.282     690.039       0.000       0.000      25.858     264.101       0.000       0.000       0.000      27.039       0.000       0.000     199.125       0.000       0.000       0.000      -4.882       4.706    1455.737       0.000       0.000
   365    12    31  2023     142       0  hru142               792.783      50.929      50.906       0.000     218.686     218.686      52.227     523.441      10.100     196.863     316.479       0.000      25.950     275.563     248.062     174.715      28.075       0.000       0.000       0.281     690.018       0.000       0.000       0.000       0.000       0.000       0.000       0.000       0.000       0.000       0.000     218.686       0.000       0.000       0.000      -1.442       0.000     698.322       0.000       0.000
   365    12    31  2023     143       0  hru143               792.783      51.185      51.162      80.002     531.969     611.971     493.092     562.489       6.915     123.869     431.705      79.980      73.012     525.111     389.928     307.404      34.851       0.000       0.000       0.282     690.037       0.000       0.000      53.043     813.777       0.000       0.000       0.000      79.980       0.000       0.000     531.969       0.000       0.000       0.000      -7.091       7.815    3889.056       0.000       0.000
   365    12    31  2023     144       0  hru144               792.783      50.831      50.808      15.387      26.115      41.502     262.174     504.165       8.424     139.170     356.572      15.381      68.260     434.478     331.409     261.768      28.250       0.000       0.000       0.280     690.044       0.000       0.000       3.773       5.735       0.000       0.000       0.000      15.381       0.000       0.000      26.115       0.000       0.000       0.000      -5.406       1.613     394.476       0.000       0.000
   365    12    31  2023     145       0  hru145               792.783      50.853      50.831       5.434      92.427      97.861     185.319     522.193      11.049     167.151     343.993       5.433      59.424     375.781     307.449     213.412      31.078       0.000       0.000       0.281     690.044       0.000       0.000       3.527       5.362       0.000       0.000       0.000       5.433       0.000       0.000      92.427       0.000       0.000       0.000      -3.584       0.926     675.704       0.000       0.000
   365    12    31  2023     146       0  hru146               792.783      50.498      50.475      56.104     127.325     183.429     457.353     554.960      11.918     179.590     363.451      56.080      78.054     541.916     434.863     335.212      32.627       0.000       0.000       0.279     690.022       0.000       0.000       0.000     396.758       0.000       0.000       0.000      56.080       0.000       0.000     127.325       0.000       0.000       0.000      -5.614       5.670    1923.285       0.000       0.000
   365    12    31  2023     147       0  hru147               792.783      51.125      51.102     109.627     212.213     321.840     515.138     565.365       7.214     193.405     364.745     109.615      79.935     596.539     515.338     357.537      37.211       0.000       0.000       0.282     690.039       0.000       0.000      29.402     575.097       0.000       0.000       0.000       0.000       0.000       0.000       0.000       0.000       0.000       0.000      -4.258       3.383    3205.550       0.000       0.000
   365    12    31  2023     148       0  hru148               792.783      48.522      48.503      95.542      57.388     152.930     253.505     552.652      23.190     250.607     278.856      95.538      81.686     418.034     351.019     250.370      27.101       0.000       0.000       0.266     690.136       0.000       0.000      75.773      86.713       0.000       0.000       0.000      95.538       0.000       0.000      57.388       0.000       0.000       0.000      -3.515       2.591    3552.377       0.000       0.000
   365    12    31  2023     149       0  hru149               792.783      46.037      46.024       3.087     326.053     329.140     145.616     497.335      49.990     307.708     139.637       3.087      31.406     378.376     284.629     203.299      29.099       0.000       0.000       0.248     690.201       0.000       0.000      84.378      89.684       0.000       0.000       0.000       3.087       0.000       0.000     326.053       0.000       0.000       0.000      -4.917       0.518    1041.173       0.000       0.000
   365    12    31  2023     150       0  hru150               792.783      47.081      47.069      11.185     287.765     298.949     367.296     450.407      37.387     286.546     126.473      11.171      65.979     444.005     361.844     229.505      31.880       0.000       0.000       0.256     690.127       0.000       0.000       0.000     319.344       0.000       0.000       0.000      11.171       0.000       0.000     287.765       0.000       0.000       0.000      -4.310       4.287    1655.611       0.000       0.000
   365    12    31  2023     151       0  hru151               792.783      48.438      48.425      32.703      89.921     122.624     357.986     395.243      26.133     245.666     123.444      32.662      74.961     454.916     385.299     301.281      29.162       0.000       0.000       0.264     690.101       0.000       0.000      17.648      61.343       0.000       0.000       0.000      32.662       0.000       0.000      89.921       0.000       0.000       0.000      -3.651      13.713    1358.281       0.000       0.000
   365    12    31  2023     152       0  hru152               792.783      50.298      50.277      22.588      57.322      79.911     292.525     498.678       8.855     194.133     295.690      22.586      70.120     436.481     383.826     273.357      27.410       0.000       0.000       0.278     690.112       0.000       0.000      10.556      64.837       0.000       0.000       0.000      22.586       0.000       0.000      57.322       0.000       0.000       0.000      -2.761       0.527     865.876       0.000       0.000
   365    12    31  2023     153       0  hru153               792.783      49.766      49.745      41.573      13.698      55.272     256.699     489.901      15.009     190.356     284.536      41.547      82.140     391.168     355.115     251.016      26.713       0.000       0.000       0.276     690.049       0.000       0.000       4.477       2.675       0.000       0.000       0.000      41.547       0.000       0.000      13.698       0.000       0.000       0.000      -1.891      17.353     847.952       0.000       0.000
   365    12    31  2023     154       0  hru154               792.783      49.447      49.426      47.805      14.668      62.472     264.254     492.909      16.372     195.901     280.635      47.768      82.415     398.889     356.381     254.121      26.690       0.000       0.000       0.274     690.044       0.000       0.000      14.164      10.398       0.000       0.000       0.000      47.768       0.000       0.000      14.668       0.000       0.000       0.000      -2.230      23.595     907.946       0.000       0.000
   365    12    31  2023     155       0  hru155               792.783      49.391      49.371     399.343      27.519     426.862     288.878     544.855      15.690     249.673     279.491     399.299      82.815     455.934     361.841     264.624      27.366       0.000       0.000       0.273     690.127       0.000       0.000     408.479      54.192       0.000       0.000       0.000     399.299       0.000       0.000      27.519       0.000       0.000       0.000      -4.935      25.775    1703.463       0.000       0.000
   365    12    31  2023     156       0  hru156               792.783      50.155      50.133       0.009     403.887     403.895      69.888     558.403      10.447     268.935     279.021       0.008      27.118     298.492     258.634     181.757      28.052       0.000       0.000       0.278     690.114       0.000       0.000      14.232     222.729       0.000       0.000       0.000       0.008       0.000       0.000     403.887       0.000       0.000       0.000      -2.090       0.000    1289.716       0.000       0.000
   365    12    31  2023     157       0  hru157               792.783      50.730      50.708      11.334      35.844      47.178     257.075     491.168       7.807     186.776     296.586      11.323      67.862     422.066     373.813     259.889      26.989       0.000       0.000       0.280     690.039       0.000       0.000       0.000       0.000       0.000       0.000       0.000      11.323       0.000       0.000      35.844       0.000       0.000       0.000      -2.531       3.716     541.431       0.000       0.000
   365    12    31  2023     158       0  hru158               792.783      49.926      49.906       8.890      60.510      69.400     226.880     498.533      13.029     241.009     244.495       8.887      65.766     402.184     365.312     247.307      26.127       0.000       0.000       0.276     690.107       0.000       0.000       0.000       0.000       0.000       0.000       0.000       8.887       0.000       0.000      60.509       0.000       0.000       0.000      -1.934       1.496     914.018       0.000       0.000
   365    12    31  2023     159       0  hru159               792.783      49.346      49.327      74.721      50.598     125.320     238.766     559.569      18.300     283.267     258.001      74.716      80.754     430.984     334.037     242.754      26.999       0.000       0.000       0.274     690.126       0.000       0.000      55.003      70.397       0.000       0.000       0.000      74.716       0.000       0.000      50.598       0.000       0.000       0.000      -5.085       2.198    3132.107       0.000       0.000
   365    12    31  2023     160       0  hru160               792.783      51.311      51.288       0.706     347.867     348.574     148.399     491.715       4.418     139.554     347.743       0.706      32.029     353.922     298.835     217.897      29.206       0.000       0.000       0.283     690.022       0.000       0.000      24.702     168.132       0.000       0.000       0.000       0.706       0.000       0.000     347.867       0.000       0.000       0.000      -2.889       0.047    1110.832       0.000       0.000
   365    12    31  2023     161       0  hru161               792.783      51.097      51.074      18.935     700.613     719.548     308.629     568.868      12.150     202.151     354.566      18.934      41.277     483.226     354.109     258.697      31.102       0.000       0.000       0.281     690.024       0.000       0.000      25.520     771.470       0.000      18.934       0.000       0.000     700.613       0.000       0.000       0.000       0.000       0.000      -6.772       2.343    2237.240       0.000       0.000
   365    12    31  2023     162       0  hru162               792.783      48.278      48.264      34.930     139.805     174.735     420.319     361.869      29.583     214.662     117.625      34.906      78.512     478.395     454.282     325.833      31.325       0.000       0.000       0.262     690.079       0.000       0.000       0.000     162.665       0.000       0.000       0.000      34.906       0.000       0.000     139.805       0.000       0.000       0.000      -1.264       7.247    2111.800       0.000       0.000
   365    12    31  2023     163       0  hru163               792.783      50.872      50.849       0.003     243.269     243.272     154.869     489.845      10.147      37.223     442.475       0.002      32.350     351.188     314.397     221.009      29.749       0.000       0.000       0.283     690.021       0.000       0.000       1.314      91.887       0.000       0.000       0.000       0.002       0.000       0.000     243.269       0.000       0.000       0.000      -1.929       0.000     776.822       0.000       0.000
   365    12    31  2023     164       0  hru164               792.783      50.856      50.837       0.000     413.835     413.835      58.226     549.639      10.854      39.681     499.104       0.000      28.486     350.307     332.784     267.500      72.126       0.000       0.000       0.283     690.014       0.000       0.000       0.000     227.889       0.000       0.000       0.000       0.000     413.835       0.000       0.000       0.000       0.000       0.000      -0.919       0.000     333.006       0.000       0.000
   365    12    31  2023     165       0  hru165               792.783      50.815      50.795      30.784     671.474     702.259     313.190     541.248      10.545      29.769     500.934      30.778      65.988     376.091     350.015     219.220      33.533       0.000       0.000       0.283     690.031       0.000       0.000     721.448      41.068       0.000       0.000       0.000      30.778       0.000       0.000     671.474       0.000       0.000       0.000      -1.367       1.758    2297.345       0.000       0.000
   365    12    31  2023     166       0  hru166               792.783      50.872      50.849    1692.553    2731.859    4424.412    1446.921     653.717      10.193      31.529     611.995    1692.472      86.171     728.814     728.814     564.951      81.376       0.000       0.000       0.283     690.022       0.000       0.000     394.424    5337.754       0.000       0.000       0.000    1692.472       0.000       0.000    2731.859       0.000       0.000       0.000       0.002      78.177    8723.543       0.000       0.000
   365    12    31  2023     167       0  hru167               792.783      50.839      50.819      23.976     544.952     568.928     243.511     536.721      11.539      42.758     482.424      23.976      37.708     430.932     311.442     246.885      31.567       0.000       0.000       0.283     690.039       0.000       0.000      71.860     477.829       0.000       0.000       0.000      23.976       0.000       0.000     544.952       0.000       0.000       0.000      -6.267       2.311    1740.176       0.000       0.000
   365    12    31  2023     168       0  hru168               792.783      50.839      50.819       3.536     128.065     131.601     177.744     485.249       9.520      28.730     446.999       3.536      60.323     355.614     322.119     221.648      32.449       0.000       0.000       0.283     690.043       0.000       0.000       0.000       0.000       0.000       0.000       0.000       3.536       0.000       0.000     128.065       0.000       0.000       0.000      -1.757       0.180     936.244       0.000       0.000
   365    12    31  2023     169       0  hru169               792.783      50.825      50.803      22.627     270.686     293.314     279.356     514.492      13.756      50.675     450.061      22.625      64.890     409.441     361.815     249.596      33.078       0.000       0.000       0.283     690.041       0.000       0.000      19.549     272.221       0.000       0.000       0.000      22.625       0.000       0.000     270.686       0.000       0.000       0.000      -2.499       2.818    1978.903       0.000       0.000
   365    12    31  2023     170       0  hru170               792.783      50.828      50.808       0.000     239.493     239.493      74.669     480.043      10.790      39.241     430.011       0.000      28.169     288.307     262.817     198.056      29.128       0.000       0.000       0.283     690.035       0.000       0.000       0.000       0.000       0.000       0.000       0.000       0.000       0.000       0.000     239.493       0.000       0.000       0.000      -1.337       0.000     764.764       0.000       0.000
   365    12    31  2023     171       0  hru171               792.783      46.157      46.143       4.143     650.162     654.305     229.618     555.622      52.999     356.302     146.320       4.143      36.152     393.585     323.655     227.349      29.100       0.000       0.000       0.247     690.174       0.000       0.000      18.636     624.149       0.000       0.000       0.000       4.143       0.000       0.000     650.162       0.000       0.000       0.000      -3.667       1.263    2076.138       0.000       0.000
   365    12    31  2023     172       0  hru172               792.783      47.086      47.070      92.229    1692.634    1784.863     735.533     585.506      43.359     383.911     158.236      92.219      63.329     600.519     513.631     373.171      38.382       0.000       0.000       0.253     690.142       0.000       0.000      23.621    2284.480       0.000       0.000       0.000      92.219       0.000       0.000    1692.634       0.000       0.000       0.000      -4.556       5.987    5405.024       0.000       0.000
   365    12    31  2023     173       0  hru173               792.783      46.186      46.172       3.837     241.364     245.201     157.404     542.385      52.105     347.600     142.680       3.837      56.527     323.832     265.177     155.307      26.967       0.000       0.000       0.247     690.174       0.000       0.000       2.695     146.283       0.000       0.000       0.000       3.837       0.000       0.000     241.364       0.000       0.000       0.000      -3.076       0.279     825.791       0.000       0.000
   365    12    31  2023     174       0  hru174               792.783      47.537      47.521       5.218     430.861     436.079     200.063     432.520      38.449     243.385     150.686       5.217      60.530     327.637     280.667     182.264      30.195       0.000       0.000       0.256     690.114       0.000       0.000       3.430     269.825       0.000       0.000       0.000       5.217       0.000       0.000     430.861       0.000       0.000       0.000      -2.464       0.433    1474.124       0.000       0.000
   365    12    31  2023     175       0  hru175               792.783      48.340      48.325       3.826     361.359     365.185     202.849     364.129      29.049     215.019     120.061       3.826      61.376     308.891     273.325     187.825      30.182       0.000       0.000       0.264     690.094       0.000       0.000       2.316     135.122       0.000       0.000       0.000       3.826       0.000       0.000     361.359       0.000       0.000       0.000      -1.865       0.534    1236.333       0.000       0.000
   365    12    31  2023     176       0  hru176               792.783      49.079      49.062       7.225     941.331     948.556     366.944     377.782      22.630     225.618     129.534       7.225      45.914     477.770     409.409     282.524      32.887       0.000       0.000       0.266     690.031       0.000       0.000      16.185     880.408       0.000       0.000       0.000       7.225       0.000       0.000     941.331       0.000       0.000       0.000      -3.585       0.513    3005.917       0.000       0.000
   365    12    31  2023     177       0  hru177               792.783      50.872      50.849       3.634     169.688     173.323     164.418     488.329       8.714      27.274     452.341       3.634      59.866     348.840     316.321     218.805      32.644       0.000       0.000       0.283     690.034       0.000       0.000       0.983      30.526       0.000       0.000       0.000       3.634       0.000       0.000     169.688       0.000       0.000       0.000      -1.706       0.268    1240.539       0.000       0.000
   365    12    31  2023     178       0  hru178               792.783      50.872      50.849       3.816     118.521     122.336     187.532     484.817       8.928      27.155     448.734       3.815      60.737     362.164     326.903     224.234      32.443       0.000       0.000       0.283     690.037       0.000       0.000       0.000       0.000       0.000       0.000       0.000       3.815       0.000       0.000     118.521       0.000       0.000       0.000      -1.850       0.205     866.466       0.000       0.000
   365    12    31  2023     179       0  hru179               792.783      50.872      50.849       0.000     199.365     199.365      66.169     528.513       7.601      24.289     496.623       0.000      28.704     372.162     349.108     267.321      71.792       0.000       0.000       0.283     690.016       0.000       0.000       0.000       0.000       0.000       0.000       0.000       0.000       0.000       0.000     199.365       0.000       0.000       0.000      -1.209       0.000     160.425       0.000       0.000
   365    12    31  2023     180       0  hru180               792.783      48.085      48.071       0.020     353.091     353.112     125.631     366.288      32.916     179.104     154.267       0.020      31.350     322.537     269.919     213.193      34.078       0.000       0.000       0.261     690.121       0.000       0.000      35.907      13.349       0.000       0.000       0.000       0.020       0.000       0.000     353.091       0.000       0.000       0.000      -2.760       0.008    1055.980       0.000       0.000
   365    12    31  2023     181       0  hru181               792.783      50.614      50.593       6.102     355.925     362.027     220.946     506.259       8.194     182.404     315.661       6.101      60.861     348.938     302.087     186.547      28.303       0.000       0.000       0.280     690.030       0.000       0.000       2.659     291.228       0.000       0.000       0.000       6.101       0.000       0.000     355.925       0.000       0.000       0.000      -2.457       0.517    1217.742       0.000       0.000
   365    12    31  2023     182       0  hru182               792.783      50.616      50.594       0.000     198.743     198.743     108.473     487.238       7.721     173.076     306.441       0.000      29.550     318.370     287.735     204.057      27.518       0.000       0.000       0.279     690.021       0.000       0.000       0.000       0.000       0.000       0.000       0.000       0.000       0.000       0.000     198.743       0.000       0.000       0.000      -1.607       0.000     634.638       0.000       0.000
   365    12    31  2023     183       0  hru183               792.783      50.334      50.313       0.000     160.688     160.688      90.112     544.430      11.827     256.838     275.765       0.000      27.424     320.355     275.810     180.306      27.314       0.000       0.000       0.277     690.033       0.000       0.000       0.000       0.000       0.000       0.000       0.000       0.000       0.000       0.000     160.688       0.000       0.000       0.000      -2.336       0.000     513.117       0.000       0.000
   365    12    31  2023     184       0  hru184               792.783      50.049      50.027     124.448      57.431     181.879     199.044     545.775      13.617     254.757     277.401     124.439      78.772     405.558     330.618     223.561      27.196       0.000       0.000       0.275     690.052       0.000       0.000     121.230       8.354       0.000       0.000       0.000     124.439       0.000       0.000      57.431       0.000       0.000       0.000      -3.931       5.736    3555.069       0.000       0.000
   365    12    31  2023     185       0  hru185               792.783      49.969      49.946       8.406      39.069      47.475     193.496     556.064      13.950     278.927     263.187       8.404      63.004     404.487     326.126     228.979      26.681       0.000       0.000       0.271     690.079       0.000       0.000       0.000       0.000       0.000       0.000       0.000       8.404       0.000       0.000      39.069       0.000       0.000       0.000      -4.110       0.710     590.148       0.000       0.000
   365    12    31  2023     186       0  hru186               792.783      51.311      51.288     217.664      28.877     246.542     280.599     506.412       6.872     145.456     354.084     217.631      82.852     450.962     361.534     263.399      28.594       0.000       0.000       0.283     690.053       0.000       0.000     208.877      27.004       0.000       0.000       0.000     217.631       0.000       0.000      28.877       0.000       0.000       0.000      -4.691      19.040    1787.540       0.000       0.000
   365    12    31  2023     187       0  hru187               792.783      51.311      51.288      37.531      15.632      53.162     240.584     502.426      11.306     149.048     342.071      37.523      81.248     410.205     347.240     245.516      28.067       0.000       0.000       0.283     690.055       0.000       0.000       0.000       0.000       0.000       0.000       0.000      37.523       0.000       0.000      15.632       0.000       0.000       0.000      -3.303       3.447     967.619       0.000       0.000
   365    12    31  2023     188       0  hru188               792.783      51.311      51.288      65.249      23.056      88.304     247.515     510.446       8.063     157.690     344.693      65.239      81.609     406.524     358.603     248.597      28.122       0.000       0.000       0.283     690.059       0.000       0.000      39.044      11.845       0.000       0.000       0.000      65.239       0.000       0.000      23.056       0.000       0.000       0.000      -2.514       5.492    1427.171       0.000       0.000
   365    12    31  2023     189       0  hru189               792.783      51.311      51.288     159.079      42.566     201.645     264.211     517.216       8.223     177.459     331.534     159.065      82.213     432.770     362.949     256.288      28.266       0.000       0.000       0.283     690.057       0.000       0.000     156.171      30.255       0.000       0.000       0.000     159.065       0.000       0.000      42.566       0.000       0.000       0.000      -3.662       7.509    2634.874       0.000       0.000
   365    12    31  2023     190       0  hru190               792.783      51.205      51.183      18.408      80.026      98.433     249.050     498.765       7.190     180.790     310.785      18.407      67.567     421.637     370.917     257.810      28.256       0.000       0.000       0.283     690.045       0.000       0.000      17.356      33.222       0.000       0.000       0.000      18.407       0.000       0.000      80.026       0.000       0.000       0.000      -2.660       0.236    1208.816       0.000       0.000
   365    12    31  2023     191       0  hru191               792.783      49.945      49.922     153.126      60.569     213.695     269.366     535.228      17.469     205.147     312.611     153.121      82.470     424.146     367.399     257.967      27.718       0.000       0.000       0.275     690.069       0.000       0.000     138.902      83.432       0.000       0.000       0.000     153.121       0.000       0.000      60.569       0.000       0.000       0.000      -2.976       3.142    3749.297       0.000       0.000
   365    12    31  2023     192       0  hru192               792.783      49.938      49.916     108.339      57.499     165.838     220.221     548.135      15.191     251.434     281.510     108.335      79.846     406.251     329.951     233.707      27.119       0.000       0.000       0.273     690.061       0.000       0.000      98.176      38.834       0.000       0.000       0.000     108.335       0.000       0.000      57.499       0.000       0.000       0.000      -4.002       2.603    3559.277       0.000       0.000
   365    12    31  2023     193       0  hru193               792.783      46.114      46.100      30.443      38.172      68.615     360.625     456.017      55.558     252.902     147.557      30.431      74.293     477.478     317.595     297.783      30.239       0.000       0.000       0.247     690.186       0.000       0.000       4.653      79.153       0.000       0.000       0.000      30.431       0.000       0.000      38.172       0.000       0.000       0.000      -8.385       3.372     576.607       0.000       0.000
   365    12    31  2023     194       0  hru194               792.783      51.311      51.288      25.594      79.570     105.164     268.858     501.997      12.005     146.383     343.610      25.582      68.846     435.675     381.751     265.706      28.635       0.000       0.000       0.283     690.048       0.000       0.000      44.472      35.654       0.000       0.000       0.000      25.582       0.000       0.000      79.570       0.000       0.000       0.000      -2.828       4.199    1201.932       0.000       0.000
   365    12    31  2023     195       0  hru195               792.783      51.310      51.287      34.574      17.383      51.957     228.962     515.029      11.563     195.901     307.565      34.568      80.521     397.694     339.237     239.452      27.715       0.000       0.000       0.283     690.059       0.000       0.000       0.000       0.000       0.000       0.000       0.000      34.568       0.000       0.000      17.383       0.000       0.000       0.000      -3.066       2.552    1076.047       0.000       0.000
   365    12    31  2023     196       0  hru196               792.783      51.311      51.288      31.687      41.903      73.590     208.539     513.783      11.231     190.653     311.899      31.683      79.635     389.964     334.855     230.467      27.825       0.000       0.000       0.283     690.058       0.000       0.000       0.000       0.000       0.000       0.000       0.000      31.683       0.000       0.000      41.903       0.000       0.000       0.000      -2.891       1.853    2593.852       0.000       0.000
   365    12    31  2023     197       0  hru197               792.783      51.310      51.287       0.000     215.063     215.063      33.601     545.308      23.564     190.819     330.926       0.000      25.525     339.993     318.903     241.775      67.336       0.000       0.000       0.283     690.014       0.000       0.000       0.000       0.000       0.000       0.000       0.000       0.000      75.029     140.034       0.000       0.000       0.000       0.000      -1.106       0.000     173.057       0.000       0.000
   365    12    31  2023     198       0  hru198               792.783      50.981      50.958      30.816    1206.721    1237.537     452.855     582.666      13.444     224.752     344.470      30.808      49.691     527.468     401.469     300.559      32.942       0.000       0.000       0.279     690.036       0.000       0.000      46.074    1426.922       0.000       0.000       0.000      30.808       0.000       0.000    1206.721       0.000       0.000       0.000      -6.608       2.635    3853.377       0.000       0.000
   365    12    31  2023     199       0  hru199               792.783      50.965      50.942      82.468      21.700     104.167     269.713     527.780      15.249     224.245     288.286      82.457      82.008     439.856     368.853     256.147      27.719       0.000       0.000       0.281     690.063       0.000       0.000      72.087      32.947       0.000       0.000       0.000      82.457       0.000       0.000      21.700       0.000       0.000       0.000      -3.724       4.351    1343.232       0.000       0.000
   365    12    31  2023     200       0  hru200               792.783      50.884      50.861      56.539      17.350      73.888     240.365     525.192      15.894     225.610     283.688      56.531      80.627     417.204     344.734     242.049      27.481       0.000       0.000       0.281     690.058       0.000       0.000      29.033      13.738       0.000       0.000       0.000      56.531       0.000       0.000      17.350       0.000       0.000       0.000      -3.801       3.452    1073.971       0.000       0.000
   365    12    31  2023     201       0  hru201               792.783      51.125      51.102       0.000     377.421     377.421      84.077     487.628       6.184     164.295     317.149       0.000      28.619     296.564     269.995     198.544      28.202       0.000       0.000       0.282     690.054       0.000       0.000       0.000     154.818       0.000       0.000       0.000       0.000       0.000       0.000     377.421       0.000       0.000       0.000      -1.393       0.000    1205.205       0.000       0.000
   365    12    31  2023     202       0  hru202               792.783      51.172      51.149       7.629      77.523      85.152     192.759     518.246       9.945     180.712     327.590       7.629      63.735     398.580     338.019     234.646      27.738       0.000       0.000       0.282     690.064       0.000       0.000       0.000       0.000       0.000       0.000       0.000       7.629       0.000       0.000      77.523       0.000       0.000       0.000      -3.176       0.177    1171.011       0.000       0.000
   365    12    31  2023     203       0  hru203               792.783      50.366      50.343       0.000     295.851     295.852      56.526     542.984      11.713     247.149     284.122       0.000      26.077     281.062     252.516     174.361      27.732       0.000       0.000       0.270     690.060       0.000       0.000       0.000     100.884       0.000       0.000       0.000       0.000       0.000       0.000     295.854       0.000       0.000       0.000      -1.497       0.000     944.731       0.000       0.000
   365    12    31  2023     204       0  hru204               792.783      51.137      51.114      37.920      51.467      89.386     208.170     528.583      12.773     193.574     322.236      37.917      79.599     401.446     328.867     230.174      27.862       0.000       0.000       0.282     690.058       0.000       0.000      10.028      19.195       0.000       0.000       0.000      37.917       0.000       0.000      51.467       0.000       0.000       0.000      -3.807       1.093    3185.845       0.000       0.000
   365    12    31  2023     205       0  hru205               792.783      46.230      46.221       0.850     317.116     317.966      72.868     403.291      52.041     242.100     109.150       0.850      54.513     225.216     201.477     145.377      28.930       0.000       0.000       0.250     690.200       0.000       0.000       0.000       0.000       0.000       0.000       0.000       0.850       0.000       0.000     317.116       0.000       0.000       0.000      -1.245       0.015    1084.964       0.000       0.000
   365    12    31  2023     206       0  hru206               792.783      46.343      46.334      17.006      51.526      68.532     316.112     410.683      51.244     246.878     112.561      17.004      72.379     444.240     399.299     284.367      29.304       0.000       0.000       0.251     690.176       0.000       0.000       0.000       0.000       0.000       0.000       0.000      17.004       0.000       0.000      51.526       0.000       0.000       0.000      -2.357       0.611     778.319       0.000       0.000
   365    12    31  2023     207       0  hru207               792.783      50.724      50.701      22.773     688.399     711.172     291.239     535.634      10.274     238.035     287.324      22.766      40.033     516.064     344.661     254.680      29.572       0.000       0.000       0.280     690.028       0.000       0.000      31.952     703.569       0.000       0.000       0.000      22.766       0.000       0.000     688.399       0.000       0.000       0.000      -8.990       2.927    2198.240       0.000       0.000
   365    12    31  2023     208       0  hru208               792.783      50.636      50.613      37.374     381.710     419.083     426.248     558.159      10.108     155.596     392.455      37.359      70.245     503.494     371.566     287.323      33.368       0.000       0.000       0.280     690.040       0.000       0.000      15.483     587.673       0.000       0.000       0.000      37.359       0.000       0.000     381.710       0.000       0.000       0.000      -6.920       4.006    2790.558       0.000       0.000
   365    12    31  2023     209       0  hru209               792.783      51.042      51.019      24.874      40.567      65.441     269.653     515.694       7.925     149.155     358.614      24.841      68.724     439.160     366.084     265.051      28.494       0.000       0.000       0.282     690.053       0.000       0.000      25.177      28.783       0.000       0.000       0.000      24.841       0.000       0.000      40.567       0.000       0.000       0.000      -3.832      11.813     612.773       0.000       0.000
   365    12    31  2023     210       0  hru210               792.783      50.871      50.849      31.819      67.869      99.689     319.621     539.613       8.340     186.697     344.576      31.808      71.751     457.418     413.777     284.395      29.241       0.000       0.000       0.281     690.052       0.000       0.000     142.496      21.141       0.000       0.000       0.000      31.808       0.000       0.000      67.869       0.000       0.000       0.000      -2.289       2.667    1025.192       0.000       0.000
   365    12    31  2023     211       0  hru211               792.783      51.089      51.066      39.074      27.660      66.734     278.376     530.113       8.471     193.259     328.383      39.050      69.014     450.435     363.241     267.320      28.469       0.000       0.000       0.282     690.042       0.000       0.000      54.613      23.087       0.000       0.000       0.000      39.050       0.000       0.000      27.660       0.000       0.000       0.000      -4.573       8.541     417.812       0.000       0.000
   365    12    31  2023     212       0  hru212               792.783      51.274      51.251       3.191     250.995     254.186     156.296     515.724       7.872     185.740     322.112       3.191      57.153     311.429     263.382     162.310      28.577       0.000       0.000       0.283     690.038       0.000       0.000       1.253     129.534       0.000       0.000       0.000       3.191       0.000       0.000     250.995       0.000       0.000       0.000      -2.520       0.358     858.741       0.000       0.000
   365    12    31  2023     213       0  hru213               792.783      50.648      50.625      37.125      15.048      52.173     220.194     539.959      10.732     257.701     271.526      37.118      79.561     392.904     341.693     231.464      27.044       0.000       0.000       0.280     690.060       0.000       0.000       3.498      13.288       0.000       0.000       0.000      37.118       0.000       0.000      15.048       0.000       0.000       0.000      -2.686       3.330     931.493       0.000       0.000
   365    12    31  2023     214       0  hru214               792.783      50.495      50.472      10.748      29.807      40.555     230.377     526.696      11.459     198.196     317.041      10.744      65.927     418.608     328.795     247.630      27.592       0.000       0.000       0.280     690.054       0.000       0.000       0.000       0.000       0.000       0.000       0.000      10.744       0.000       0.000      29.807       0.000       0.000       0.000      -4.710       1.117     450.251       0.000       0.000
   365    12    31  2023     215       0  hru215               792.783      50.437      50.414      11.039      25.676      36.716     233.510     527.021      12.124     201.048     313.849      11.035      66.056     423.956     341.034     248.657      27.520       0.000       0.000       0.279     690.060       0.000       0.000       0.000       0.000       0.000       0.000       0.000      11.035       0.000       0.000      25.676       0.000       0.000       0.000      -4.349       1.127     387.851       0.000       0.000
   365    12    31  2023     216       0  hru216               792.783      50.942      50.919      10.213      38.801      49.014     225.327     521.392       7.471     192.941     320.980      10.211      65.776     415.850     362.003     247.043      27.552       0.000       0.000       0.281     690.060       0.000       0.000       0.000       0.000       0.000       0.000       0.000      10.211       0.000       0.000      38.801       0.000       0.000       0.000      -2.824       0.648     586.104       0.000       0.000
   365    12    31  2023     217       0  hru217               792.783      50.319      50.297      55.980      61.758     117.738     294.993     545.573      17.225     209.107     319.241      55.963      69.930     472.077     380.259     274.123      28.510       0.000       0.000       0.279     690.057       0.000       0.000      54.913     105.441       0.000       0.000       0.000      55.963       0.000       0.000      61.758       0.000       0.000       0.000      -4.816       4.053     932.879       0.000       0.000
   365    12    31  2023     218       0  hru218               792.783      50.733      50.711       8.719      53.555      62.274     201.619     533.805       9.009     227.083     297.713       8.718      63.934     416.785     328.168     235.404      27.217       0.000       0.000       0.280     690.053       0.000       0.000       0.000       0.000       0.000       0.000       0.000       8.718       0.000       0.000      53.555       0.000       0.000       0.000      -4.648       0.150     808.969       0.000       0.000
   365    12    31  2023     219       0  hru219               792.783      50.667      50.644      11.272      21.089      32.361     238.517     527.016       7.157     204.014     315.845      11.266      66.363     423.624     328.146     249.687      27.586       0.000       0.000       0.280     690.046       0.000       0.000       0.000       0.000       0.000       0.000       0.000      11.266       0.000       0.000      21.089       0.000       0.000       0.000      -5.008       1.754     318.560       0.000       0.000
   365    12    31  2023     220       0  hru220               792.783      50.370      50.347      43.171      13.097      56.269     210.164     554.040      11.025     283.606     259.409      43.161      79.022     403.144     322.858     226.413      26.593       0.000       0.000       0.277     690.064       0.000       0.000      16.627       6.740       0.000       0.000       0.000      43.161       0.000       0.000      13.097       0.000       0.000       0.000      -4.211       4.854     810.744       0.000       0.000
   365    12    31  2023     221       0  hru221               792.783      47.186      47.171       0.270     244.440     244.710     139.302     480.022      38.955     317.268     123.799       0.269      34.942     423.363     338.341     278.498      69.407       0.000       0.000       0.253     690.092       0.000       0.000       1.023      65.682       0.000       0.269       0.000       0.000     244.440       0.000       0.000       0.000       0.000       0.000      -4.459       0.098     196.697       0.000       0.000
   365    12    31  2023     222       0  hru222               792.783      50.277      50.257    2665.406     432.862    3098.268    1056.718     651.594      10.651     239.864     401.079    2665.241      94.567     632.597     632.597     551.381     101.387       0.000       0.000       0.278     690.030       0.000       0.000       0.231    4013.077       0.000       0.000       0.000    2665.241       0.000       0.000     432.862       0.000       0.000       0.000       0.003     355.138    6538.534       0.000       0.000
   365    12    31  2023     223       0  hru223               792.783      50.989      50.966      16.940      38.282      55.223     281.635     477.258       6.688     147.378     323.193      16.937      69.540     417.923     380.640     269.770      27.656       0.000       0.000       0.281     690.018       0.000       0.000       5.979      13.339       0.000       0.000       0.000      16.937       0.000       0.000      38.282       0.000       0.000       0.000      -1.955       1.682     578.269       0.000       0.000
   365    12    31  2023     224       0  hru224               792.783      50.136      50.115       0.000     237.253     237.253      72.208     484.795      11.706     196.644     276.445       0.000      27.807     287.114     260.779     193.895      27.102       0.000       0.000       0.277     690.055       0.000       0.000       0.000       0.000       0.000       0.000       0.000       0.000       0.000       0.000     237.253       0.000       0.000       0.000      -1.381       0.000     757.610       0.000       0.000
   365    12    31  2023     225       0  hru225               792.783      50.704      50.682       4.555     233.344     237.899      84.540     532.726       9.818     229.430     293.478       4.555      53.553     259.784     221.853     138.645      27.638       0.000       0.000       0.280     690.043       0.000       0.000      25.697      34.574       0.000       0.000       0.000       4.555       0.000       0.000     233.344       0.000       0.000       0.000      -1.989       0.397     798.350       0.000       0.000
   365    12    31  2023     226       0  hru226               792.783      50.487      50.464      40.054      45.837      85.892     197.106     538.643      10.593     241.876     286.175      40.051      78.879     390.888     338.753     223.306      27.106       0.000       0.000       0.279     690.059       0.000       0.000      15.884      10.006       0.000       0.000       0.000      40.051       0.000       0.000      45.837       0.000       0.000       0.000      -2.734       1.707    2837.385       0.000       0.000
   365    12    31  2023     227       0  hru227               792.783      50.959      50.936       4.998     301.802     306.799     100.181     530.060       8.181     205.583     316.296       4.997      54.401     273.468     234.962     143.930      28.270       0.000       0.000       0.282     690.035       0.000       0.000      17.272     124.816       0.000       0.000       0.000       4.997       0.000       0.000     301.802       0.000       0.000       0.000      -2.020       0.463    1032.568       0.000       0.000
   365    12    31  2023     228       0  hru228               792.783      49.913      49.892      10.668      47.925      58.593     254.693     481.399      14.846     197.226     269.327      10.667      67.732     406.860     371.678     258.654      26.545       0.000       0.000       0.277     690.015       0.000       0.000       0.000       0.000       0.000       0.000       0.000      10.667       0.000       0.000      47.925       0.000       0.000       0.000      -1.845       0.316     723.917       0.000       0.000
   365    12    31  2023     229       0  hru229               792.783      50.442      50.419       0.000     206.778     206.778     109.579     478.063      11.585     178.691     287.786       0.000      29.577     317.092     287.116     203.839      27.355       0.000       0.000       0.279     690.026       0.000       0.000       0.000       0.000       0.000       0.000       0.000       0.000       0.000       0.000     206.778       0.000       0.000       0.000      -1.572       0.000     660.296       0.000       0.000
   365    12    31  2023     230       0  hru230               792.783      49.339      49.316       1.499     147.605     149.104     106.145     539.269      20.227     285.650     233.392       1.498      53.742     277.766     245.771     137.995      26.355       0.000       0.000       0.265     690.035       0.000       0.000       0.000       0.000       0.000       0.000       0.000       1.498       0.000       0.000     147.605       0.000       0.000       0.000      -1.678       0.100     505.009       0.000       0.000
   365    12    31  2023     231       0  hru231               792.783      50.231      50.212      29.004      60.612      89.616     302.546     494.296       9.568     190.498     294.229      28.990      70.753     435.939     392.307     277.151      27.424       0.000       0.000       0.277     690.031       0.000       0.000      21.922      69.329       0.000       0.000       0.000      28.990       0.000       0.000      60.612       0.000       0.000       0.000      -2.288       5.278     915.572       0.000       0.000
   365    12    31  2023     232       0  hru232               792.783      50.428      50.406       0.000     183.875     183.876      61.933     548.806      10.588     267.512     270.706       0.000      25.979     292.007     259.632     171.176      27.134       0.000       0.000       0.279     690.072       0.000       0.000       0.000       0.000       0.000       0.000       0.000       0.000       0.000       0.000     183.875       0.000       0.000       0.000      -1.698       0.000     587.163       0.000       0.000
   365    12    31  2023     233       0  hru233               792.783      50.450      50.428       0.000     176.135     176.136      67.783     550.873      10.675     268.793     271.405       0.000      26.220     299.770     263.951     172.362      27.139       0.000       0.000       0.279     690.071       0.000       0.000       0.000       0.000       0.000       0.000       0.000       0.000       0.000       0.000     176.135       0.000       0.000       0.000      -1.878       0.000     562.446       0.000       0.000
   365    12    31  2023     234       0  hru234               792.783      50.636      50.614       0.000     243.813     243.814      61.837     488.469       9.590     173.242     305.637       0.000      27.338     276.808     253.219     191.496      27.340       0.000       0.000       0.279     690.070       0.000       0.000       0.000       0.000       0.000       0.000       0.000       0.000       0.000       0.000     243.813       0.000       0.000       0.000      -1.237       0.000     778.560       0.000       0.000
   365    12    31  2023     235       0  hru235               792.783      50.179      50.157      87.272      62.163     149.435     254.217     557.173      12.820     258.622     285.731      87.267      81.294     436.059     348.562     249.601      27.435       0.000       0.000       0.278     690.080       0.000       0.000      64.342      98.730       0.000       0.000       0.000      87.267       0.000       0.000      62.163       0.000       0.000       0.000      -4.589       2.498    3847.962       0.000       0.000
   365    12    31  2023     236       0  hru236               792.783      49.846      49.824      26.328      32.747      59.075     173.931     563.962      15.720     307.711     240.531      26.323      77.337     385.185     310.687     209.942      26.279       0.000       0.000       0.277     690.073       0.000       0.000       0.000       0.000       0.000       0.000       0.000      26.323       0.000       0.000      32.747       0.000       0.000       0.000      -3.907       2.090    2027.060       0.000       0.000
   365    12    31  2023     237       0  hru237               792.783      50.002      49.980       0.000     237.113     237.113      70.070     487.060      13.216     211.674     262.171       0.000      27.653     285.620     259.537     192.738      26.836       0.000       0.000       0.277     690.071       0.000       0.000       0.000       0.000       0.000       0.000       0.000       0.000       0.000       0.000     237.113       0.000       0.000       0.000      -1.368       0.000     757.164       0.000       0.000
   365    12    31  2023     238       0  hru238               792.783      50.237      50.215      28.083      25.617      53.700     182.891     560.050      13.852     310.884     235.314      28.079      77.617     388.843     318.970     213.201      26.197       0.000       0.000       0.276     690.055       0.000       0.000       0.000       0.000       0.000       0.000       0.000      28.079       0.000       0.000      25.617       0.000       0.000       0.000      -3.665       1.455    1585.720       0.000       0.000
   365    12    31  2023     239       0  hru239               792.783      47.883      47.867       5.375     399.391     404.767     223.136     537.422      82.350     434.869      20.203       5.375      59.493     356.687     299.962     175.805      27.454       0.000       0.000       0.260     690.109       0.000       0.000       4.420     364.972       0.000       0.000       0.000       5.375       0.000       0.000     399.391       0.000       0.000       0.000      -2.975       0.464    1366.455       0.000       0.000
   365    12    31  2023     240       0  hru240               792.783      47.882      47.866      58.955    4441.890    4500.846     267.724     577.035      82.350     461.566      33.119      58.954      45.762     556.691     456.816     280.281      49.847       0.000       0.000       0.260     690.106       0.000       0.000       0.007    4542.710       0.000       0.000       0.000      58.954       0.000       0.000    4441.890       0.000       0.000       0.000      -5.238       0.284   11756.191       0.000       0.000
   365    12    31  2023     241       0  hru241               792.783      47.883      47.867       0.008     247.014     247.022      47.208     561.397      82.349     459.977      19.071       0.008      27.124     330.242     296.213     214.329      44.306       0.000       0.000       0.260     690.117       0.000       0.000      35.353      25.452       0.000       0.008       0.000       0.000     247.014       0.000       0.000       0.000       0.000       0.000      -1.785       0.004     653.762       0.000       0.000
   365    12    31  2023     242       0  hru242               792.783      47.883      47.868       0.107     176.885     176.992      70.859     559.414      82.347     458.987      18.079       0.107      28.812     358.132     307.994     218.512      43.739       0.000       0.000       0.260     690.127       0.000       0.000       8.776       2.892       0.000       0.000       0.000       0.107       0.000       0.000     176.885       0.000       0.000       0.000      -2.630       0.033     468.154       0.000       0.000
   365    12    31  2023     243       0  hru243               792.783      47.883      47.867       0.795     156.914     157.709     117.209     520.101      82.347     420.925      16.829       0.795      53.997     282.823     241.881     141.014      26.292       0.000       0.000       0.260     690.124       0.000       0.000       0.000       0.000       0.000       0.000       0.000       0.795       0.000       0.000     156.914       0.000       0.000       0.000      -2.147       0.094     536.856       0.000       0.000
   365    12    31  2023     244       0  hru244               792.783      47.883      47.867       0.002     180.944     180.947      55.397     558.807      82.347     458.493      17.967       0.002      27.459     341.064     299.678     213.373      43.578       0.000       0.000       0.260     690.126       0.000       0.000       0.000       0.000       0.000       0.000       0.000       0.002       0.000       0.000     180.944       0.000       0.000       0.000      -2.171       0.000     478.899       0.000       0.000
   365    12    31  2023     245       0  hru245               792.783      47.882      47.866       0.000     209.794     209.794      26.151     558.538      82.350     457.935      18.252       0.000      25.049     305.268     278.577     204.049      43.490       0.000       0.000       0.260     690.104       0.000       0.000       0.000       0.000       0.000       0.000       0.000       0.000       0.000       0.000     209.794       0.000       0.000       0.000      -1.400       0.000     555.254       0.000       0.000
   365    12    31  2023     246       0  hru246               792.783      50.547      50.527      17.067      90.939     108.006     351.241     334.317      35.871     137.308     161.138      17.066      75.493     413.844     399.077     303.120      31.384       0.000       0.000       0.279     690.039       0.000       0.000       0.000       0.000       0.000       0.000       0.000      17.066       0.000       0.000      90.939       0.000       0.000       0.000      -0.774       0.188    1373.671       0.000       0.000
   365    12    31  2023     247       0  hru247               792.783      49.012      48.992      43.197      49.384      92.581     230.548     507.759      19.353     247.166     241.240      43.179      80.752     396.244     349.795     238.567      26.045       0.000       0.000       0.269     690.115       0.000       0.000      21.317      14.185       0.000       0.000       0.000      43.179       0.000       0.000      49.384       0.000       0.000       0.000      -2.436       9.612    3056.903       0.000       0.000
   365    12    31  2023     248       0  hru248               792.783      51.137      51.114      41.987      18.397      60.384     258.230     484.641       6.074     170.852     307.715      41.943      82.231     399.693     362.915     252.380      27.131       0.000       0.000       0.281     690.050       0.000       0.000       6.097       2.364       0.000       0.000       0.000      41.943       0.000       0.000      18.397       0.000       0.000       0.000      -1.929      28.393    1138.804       0.000       0.000
   365    12    31  2023     249       0  hru249               792.783      51.005      50.982      37.893      16.546      54.439     255.101     485.048       6.429     177.181     301.438      37.875      82.090     395.937     362.487     250.887      26.959       0.000       0.000       0.279     690.057       0.000       0.000       0.000       0.000       0.000       0.000       0.000      37.875       0.000       0.000      16.546       0.000       0.000       0.000      -1.754      10.840    1024.216       0.000       0.000
   365    12    31  2023     250       0  hru250               792.783      49.724      49.703      35.425      26.850      62.275     242.697     489.725      17.577     242.808     229.341      35.420      81.377     391.921     356.740     243.703      25.773       0.000       0.000       0.275     690.067       0.000       0.000       0.000       0.000       0.000       0.000       0.000      35.420       0.000       0.000      26.850       0.000       0.000       0.000      -1.845       2.404    1662.062       0.000       0.000
   365    12    31  2023     251       0  hru251               792.783      47.883      47.867       0.070     254.354     254.424      39.411     560.732      82.347     459.361      19.024       0.070      26.368     325.047     289.631     210.491      43.881       0.000       0.000       0.260     690.126       0.000       0.000      13.739      45.858       0.000       0.000       0.000       0.070       0.000       0.000     254.354       0.000       0.000       0.000      -1.858       0.023     673.190       0.000       0.000
   365    12    31  2023     252       0  hru252               792.783      47.882      47.867   61580.434    5692.744   67273.180    1688.786     612.245      82.350     463.195      66.700   61579.488      87.923     576.882     576.882     506.193     102.645       0.000       0.000       0.260     690.107       0.000       0.000       9.679   68768.648       0.000       0.000       0.000   61579.488       0.000       0.000    5692.744       0.000       0.000       0.000      -0.002    2311.971   15066.777       0.000       0.000
   365    12    31  2023     253       0  hru253               792.783      47.883      47.867       4.571     603.167     607.738     120.239     567.121      82.350     461.412      23.359       4.567      34.449     406.393     332.953     239.670      47.404       0.000       0.000       0.260     690.109       0.000       0.000     435.299      62.600       0.000       0.000       0.000       4.567       0.000       0.000     603.167       0.000       0.000       0.000      -3.852       1.589    1596.379       0.000       0.000
   365    12    31  2023     254       0  hru254               792.783      47.883      47.867       0.062     440.764     440.826      65.227     562.538      82.347     459.425      20.765       0.062      28.791     352.546     307.909     218.955      44.263       0.000       0.000       0.260     690.125       0.000       0.000       0.071     272.949       0.000       0.000       0.000       0.062       0.000       0.000     440.764       0.000       0.000       0.000      -2.341       0.019    1166.553       0.000       0.000
   365    12    31  2023     255       0  hru255               792.783      47.882      47.867       0.000     188.952     188.952      47.302     558.711      82.350     458.328      18.033       0.000      26.792     332.411     294.944     210.916      43.563       0.000       0.000       0.260     690.107       0.000       0.000       0.000       0.000       0.000       0.000       0.000       0.000       0.000       0.000     188.952       0.000       0.000       0.000      -1.965       0.000     500.092       0.000       0.000
   365    12    31  2023     256       0  hru256               792.783      47.884      47.868      24.035      38.487      62.521     183.842     551.041      82.345     452.881      15.816      24.033      77.041     377.505     294.153     210.257      26.313       0.000       0.000       0.260     690.142       0.000       0.000       0.000       0.000       0.000       0.000       0.000      24.033       0.000       0.000      38.487       0.000       0.000       0.000      -4.372       0.484    2382.370       0.000       0.000
   365    12    31  2023     257       0  hru257               792.783      47.883      47.867       0.000     199.524     199.524      36.551     558.638      82.348     458.161      18.129       0.000      25.906     319.529     287.478     207.514      43.533       0.000       0.000       0.260     690.122       0.000       0.000       0.000       0.000       0.000       0.000       0.000       0.000       0.000       0.000     199.524       0.000       0.000       0.000      -1.681       0.000     528.074       0.000       0.000
   365    12    31  2023     258       0  hru258               792.783      47.882      47.866       0.438     342.209     342.647      98.064     562.057      82.350     459.761      19.945       0.438      31.553     386.250     321.947     227.907      44.178       0.000       0.000       0.260     690.105       0.000       0.000       0.000     206.278       0.000       0.000       0.438       0.000       0.000     342.209       0.000       0.000       0.000       0.000      -3.373       0.180     905.712       0.000       0.000
   365    12    31  2023     259       0  hru259               792.783      47.884      47.868      24.164      37.346      61.511     184.731     551.165      82.346     453.004      15.815      24.162      77.083     377.847     294.320     210.665      26.305       0.000       0.000       0.260     690.133       0.000       0.000       0.000       0.000       0.000       0.000       0.000      24.162       0.000       0.000      37.346       0.000       0.000       0.000      -4.381       0.870    2311.791       0.000       0.000
   365    12    31  2023     260       0  hru260               792.783      47.884      47.868      46.136      38.890      85.026     207.999     555.429      82.345     456.611      16.473      46.127      78.194     394.066     302.964     221.838      26.469       0.000       0.000       0.260     690.139       0.000       0.000      27.964      22.687       0.000       0.000       0.000      46.127       0.000       0.000      38.890       0.000       0.000       0.000      -4.778       4.628    2407.364       0.000       0.000
   365    12    31  2023     261       0  hru261               792.783      47.884      47.868      30.928      57.034      87.962     218.141     553.930      82.346     455.066      16.519      30.919      78.419     405.797     327.837     225.566      26.455       0.000       0.000       0.260     690.136       0.000       0.000       0.000      62.845       0.000       0.000       0.000      30.919       0.000       0.000      57.034       0.000       0.000       0.000      -4.089       3.622    3530.479       0.000       0.000
   365    12    31  2023     262       0  hru262               792.783      47.884      47.868       0.000     205.022     205.022      30.960     558.605      82.347     458.067      18.191       0.000      25.445     312.102     282.915     205.672      43.511       0.000       0.000       0.260     690.131       0.000       0.000       0.000       0.000       0.000       0.000       0.000       0.000       0.000     134.236      70.786       0.000       0.000       0.000      -1.531       0.000     542.625       0.000       0.000
   365    12    31  2023     263       0  hru263               792.783      47.884      47.868      39.172      53.488      92.660     199.571     555.395      82.346     456.549      16.500      39.170      77.864     384.184     297.192     218.156      26.484       0.000       0.000       0.260     690.135       0.000       0.000      19.443      30.514       0.000       0.000       0.000      39.170       0.000       0.000      53.488       0.000       0.000       0.000      -4.563       1.310    3310.996       0.000       0.000
   365    12    31  2023     264       0  hru264               792.783      47.883      47.867      55.699    1079.004    1134.703     409.281     573.601      82.348     464.224      27.029      55.660      55.275     559.063     447.410     323.446      51.424       0.000       0.000       0.260     690.125       0.000       0.000       0.001    1318.009       0.000      55.660       0.000       0.000    1079.004       0.000       0.000       0.000       0.000       0.000      -5.856       6.907    2855.760       0.000       0.000
   365    12    31  2023     265       0  hru265               792.783      47.884      47.868       0.000     438.151     438.151      33.548     561.439      82.347     458.160      20.932       0.000      26.147     311.977     289.058     209.733      43.933       0.000       0.000       0.260     690.128       0.000       0.000       0.000     238.749       0.000       0.000       0.000       0.000     438.151       0.000       0.000       0.000       0.000       0.000      -1.202       0.000    1159.637       0.000       0.000
   365    12    31  2023     266       0  hru266               792.783      47.883      47.867       0.000     210.490     210.491      25.425     558.555      82.348     457.945      18.261       0.000      24.989     304.204     277.866     203.783      43.485       0.000       0.000       0.260     690.121       0.000       0.000       0.000       0.000       0.000       0.000       0.000       0.000     210.490       0.000       0.000       0.000       0.000       0.000      -1.382       0.000     557.097       0.000       0.000
   365    12    31  2023     267       0  hru267               792.783      47.884      47.868       0.000     192.583     192.583      43.587     558.709      82.347     458.300      18.063       0.000      26.484     328.164     292.504     209.743      43.553       0.000       0.000       0.260     690.129       0.000       0.000       0.000       0.000       0.000       0.000       0.000       0.000       0.000       0.000     192.583       0.000       0.000       0.000      -1.870       0.000     509.702       0.000       0.000
   365    12    31  2023     268       0  hru268               792.783      47.883      47.867       0.188     263.154     263.342      36.909     561.605      82.348     459.958      19.299       0.188      26.274     324.271     288.188     210.641      44.192       0.000       0.000       0.260     690.121       0.000       0.000      44.866      21.942       0.000       0.188       0.000       0.000     263.154       0.000       0.000       0.000       0.000       0.000      -1.893       0.058     696.480       0.000       0.000
   365    12    31  2023     269       0  hru269               792.783      47.884      47.868       0.242     272.672     272.913      33.489     561.445      82.346     459.757      19.342       0.241      25.959     320.800     284.157     208.980      44.068       0.000       0.000       0.260     690.136       0.000       0.000      41.558      31.152       0.000       0.000       0.241       0.000       0.000     272.672       0.000       0.000       0.000       0.000      -1.922       0.064     721.670       0.000       0.000
   365    12    31  2023     270       0  hru270               792.783      47.883      47.868       0.000     262.980     262.980      17.980     560.633      82.347     459.015      19.270       0.000      24.773     289.675     273.320     205.208      44.279       0.000       0.000       0.260     690.127       0.000       0.000      47.631       0.000       0.000       0.000       0.000       0.000       0.000       0.000     262.980       0.000       0.000       0.000      -0.858       0.000     696.019       0.000       0.000
   365    12    31  2023     271       0  hru271               792.783      47.883      47.867      27.648     302.090     329.737     315.599     553.432      82.348     451.158      19.925      27.633      62.527     412.514     297.738     207.391      29.917       0.000       0.000       0.260     690.120       0.000       0.000      70.958     328.660       0.000       0.000       0.000      27.633       0.000       0.000     302.090       0.000       0.000       0.000      -6.020      11.058    1738.026       0.000       0.000
   365    12    31  2023     272       0  hru272               792.783      47.883      47.867       5.541     213.758     219.300     162.699     532.269      82.347     431.789      18.133       5.541      55.974     333.071     260.698     162.310      29.068       0.000       0.000       0.260     690.127       0.000       0.000      34.943      82.465       0.000       0.000       0.000       5.541       0.000       0.000     213.758       0.000       0.000       0.000      -3.796       1.858    1229.827       0.000       0.000
   365    12    31  2023     273       0  hru273               792.783      47.883      47.867      13.183     293.313     306.496     332.930     550.649      82.348     448.432      19.869      13.172      63.005     425.661     310.626     210.846      29.602       0.000       0.000       0.260     690.120       0.000       0.000      11.097     379.834       0.000       0.000       0.000      13.172       0.000       0.000     293.313       0.000       0.000       0.000      -6.033       5.635    1687.531       0.000       0.000
   365    12    31  2023     274       0  hru274               792.783      48.745      48.725      82.282      40.425     122.707     259.858     515.657      20.374     257.978     237.305      82.230      82.232     422.458     365.575     259.871      25.173       0.000       0.000       0.269     690.128       0.000       0.000      69.370      32.931       0.000       0.000       0.000      82.230       0.000       0.000      40.425       0.000       0.000       0.000      -2.984      27.539    2502.379       0.000       0.000
   365    12    31  2023     275       0  hru275               792.783      49.138      49.120      71.149      33.775     104.924     304.819     509.186      18.905     244.445     245.836      71.088      83.670     436.670     368.995     270.652      26.555       0.000       0.000       0.271     690.127       0.000       0.000      31.243      91.205       0.000       0.000       0.000      71.088       0.000       0.000      33.775       0.000       0.000       0.000      -3.550      29.398    2090.722       0.000       0.000
   365    12    31  2023     276       0  hru276               792.783      49.697      49.676      35.879      27.348      63.227     245.582     488.731      17.480     232.781     238.470      35.853      81.522     393.007     357.140     245.274      25.924       0.000       0.000       0.273     690.056       0.000       0.000       1.585       1.201       0.000       0.000       0.000      35.853       0.000       0.000      27.348       0.000       0.000       0.000      -1.881      15.094    1692.846       0.000       0.000
   365    12    31  2023     277       0  hru277               792.783      49.656      49.635      49.464      31.403      80.867     259.563     494.248      17.899     245.770     230.579      49.428      82.074     404.187     364.046     251.072      25.967       0.000       0.000       0.274     690.119       0.000       0.000      20.267      19.414       0.000       0.000       0.000      49.428       0.000       0.000      31.403       0.000       0.000       0.000      -2.105      21.559    1943.874       0.000       0.000
   365    12    31  2023     278       0  hru278               792.783      47.882      47.866       0.000     363.831     369.775       9.825     562.727      82.351     460.768      19.608       0.000      15.485     343.324     314.327     224.022      44.365       0.000       0.000       0.260     690.098       5.943       0.000       0.444     147.339       0.000       0.000       0.000       0.000       0.000       0.000     363.831       0.000       0.000       0.000      -1.521       0.000     962.938       0.000       0.000
   365    12    31  2023     279       0  hru279               792.783      47.882      47.866       0.000     200.895     252.950      40.556     548.105      82.351     449.480      16.274       0.000      37.158     321.044     293.850     199.129      28.630       0.000       0.000       0.260     690.098      52.055       0.000       0.000      46.416       0.000       0.000       0.000       0.000       0.000       0.000     200.895       0.000       0.000       0.000      -1.426       0.000    1155.818       0.000       0.000
   365    12    31  2023     280       0  hru280               792.783      47.882      47.866       0.000     166.620     208.311      39.927     547.011      82.351     448.900      15.760       0.000      37.158     320.770     290.789     197.596      28.483       0.000       0.000       0.260     690.099      41.690       0.000       0.000       0.000       0.000       0.000       0.000       0.000       0.000       0.000     166.620       0.000       0.000       0.000      -1.572       0.000     958.624       0.000       0.000
   365    12    31  2023     281       0  hru281               792.783      50.547      50.527       0.000     435.634     437.905      12.739     343.147      35.873     137.696     169.578       0.000      15.485     333.586     316.459     266.740      52.098       0.000       0.000       0.279     690.031       2.270       0.000       0.000       0.000       0.000       0.000       0.000       0.000       0.000       0.000     435.634       0.000       0.000       0.000      -0.898       0.000    1152.977       0.000       0.000
   365    12    31  2023     282       0  hru282               792.783      50.546      50.527       0.000     407.873     408.100       9.284     376.239      35.874     137.600     202.764       0.000      15.410     345.826     331.095     281.645      75.554       0.000       0.000       0.279     690.023       0.227       0.000       0.000       0.000       0.000       0.000       0.000       0.000       0.000       0.000     407.869       0.000       0.000       0.000      -0.773       0.000     328.208       0.000       0.000
   365    12    31  2023     283       0  hru283               792.783      48.402      48.383     522.313       0.774     523.087       0.679     659.700      48.544     205.025     406.131     522.285       0.000      76.481      32.972      48.089      14.061       0.000       0.000       0.263     690.092       0.000       0.000       0.000     127.788       0.000     522.285       0.000       0.000       0.774       0.000       0.000       0.000       0.000       0.000      -2.282     138.180      95.436       0.000     210.960
   365    12    31  2023     284       0  hru284               792.783      48.402      48.383     471.690       0.000     471.690       0.000     622.437      34.699      76.581     511.157     471.676       0.000      12.036      12.530       8.347       8.347       0.000       0.000       0.263     690.087       0.000       0.000       0.000       0.000       0.000       0.000       0.000     471.676       0.000       0.000       0.000       0.000       0.000       0.000       0.026      59.511       0.000       0.000     265.601
   365    12    31  2023     285       0  hru285               792.783      48.403      48.384     471.355       0.000     471.355       0.000     622.573      34.674      76.552     511.347     471.351       0.000      11.944      12.437       8.254       8.254       0.000       0.000       0.263     690.121       0.000       0.000       0.000       0.000       0.000       0.000       0.000     471.351       0.000       0.000       0.000       0.000       0.000       0.000       0.026      15.408       0.000       0.000     265.437
   365    12    31  2023     286       0  hru286               792.783      48.403      48.384     471.353       0.000     471.353       0.000     622.575      34.674      76.552     511.349     471.351       0.000      11.944      12.436       8.254       8.254       0.000       0.000       0.263     690.120       0.000       0.000       0.000       0.000       0.000       0.000       0.000     471.351       0.000       0.000       0.000       0.000       0.000       0.000       0.026      10.426       0.000       0.000     265.438
   365    12    31  2023     287       0  hru287               792.783      48.402      48.383     471.643       0.000     471.643       0.000     622.188      34.703      76.506     510.979     471.641       0.000      12.238      12.731       8.538       8.538       0.000       0.000       0.263     690.092       0.000       0.000       0.000       0.000       0.000       0.000       0.000     471.641       0.000       0.000       0.000       0.000       0.000       0.000       0.026       3.784       0.000       0.000     265.313
   365    12    31  2023     288       0  hru288               792.783      50.839      50.819       8.276    1326.832    2106.050      47.619     611.659      10.909      41.335     559.415       8.275      16.412     442.565     364.545     329.759      53.696       0.000       0.000       0.283     690.026     770.943       0.000       0.001    1968.187       0.000       0.000       0.000       8.275       0.000       0.000    1326.832       0.000       0.000       0.000      -4.093       0.164    3511.678       0.000       0.000
   365    12    31  2023     289       0  hru289               792.783      50.872      50.849       0.000     478.201     633.044      27.476     550.618      12.096      52.813     485.709       0.000      15.590     364.782     344.086     283.717      48.922       0.000       0.000       0.283     690.018     154.843       0.000      40.221     375.737       0.000       0.000       0.000       0.000     183.768       0.000     294.433       0.000       0.000       0.000      -1.086       0.000    1265.637       0.000       0.000
   365    12    31  2023     290       0  hru290               792.783      50.839      50.819       0.000     272.303     286.729      30.794     476.334       8.468      26.017     441.850       0.000      15.574     353.491     343.746     237.744      29.405       0.000       0.000       0.283     690.023      14.426       0.000       0.000       0.000       0.000       0.000       0.000       0.000       0.000       0.000     272.303       0.000       0.000       0.000      -0.511       0.000     869.534       0.000       0.000
   365    12    31  2023     291       0  hru291               792.783      50.849      50.827       0.488     521.617    1531.880      94.757     598.720      10.391      41.107     547.222       0.488      37.799     426.295     347.357     324.608      37.288       0.000       0.000       0.283     690.013    1009.774       0.000     594.891     833.595       0.000       0.000       0.000       0.488       0.000       0.000     521.617       0.000       0.000       0.000      -4.141       0.032    3001.044       0.000       0.000
   365    12    31  2023     292       0  hru292               792.783      50.815      50.795       0.000     414.078     434.475      15.195     543.162      10.459      35.698     497.005       0.000      15.547     378.559     369.861     280.991      72.247       0.000       0.000       0.283     690.018      20.396       0.000       0.018     199.033       0.000       0.000       0.000       0.000     277.205       0.000     136.874       0.000       0.000       0.000      -0.456       0.000     333.202       0.000       0.000
   365    12    31  2023     293       0  hru293               792.783      50.848      50.825       0.000     240.583     252.101      12.413     529.257       9.422      27.309     492.526       0.000      15.550     378.000     366.237     273.288      71.717       0.000       0.000       0.283     690.011      11.518       0.000       0.000       0.000       0.000       0.000       0.000       0.000       0.000     240.583       0.000       0.000       0.000       0.000      -0.617       0.000     193.593       0.000       0.000
   365    12    31  2023     294       0  hru294               792.783      51.311      51.288     236.229      40.217    1408.344      40.563     567.741       6.721     100.796     460.225     236.229      54.873     437.485     284.261     280.700      35.550       0.000       0.000       0.283     690.053    1131.898       0.000     524.359     691.498       0.000       0.000       0.000     236.229       0.000       0.000      40.217       0.000       0.000       0.000      -8.037       5.681    2489.506       0.000       0.000
   365    12    31  2023     295       0  hru295               792.783      50.820      50.797      75.428      87.485     836.585      30.869     562.606       8.105     192.593     361.909      75.428      54.342     393.001     240.618     245.109      30.827       0.000       0.000       0.281     690.061     673.672       0.000     239.755     387.854       0.000       0.000       0.000      75.428       0.000       0.000      87.485       0.000       0.000       0.000      -7.992       0.385    5415.443       0.000       0.000
   365    12    31  2023     296       0  hru296               792.783      46.495      46.480       0.000     510.266    1146.273      23.944     564.730      49.022     362.065     153.643       0.000      15.595     382.443     303.198     268.448      46.665       0.000       0.000       0.249     690.161     636.007       0.000      39.341     898.359       0.000       0.000       0.000       0.000       0.000       0.000     510.266       0.000       0.000       0.000      -4.157       0.000    1350.502       0.000       0.000
   365    12    31  2023     297       0  hru297               792.783      50.552      50.530       1.679     367.351     989.817      48.746     576.980      11.619     181.005     384.357       1.679      37.818     379.495     237.411     232.714      33.551       0.000       0.000       0.280     690.015     620.787       0.000     116.786     696.931       0.000       0.000       0.000       1.679       0.000       0.000     367.351       0.000       0.000       0.000      -7.452       0.089    2113.500       0.000       0.000
   365    12    31  2023     298       0  hru298               792.783      46.481      46.467       0.000     196.292     274.857       8.848     509.987      50.073     308.215     151.698       0.000      15.581     302.496     298.649     224.863      45.416       0.000       0.000       0.249     690.161      78.565       0.000       0.000       0.000       0.000       0.000       0.000       0.000       0.000       0.000     196.292       0.000       0.000       0.000      -0.202       0.000     519.518       0.000       0.000
   365    12    31  2023     299       0  hru299               792.783      50.839      50.819       0.000    1043.258    1677.008      38.408     585.555      10.172      30.284     545.099       0.000      15.541     454.957     437.654     332.541      77.033       0.000       0.000       0.283     690.017     633.750       0.000       0.001    1507.345       0.000       0.000       0.000       0.000       0.000       0.000    1043.258       0.000       0.000       0.000      -0.908       0.000     839.491       0.000       0.000
   365    12    31  2023     300       0  hru300               792.783      49.121      49.104       0.000      33.370     417.126       0.830     375.651      22.255     225.296     128.101       0.000      15.596     255.000     255.000     239.778      49.522       0.000       0.000       0.267     690.028     383.756       0.000       0.000       0.000       0.000       0.000       0.000       0.000       0.000       0.000      33.370       0.000       0.000       0.000      -0.000       0.000      88.319       0.000       0.000
   365    12    31  2023     301       0  hru301               792.783      46.520      46.506       0.000     242.088     457.383      14.012     580.310      47.677     375.555     157.078       0.000      15.551     334.139     330.426     253.950      64.439       0.000       0.000       0.249     690.156     215.295       0.000       0.000     258.117       0.000       0.000       0.000       0.000     242.088       0.000       0.000       0.000       0.000       0.000      -0.195       0.000     194.804       0.000       0.000
   365    12    31  2023     302       0  hru302               792.783      50.833      50.813       0.000     389.131     427.238      16.367     543.730      13.066      50.559     480.105       0.000      15.549     379.671     375.171     280.955      71.410       0.000       0.000       0.283     690.015      38.106       0.000       0.000     193.593       0.000       0.000       0.000       0.000       0.000       0.000     389.131       0.000       0.000       0.000      -0.236       0.000     313.127       0.000       0.000
   365    12    31  2023     303       0  hru303               792.783      51.310      51.287       0.000     744.573     827.365      27.976     577.790      23.546     193.209     361.036       0.000      15.505     380.136     372.035     308.026      71.380       0.000       0.000       0.283     690.015      82.791       0.000       2.908     636.091       0.000       0.000       0.000       0.000       0.000       0.000     744.573       0.000       0.000       0.000      -0.425       0.000     599.145       0.000       0.000
   365    12    31  2023     304       0  hru304               792.783      47.882      47.866       0.000     453.533     463.663      11.034     564.382      82.351     461.581      20.450       0.000      15.484     345.026     317.604     226.097      44.661       0.000       0.000       0.260     690.102      10.129       0.000       3.244     241.091       0.000       0.000       0.000       0.000     316.825       0.000     136.709       0.000       0.000       0.000      -1.438       0.000    1200.350       0.000       0.000
   365    12    31  2023     305       0  hru305               792.783      47.882      47.866       0.747       5.956     200.799      33.628     559.149      82.351     461.457      15.342       0.747      53.452     325.765     321.857     258.459      33.063       0.000       0.000       0.260     690.102     194.096       0.000       0.000       0.000       0.000       0.000       0.000       0.000       0.000       0.000       0.000       0.000       0.000       0.000      -0.205       0.012     734.428       0.000       0.000
   365    12    31  2023     306       0  hru306               792.783      47.882      47.866      24.615     531.947     785.310      23.432     567.615      82.351     463.122      22.142      24.614      15.619     464.467     344.031     251.733      45.342       0.000       0.000       0.260     690.101     228.748       0.000     220.464     354.681       0.000       0.000       0.000      24.614       0.000       0.000     531.947       0.000       0.000       0.000      -6.317       3.453    1407.885       0.000       0.000
   365    12    31  2023     307       0  hru307               792.783      47.882      47.866    3113.570      69.403    5251.334      87.321     580.858      82.351     463.077      35.430    3113.039      68.709     648.891     648.891     449.104      68.511       0.000       0.000       0.260     690.101    2068.361       0.000      38.557    5087.264       0.000    3113.039       0.000       0.000      69.403       0.000       0.000       0.000       0.000       0.000       0.000     508.593    8558.049       0.000       0.000
   365    12    31  2023     308       0  hru308               792.783      47.882      47.866       0.747      17.859     201.407      32.986     559.171      82.351     461.455      15.365       0.747      53.452     325.734     321.831     256.147      33.069       0.000       0.000       0.260     690.101     182.801       0.000       0.000       0.000       0.000       0.000       0.000       0.000       0.000       0.000       0.000       0.000       0.000       0.000      -0.205       0.002    2202.180       0.000       0.000
   365    12    31  2023     309       0  hru309               792.783      47.882      47.866       0.000     229.693     254.575      12.318     560.069      82.351     459.704      18.014       0.000      15.481     346.230     316.490     224.141      43.720       0.000       0.000       0.260     690.102      24.882       0.000       0.000      31.907       0.000       0.000       0.000       0.000       0.000       0.000     229.693       0.000       0.000       0.000      -1.560       0.000     607.920       0.000       0.000
   365    12    31  2023     310       0  hru310               792.783      47.884      47.868       5.446      47.388     328.627      36.534     561.371      82.347     462.022      17.003       5.446      53.442     322.921     316.388     262.402      26.111       0.000       0.000       0.260     690.129     275.792       0.000      76.354      55.799       0.000       0.000       0.000       5.446       0.000       0.000      47.388       0.000       0.000       0.000      -0.343       1.075    2933.407       0.000       0.000
   365    12    31  2023     311       0  hru311               792.783      47.883      47.868       0.000     308.449     323.700      10.774     564.020      82.347     462.561      19.112       0.000      15.484     345.395     311.448     224.788      44.250       0.000       0.000       0.260     690.127      15.251       0.000      10.857      92.555       0.000       0.000       0.000       0.000       0.000     119.916     188.533       0.000       0.000       0.000      -1.781       0.000     816.361       0.000       0.000
   365    12    31  2023     312       0  hru312               792.783      47.882      47.866       0.747      17.336     201.380      33.015     559.170      82.351     461.455      15.364       0.747      53.452     325.735     321.832     256.250      33.069       0.000       0.000       0.260     690.101     183.297       0.000       0.000       0.000       0.000       0.000       0.000       0.000       0.000       0.000       0.000       0.000       0.000       0.000      -0.205       0.002    2137.729       0.000       0.000
   365    12    31  2023     313       0  hru313               792.783      47.883      47.867       0.000     232.620     232.620       3.342     558.579      82.347     457.911      18.321       0.000      15.484     302.448     275.770     203.126      43.459       0.000       0.000       0.260     690.126       0.000       0.000       0.000       0.000       0.000       0.000       0.000       0.000     232.620       0.000       0.000       0.000       0.000       0.000      -1.399       0.000     615.667       0.000       0.000
   365    12    31  2023     314       0  hru314               792.783      49.341      49.320       0.001       4.916     308.206       0.532     484.946      19.041     234.612     231.293       0.000      37.899     192.500     192.500     171.290      25.718       0.000       0.000       0.272     690.030     303.289       0.000       0.000       0.000       0.000       0.000       0.000       0.000       0.000       0.000       4.916       0.000       0.000       0.000       0.001       0.000      74.260       0.000       0.000
