 Mini_CREATE               SWAT+ Jan 11 2024        MODULAR Rev 2024.61.0                                 
   jday   mon   day    yr   unit  gis_id  name                     lai       bioms       yield     residue     sol_tmp       strsw       strsa     strstmp       strsn       strsp       strss        nplt       percn       pplnt         tmx         tmn       tmpav     solarad      wndspd        rhum     phubas0     lai_max      bm_max     bm_grow       c_gro
                                                             m**2/m**2        kgha        kgha        kgha        degc         ---         ---         ---         ---         ---         ---        kgha        kgha        kgha        degc        degc        degc      mj/m^2         m/s        frac        degc   m**2/m**2       kg/ha       kg/ha       kg/ha
   365    12    31  2023       1       0  hru001                 2.510   73151.805       0.000    2524.589       8.367       1.976      51.164     117.625     111.837       0.000       0.000     419.689       2.870      54.774      12.744       5.267       9.005      10.786       4.202       0.810       0.475       0.000       0.000       0.000       0.000
   365    12    31  2023       2       0  hru002                 2.510   73143.305       0.000    2522.180       8.388       1.454      54.725     117.625     111.068       0.000       0.000     420.614       2.826      54.886      12.744       5.267       9.005      10.786       4.202       0.810       0.475       0.000       0.000       0.000       0.000
   365    12    31  2023       3       0  hru003                 2.510   70805.750       0.000    2450.582       8.163       5.821       2.819     117.625     122.622       0.000       0.000     380.965       2.343      50.105      12.744       5.267       9.005      10.786       4.202       0.810       0.475       0.000       0.000       0.000       0.000
   365    12    31  2023       4       0  hru004                 2.510   70698.820       0.000    2461.382       8.294       2.421       0.002     117.625     123.737       0.000       0.000     383.054       0.527      50.479      12.744       5.267       9.005      10.786       4.202       0.810       0.475       0.000       0.000       0.000       0.000
   365    12    31  2023       5       0  hru005                 2.510   71046.422       0.000    2473.287       8.299       2.302       0.196     117.625     122.516       0.000       0.000     388.728       0.962      51.124      12.744       5.267       9.005      10.786       4.202       0.810       0.475       0.000       0.000       0.000       0.000
   365    12    31  2023       6       0  hru006                 2.510   70861.930       0.000    2466.568       8.296       2.371       0.040     117.625     123.173       0.000       0.000     385.735       0.700      50.782      12.744       5.267       9.005      10.786       4.202       0.810       0.475       0.000       0.000       0.000       0.000
   365    12    31  2023       7       0  hru007                 2.510   71295.477       0.000    2479.925       8.306       2.159       1.046     117.625     121.628       0.000       0.000     392.482       1.385      51.557      12.744       5.267       9.005      10.786       4.202       0.810       0.475       0.000       0.000       0.000       0.000
   365    12    31  2023       8       0  hru008                 2.510   70670.539       0.000    2460.482       8.294       2.428       0.000     117.625     123.838       0.000       0.000     382.591       0.502      50.427      12.744       5.267       9.005      10.786       4.202       0.810       0.475       0.000       0.000       0.000       0.000
   365    12    31  2023       9       0  hru009                 2.510   65011.770       0.000    2240.354       8.519       1.052     137.989     117.625      98.235       0.000       0.000     368.452       7.161      48.598      12.744       5.267       9.005      10.786       4.202       0.810       0.475       0.000       0.000       0.000       0.000
   365    12    31  2023      10       0  hru010                 2.510   71319.586       0.000    2480.699       8.307       2.141       1.214     117.625     121.559       0.000       0.000     392.807       1.429      51.596      12.744       5.267       9.005      10.786       4.202       0.810       0.475       0.000       0.000       0.000       0.000
   365    12    31  2023      11       0  hru011                 2.510   71300.648       0.000    2480.091       8.306       2.152       1.077     117.625     121.614       0.000       0.000     392.554       1.394      51.566      12.744       5.267       9.005      10.786       4.202       0.810       0.475       0.000       0.000       0.000       0.000
   365    12    31  2023      12       0  hru012                 2.510   71772.992       0.000    2494.690       8.333       1.531       8.680     117.625     120.130       0.000       0.000     399.206       2.292      52.345      12.744       5.267       9.005      10.786       4.202       0.810       0.475       0.000       0.000       0.000       0.000
   365    12    31  2023      13       0  hru013                 2.510   71178.898       0.000    2477.527       8.302       2.235       0.503     117.625     122.034       0.000       0.000     390.752       1.180      51.358      12.744       5.267       9.005      10.786       4.202       0.810       0.475       0.000       0.000       0.000       0.000
   365    12    31  2023      14       0  hru014                 2.510   71230.906       0.000    2477.858       8.304       2.203       0.702     117.625     121.856       0.000       0.000     391.512       1.270      51.445      12.744       5.267       9.005      10.786       4.202       0.810       0.475       0.000       0.000       0.000       0.000
   365    12    31  2023      15       0  hru015                 2.510   71023.859       0.000    2472.566       8.299       2.309       0.169     117.625     122.603       0.000       0.000     388.365       0.927      51.082      12.744       5.267       9.005      10.786       4.202       0.810       0.475       0.000       0.000       0.000       0.000
   365    12    31  2023      16       0  hru016                 2.510   64302.328       0.000    2239.331       8.344       2.580      85.966     117.625     130.804       0.000       0.000     325.699       5.029      43.422      12.744       5.267       9.005      10.786       4.202       0.810       0.475       0.000       0.000       0.000       0.000
   365    12    31  2023      17       0  hru017                 2.510   72572.461       0.000    2506.468       8.123       7.215       0.026     117.625     115.854       0.000       0.000     408.000       1.162      53.159      12.744       5.267       9.005      10.786       4.202       0.810       0.475       0.000       0.000       0.000       0.000
   365    12    31  2023      18       0  hru018                 2.510   68681.711       0.000    2378.958       8.345       1.416      30.746     117.625     129.479       0.000       0.000     353.900       3.849      47.040      12.744       5.267       9.005      10.786       4.202       0.810       0.475       0.000       0.000       0.000       0.000
   365    12    31  2023      19       0  hru019                 2.510   64909.668       0.000    2268.456       8.475       0.048      80.378     117.625     139.724       0.000       0.000     316.516       4.211      42.411      12.744       5.267       9.005      10.786       4.202       0.810       0.475       0.000       0.000       0.000       0.000
   365    12    31  2023      20       0  hru020                 2.510   66795.586       0.000    2313.791       8.354       1.558      42.603     117.625     135.380       0.000       0.000     333.658       3.703      44.504      12.744       5.267       9.005      10.786       4.202       0.810       0.475       0.000       0.000       0.000       0.000
   365    12    31  2023      21       0  hru021                 2.510   72920.727       0.000    2517.619       8.149       6.461       0.518     117.625     114.931       0.000       0.000     413.391       1.936      53.800      12.744       5.267       9.005      10.786       4.202       0.810       0.475       0.000       0.000       0.000       0.000
   365    12    31  2023      22       0  hru022                 2.510   72978.609       0.000    2519.451       8.155       6.254       0.744     117.625     114.815       0.000       0.000     414.165       2.038      53.886      12.744       5.267       9.005      10.786       4.202       0.810       0.475       0.000       0.000       0.000       0.000
   365    12    31  2023      23       0  hru023                 2.510   65167.914       0.000    2241.591       8.379       0.463       5.802     117.625     144.365       0.000       0.000     315.694       0.830      42.395      12.744       5.267       9.005      10.786       4.202       0.810       0.475       0.000       0.000       0.000       0.000
   365    12    31  2023      24       0  hru024                 2.510   65224.336       0.000    2242.645       8.385       0.394       7.975     117.625     144.169       0.000       0.000     316.253       0.911      42.464      12.744       5.267       9.005      10.786       4.202       0.810       0.475       0.000       0.000       0.000       0.000
   365    12    31  2023      25       0  hru025                 2.510   72562.594       0.000    2503.975       8.119       7.390       0.047     117.625     115.737       0.000       0.000     408.190       1.267      53.143      12.744       5.267       9.005      10.786       4.202       0.810       0.475       0.000       0.000       0.000       0.000
   365    12    31  2023      26       0  hru026                 2.510   72866.812       0.000    2515.883       8.157       6.215       0.871     117.625     115.203       0.000       0.000     412.532       2.068      53.700      12.744       5.267       9.005      10.786       4.202       0.810       0.475       0.000       0.000       0.000       0.000
   365    12    31  2023      27       0  hru027                 2.510   72430.695       0.000    2500.622       8.057       9.239       3.669     117.625     114.481       0.000       0.000     410.572       2.858      53.207      12.744       5.267       9.005      10.786       4.202       0.810       0.475       0.000       0.000       0.000       0.000
   365    12    31  2023      28       0  hru028                 2.510   72530.641       0.000    2502.975       8.117       7.453       0.032     117.625     115.822       0.000       0.000     407.688       1.205      53.075      12.744       5.267       9.005      10.786       4.202       0.810       0.475       0.000       0.000       0.000       0.000
   365    12    31  2023      29       0  hru029                 2.510   71536.781       0.000    2469.902       7.995      10.414       0.416     117.625     116.739       0.000       0.000     398.730       1.915      51.767      12.744       5.267       9.005      10.786       4.202       0.810       0.475       0.000       0.000       0.000       0.000
   365    12    31  2023      30       0  hru030                 2.510   72831.969       0.000    2526.873       8.347       2.228      37.273     117.625     115.246       0.000       0.000     411.580       3.058      53.809      12.744       5.267       9.005      10.786       4.202       0.810       0.475       0.000       0.000       0.000       0.000
   365    12    31  2023      31       0  hru031                 2.510   68615.062       0.000    2381.831       8.285       0.332       9.540     117.625     131.175       0.000       0.000     353.782       2.100      46.988      12.744       5.267       9.005      10.786       4.202       0.810       0.475       0.000       0.000       0.000       0.000
   365    12    31  2023      32       0  hru032                 2.146   45484.582     346.538    2611.970       8.387       1.639      39.567     156.101      31.491       0.000       0.000      36.725       1.679       9.104      12.744       5.267       9.005      10.786       4.202       0.810       0.475       0.000       0.000       0.000       0.000
   365    12    31  2023      33       0  hru033                 2.135   44512.453     337.351    2539.819       8.235       4.489       0.120     155.298      36.232       0.000       0.000      35.265       0.622       8.724      12.744       5.267       9.005      10.786       4.202       0.810       0.475       0.000       0.000       0.000       0.000
   365    12    31  2023      34       0  hru034                 0.549   29229.971       0.000    1049.289       8.461       0.084       6.377     140.090     116.012       0.000       0.000      83.895       1.070      22.166      12.744       5.267       9.005      10.786       4.202       0.810       0.475       0.000       0.000       0.000       0.000
   365    12    31  2023      35       0  hru035                 0.548   29308.371       0.000    1050.048       8.440       0.189       0.077     140.090     115.437       0.000       0.000      84.345       0.505      22.286      12.744       5.267       9.005      10.786       4.202       0.810       0.475       0.000       0.000       0.000       0.000
   365    12    31  2023      36       0  hru036                 0.548   29422.510       0.000    1053.538       8.463       0.187       8.683     140.090     114.641       0.000       0.000      85.103       1.207      22.448      12.744       5.267       9.005      10.786       4.202       0.810       0.475       0.000       0.000       0.000       0.000
   365    12    31  2023      37       0  hru037                 0.548   28411.951       0.000    1017.102       8.530       0.240     136.301     140.090     112.088       0.000       0.000      82.187       2.177      21.692      12.744       5.267       9.005      10.786       4.202       0.810       0.475       0.000       0.000       0.000       0.000
   365    12    31  2023      38       0  hru038                 0.548   29331.605       0.000    1051.032       8.444       0.189       0.520     140.090     115.258       0.000       0.000      84.548       0.708      22.329      12.744       5.267       9.005      10.786       4.202       0.810       0.475       0.000       0.000       0.000       0.000
   365    12    31  2023      39       0  hru039                 0.548   29304.482       0.000    1049.938       8.440       0.189       0.041     140.090     115.476       0.000       0.000      84.297       0.457      22.276      12.744       5.267       9.005      10.786       4.202       0.810       0.475       0.000       0.000       0.000       0.000
   365    12    31  2023      40       0  hru040                 0.548   28170.494       0.000    1003.281       8.534       0.094     166.386     140.090      97.061       0.000       0.000      85.418       1.663      22.283      12.744       5.267       9.005      10.786       4.202       0.810       0.475       0.000       0.000       0.000       0.000
   365    12    31  2023      41       0  hru041                 0.549   28323.152       0.000    1016.191       8.462       0.063       7.625     140.090     120.829       0.000       0.000      80.609       0.996      21.379      12.744       5.267       9.005      10.786       4.202       0.810       0.475       0.000       0.000       0.000       0.000
   365    12    31  2023      42       0  hru042                 0.548   28339.500       0.000    1014.274       8.532       0.240     139.936     140.090     111.521       0.000       0.000      82.124       2.238      21.669      12.744       5.267       9.005      10.786       4.202       0.810       0.475       0.000       0.000       0.000       0.000
   365    12    31  2023      43       0  hru043                 1.383   50879.613       0.000    1490.573       8.188      73.444       0.000     163.281      16.245       0.000       0.000     109.667       0.000      30.477      12.744       5.267       9.005      10.786       4.202       0.810       0.475       0.000       0.000       0.000       0.000
   365    12    31  2023      44       0  hru044                 1.685   68886.133       0.000    2304.606       8.210      13.168       7.935     163.281     143.069       0.000       0.000      77.340       1.016      30.891      12.744       5.267       9.005      10.786       4.202       0.810       0.475       0.000       0.000       0.000       0.000
   365    12    31  2023      45       0  hru045                 1.085   41496.461       0.000    1165.569       8.376     104.586       0.000     163.281       0.435       0.000       0.000     116.418       0.000      22.750      12.744       5.267       9.005      10.786       4.202       0.810       0.475       0.000       0.000       0.000       0.000
   365    12    31  2023      46       0  hru046                 1.674   65812.680       0.000    2138.698       7.927      45.141       0.000     163.281     114.201       0.000       0.000      81.408       0.179      31.646      12.744       5.267       9.005      10.786       4.202       0.810       0.475       0.000       0.000       0.000       0.000
   365    12    31  2023      47       0  hru047                 1.088   41435.176       0.000    1164.607       8.382     104.644       0.000     163.281       0.439       0.000       0.000     115.862       0.000      22.660      12.744       5.267       9.005      10.786       4.202       0.810       0.475       0.000       0.000       0.000       0.000
   365    12    31  2023      48       0  hru048                 1.100   40697.211       0.000    1142.661       8.424     105.753       0.000     163.281       0.000       0.000       0.000     115.562       0.000      21.956      12.744       5.267       9.005      10.786       4.202       0.810       0.475       0.000       0.000       0.000       0.000
   365    12    31  2023      49       0  hru049                 1.121   41879.113       0.000    1205.893       8.377     109.797       0.000     163.281       1.197       0.000       0.000     116.825       0.000      22.864      12.744       5.267       9.005      10.786       4.202       0.810       0.475       0.000       0.000       0.000       0.000
   365    12    31  2023      50       0  hru050                 1.121   41879.223       0.000    1205.897       8.377     109.797       0.000     163.281       1.197       0.000       0.000     116.826       0.000      22.864      12.744       5.267       9.005      10.786       4.202       0.810       0.475       0.000       0.000       0.000       0.000
   365    12    31  2023      51       0  hru051                 1.121   41876.625       0.000    1205.819       8.376     109.797       0.000     163.281       1.194       0.000       0.000     116.814       0.000      22.861      12.744       5.267       9.005      10.786       4.202       0.810       0.475       0.000       0.000       0.000       0.000
   365    12    31  2023      52       0  hru052                 1.625   65664.234       0.000    2083.483       8.169      52.815       0.000     163.281      90.695       0.000       0.000      89.022       0.000      33.084      12.744       5.267       9.005      10.786       4.202       0.810       0.475       0.000       0.000       0.000       0.000
   365    12    31  2023      53       0  hru053                 1.685   57004.605       0.000    1910.278       8.495       0.599      97.979     163.281     157.604       0.000       0.000      66.896       2.352      26.725      12.744       5.267       9.005      10.786       4.202       0.810       0.475       0.000       0.000       0.000       0.000
   365    12    31  2023      54       0  hru054                 1.121   41879.453       0.000    1205.903       8.377     109.797       0.000     163.281       1.197       0.000       0.000     116.827       0.000      22.864      12.744       5.267       9.005      10.786       4.202       0.810       0.475       0.000       0.000       0.000       0.000
   365    12    31  2023      55       0  hru055                 2.510   73182.438       0.000    2526.191       8.326       2.504      39.594     117.625     113.433       0.000       0.000     417.665       2.562      54.490      12.744       5.267       9.005      10.786       4.202       0.810       0.475       0.000       0.000       0.000       0.000
   365    12    31  2023      56       0  hru056                 2.510   70967.172       0.000    2469.935       8.298       2.331       0.111     117.625     122.796       0.000       0.000     387.445       0.843      50.975      12.744       5.267       9.005      10.786       4.202       0.810       0.475       0.000       0.000       0.000       0.000
   365    12    31  2023      57       0  hru057                 2.510   73176.359       0.000    2525.725       8.346       2.243      44.974     117.625     112.744       0.000       0.000     418.605       2.710      54.624      12.744       5.267       9.005      10.786       4.202       0.810       0.475       0.000       0.000       0.000       0.000
   365    12    31  2023      58       0  hru058                 2.510   72417.516       0.000    2500.471       8.384       1.263      58.379     117.625     113.551       0.000       0.000     410.249       3.056      53.684      12.744       5.267       9.005      10.786       4.202       0.810       0.475       0.000       0.000       0.000       0.000
   365    12    31  2023      59       0  hru059                 2.510   73166.297       0.000    2525.213       8.359       2.084      48.464     117.625     112.252       0.000       0.000     419.223       2.801      54.712      12.744       5.267       9.005      10.786       4.202       0.810       0.475       0.000       0.000       0.000       0.000
   365    12    31  2023      60       0  hru060                 2.510   71762.734       0.000    2492.819       8.370       1.606      43.374     117.625     118.232       0.000       0.000     397.566       3.057      52.201      12.744       5.267       9.005      10.786       4.202       0.810       0.475       0.000       0.000       0.000       0.000
   365    12    31  2023      61       0  hru061                 2.510   70932.188       0.000    2469.824       8.007       9.895       4.369     117.625     119.311       0.000       0.000     390.212       2.800      50.815      12.744       5.267       9.005      10.786       4.202       0.810       0.475       0.000       0.000       0.000       0.000
   365    12    31  2023      62       0  hru062                 2.510   68424.742       0.000    2388.828       8.093       6.260      13.682     117.625     129.191       0.000       0.000     359.844       3.032      47.420      12.744       5.267       9.005      10.786       4.202       0.810       0.475       0.000       0.000       0.000       0.000
   365    12    31  2023      63       0  hru063                 0.314     648.017      36.944      20.426       8.521       0.000      40.979      64.112       0.000       0.148       0.000       9.235       8.072       1.481      12.744       5.267       9.005      10.786       4.202       0.810       0.475       0.000       0.000       0.000       0.000
   365    12    31  2023      64       0  hru064                 0.272     723.919      68.319      22.429       8.566       0.000       0.019      64.170       0.000       0.041       0.000       4.034       0.920       0.645      12.744       5.267       9.005      10.786       4.202       0.810       0.475       0.000       0.000       0.000       0.000
   365    12    31  2023      65       0  hru065                 0.295     722.427      71.827      22.232       8.564       0.000       0.032      64.128       0.000       0.045       0.000       5.299       1.011       0.850      12.744       5.267       9.005      10.786       4.202       0.810       0.475       0.000       0.000       0.000       0.000
   365    12    31  2023      66       0  hru066                 0.269     717.860      67.756      22.398       8.565       0.000       0.009      64.162       0.000       0.043       0.000       3.964       0.755       0.636      12.744       5.267       9.005      10.786       4.202       0.810       0.475       0.000       0.000       0.000       0.000
   365    12    31  2023      67       0  hru067                 0.264     758.014      39.109      23.412       8.419       0.000       0.004      63.990       0.000       0.077       0.000      10.651       1.719       1.711      12.744       5.267       9.005      10.786       4.202       0.810       0.475       0.000       0.000       0.000       0.000
   365    12    31  2023      68       0  hru068                 0.235     734.745      68.416      22.282       8.564       0.000       0.335      64.120       0.000       0.029       0.000       5.386       1.844       0.868      12.744       5.267       9.005      10.786       4.202       0.810       0.475       0.000       0.000       0.000       0.000
   365    12    31  2023      69       0  hru069                 0.236     748.493      34.876      22.727       8.567       0.000       1.093      63.997       0.000       0.095       0.000      10.413       2.560       1.671      12.744       5.267       9.005      10.786       4.202       0.810       0.475       0.000       0.000       0.000       0.000
   365    12    31  2023      70       0  hru070                 0.366     694.340      67.427      21.732       8.566       0.000       2.795      64.098       0.000       0.153       0.000       9.760       3.087       1.564      12.744       5.267       9.005      10.786       4.202       0.810       0.475       0.000       0.000       0.000       0.000
   365    12    31  2023      71       0  hru071                 0.218     725.577      67.793      22.375       8.570       0.000       4.298      64.081       0.000       0.042       0.000       3.945       3.632       0.632      12.744       5.267       9.005      10.786       4.202       0.810       0.475       0.000       0.000       0.000       0.000
   365    12    31  2023      72       0  hru072                 0.275     720.998      67.782      22.173       8.565       0.000       0.798      64.130       0.000       0.032       0.000       5.216       2.317       0.836      12.744       5.267       9.005      10.786       4.202       0.810       0.475       0.000       0.000       0.000       0.000
   365    12    31  2023      73       0  hru073                 0.275     445.985       0.000      14.002       8.559       0.000      61.549      64.094       0.000       0.317       0.000       5.695       8.069       0.914      12.744       5.267       9.005      10.786       4.202       0.810       0.475       0.000       0.000       0.000       0.000
   365    12    31  2023      74       0  hru074                 0.297     705.318      39.248      22.247       8.511       0.000      34.766      64.004       0.000       0.106       0.000       9.398       7.680       1.525      12.744       5.267       9.005      10.786       4.202       0.810       0.475       0.000       0.000       0.000       0.000
   365    12    31  2023      75       0  hru075                 0.228     683.014      34.110      21.207       8.512       0.000      36.095      64.168       0.000       0.135       0.000       9.350       7.695       1.503      12.744       5.267       9.005      10.786       4.202       0.810       0.475       0.000       0.000       0.000       0.000
   365    12    31  2023      76       0  hru076                 0.276     726.855      68.909      22.759       8.428       0.000       5.688      64.151       0.000       0.030       0.000       5.184       4.630       0.854      12.744       5.267       9.005      10.786       4.202       0.810       0.475       0.000       0.000       0.000       0.000
   365    12    31  2023      77       0  hru077                 0.302     746.003      72.479      23.650       8.451       0.000      14.176      64.184       0.000       0.022       0.000       5.389       3.060       0.870      12.744       5.267       9.005      10.786       4.202       0.810       0.475       0.000       0.000       0.000       0.000
   365    12    31  2023      78       0  hru078                 0.204     739.407      34.595      22.611       8.432       0.000       4.034      64.034       0.000       0.096       0.000      10.530       3.532       1.687      12.744       5.267       9.005      10.786       4.202       0.810       0.475       0.000       0.000       0.000       0.000
   365    12    31  2023      79       0  hru079                 0.285     448.322       0.000      14.300       8.544       0.000      62.100      64.177       0.000       0.299       0.000       5.137       4.394       0.823      12.744       5.267       9.005      10.786       4.202       0.810       0.475       0.000       0.000       0.000       0.000
   365    12    31  2023      80       0  hru080                 0.289     717.948      67.782      22.415       8.419       0.000       0.035      64.282       0.000       0.034       0.000       5.043       2.119       0.843      12.744       5.267       9.005      10.786       4.202       0.810       0.475       0.000       0.000       0.000       0.000
   365    12    31  2023      81       0  hru081                 0.235     216.676       0.000       7.127       8.556       0.000      65.067      64.068       0.000       0.487       0.000       1.943       4.326       0.322      12.744       5.267       9.005      10.786       4.202       0.810       0.475       0.000       0.000       0.000       0.000
   365    12    31  2023      82       0  hru082                 0.264     618.735      33.938      19.112       8.483       0.000      34.409      64.162       0.000       0.236       0.000       8.493       4.106       1.369      12.744       5.267       9.005      10.786       4.202       0.810       0.475       0.000       0.000       0.000       0.000
   365    12    31  2023      83       0  hru083                 0.264     634.952      34.807      19.376       8.484       0.000      40.823      64.149       0.000       0.229       0.000       8.711       4.781       1.412      12.744       5.267       9.005      10.786       4.202       0.810       0.475       0.000       0.000       0.000       0.000
   365    12    31  2023      84       0  hru084                 0.253     710.997      68.254      21.906       8.434       0.000       4.598      64.119       0.000       0.058       0.000       5.222       4.441       0.852      12.744       5.267       9.005      10.786       4.202       0.810       0.475       0.000       0.000       0.000       0.000
   365    12    31  2023      85       0  hru085                 0.267     728.593      68.624      22.866       8.422       0.000       0.423      64.108       0.000       0.038       0.000       4.088       3.686       0.654      12.744       5.267       9.005      10.786       4.202       0.810       0.475       0.000       0.000       0.000       0.000
   365    12    31  2023      86       0  hru086                 0.252     657.782       0.000      19.886       8.536       0.000      53.868      64.107       0.000       0.110       0.000       9.971       8.128       1.619      12.744       5.267       9.005      10.786       4.202       0.810       0.475       0.000       0.000       0.000       0.000
   365    12    31  2023      87       0  hru087                 0.416     245.314       0.000       8.117       8.640       0.000      66.679      64.219       0.000       0.489       0.000       2.150       4.651       0.350      12.744       5.267       9.005      10.786       4.202       0.810       0.475       0.000       0.000       0.000       0.000
   365    12    31  2023      88       0  hru088                 0.280     667.121      67.674      20.200       8.461       0.000       6.294      64.165       0.003       0.170       0.000       8.895       1.265       1.427      12.744       5.267       9.005      10.786       4.202       0.810       0.475       0.000       0.000       0.000       0.000
   365    12    31  2023      89       0  hru089                 0.320     653.517      68.281      21.016       8.446       0.000      17.228      64.159       0.000       0.145       0.000       8.042       3.587       1.296      12.744       5.267       9.005      10.786       4.202       0.810       0.475       0.000       0.000       0.000       0.000
   365    12    31  2023      90       0  hru090                 0.298     742.784      69.192      23.430       8.440       0.000      11.933      64.194       0.000       0.026       0.000       5.388       3.455       0.865      12.744       5.267       9.005      10.786       4.202       0.810       0.475       0.000       0.000       0.000       0.000
   365    12    31  2023      91       0  hru091                 0.298     663.399      67.703      20.444       8.461       0.000       6.603      64.216       0.000       0.148       0.000       8.216       1.503       1.320      12.744       5.267       9.005      10.786       4.202       0.810       0.475       0.000       0.000       0.000       0.000
   365    12    31  2023      92       0  hru092                 0.238     662.466      37.115      20.658       8.521       0.000      40.450      64.027       0.000       0.127       0.000       9.376       7.614       1.507      12.744       5.267       9.005      10.786       4.202       0.810       0.475       0.000       0.000       0.000       0.000
   365    12    31  2023      93       0  hru093                 0.299     716.219      69.185      22.491       8.452       0.000      14.409      64.147       0.000       0.032       0.000       5.374       3.840       0.862      12.744       5.267       9.005      10.786       4.202       0.810       0.475       0.000       0.000       0.000       0.000
   365    12    31  2023      94       0  hru094                 0.247     713.238      68.105      21.645       8.460       0.000       5.187      64.126       0.000       0.040       0.000       5.196       1.387       0.834      12.744       5.267       9.005      10.786       4.202       0.810       0.475       0.000       0.000       0.000       0.000
   365    12    31  2023      95       0  hru095                 0.198     244.296       0.000       8.177       8.601       0.000      64.525      64.040       0.000       0.453       0.000       2.623       7.300       0.424      12.744       5.267       9.005      10.786       4.202       0.810       0.475       0.000       0.000       0.000       0.000
   365    12    31  2023      96       0  hru096                 0.291     740.671      68.224      22.550       8.477       0.000      14.894      64.218       0.029       0.033       0.000       3.968       1.211       0.647      12.744       5.267       9.005      10.786       4.202       0.810       0.475       0.000       0.000       0.000       0.000
   365    12    31  2023      97       0  hru097                 0.207     720.221      68.046      21.568       8.451       0.000       0.131      64.097       0.003       0.043       0.000       4.029       0.507       0.644      12.744       5.267       9.005      10.786       4.202       0.810       0.475       0.000       0.000       0.000       0.000
   365    12    31  2023      98       0  hru098                 0.291     705.395      38.305      22.008       8.508       0.000      29.281      64.102       0.000       0.100       0.000       9.849       6.492       1.578      12.744       5.267       9.005      10.786       4.202       0.810       0.475       0.000       0.000       0.000       0.000
   365    12    31  2023      99       0  hru099                 0.235     433.332       0.000      13.711       8.551       0.000      60.646      64.012       0.000       0.330       0.000       6.191       7.899       0.991      12.744       5.267       9.005      10.786       4.202       0.810       0.475       0.000       0.000       0.000       0.000
   365    12    31  2023     100       0  hru100                 0.236     298.800       0.000       9.866       8.574       0.000      62.919      64.045       0.000       0.393       0.000       3.656       8.022       0.586      12.744       5.267       9.005      10.786       4.202       0.810       0.475       0.000       0.000       0.000       0.000
   365    12    31  2023     101       0  hru101                 0.274     755.998      68.735      23.185       8.413       0.000       1.124      64.079       0.000       0.040       0.000       5.160       2.464       0.827      12.744       5.267       9.005      10.786       4.202       0.810       0.475       0.000       0.000       0.000       0.000
   365    12    31  2023     102       0  hru102                 0.276    1200.253    1630.727    1241.565       8.472       0.560      12.235      26.321       1.193       0.003       0.000       0.000      16.417       0.000      12.744       5.267       9.005      10.786       4.202       0.810       0.475       0.000       0.000       0.000       0.000
   365    12    31  2023     103       0  hru103                 0.275     969.313    1337.335    1021.013       8.453       0.015      37.174      24.661       1.816       0.019       0.000       0.000      14.225       0.000      12.744       5.267       9.005      10.786       4.202       0.810       0.475       0.000       0.000       0.000       0.000
   365    12    31  2023     104       0  hru104                 0.309    1365.386    1873.060    1466.322       8.480       0.506      11.820      23.801       2.300       0.000       0.000       0.000      14.914       0.000      12.744       5.267       9.005      10.786       4.202       0.810       0.475       0.000       0.000       0.000       0.000
   365    12    31  2023     105       0  hru105                 2.305    1200.201    2452.335    1163.602       8.350       0.077       1.530      23.729       6.401       0.000       0.000       0.000       8.591       0.000      12.744       5.267       9.005      10.786       4.202       0.810       0.475       0.000       0.000       0.000       0.000
   365    12    31  2023     106       0  hru106                 0.310    1199.378    2120.784    1144.640       8.426       0.477       8.140      26.289       0.679       0.004       0.000       0.000      15.439       0.000      12.744       5.267       9.005      10.786       4.202       0.810       0.475       0.000       0.000       0.000       0.000
   365    12    31  2023     107       0  hru107                 0.350    1125.305    2622.698    1143.810       8.415       0.510      15.505      27.308       7.558       0.000       0.000       0.000       9.156       0.000      12.744       5.267       9.005      10.786       4.202       0.810       0.475       0.000       0.000       0.000       0.000
   365    12    31  2023     108       0  hru108                 0.379    1182.063    3582.388     587.346       8.444       7.046       2.875      27.636      10.725       0.002       0.000       0.000     130.360       0.000      12.744       5.267       9.005      10.786       4.202       0.810       0.475       0.000       0.000       0.000       0.000
   365    12    31  2023     109       0  hru109                 0.910    1463.134    3764.592     559.828       8.248      11.510       0.613      59.272      26.345       0.473       0.000      66.023      49.290       4.724      12.744       5.267       9.005      10.786       4.202       0.810       0.475       0.000       0.000       0.000       0.000
   365    12    31  2023     110       0  hru110                 0.487    1187.447    2352.255     980.845       8.162       2.559       0.327      65.683      17.401       0.000       0.000       0.000       7.051       0.000      12.744       5.267       9.005      10.786       4.202       0.810       0.475       0.000       0.000       0.000       0.000
   365    12    31  2023     111       0  hru111                 0.497    1124.978    2267.291     972.634       8.313       0.561      12.286      61.946      27.363       0.000       0.000       0.000       8.795       0.000      12.744       5.267       9.005      10.786       4.202       0.810       0.475       0.000       0.000       0.000       0.000
   365    12    31  2023     112       0  hru112                 0.843    1523.193    4534.887     627.545       8.403      12.050      27.451      61.394      20.363       0.000       0.000       0.000     138.371       0.000      12.744       5.267       9.005      10.786       4.202       0.810       0.475       0.000       0.000       0.000       0.000
   365    12    31  2023     113       0  hru113                 0.963    1875.047    3724.100    1032.486       8.131       3.301       0.113      70.936      36.809       0.000       0.000       0.000       2.630       0.000      12.744       5.267       9.005      10.786       4.202       0.810       0.475       0.000       0.000       0.000       0.000
   365    12    31  2023     114       0  hru114                 0.407    1509.680    5457.229     757.875       8.341       0.231       0.022      31.163       0.000       0.000       0.000       0.000      72.040       0.000      12.744       5.267       9.005      10.786       4.202       0.810       0.475       0.000       0.000       0.000       0.000
   365    12    31  2023     115       0  hru115                 0.467    1313.617    3247.121    1083.729       8.393       0.651      22.750      48.175      14.349       0.009       0.000       0.000      10.555       0.000      12.744       5.267       9.005      10.786       4.202       0.810       0.475       0.000       0.000       0.000       0.000
   365    12    31  2023     116       0  hru116                 0.632    1564.016    2989.153    1114.821       8.213       1.339       1.284      58.288      20.462       0.000       0.000       0.000       5.885       0.000      12.744       5.267       9.005      10.786       4.202       0.810       0.475       0.000       0.000       0.000       0.000
   365    12    31  2023     117       0  hru117                 0.699    1693.656    3113.632    1208.253       8.165       2.337       0.000      54.765      28.128       0.001       0.000       0.000       3.484       0.000      12.744       5.267       9.005      10.786       4.202       0.810       0.475       0.000       0.000       0.000       0.000
   365    12    31  2023     118       0  hru118                 0.687    1755.456    3120.633    1197.849       8.162       2.341       0.000      56.060      26.772       0.000       0.000       0.000       3.636       0.000      12.744       5.267       9.005      10.786       4.202       0.810       0.475       0.000       0.000       0.000       0.000
   365    12    31  2023     119       0  hru119                 0.731    1417.563    3858.138     821.922       8.366       0.621      13.871      69.751      15.099       0.011       0.000      22.796      12.220       4.370      12.744       5.267       9.005      10.786       4.202       0.810       0.475       0.000       0.000       0.000       0.000
   365    12    31  2023     120       0  hru120                 0.477     995.430    1853.713     781.561       8.399       0.000      20.924      66.174      25.054       0.055       0.000       0.000       3.558       0.000      12.744       5.267       9.005      10.786       4.202       0.810       0.475       0.000       0.000       0.000       0.000
   365    12    31  2023     121       0  hru121                 0.563    1334.715    3681.944     635.947       8.440       9.453      18.972      41.593      13.181       0.003       0.000       0.000     144.526       0.000      12.744       5.267       9.005      10.786       4.202       0.810       0.475       0.000       0.000       0.000       0.000
   365    12    31  2023     122       0  hru122                 1.157    2052.898    4305.470     560.715       8.280       8.932       8.987      69.236      42.585       1.140       0.000      66.023      46.059       4.724      12.744       5.267       9.005      10.786       4.202       0.810       0.475       0.000       0.000       0.000       0.000
   365    12    31  2023     123       0  hru123                 0.595    1376.737    3124.520     823.424       8.287      12.889       0.669      38.134      11.738       0.000       0.000       0.000      47.589       0.000      12.744       5.267       9.005      10.786       4.202       0.810       0.475       0.000       0.000       0.000       0.000
   365    12    31  2023     124       0  hru124                 1.029    1746.443    4443.403     555.569       8.225      13.309       1.397      63.706      27.739       1.074       0.000      15.464      43.574       1.939      12.744       5.267       9.005      10.786       4.202       0.810       0.475       0.000       0.000       0.000       0.000
   365    12    31  2023     125       0  hru125                 0.488    1388.495    4129.642    1371.737       8.367       0.695      15.261      26.778      10.021       0.000       0.000       0.000       9.359       0.000      12.744       5.267       9.005      10.786       4.202       0.810       0.475       0.000       0.000       0.000       0.000
   365    12    31  2023     126       0  hru126                 0.434    1282.346    2794.599    1210.671       8.342       0.199       2.824      43.838       9.949       0.018       0.000      21.644       5.986       2.595      12.744       5.267       9.005      10.786       4.202       0.810       0.475       0.000       0.000       0.000       0.000
   365    12    31  2023     127       0  hru127                 0.420    1403.195    3250.252    1346.485       8.406       0.510      27.082      26.662       9.511       0.004       0.000       0.000       7.396       0.000      12.744       5.267       9.005      10.786       4.202       0.810       0.475       0.000       0.000       0.000       0.000
   365    12    31  2023     128       0  hru128                 0.678    1788.177    3645.018    1376.920       8.320       0.954      13.701      37.283      27.661       0.000       0.000       0.000       5.712       0.000      12.744       5.267       9.005      10.786       4.202       0.810       0.475       0.000       0.000       0.000       0.000
   365    12    31  2023     129       0  hru129                 0.482    1767.994    3715.834    1666.331       8.357       0.765      11.056      22.955      12.061       0.000       0.000       0.000       5.290       0.000      12.744       5.267       9.005      10.786       4.202       0.810       0.475       0.000       0.000       0.000       0.000
   365    12    31  2023     130       0  hru130                 0.595    1816.022    5188.124    1397.051       8.347       0.349       7.461      47.868      13.299       0.000       0.000       0.000      55.447       0.000      12.744       5.267       9.005      10.786       4.202       0.810       0.475       0.000       0.000       0.000       0.000
   365    12    31  2023     131       0  hru131                 0.635    1614.567    3766.080    1309.883       8.353       0.836      22.042      47.097      19.390       0.000       0.000       0.000       7.412       0.000      12.744       5.267       9.005      10.786       4.202       0.810       0.475       0.000       0.000       0.000       0.000
   365    12    31  2023     132       0  hru132                 0.918    1859.143    4431.894    1353.145       8.297       1.345      29.216      47.167      29.049       0.000       0.000      14.813      11.965       1.153      12.744       5.267       9.005      10.786       4.202       0.810       0.475       0.000       0.000       0.000       0.000
   365    12    31  2023     133       0  hru133                 0.493    1543.294    6353.988     258.398       8.291       8.507       0.000      32.470       1.986       0.000       0.000       0.000     154.960       0.000      12.744       5.267       9.005      10.786       4.202       0.810       0.475       0.000       0.000       0.000       0.000
   365    12    31  2023     134       0  hru134                 0.981    1600.273    4132.744     541.582       8.361      13.388      31.753      84.120      29.436       0.000       0.000      40.912      87.317       8.179      12.744       5.267       9.005      10.786       4.202       0.810       0.475       0.000       0.000       0.000       0.000
   365    12    31  2023     135       0  hru135                 0.467    2817.528     708.441    2561.242       8.306       0.769       1.367      39.583       0.289       0.013       0.000       0.000      39.843       0.000      12.744       5.267       9.005      10.786       4.202       0.810       0.475       0.000       0.000       0.000       0.000
   365    12    31  2023     136       0  hru136                 2.342      58.466       0.000      51.117       8.523       0.000     112.220      34.788       0.900       2.249       0.000       0.000       5.246       0.000      12.744       5.267       9.005      10.786       4.202       0.810       0.475       0.000       0.000       0.000       0.000
   365    12    31  2023     137       0  hru137                 2.218    1019.690    1179.649     594.209       8.434       0.077      40.099      25.500      11.618       0.025       0.000       0.000      13.187       0.000      12.744       5.267       9.005      10.786       4.202       0.810       0.475       0.000       0.000       0.000       0.000
   365    12    31  2023     138       0  hru138                 2.537    1838.832    4234.890    1114.177       8.424       0.378      67.289      40.782      24.290       0.000       0.000       0.000      20.497       0.000      12.744       5.267       9.005      10.786       4.202       0.810       0.475       0.000       0.000       0.000       0.000
   365    12    31  2023     139       0  hru139                 2.260    1656.323    2433.492    1090.897       8.426       0.087       0.553      24.281      17.065       0.001       0.000       0.000      10.109       0.000      12.744       5.267       9.005      10.786       4.202       0.810       0.475       0.000       0.000       0.000       0.000
   365    12    31  2023     140       0  hru140                 2.268    1714.541    2523.510    1113.955       8.251       0.276       0.291      24.664      15.614       0.000       0.000       0.000      12.267       0.000      12.744       5.267       9.005      10.786       4.202       0.810       0.475       0.000       0.000       0.000       0.000
   365    12    31  2023     141       0  hru141                 0.359    1273.328    1696.707    1032.915       8.426       0.301       1.704      36.509      19.697       0.003       0.000       2.865       9.372       0.386      12.744       5.267       9.005      10.786       4.202       0.810       0.475       0.000       0.000       0.000       0.000
   365    12    31  2023     142       0  hru142                 0.802    1834.593    3483.074    1087.635       8.125       1.102       0.000      41.100      38.205       0.000       0.000      13.660       1.970       1.726      12.744       5.267       9.005      10.786       4.202       0.810       0.475       0.000       0.000       0.000       0.000
   365    12    31  2023     143       0  hru143                 0.320    1093.763    1606.965     964.002       8.460       0.164      13.846      36.259      14.992       0.060       0.000      11.612      12.527       1.429      12.744       5.267       9.005      10.786       4.202       0.810       0.475       0.000       0.000       0.000       0.000
   365    12    31  2023     144       0  hru144                 0.418    1194.739    1916.276    1102.269       8.455       0.648      22.240      42.716      17.120       0.004       0.000       0.000      12.582       0.000      12.744       5.267       9.005      10.786       4.202       0.810       0.475       0.000       0.000       0.000       0.000
   365    12    31  2023     145       0  hru145                 0.549    1225.593    2489.724    1060.926       8.316       1.099       5.389      62.906      28.428       0.000       0.000       0.000       8.045       0.000      12.744       5.267       9.005      10.786       4.202       0.810       0.475       0.000       0.000       0.000       0.000
   365    12    31  2023     146       0  hru146                 0.752    1446.435    2416.194     943.868       8.470       0.564      72.732      42.101      22.509       0.121       0.000      20.001      14.095       2.467      12.744       5.267       9.005      10.786       4.202       0.810       0.475       0.000       0.000       0.000       0.000
   365    12    31  2023     147       0  hru147                 0.525    1118.919    2398.593    1096.707       8.502       0.426      72.366      38.527      11.738       0.024       0.000      17.705      21.155       2.124      12.744       5.267       9.005      10.786       4.202       0.810       0.475       0.000       0.000       0.000       0.000
   365    12    31  2023     148       0  hru148                 1.287    1941.849    4409.702     650.598       8.375       1.995      41.583      96.532      37.950       1.782       0.000       0.000       5.796       0.000      12.744       5.267       9.005      10.786       4.202       0.810       0.475       0.000       0.000       0.000       0.000
   365    12    31  2023     149       0  hru149                 2.355     824.263    2318.359     542.734       8.205       4.014       2.198      68.387     102.328       0.043       0.000      11.211       3.062       2.503      12.744       5.267       9.005      10.786       4.202       0.810       0.475       0.000       0.000       0.000       0.000
   365    12    31  2023     150       0  hru150                 2.896    1543.137    3255.317     465.552       8.204       2.777      23.075      81.926      92.306       0.686       0.000      13.602       7.718       2.902      12.744       5.267       9.005      10.786       4.202       0.810       0.475       0.000       0.000       0.000       0.000
   365    12    31  2023     151       0  hru151                 2.752    1138.216    3071.647     394.459       8.432      14.675      63.977      61.344      87.555       0.002       0.000      22.927      86.802       3.493      12.744       5.267       9.005      10.786       4.202       0.810       0.475       0.000       0.000       0.000       0.000
   365    12    31  2023     152       0  hru152                 1.024    1494.767    4239.761     640.941       8.410      12.964      32.337      66.166      22.513       0.625       0.000       0.000      89.852       0.000      12.744       5.267       9.005      10.786       4.202       0.810       0.475       0.000       0.000       0.000       0.000
   365    12    31  2023     153       0  hru153                 1.140    1770.392    4813.910     313.956       8.375      13.683      31.832      85.969      22.811       0.105       0.000      24.895     157.890       4.716      12.744       5.267       9.005      10.786       4.202       0.810       0.475       0.000       0.000       0.000       0.000
   365    12    31  2023     154       0  hru154                 1.248    1916.997    4875.226     278.199       8.382      12.965      35.869      91.565      22.348       0.554       0.000      29.463     158.440       6.504      12.744       5.267       9.005      10.786       4.202       0.810       0.475       0.000       0.000       0.000       0.000
   365    12    31  2023     155       0  hru155                 1.165    1833.152    3706.853     769.000       8.370       1.762      54.593      88.783      36.346       0.550       0.000       0.000       9.142       0.000      12.744       5.267       9.005      10.786       4.202       0.810       0.475       0.000       0.000       0.000       0.000
   365    12    31  2023     156       0  hru156                 1.186    2089.908    4507.855     952.486       8.110       1.486       0.384      72.612      46.006       1.123       0.000      23.059       2.571       2.819      12.744       5.267       9.005      10.786       4.202       0.810       0.475       0.000       0.000       0.000       0.000
   365    12    31  2023     157       0  hru157                 0.858    1556.450    4722.931     633.883       8.382      13.264      24.450      82.906      22.967       0.007       0.000      11.612     173.194       1.429      12.744       5.267       9.005      10.786       4.202       0.810       0.475       0.000       0.000       0.000       0.000
   365    12    31  2023     158       0  hru158                 1.373    2215.673    4341.419     534.561       8.340      16.978      28.710      85.597      48.450       0.625       0.000      19.741      75.377       1.522      12.744       5.267       9.005      10.786       4.202       0.810       0.475       0.000       0.000       0.000       0.000
   365    12    31  2023     159       0  hru159                 1.154    2142.566    3296.522    1303.571       8.330       1.850      41.671      74.650      39.769       1.083       0.000       0.000       9.951       0.000      12.744       5.267       9.005      10.786       4.202       0.810       0.475       0.000       0.000       0.000       0.000
   365    12    31  2023     160       0  hru160                 0.450    1832.463    3697.641    1206.249       8.363       9.508       0.060      31.113       3.722       0.040       0.000       0.000      91.192       0.000      12.744       5.267       9.005      10.786       4.202       0.810       0.475       0.000       0.000       0.000       0.000
   365    12    31  2023     161       0  hru161                 0.660    2394.971    9087.896     965.054       8.320       0.302       7.942      44.184       4.541       0.000       0.000       0.000     160.860       0.000      12.744       5.267       9.005      10.786       4.202       0.810       0.475       0.000       0.000       0.000       0.000
   365    12    31  2023     162       0  hru162                 2.864    1155.292    2738.748     685.448       8.435       8.659     101.669      75.597      58.632       0.000       0.000       0.000      99.099       0.000      12.744       5.267       9.005      10.786       4.202       0.810       0.475       0.000       0.000       0.000       0.000
   365    12    31  2023     163       0  hru163                 0.267     655.250      69.166      20.835       8.427       0.000       2.599      64.096       0.000       0.125       0.000       8.194       4.171       1.319      12.744       5.267       9.005      10.786       4.202       0.810       0.475       0.000       0.000       0.000       0.000
   365    12    31  2023     164       0  hru164                 0.284     659.947      68.338      20.418       8.460       0.000       0.497      64.085       0.010       0.139       0.000       8.418       0.690       1.358      12.744       5.267       9.005      10.786       4.202       0.810       0.475       0.000       0.000       0.000       0.000
   365    12    31  2023     165       0  hru165                 0.270     732.290      68.131      22.510       8.465       0.000      17.744      64.074       0.027       0.038       0.000       4.009       3.481       0.646      12.744       5.267       9.005      10.786       4.202       0.810       0.475       0.000       0.000       0.000       0.000
   365    12    31  2023     166       0  hru166                 0.263     223.909       0.000       7.529       8.556       0.000      65.551      64.138       0.019       0.478       0.000       2.054       4.586       0.339      12.744       5.267       9.005      10.786       4.202       0.810       0.475       0.000       0.000       0.000       0.000
   365    12    31  2023     167       0  hru167                 0.299     747.200      69.131      23.148       8.439       0.005       8.455      64.134       0.000       0.027       0.000       5.378       3.484       0.862      12.744       5.267       9.005      10.786       4.202       0.810       0.475       0.000       0.000       0.000       0.000
   365    12    31  2023     168       0  hru168                 0.244     712.253      67.639      21.996       8.470       0.000       5.025      64.082       0.000       0.057       0.000       4.844       5.681       0.841      12.744       5.267       9.005      10.786       4.202       0.810       0.475       0.000       0.000       0.000       0.000
   365    12    31  2023     169       0  hru169                 0.341     649.783      67.508      20.706       8.487       0.000      15.396      64.173       0.000       0.150       0.000       7.992       5.171       1.287      12.744       5.267       9.005      10.786       4.202       0.810       0.475       0.000       0.000       0.000       0.000
   365    12    31  2023     170       0  hru170                 0.272     758.368      39.543      23.487       8.418       0.000       0.142      64.106       0.000       0.076       0.000      10.548       2.779       1.689      12.744       5.267       9.005      10.786       4.202       0.810       0.475       0.000       0.000       0.000       0.000
   365    12    31  2023     171       0  hru171                 2.286    1133.743    1887.466    1177.234       8.288       0.129       3.414      21.268      24.478       0.003       0.000       0.000       3.162       0.000      12.744       5.267       9.005      10.786       4.202       0.810       0.475       0.000       0.000       0.000       0.000
   365    12    31  2023     172       0  hru172                 2.486     882.828    1635.658     769.891       8.419       0.007      54.445      32.417      26.969       0.003       0.000       0.000       8.132       0.000      12.744       5.267       9.005      10.786       4.202       0.810       0.475       0.000       0.000       0.000       0.000
   365    12    31  2023     173       0  hru173                 2.227    1156.731    2211.439    1046.200       8.138       6.980       0.790      28.184      99.478       0.000       0.000       0.000       3.028       0.000      12.744       5.267       9.005      10.786       4.202       0.810       0.475       0.000       0.000       0.000       0.000
   365    12    31  2023     174       0  hru174                 2.303    2218.434    4813.308    1651.212       8.226       3.810       1.162      30.106      53.043       0.003       0.000       0.000      10.361       0.000      12.744       5.267       9.005      10.786       4.202       0.810       0.475       0.000       0.000       0.000       0.000
   365    12    31  2023     175       0  hru175                 3.093    1909.121    4548.153     547.881       8.286       8.934       2.616      70.553      78.234       0.475       0.000      19.302      44.988       2.467      12.744       5.267       9.005      10.786       4.202       0.810       0.475       0.000       0.000       0.000       0.000
   365    12    31  2023     176       0  hru176                 2.840    1766.034    4257.563    1019.181       8.358       4.259      16.476      50.651      70.171       0.000       0.000       0.000      44.142       0.000      12.744       5.267       9.005      10.786       4.202       0.810       0.475       0.000       0.000       0.000       0.000
   365    12    31  2023     177       0  hru177                 0.228     740.579      34.757      22.873       8.468       0.000       4.189      64.042       0.000       0.099       0.000      10.259       5.058       1.653      12.744       5.267       9.005      10.786       4.202       0.810       0.475       0.000       0.000       0.000       0.000
   365    12    31  2023     178       0  hru178                 0.236     736.634      34.681      22.710       8.471       0.000       5.675      64.063       0.000       0.100       0.000      10.218       5.936       1.654      12.744       5.267       9.005      10.786       4.202       0.810       0.475       0.000       0.000       0.000       0.000
   365    12    31  2023     179       0  hru179                 0.198     735.371      34.233      22.004       8.457       0.000       1.811      63.998       0.000       0.102       0.000      10.092       1.048       1.632      12.744       5.267       9.005      10.786       4.202       0.810       0.475       0.000       0.000       0.000       0.000
   365    12    31  2023     180       0  hru180                 2.376    1257.428    3719.647    1170.686       8.277       2.308       0.011      26.873      27.807       0.000       0.000       0.000      10.216       0.000      12.744       5.267       9.005      10.786       4.202       0.810       0.475       0.000       0.000       0.000       0.000
   365    12    31  2023     181       0  hru181                 1.024    1703.142    4492.717     606.535       8.275      11.519       2.653      62.548      25.641       0.319       0.000      26.169      47.015       3.176      12.744       5.267       9.005      10.786       4.202       0.810       0.475       0.000       0.000       0.000       0.000
   365    12    31  2023     182       0  hru182                 0.966    1776.046    4498.402     578.969       8.280      12.691       0.013      60.947      23.845       1.157       0.000      23.059      43.252       2.819      12.744       5.267       9.005      10.786       4.202       0.810       0.475       0.000       0.000       0.000       0.000
   365    12    31  2023     183       0  hru183                 1.175    2234.572    5471.692     958.710       8.054       2.465       0.063      67.370      40.638       0.678       0.000      20.001       4.631       2.467      12.744       5.267       9.005      10.786       4.202       0.810       0.475       0.000       0.000       0.000       0.000
   365    12    31  2023     184       0  hru184                 1.247    2056.241    4560.089     855.010       8.321       1.559      32.093      84.379      31.640       0.719       0.000       0.000       5.258       0.000      12.744       5.267       9.005      10.786       4.202       0.810       0.475       0.000       0.000       0.000       0.000
   365    12    31  2023     185       0  hru185                 1.396    2157.062    5182.573     745.353       8.306       2.846      29.222      82.898      38.274       1.813       0.000       0.000       5.639       0.000      12.744       5.267       9.005      10.786       4.202       0.810       0.475       0.000       0.000       0.000       0.000
   365    12    31  2023     186       0  hru186                 0.330    1406.542    1932.749    1526.077       8.453       0.638      21.440      23.469       6.274       0.001       0.000       0.000      12.351       0.000      12.744       5.267       9.005      10.786       4.202       0.810       0.475       0.000       0.000       0.000       0.000
   365    12    31  2023     187       0  hru187                 0.354    1647.536    2274.882    1731.489       8.426       0.750      13.641      25.409       3.314       0.000       0.000       0.000      11.389       0.000      12.744       5.267       9.005      10.786       4.202       0.810       0.475       0.000       0.000       0.000       0.000
   365    12    31  2023     188       0  hru188                 0.404    1299.282    3193.888    1199.232       8.372       0.600      11.373      27.109       9.355       0.004       0.000       0.000       6.563       0.000      12.744       5.267       9.005      10.786       4.202       0.810       0.475       0.000       0.000       0.000       0.000
   365    12    31  2023     189       0  hru189                 0.443    1428.232    3077.444    1537.050       8.403       0.550      13.522      21.663      15.070       0.000       0.000       0.000       6.538       0.000      12.744       5.267       9.005      10.786       4.202       0.810       0.475       0.000       0.000       0.000       0.000
   365    12    31  2023     190       0  hru190                 0.505    2328.261    1927.337    2137.469       8.478       0.603      13.846      46.427       5.863       0.052       0.000       2.512      39.509       0.340      12.744       5.267       9.005      10.786       4.202       0.810       0.475       0.000       0.000       0.000       0.000
   365    12    31  2023     191       0  hru191                 0.895    1657.800    3113.206     741.012       8.406       1.928      36.768      69.173      22.345       1.263       0.000       0.000       6.246       0.000      12.744       5.267       9.005      10.786       4.202       0.810       0.475       0.000       0.000       0.000       0.000
   365    12    31  2023     192       0  hru192                 1.073    1885.823    3359.091     922.589       8.324       2.553      36.302      82.979      34.489       0.367       0.000       0.000       8.362       0.000      12.744       5.267       9.005      10.786       4.202       0.810       0.475       0.000       0.000       0.000       0.000
   365    12    31  2023     193       0  hru193                 2.293    1100.115    3016.242     857.401       8.439       0.761      49.321      30.425      53.342       0.000       0.000       0.000     122.299       0.000      12.744       5.267       9.005      10.786       4.202       0.810       0.475       0.000       0.000       0.000       0.000
   365    12    31  2023     194       0  hru194                 0.355    1634.739    2237.572    1734.565       8.463       0.575      14.596      24.787       2.953       0.004       0.000       0.000      13.411       0.000      12.744       5.267       9.005      10.786       4.202       0.810       0.475       0.000       0.000       0.000       0.000
   365    12    31  2023     195       0  hru195                 0.477    2085.240    4748.183    1790.678       8.389       0.823      11.707      24.545       4.938       0.040       0.000       0.000      82.325       0.000      12.744       5.267       9.005      10.786       4.202       0.810       0.475       0.000       0.000       0.000       0.000
   365    12    31  2023     196       0  hru196                 0.473    1940.084    4610.672    1763.203       8.367       0.874       7.091      25.151       4.195       0.000       0.000       0.000      69.569       0.000      12.744       5.267       9.005      10.786       4.202       0.810       0.475       0.000       0.000       0.000       0.000
   365    12    31  2023     197       0  hru197                 0.483    2123.957    5000.918    1746.374       8.315       0.250       0.000      23.663      10.524       0.000       0.000       0.000       3.983       0.000      12.744       5.267       9.005      10.786       4.202       0.810       0.475       0.000       0.000       0.000       0.000
   365    12    31  2023     198       0  hru198                 0.704    2224.438    4852.625    1661.948       8.355       0.174      20.668      35.648      19.336       0.004       0.000       0.000      46.273       0.000      12.744       5.267       9.005      10.786       4.202       0.810       0.475       0.000       0.000       0.000       0.000
   365    12    31  2023     199       0  hru199                 0.627    2173.449    4545.234    1839.945       8.408       0.967      23.916      31.322      15.398       0.003       0.000       8.481      91.649       0.669      12.744       5.267       9.005      10.786       4.202       0.810       0.475       0.000       0.000       0.000       0.000
   365    12    31  2023     200       0  hru200                 0.656    2237.015    4591.693    1879.626       8.379       1.333      18.275      32.766      15.384       0.002       0.000      22.566      86.530       1.732      12.744       5.267       9.005      10.786       4.202       0.810       0.475       0.000       0.000       0.000       0.000
   365    12    31  2023     201       0  hru201                 0.752    1681.695    3856.287     991.205       8.259      13.912       0.204      60.084      21.741       0.000       0.000       0.000      23.020       0.000      12.744       5.267       9.005      10.786       4.202       0.810       0.475       0.000       0.000       0.000       0.000
   365    12    31  2023     202       0  hru202                 0.508    1629.831    3246.677    1430.847       8.385       0.973      19.672      68.184      16.002       0.000       0.000       0.000       8.266       0.000      12.744       5.267       9.005      10.786       4.202       0.810       0.475       0.000       0.000       0.000       0.000
   365    12    31  2023     203       0  hru203                 0.949    2095.302    4347.864    1242.498       8.122       1.195       0.099      69.284      29.317       1.963       0.000       0.000       1.629       0.000      12.744       5.267       9.005      10.786       4.202       0.810       0.475       0.000       0.000       0.000       0.000
   365    12    31  2023     204       0  hru204                 0.528    1875.568    3521.200    1653.506       8.360       0.880      19.589      62.760      15.602       0.319       0.000       2.865       6.853       0.386      12.744       5.267       9.005      10.786       4.202       0.810       0.475       0.000       0.000       0.000       0.000
   365    12    31  2023     205       0  hru205                 2.941    1841.264    3051.175    1047.996       8.118       3.107       0.044      66.258      82.583       0.000       0.000       0.000       3.804       0.000      12.744       5.267       9.005      10.786       4.202       0.810       0.475       0.000       0.000       0.000       0.000
   365    12    31  2023     206       0  hru206                 2.887    1549.755    2539.768     996.067       8.383       0.729      62.757      65.909      70.087       0.000       0.000       0.000      15.965       0.000      12.744       5.267       9.005      10.786       4.202       0.810       0.475       0.000       0.000       0.000       0.000
   365    12    31  2023     207       0  hru207                 1.127    2042.670    4385.861     939.913       8.291      11.744      14.739      58.739      40.024       0.038       0.000      48.502      42.871       4.422      12.744       5.267       9.005      10.786       4.202       0.810       0.475       0.000       0.000       0.000       0.000
   365    12    31  2023     208       0  hru208                 0.464    1196.289    2224.008     939.020       8.416       0.161      12.709      58.865      26.305       0.105       0.000       6.736      10.623       0.861      12.744       5.267       9.005      10.786       4.202       0.810       0.475       0.000       0.000       0.000       0.000
   365    12    31  2023     209       0  hru209                 0.411    1432.010    2743.159    1075.051       8.417       0.694      26.437      65.368      10.342       0.063       0.000       2.865      13.130       0.386      12.744       5.267       9.005      10.786       4.202       0.810       0.475       0.000       0.000       0.000       0.000
   365    12    31  2023     210       0  hru210                 0.576    1338.786    3335.318    1223.120       8.420       0.705      44.778      69.831      19.095       0.020       0.000       0.000      11.356       0.000      12.744       5.267       9.005      10.786       4.202       0.810       0.475       0.000       0.000       0.000       0.000
   365    12    31  2023     211       0  hru211                 0.517    1594.852    3861.051    1268.523       8.374       0.776      24.915      47.762      16.873       0.000       0.000       0.000       7.661       0.000      12.744       5.267       9.005      10.786       4.202       0.810       0.475       0.000       0.000       0.000       0.000
   365    12    31  2023     212       0  hru212                 0.478    2071.049    4369.634    1734.557       8.160       0.564       0.602      51.813       2.491       0.000       0.000       0.000      44.134       0.000      12.744       5.267       9.005      10.786       4.202       0.810       0.475       0.000       0.000       0.000       0.000
   365    12    31  2023     213       0  hru213                 0.965    2248.369    3979.876    1476.446       8.302       1.413      27.834      65.505      38.229       0.000       0.000      20.953       7.936       1.612      12.744       5.267       9.005      10.786       4.202       0.810       0.475       0.000       0.000       0.000       0.000
   365    12    31  2023     214       0  hru214                 0.643    1528.319    3454.742    1168.413       8.371       0.840      34.171      87.201      27.856       0.133       0.000       0.000      10.532       0.000      12.744       5.267       9.005      10.786       4.202       0.810       0.475       0.000       0.000       0.000       0.000
   365    12    31  2023     215       0  hru215                 0.668    1536.632    3421.769    1171.350       8.381       0.852      35.713      87.696      27.773       0.078       0.000       0.000      10.124       0.000      12.744       5.267       9.005      10.786       4.202       0.810       0.475       0.000       0.000       0.000       0.000
   365    12    31  2023     216       0  hru216                 0.583    1618.125    5090.371    1096.734       8.365       1.164      18.589      72.392      13.330       0.000       0.000       0.000      63.579       0.000      12.744       5.267       9.005      10.786       4.202       0.810       0.475       0.000       0.000       0.000       0.000
   365    12    31  2023     217       0  hru217                 0.698    1787.356    3738.489    1310.575       8.398       1.129      45.443      86.785      23.785       0.638       0.000       7.921       9.819       1.001      12.744       5.267       9.005      10.786       4.202       0.810       0.475       0.000       0.000       0.000       0.000
   365    12    31  2023     218       0  hru218                 0.830    1939.653    4721.698    1294.238       8.338       0.990      27.719      80.532      28.195       0.000       0.000       0.000      11.172       0.000      12.744       5.267       9.005      10.786       4.202       0.810       0.475       0.000       0.000       0.000       0.000
   365    12    31  2023     219       0  hru219                 0.733    1639.748    3597.368    1157.712       8.334       0.915      29.266      61.230      25.172       0.000       0.000       0.000       9.716       0.000      12.744       5.267       9.005      10.786       4.202       0.810       0.475       0.000       0.000       0.000       0.000
   365    12    31  2023     220       0  hru220                 1.095    1986.407    4126.518    1223.616       8.241       1.518      33.689      64.833      43.245       0.000       0.000       0.000      10.360       0.000      12.744       5.267       9.005      10.786       4.202       0.810       0.475       0.000       0.000       0.000       0.000
   365    12    31  2023     221       0  hru221                 3.030    1582.040    3188.907     592.405       8.281       1.028       8.804      70.347     117.631       2.390       0.000      23.491       1.065       3.483      12.744       5.267       9.005      10.786       4.202       0.810       0.475       0.000       0.000       0.000       0.000
   365    12    31  2023     222       0  hru222                 1.027      75.169     176.711      40.327       8.564       0.000     161.027      63.339       2.049       0.951       0.000       0.000      62.022       0.000      12.744       5.267       9.005      10.786       4.202       0.810       0.475       0.000       0.000       0.000       0.000
   365    12    31  2023     223       0  hru223                 0.624    1656.336    3905.098     937.955       8.426      10.268      15.631      37.927      18.690       0.002       0.000       0.000     144.304       0.000      12.744       5.267       9.005      10.786       4.202       0.810       0.475       0.000       0.000       0.000       0.000
   365    12    31  2023     224       0  hru224                 1.205    2171.341    4306.572     685.032       8.244      17.393       0.000      69.862      33.218       1.827       0.000      17.573      29.942       2.186      12.744       5.267       9.005      10.786       4.202       0.810       0.475       0.000       0.000       0.000       0.000
   365    12    31  2023     225       0  hru225                 0.917    2383.521    6369.713     967.889       7.924       2.698       0.446      74.061      30.651       0.000       0.000       0.000      26.221       0.000      12.744       5.267       9.005      10.786       4.202       0.810       0.475       0.000       0.000       0.000       0.000
   365    12    31  2023     226       0  hru226                 0.993    2405.424    6530.416    1001.687       8.262       0.892      22.753      73.030      31.149       0.000       0.000       0.000      49.459       0.000      12.744       5.267       9.005      10.786       4.202       0.810       0.475       0.000       0.000       0.000       0.000
   365    12    31  2023     227       0  hru227                 0.717    1754.097    3558.415    1275.861       7.997       3.663       0.869      78.336      34.431       0.000       0.000       0.000       4.283       0.000      12.744       5.267       9.005      10.786       4.202       0.810       0.475       0.000       0.000       0.000       0.000
   365    12    31  2023     228       0  hru228                 1.305    2182.524    4393.559     497.767       8.333      20.215      38.290      81.705      45.795       0.767       0.000      26.698      84.541       3.765      12.744       5.267       9.005      10.786       4.202       0.810       0.475       0.000       0.000       0.000       0.000
   365    12    31  2023     229       0  hru229                 1.081    1956.423    4073.064     709.172       8.202      18.618       0.478      62.389      36.639       0.000       0.000       0.000      35.138       0.000      12.744       5.267       9.005      10.786       4.202       0.810       0.475       0.000       0.000       0.000       0.000
   365    12    31  2023     230       0  hru230                 1.588    2655.991    4744.792     812.733       7.786       7.322       0.845      92.247      63.934       0.670       0.000      28.285       4.161       2.932      12.744       5.267       9.005      10.786       4.202       0.810       0.475       0.000       0.000       0.000       0.000
   365    12    31  2023     231       0  hru231                 1.046    1642.999    3669.840     591.965       8.400      14.901      39.729      68.136      27.629       1.444       0.000       0.000      90.720       0.000      12.744       5.267       9.005      10.786       4.202       0.810       0.475       0.000       0.000       0.000       0.000
   365    12    31  2023     232       0  hru232                 1.190    2084.453    4598.067     892.175       8.029       3.589       0.113      73.166      40.062       0.265       0.000      20.001       3.938       2.467      12.744       5.267       9.005      10.786       4.202       0.810       0.475       0.000       0.000       0.000       0.000
   365    12    31  2023     233       0  hru233                 1.208    2146.238    4603.044     893.908       8.040       3.573       0.156      71.755      39.834       1.225       0.000      26.169       4.384       3.176      12.744       5.267       9.005      10.786       4.202       0.810       0.475       0.000       0.000       0.000       0.000
   365    12    31  2023     234       0  hru234                 0.930    1683.634    4518.005     401.449       8.281      15.370       0.051      66.098      21.182       0.382       0.000       0.000      48.211       0.000      12.744       5.267       9.005      10.786       4.202       0.810       0.475       0.000       0.000       0.000       0.000
   365    12    31  2023     235       0  hru235                 1.015    2002.249    3538.517    1173.958       8.343       2.017      42.798      80.900      35.130       0.894       0.000       0.000      10.329       0.000      12.744       5.267       9.005      10.786       4.202       0.810       0.475       0.000       0.000       0.000       0.000
   365    12    31  2023     236       0  hru236                 1.465    2315.618    4694.596     794.772       8.214       3.391      32.078     111.770      60.312       1.718       0.000       9.410       6.079       1.175      12.744       5.267       9.005      10.786       4.202       0.810       0.475       0.000       0.000       0.000       0.000
   365    12    31  2023     237       0  hru237                 1.411    2010.719    3886.865     505.055       8.233      21.098       0.093      84.355      48.232       0.592       0.000      17.573      28.679       2.186      12.744       5.267       9.005      10.786       4.202       0.810       0.475       0.000       0.000       0.000       0.000
   365    12    31  2023     238       0  hru238                 1.343    2367.432    4411.498    1064.118       8.237       1.911      24.514      81.803      52.846       0.803       0.000      32.184       7.793       7.807      12.744       5.267       9.005      10.786       4.202       0.810       0.475       0.000       0.000       0.000       0.000
   365    12    31  2023     239       0  hru239                 2.510   69596.344       0.000    2427.512       8.096       7.091      11.836     117.625     125.230       0.000       0.000     370.379       3.426      48.664      12.744       5.267       9.005      10.786       4.202       0.810       0.475       0.000       0.000       0.000       0.000
   365    12    31  2023     240       0  hru240                 2.510   58494.172       0.000    2061.440       8.446       0.413      81.339     117.625     163.627       0.000       0.000     251.166       1.631      34.133      12.744       5.267       9.005      10.786       4.202       0.810       0.475       0.000       0.000       0.000       0.000
   365    12    31  2023     241       0  hru241                 2.510   70625.047       0.000    2458.261       8.318       1.654       1.339     117.625     124.008       0.000       0.000     383.242       1.427      50.477      12.744       5.267       9.005      10.786       4.202       0.810       0.475       0.000       0.000       0.000       0.000
   365    12    31  2023     242       0  hru242                 2.510   71400.523       0.000    2482.642       8.321       1.759       5.490     117.625     121.283       0.000       0.000     394.547       1.974      51.793      12.744       5.267       9.005      10.786       4.202       0.810       0.475       0.000       0.000       0.000       0.000
   365    12    31  2023     243       0  hru243                 2.510   71734.672       0.000    2495.424       7.986      10.858       1.872     117.625     116.156       0.000       0.000     401.092       2.601      52.002      12.744       5.267       9.005      10.786       4.202       0.810       0.475       0.000       0.000       0.000       0.000
   365    12    31  2023     244       0  hru244                 2.510   71437.359       0.000    2484.467       8.312       2.025       2.431     117.625     121.188       0.000       0.000     394.521       1.647      51.796      12.744       5.267       9.005      10.786       4.202       0.810       0.475       0.000       0.000       0.000       0.000
   365    12    31  2023     245       0  hru245                 2.510   71011.391       0.000    2472.167       8.299       2.302       0.157     117.625     122.654       0.000       0.000     388.164       0.913      51.060      12.744       5.267       9.005      10.786       4.202       0.810       0.475       0.000       0.000       0.000       0.000
   365    12    31  2023     246       0  hru246                 0.548   28637.643       0.000    1025.985       8.526       0.245     122.772     140.090     113.596       0.000       0.000      82.461       1.956      21.777      12.744       5.267       9.005      10.786       4.202       0.810       0.475       0.000       0.000       0.000       0.000
   365    12    31  2023     247       0  hru247                 1.504    2193.213    4095.021     352.187       8.348      14.429      37.101     101.519      40.629       1.362       0.000      40.348      80.549       8.570      12.744       5.267       9.005      10.786       4.202       0.810       0.475       0.000       0.000       0.000       0.000
   365    12    31  2023     248       0  hru248                 0.678    1488.937    3782.693     923.417       8.395      12.487      18.882      38.587      14.891       0.000       0.000       0.000      85.686       0.000      12.744       5.267       9.005      10.786       4.202       0.810       0.475       0.000       0.000       0.000       0.000
   365    12    31  2023     249       0  hru249                 0.717    1612.031    3899.032     903.899       8.388      12.367      18.104      39.447      16.654       0.000       0.000       0.000      84.294       0.000      12.744       5.267       9.005      10.786       4.202       0.810       0.475       0.000       0.000       0.000       0.000
   365    12    31  2023     250       0  hru250                 1.374    1951.307    3588.510     590.450       8.341      23.289      41.769      88.187      47.349       1.130       0.000       0.000      62.633       0.000      12.744       5.267       9.005      10.786       4.202       0.810       0.475       0.000       0.000       0.000       0.000
   365    12    31  2023     251       0  hru251                 2.510   70508.656       0.000    2454.485       8.311       1.886       0.988     117.625     124.310       0.000       0.000     382.306       1.211      50.367      12.744       5.267       9.005      10.786       4.202       0.810       0.475       0.000       0.000       0.000       0.000
   365    12    31  2023     252       0  hru252                 2.510   28428.438       0.000    1002.083       8.574       0.025     234.872     117.625      19.893       0.000       0.000     170.844       4.993      20.894      12.744       5.267       9.005      10.786       4.202       0.810       0.475       0.000       0.000       0.000       0.000
   365    12    31  2023     253       0  hru253                 2.510   67138.594       0.000    2343.746       8.380       0.439      26.665     117.625     135.704       0.000       0.000     343.344       2.510      45.626      12.744       5.267       9.005      10.786       4.202       0.810       0.475       0.000       0.000       0.000       0.000
   365    12    31  2023     254       0  hru254                 2.510   68879.148       0.000    2401.811       8.329       1.547       5.283     117.625     129.772       0.000       0.000     362.066       1.524      47.926      12.744       5.267       9.005      10.786       4.202       0.810       0.475       0.000       0.000       0.000       0.000
   365    12    31  2023     255       0  hru255                 2.510   71338.359       0.000    2481.309       8.308       2.119       1.377     117.625     121.511       0.000       0.000     393.057       1.466      51.627      12.744       5.267       9.005      10.786       4.202       0.810       0.475       0.000       0.000       0.000       0.000
   365    12    31  2023     256       0  hru256                 2.510   73185.469       0.000    2526.085       8.343       2.279      43.984     117.625     112.879       0.000       0.000     418.457       2.684      54.597      12.744       5.267       9.005      10.786       4.202       0.810       0.475       0.000       0.000       0.000       0.000
   365    12    31  2023     257       0  hru257                 2.510   71190.766       0.000    2477.232       8.303       2.231       0.546     117.625     121.996       0.000       0.000     390.916       1.202      51.377      12.744       5.267       9.005      10.786       4.202       0.810       0.475       0.000       0.000       0.000       0.000
   365    12    31  2023     258       0  hru258                 2.510   69712.844       0.000    2428.507       8.345       1.209      14.259     117.625     126.817       0.000       0.000     373.162       2.220      49.248      12.744       5.267       9.005      10.786       4.202       0.810       0.475       0.000       0.000       0.000       0.000
   365    12    31  2023     259       0  hru259                 2.510   73177.266       0.000    2525.782       8.344       2.264      44.432     117.625     112.810       0.000       0.000     418.513       2.696      54.605      12.744       5.267       9.005      10.786       4.202       0.810       0.475       0.000       0.000       0.000       0.000
   365    12    31  2023     260       0  hru260                 2.510   72750.430       0.000    2510.278       8.373       1.816      53.735     117.625     112.451       0.000       0.000     415.468       2.935      54.282      12.744       5.267       9.005      10.786       4.202       0.810       0.475       0.000       0.000       0.000       0.000
   365    12    31  2023     261       0  hru261                 2.510   72343.688       0.000    2496.387       8.376       1.894      58.528     117.625     112.406       0.000       0.000     412.366       3.050      53.914      12.744       5.267       9.005      10.786       4.202       0.810       0.475       0.000       0.000       0.000       0.000
   365    12    31  2023     262       0  hru262                 2.510   71100.672       0.000    2475.025       8.300       2.278       0.289     117.625     122.312       0.000       0.000     389.512       1.050      51.217      12.744       5.267       9.005      10.786       4.202       0.810       0.475       0.000       0.000       0.000       0.000
   365    12    31  2023     263       0  hru263                 2.510   72777.992       0.000    2512.607       8.366       1.790      50.940     117.625     112.979       0.000       0.000     414.687       2.813      54.195      12.744       5.267       9.005      10.786       4.202       0.810       0.475       0.000       0.000       0.000       0.000
   365    12    31  2023     264       0  hru264                 2.510   61919.316       0.000    2160.571       8.504       0.283     125.843     117.625     119.360       0.000       0.000     319.907       5.200      42.689      12.744       5.267       9.005      10.786       4.202       0.810       0.475       0.000       0.000       0.000       0.000
   365    12    31  2023     265       0  hru265                 2.510   68321.180       0.000    2386.148       8.304       2.206       0.454     117.625     132.115       0.000       0.000     351.033       0.958      46.645      12.744       5.267       9.005      10.786       4.202       0.810       0.475       0.000       0.000       0.000       0.000
   365    12    31  2023     266       0  hru266                 2.510   70999.961       0.000    2471.802       8.298       2.318       0.142     117.625     122.695       0.000       0.000     387.974       0.890      51.036      12.744       5.267       9.005      10.786       4.202       0.810       0.475       0.000       0.000       0.000       0.000
   365    12    31  2023     267       0  hru267                 2.510   71292.320       0.000    2479.822       8.306       2.161       1.024     117.625     121.637       0.000       0.000     392.447       1.379      51.552      12.744       5.267       9.005      10.786       4.202       0.810       0.475       0.000       0.000       0.000       0.000
   365    12    31  2023     268       0  hru268                 2.510   70223.555       0.000    2446.002       8.312       1.689       1.221     117.625     125.243       0.000       0.000     378.780       1.192      49.952      12.744       5.267       9.005      10.786       4.202       0.810       0.475       0.000       0.000       0.000       0.000
   365    12    31  2023     269       0  hru269                 2.510   70087.586       0.000    2442.033       8.309       1.798       1.119     117.625     125.651       0.000       0.000     377.394       1.083      49.788      12.744       5.267       9.005      10.786       4.202       0.810       0.475       0.000       0.000       0.000       0.000
   365    12    31  2023     270       0  hru270                 2.510   70133.781       0.000    2443.179       8.305       1.971       0.017     117.625     125.851       0.000       0.000     374.395       0.668      49.464      12.744       5.267       9.005      10.786       4.202       0.810       0.475       0.000       0.000       0.000       0.000
   365    12    31  2023     271       0  hru271                 2.510   70446.258       0.000    2437.067       8.205       4.603      23.635     117.625     122.498       0.000       0.000     383.797       3.968      50.397      12.744       5.267       9.005      10.786       4.202       0.810       0.475       0.000       0.000       0.000       0.000
   365    12    31  2023     272       0  hru272                 2.510   71332.305       0.000    2466.392       8.071       8.341       6.010     117.625     118.599       0.000       0.000     395.533       2.962      51.542      12.744       5.267       9.005      10.786       4.202       0.810       0.475       0.000       0.000       0.000       0.000
   365    12    31  2023     273       0  hru273                 2.510   70483.852       0.000    2439.044       8.208       4.563      28.502     117.625     122.353       0.000       0.000     382.897       4.154      50.313      12.744       5.267       9.005      10.786       4.202       0.810       0.475       0.000       0.000       0.000       0.000
   365    12    31  2023     274       0  hru274                 1.597    2175.088    4052.176     371.881       8.369      12.903      51.472     101.515      44.018       1.501       0.000      32.468      83.157       5.955      12.744       5.267       9.005      10.786       4.202       0.810       0.475       0.000       0.000       0.000       0.000
   365    12    31  2023     275       0  hru275                 1.464    1971.549    3798.337     374.544       8.382      15.434      61.935      98.421      38.895       0.732       0.000      39.124      89.413       8.567      12.744       5.267       9.005      10.786       4.202       0.810       0.475       0.000       0.000       0.000       0.000
   365    12    31  2023     276       0  hru276                 1.373    1976.397    3353.084     534.504       8.354      22.489      43.398      89.696      44.433       0.842       0.000       0.000      69.917       0.000      12.744       5.267       9.005      10.786       4.202       0.810       0.475       0.000       0.000       0.000       0.000
   365    12    31  2023     277       0  hru277                 1.400    1943.617    3538.807     559.639       8.350      22.327      47.875      88.420      47.506       1.100       0.000       0.000      64.139       0.000      12.744       5.267       9.005      10.786       4.202       0.810       0.475       0.000       0.000       0.000       0.000
   365    12    31  2023     278       0  hru278                 2.510   70397.180       0.000    2451.980       8.342       0.859       3.423     117.625     125.192       0.000       0.000     377.209       0.260      49.804      12.744       5.267       9.005      10.786       4.202       0.810       0.475       0.000       0.000       0.000       0.000
   365    12    31  2023     279       0  hru279                 2.510   73354.328       0.000    2530.277       8.304       2.405      28.768     117.625     114.483       0.000       0.000     419.815       0.615      54.727      12.744       5.267       9.005      10.786       4.202       0.810       0.475       0.000       0.000       0.000       0.000
   365    12    31  2023     280       0  hru280                 2.510   73748.703       0.000    2544.118       8.299       2.499      26.848     117.625     113.283       0.000       0.000     425.016       0.621      55.328      12.744       5.267       9.005      10.786       4.202       0.810       0.475       0.000       0.000       0.000       0.000
   365    12    31  2023     281       0  hru281                 0.549   28823.703       0.000    1032.982       8.502       0.000       4.263     140.090     118.928       0.000       0.000      81.108       0.103      21.523      12.744       5.267       9.005      10.786       4.202       0.810       0.475       0.000       0.000       0.000       0.000
   365    12    31  2023     282       0  hru282                 0.549   29017.193       0.000    1018.794       8.495       0.000       1.466     140.090     120.482       0.000       0.000      83.782       0.048      21.872      12.744       5.267       9.005      10.786       4.202       0.810       0.475       0.000       0.000       0.000       0.000
   365    12    31  2023     283       0  hru283                 1.629   67304.359       0.000    2106.813       8.120      49.695       0.000     163.281      98.330       0.000       0.000      86.869       0.000      33.103      12.744       5.267       9.005      10.786       4.202       0.810       0.475       0.000       0.000       0.000       0.000
   365    12    31  2023     284       0  hru284                 1.087   41499.066       0.000    1165.788       8.376     104.543       0.000     163.281       0.465       0.000       0.000     116.212       0.000      22.726      12.744       5.267       9.005      10.786       4.202       0.810       0.475       0.000       0.000       0.000       0.000
   365    12    31  2023     285       0  hru285                 1.085   41495.754       0.000    1169.461       8.351     104.586       0.000     163.281       0.399       0.000       0.000     116.432       0.000      22.750      12.744       5.267       9.005      10.786       4.202       0.810       0.475       0.000       0.000       0.000       0.000
   365    12    31  2023     286       0  hru286                 1.085   41495.652       0.000    1165.545       8.376     104.586       0.000     163.281       0.436       0.000       0.000     116.413       0.000      22.750      12.744       5.267       9.005      10.786       4.202       0.810       0.475       0.000       0.000       0.000       0.000
   365    12    31  2023     287       0  hru287                 1.088   41435.043       0.000    1164.603       8.382     104.643       0.000     163.281       0.439       0.000       0.000     115.862       0.000      22.660      12.744       5.267       9.005      10.786       4.202       0.810       0.475       0.000       0.000       0.000       0.000
   365    12    31  2023     288       0  hru288                 0.286     689.633      37.883      21.128       8.605       0.000      40.882      64.106       0.040       0.112       0.000      10.248       0.336       1.648      12.744       5.267       9.005      10.786       4.202       0.810       0.475       0.000       0.000       0.000       0.000
   365    12    31  2023     289       0  hru289                 0.316     771.834      73.833      23.774       8.588       0.000      22.179      64.108       0.000       0.045       0.000       4.054       0.599       0.651      12.744       5.267       9.005      10.786       4.202       0.810       0.475       0.000       0.000       0.000       0.000
   365    12    31  2023     290       0  hru290                 0.219     740.895      34.709      22.668       8.451       0.000       8.207      64.014       0.000       0.097       0.000      10.481       1.247       1.687      12.744       5.267       9.005      10.786       4.202       0.810       0.475       0.000       0.000       0.000       0.000
   365    12    31  2023     291       0  hru291                 0.262     705.094      36.486      21.622       8.483       0.000      44.172      64.082       0.024       0.107       0.000       9.322       0.822       1.566      12.744       5.267       9.005      10.786       4.202       0.810       0.475       0.000       0.000       0.000       0.000
   365    12    31  2023     292       0  hru292                 0.268     734.906      68.419      22.344       8.467       0.000       6.747      64.111       0.004       0.035       0.000       4.049       0.193       0.647      12.744       5.267       9.005      10.786       4.202       0.810       0.475       0.000       0.000       0.000       0.000
   365    12    31  2023     293       0  hru293                 0.243     726.069      68.369      22.146       8.464       0.000       4.690      64.198       0.000       0.039       0.000       3.985       0.215       0.638      12.744       5.267       9.005      10.786       4.202       0.810       0.475       0.000       0.000       0.000       0.000
   365    12    31  2023     294       0  hru294                 0.312    1193.498    2139.088    1125.932       8.483       0.021       6.053      25.709       0.934       0.014       0.000       0.000       1.579       0.000      12.744       5.267       9.005      10.786       4.202       0.810       0.475       0.000       0.000       0.000       0.000
   365    12    31  2023     295       0  hru295                 0.775    1442.905    3777.249     816.286       8.406       0.073       2.890      72.401      17.035       0.516       0.000      32.590       1.000       7.187      12.744       5.267       9.005      10.786       4.202       0.810       0.475       0.000       0.000       0.000       0.000
   365    12    31  2023     296       0  hru296                 2.288    1625.480    2219.409    1066.472       8.481       0.037       2.383      23.982      19.610       0.000       0.000       0.000       1.093       0.000      12.744       5.267       9.005      10.786       4.202       0.810       0.475       0.000       0.000       0.000       0.000
   365    12    31  2023     297       0  hru297                 0.736    1740.512    2826.531    1082.069       8.322       0.042       0.957      42.545      32.394       0.008       0.000      20.001       1.112       2.467      12.744       5.267       9.005      10.786       4.202       0.810       0.475       0.000       0.000       0.000       0.000
   365    12    31  2023     298       0  hru298                 2.313    2450.970    4720.758    1722.756       8.417       1.191       0.098      36.168      45.985       0.003       0.000       0.000       1.706       0.000      12.744       5.267       9.005      10.786       4.202       0.810       0.475       0.000       0.000       0.000       0.000
   365    12    31  2023     299       0  hru299                 0.267     717.955      67.818      21.558       8.494       0.000      40.506      64.100       0.053       0.065       0.000       4.019       0.218       0.643      12.744       5.267       9.005      10.786       4.202       0.810       0.475       0.000       0.000       0.000       0.000
   365    12    31  2023     300       0  hru300                 2.788    1880.740    4552.613    1020.385       8.449       3.864       0.000      50.944      67.350       0.003       0.000       0.000       0.283       0.000      12.744       5.267       9.005      10.786       4.202       0.810       0.475       0.000       0.000       0.000       0.000
   365    12    31  2023     301       0  hru301                 2.208    1461.557    2891.439     961.363       8.350       0.278       0.275      31.400      92.914       0.014       0.000       0.000       0.383       0.000      12.744       5.267       9.005      10.786       4.202       0.810       0.475       0.000       0.000       0.000       0.000
   365    12    31  2023     302       0  hru302                 0.332     664.118      69.562      20.661       8.469       0.000      10.276      64.168       0.004       0.137       0.000       8.149       0.208       1.329      12.744       5.267       9.005      10.786       4.202       0.810       0.475       0.000       0.000       0.000       0.000
   365    12    31  2023     303       0  hru303                 0.487    1965.427    4867.512    1628.314       8.385       0.051       1.199      24.152      14.578       0.004       0.000       0.000       1.819       0.000      12.744       5.267       9.005      10.786       4.202       0.810       0.475       0.000       0.000       0.000       0.000
   365    12    31  2023     304       0  hru304                 2.510   69945.438       0.000    2435.895       8.349       0.817       4.478     117.625     126.460       0.000       0.000     373.246       0.245      49.298      12.744       5.267       9.005      10.786       4.202       0.810       0.475       0.000       0.000       0.000       0.000
   365    12    31  2023     305       0  hru305                 2.510   74983.820       0.000    2584.807       8.458       1.090      61.840     117.625     108.526       0.000       0.000     442.174       0.306      57.362      12.744       5.267       9.005      10.786       4.202       0.810       0.475       0.000       0.000       0.000       0.000
   365    12    31  2023     306       0  hru306                 2.510   67551.594       0.000    2356.849       8.406       0.435      36.213     117.625     133.030       0.000       0.000     351.591       0.421      46.640      12.744       5.267       9.005      10.786       4.202       0.810       0.475       0.000       0.000       0.000       0.000
   365    12    31  2023     307       0  hru307                 2.510   47208.727       0.000    1618.433       8.600       0.251     194.689     117.625      40.363       0.000       0.000     319.812       0.556      41.272      12.744       5.267       9.005      10.786       4.202       0.810       0.475       0.000       0.000       0.000       0.000
   365    12    31  2023     308       0  hru308                 2.510   32334.977       0.000    1137.947       8.577       0.071     230.178     117.625      10.962       0.000       0.000     227.631       0.483      25.297      12.744       5.267       9.005      10.786       4.202       0.810       0.475       0.000       0.000       0.000       0.000
   365    12    31  2023     309       0  hru309                 2.510   71701.984       0.000    2491.863       8.356       0.734      10.113     117.625     120.472       0.000       0.000     397.931       0.319      52.222      12.744       5.267       9.005      10.786       4.202       0.810       0.475       0.000       0.000       0.000       0.000
   365    12    31  2023     310       0  hru310                 2.510   72484.531       0.000    2503.023       8.458       1.002      69.154     117.625     115.034       0.000       0.000     410.752       0.353      53.757      12.744       5.267       9.005      10.786       4.202       0.810       0.475       0.000       0.000       0.000       0.000
   365    12    31  2023     311       0  hru311                 2.510   70884.227       0.000    2465.771       8.352       0.485       6.059     117.625     123.264       0.000       0.000     386.816       0.279      50.917      12.744       5.267       9.005      10.786       4.202       0.810       0.475       0.000       0.000       0.000       0.000
   365    12    31  2023     312       0  hru312                 2.510   74966.797       0.000    2584.350       8.455       1.090      60.482     117.625     108.694       0.000       0.000     441.754       0.305      57.316      12.744       5.267       9.005      10.786       4.202       0.810       0.475       0.000       0.000       0.000       0.000
   365    12    31  2023     313       0  hru313                 2.510   70966.898       0.000    2470.742       8.299       2.311       0.169     117.625     122.812       0.000       0.000     387.501       0.126      50.985      12.744       5.267       9.005      10.786       4.202       0.810       0.475       0.000       0.000       0.000       0.000
   365    12    31  2023     314       0  hru314                 1.489    2007.181    3178.180     539.875       8.290      23.665       0.000      90.468      54.247       0.555       0.000       0.000       0.160       0.000      12.744       5.267       9.005      10.786       4.202       0.810       0.475       0.000       0.000       0.000       0.000
