 Mini_CREATE               SWAT+ Jan 11 2024        MODULAR Rev 2024.61.0                                 
  jday   mon   day    yr    unit  gis_id  name            grzn        grzp        lab_min_p   act_sta_p       fertn            fertp            fixn             denit            act_nit_n        act_sta_n        org_lab_p        rsd_nitorg_n     rsd_laborg_p    no3atmo          nh4atmo          nuptake          puptake                gwsoiln          gwsoilp
                                                          kgha        kgha        kgha        kgha             kgha             kgha             kgha             kgha             kgha             kgha             kgha             kgha             kgha             kgha             kgha             kgha             kgha                    kgha             kgha
   365    12    31  2023       1       0  hru001         0.000       0.000     -16.953     -33.628            0.000            0.000            0.000            7.661           16.058           -4.764            2.702           36.814            2.939            5.331            5.034           34.056            3.698            0.000            0.000
   365    12    31  2023       2       0  hru002         0.000       0.000     -16.622     -33.217            0.000            0.000            0.000            7.727           15.939           -4.596            2.681           37.235            2.966            5.331            5.034           34.923            3.760            0.000            0.000
   365    12    31  2023       3       0  hru003         0.000       0.000     -25.312     -42.281            0.000            0.000            0.000            0.075           10.022            2.829            1.640           54.012            5.560            5.331            5.034           63.933            8.523            0.000            0.000
   365    12    31  2023       4       0  hru004         0.000       0.000     -21.687     -40.496            0.000            0.000            0.000            0.000           17.125           -2.415            2.871           55.308            5.679            5.331            5.034           67.738            8.895            0.000            0.000
   365    12    31  2023       5       0  hru005         0.000       0.000     -26.759     -42.965            0.000            0.000            0.000            0.000           17.249           -2.515            2.892           55.294            5.675            5.331            5.034           67.786            8.900            0.000            0.000
   365    12    31  2023       6       0  hru006         0.000       0.000     -22.528     -40.904            0.000            0.000            0.000            0.000           17.145           -2.427            2.874           55.329            5.680            5.331            5.034           67.792            8.901            0.000            0.000
   365    12    31  2023       7       0  hru007         0.000       0.000     -26.843     -43.005            0.000            0.000            0.000            0.000           17.251           -2.517            2.892           55.294            5.674            5.331            5.034           67.787            8.900            0.000            0.000
   365    12    31  2023       8       0  hru008         0.000       0.000     -21.543     -40.426            0.000            0.000            0.000            0.000           17.122           -2.413            2.870           55.306            5.679            5.331            5.034           67.732            8.894            0.000            0.000
   365    12    31  2023       9       0  hru009         0.000       0.000     -33.822     -49.051            0.000            0.000            0.000            0.021           14.418           -0.876            2.407           52.009            5.370            5.331            5.034           60.078            8.093            0.000            0.000
   365    12    31  2023      10       0  hru010         0.000       0.000     -26.849     -43.008            0.000            0.000            0.000            0.000           17.251           -2.517            2.892           55.294            5.674            5.331            5.034           67.787            8.900            0.000            0.000
   365    12    31  2023      11       0  hru011         0.000       0.000     -26.846     -43.007            0.000            0.000            0.000            0.000           17.252           -2.517            2.893           55.294            5.674            5.331            5.034           67.788            8.900            0.000            0.000
   365    12    31  2023      12       0  hru012         0.000       0.000     -26.934     -43.049            0.000            0.000            0.000            0.000           17.254           -2.519            2.893           55.294            5.674            5.331            5.034           67.789            8.900            0.000            0.000
   365    12    31  2023      13       0  hru013         0.000       0.000     -26.810     -42.989            0.000            0.000            0.000            0.000           17.251           -2.517            2.892           55.295            5.674            5.331            5.034           67.787            8.900            0.000            0.000
   365    12    31  2023      14       0  hru014         0.000       0.000     -26.826     -42.997            0.000            0.000            0.000            0.000           17.251           -2.517            2.892           55.295            5.674            5.331            5.034           67.788            8.900            0.000            0.000
   365    12    31  2023      15       0  hru015         0.000       0.000     -26.750     -42.960            0.000            0.000            0.000            0.000           17.249           -2.515            2.892           55.295            5.675            5.331            5.034           67.786            8.900            0.000            0.000
   365    12    31  2023      16       0  hru016         0.000       0.000     -29.268     -45.955            0.000            0.000            0.000            0.352           13.771           -0.258            2.297           52.951            5.455            5.331            5.034           63.063            8.267            0.000            0.000
   365    12    31  2023      17       0  hru017         0.000       0.000     -25.152     -42.193            0.000            0.000            0.000            0.073           10.070            2.812            1.647           54.147            5.571            5.331            5.034           64.244            8.556            0.000            0.000
   365    12    31  2023      18       0  hru018         0.000       0.000     -27.499     -43.641            0.000            0.000            0.000            0.107            9.973            2.159            1.639           50.022            5.240            5.331            5.034           58.389            7.787            0.000            0.000
   365    12    31  2023      19       0  hru019         0.000       0.000     -27.260     -43.274            0.000            0.000            0.000            0.002           17.259           -2.544            2.894           55.177            5.663            5.331            5.034           67.539            8.875            0.000            0.000
   365    12    31  2023      20       0  hru020         0.000       0.000     -26.725     -43.184            0.000            0.000            0.000            0.098            9.992            2.412            1.639           51.596            5.367            5.331            5.034           60.696            8.097            0.000            0.000
   365    12    31  2023      21       0  hru021         0.000       0.000     -25.267     -42.259            0.000            0.000            0.000            0.074           10.018            2.835            1.639           54.038            5.562            5.331            5.034           64.002            8.529            0.000            0.000
   365    12    31  2023      22       0  hru022         0.000       0.000     -25.271     -42.261            0.000            0.000            0.000            0.074           10.018            2.835            1.639           54.038            5.562            5.331            5.034           64.003            8.529            0.000            0.000
   365    12    31  2023      23       0  hru023         0.000       0.000     -14.850     -33.968            0.000            0.000            0.000            0.000          124.695          -78.582           21.274           96.071            7.563            5.331            5.034          178.457           14.401            0.000            0.000
   365    12    31  2023      24       0  hru024         0.000       0.000     -14.864     -33.974            0.000            0.000            0.000            0.000          124.698          -78.584           21.275           96.069            7.563            5.331            5.034          178.452           14.401            0.000            0.000
   365    12    31  2023      25       0  hru025         0.000       0.000     -25.232     -42.242            0.000            0.000            0.000            0.074           10.018            2.835            1.639           54.035            5.561            5.331            5.034           63.993            8.528            0.000            0.000
   365    12    31  2023      26       0  hru026         0.000       0.000     -25.277     -42.264            0.000            0.000            0.000            0.074           10.019            2.834            1.639           54.035            5.561            5.331            5.034           63.997            8.529            0.000            0.000
   365    12    31  2023      27       0  hru027         0.000       0.000     -28.618     -44.463            0.000            0.000            0.000            0.220            9.935            2.633            1.628           52.523            5.422            5.331            5.034           61.681            8.169            0.000            0.000
   365    12    31  2023      28       0  hru028         0.000       0.000     -25.226     -42.240            0.000            0.000            0.000            0.074           10.017            2.835            1.639           54.034            5.561            5.331            5.034           63.991            8.528            0.000            0.000
   365    12    31  2023      29       0  hru029         0.000       0.000     -17.840     -39.317            0.000            0.000            0.000            0.407           10.157            2.595            1.664           53.416            5.502            5.331            5.034           63.819            8.397            0.000            0.000
   365    12    31  2023      30       0  hru030         0.000       0.000     -18.204     -38.788            0.000            0.000            0.000            0.014           14.890           -0.408            2.480           57.070            5.739            5.331            5.034           72.020            9.195            0.000            0.000
   365    12    31  2023      31       0  hru031         0.000       0.000     -27.177     -43.426            0.000            0.000            0.000            0.105           10.034            2.250            1.648           50.874            5.311            5.331            5.034           59.767            7.968            0.000            0.000
   365    12    31  2023      32       0  hru032         0.000       0.000     -16.341     -36.088            0.000            0.000            0.000            5.736           13.758           -9.030            2.351            8.291            1.516            5.331            5.034           16.093            2.828            0.000            0.000
   365    12    31  2023      33       0  hru033         0.000       0.000     -24.266     -42.221            0.000            0.000            0.000            0.038            8.638           -4.856            1.474            9.872            1.832            5.331            5.034           23.935            4.161            0.000            0.000
   365    12    31  2023      34       0  hru034         0.000       0.000     -34.706     -48.864            0.000            0.000            0.000            0.071           13.674           -7.773            2.332           14.407            2.392            5.331            5.034           32.753            6.297            0.000            0.000
   365    12    31  2023      35       0  hru035         0.000       0.000     -31.792     -45.547            0.000            0.000            0.000            0.031            9.564           -4.675            1.628           14.380            2.426            5.331            5.034           29.909            5.856            0.000            0.000
   365    12    31  2023      36       0  hru036         0.000       0.000     -31.864     -45.567            0.000            0.000            0.000            0.032            9.566           -4.674            1.628           14.381            2.426            5.331            5.034           29.911            5.856            0.000            0.000
   365    12    31  2023      37       0  hru037         0.000       0.000     -38.577     -51.026            0.000            0.000            0.000            0.004           14.136           -8.026            2.411           14.998            2.483            5.331            5.034           31.852            6.009            0.000            0.000
   365    12    31  2023      38       0  hru038         0.000       0.000     -31.827     -45.555            0.000            0.000            0.000            0.032            9.565           -4.674            1.628           14.381            2.426            5.331            5.034           29.910            5.856            0.000            0.000
   365    12    31  2023      39       0  hru039         0.000       0.000     -31.780     -45.545            0.000            0.000            0.000            0.031            9.563           -4.675            1.628           14.380            2.426            5.331            5.034           29.909            5.856            0.000            0.000
   365    12    31  2023      40       0  hru040         0.000       0.000     -17.385     -35.223            0.000            0.000            0.000            5.307           14.777           -9.270            2.522           10.712            1.507            5.331            5.034           18.499            2.626            0.000            0.000
   365    12    31  2023      41       0  hru041         0.000       0.000     -29.741     -44.514            0.000            0.000            0.000            0.021            9.463           -4.663            1.611           14.094            2.372            5.331            5.034           29.837            5.853            0.000            0.000
   365    12    31  2023      42       0  hru042         0.000       0.000     -34.738     -49.344            0.000            0.000            0.000            0.002           13.902           -7.873            2.371           14.746            2.444            5.331            5.034           32.410            6.146            0.000            0.000
   365    12    31  2023      43       0  hru043         0.000       0.000     -13.660     -39.330            0.000            0.000            0.000            0.000            6.046           -0.758            1.028           17.252            2.873            5.331            5.034           21.575            3.527            0.000            0.000
   365    12    31  2023      44       0  hru044         0.000       0.000     -27.870     -45.859            0.000            0.000            0.000            0.003           11.796           -2.561            2.003           31.880            6.761            5.331            5.034           43.530           10.862            0.000            0.000
   365    12    31  2023      45       0  hru045         0.000       0.000     -13.220     -37.940            0.000            0.000            0.000            0.000            5.848           -0.614            0.994           17.217            2.867            5.331            5.034           21.506            3.515            0.000            0.000
   365    12    31  2023      46       0  hru046         0.000       0.000     -13.362     -38.498            0.000            0.000            0.000            0.000            6.090           -0.798            1.036           17.220            2.868            5.331            5.034           21.520            3.518            0.000            0.000
   365    12    31  2023      47       0  hru047         0.000       0.000     -13.625     -38.141            0.000            0.000            0.000            0.000            3.014            1.529            0.505           17.209            2.866            5.331            5.034           21.480            3.511            0.000            0.000
   365    12    31  2023      48       0  hru048         0.000       0.000      -5.861     -30.572            0.000            0.000            0.000            0.000           49.008          -33.316            8.393           16.939            2.822            5.331            5.034           20.865            3.405            0.000            0.000
   365    12    31  2023      49       0  hru049         0.000       0.000     -12.622     -36.247            0.000            0.000            0.000            0.000            7.098           -1.515            1.209           17.432            2.905            5.331            5.034           21.862            3.577            0.000            0.000
   365    12    31  2023      50       0  hru050         0.000       0.000     -12.622     -36.247            0.000            0.000            0.000            0.000            7.098           -1.515            1.209           17.432            2.905            5.331            5.034           21.862            3.577            0.000            0.000
   365    12    31  2023      51       0  hru051         0.000       0.000     -12.622     -36.247            0.000            0.000            0.000            0.000            7.098           -1.516            1.209           17.432            2.905            5.331            5.034           21.861            3.577            0.000            0.000
   365    12    31  2023      52       0  hru052         0.000       0.000     -12.615     -36.242            0.000            0.000            0.000            0.000            7.223           -1.607            1.230           17.487            2.914            5.331            5.034           21.970            3.596            0.000            0.000
   365    12    31  2023      53       0  hru053         0.000       0.000     -13.358     -36.509            0.000            0.000            0.000            0.000            9.393           -2.092            1.598           24.836            4.166            5.331            5.034           35.736            5.995            0.000            0.000
   365    12    31  2023      54       0  hru054         0.000       0.000     -12.622     -36.247            0.000            0.000            0.000            0.000            7.098           -1.515            1.209           17.432            2.905            5.331            5.034           21.863            3.577            0.000            0.000
   365    12    31  2023      55       0  hru055         0.000       0.000     -15.748     -39.649            0.000            0.000            0.000            6.459           13.366           -9.938            2.286            0.704            0.111            5.331            5.034            1.209            0.190            0.000            0.000
   365    12    31  2023      56       0  hru056         0.000       0.000     -25.732     -42.605            0.000            0.000            0.000            0.000           16.397          -12.179            2.804            0.854            0.136            5.331            5.034            2.005            0.320            0.000            0.000
   365    12    31  2023      57       0  hru057         0.000       0.000     -16.170     -36.457            0.000            0.000            0.000            8.090           14.129          -10.571            2.416            0.376            0.059            5.331            5.034            0.481            0.075            0.000            0.000
   365    12    31  2023      58       0  hru058         0.000       0.000     -15.378     -38.868            0.000            0.000            0.000            6.252           13.676          -10.213            2.339            0.556            0.088            5.331            5.034            0.875            0.137            0.000            0.000
   365    12    31  2023      59       0  hru059         0.000       0.000     -16.138     -36.517            0.000            0.000            0.000            8.190           14.007          -10.448            2.395            0.526            0.082            5.331            5.034            0.794            0.124            0.000            0.000
   365    12    31  2023      60       0  hru060         0.000       0.000     -16.319     -40.667            0.000            0.000            0.000            0.006           13.633          -10.175            2.331            0.729            0.115            5.331            5.034            1.570            0.249            0.000            0.000
   365    12    31  2023      61       0  hru061         0.000       0.000     -27.769     -45.575            0.000            0.000            0.000            0.469           13.009           -9.663            2.225            0.773            0.122            5.331            5.034            2.177            0.348            0.000            0.000
   365    12    31  2023      62       0  hru062         0.000       0.000     -54.089     -59.808            0.000            0.000            0.000            0.514           14.786          -11.117            2.528            0.629            0.099            5.331            5.034            1.102            0.175            0.000            0.000
   365    12    31  2023      63       0  hru063         0.000       0.000     -30.957     -47.714            0.000            0.000            0.000            0.003           13.303           -9.907            2.275            0.750            0.119            5.331            5.034            1.728            0.276            0.000            0.000
   365    12    31  2023      64       0  hru064         0.000       0.000     -20.146     -39.939            0.000            0.000            0.000            0.000           16.197          -12.025            2.770            0.757            0.120            5.331            5.034            2.060            0.330            0.000            0.000
   365    12    31  2023      65       0  hru065         0.000       0.000     -20.593     -40.151            0.000            0.000            0.000            0.000           16.227          -12.038            2.775            0.836            0.132            5.331            5.034            2.004            0.318            0.000            0.000
   365    12    31  2023      66       0  hru066         0.000       0.000     -19.462     -39.605            0.000            0.000            0.000            0.000           16.183          -12.009            2.768            0.769            0.122            5.331            5.034            2.082            0.334            0.000            0.000
   365    12    31  2023      67       0  hru067         0.000       0.000     -23.017     -41.398            0.000            0.000            0.000            0.028            8.918           -6.547            1.525            0.824            0.131            5.331            5.034            1.969            0.323            0.000            0.000
   365    12    31  2023      68       0  hru068         0.000       0.000     -25.600     -42.550            0.000            0.000            0.000            0.000           16.297          -12.091            2.787            0.901            0.144            5.331            5.034            2.038            0.325            0.000            0.000
   365    12    31  2023      69       0  hru069         0.000       0.000     -25.654     -42.572            0.000            0.000            0.000            0.000           16.305          -12.111            2.789            0.761            0.121            5.331            5.034            1.988            0.319            0.000            0.000
   365    12    31  2023      70       0  hru070         0.000       0.000     -25.801     -42.641            0.000            0.000            0.000            0.000           16.337          -12.133            2.794            0.844            0.134            5.331            5.034            1.912            0.304            0.000            0.000
   365    12    31  2023      71       0  hru071         0.000       0.000     -25.747     -42.618            0.000            0.000            0.000            0.000           16.319          -12.117            2.791            0.857            0.136            5.331            5.034            1.948            0.317            0.000            0.000
   365    12    31  2023      72       0  hru072         0.000       0.000     -25.802     -42.654            0.000            0.000            0.000            0.000           16.365          -12.158            2.799            0.834            0.133            5.331            5.034            1.906            0.303            0.000            0.000
   365    12    31  2023      73       0  hru073         0.000       0.000     -17.569     -33.034            0.000            0.000            0.000            6.972           15.542          -11.736            2.657            0.203            0.032            5.331            5.034            0.107            0.016            0.000            0.000
   365    12    31  2023      74       0  hru074         0.000       0.000     -15.900     -36.189            0.000            0.000            0.000            8.465           13.997          -10.441            2.393            0.487            0.077            5.331            5.034            0.698            0.110            0.000            0.000
   365    12    31  2023      75       0  hru075         0.000       0.000     -16.335     -36.308            0.000            0.000            0.000            8.179           14.212          -10.642            2.430            0.359            0.056            5.331            5.034            0.452            0.071            0.000            0.000
   365    12    31  2023      76       0  hru076         0.000       0.000     -27.575     -45.481            0.000            0.000            0.000            0.469           13.042           -9.675            2.231            0.897            0.142            5.331            5.034            2.011            0.320            0.000            0.000
   365    12    31  2023      77       0  hru077         0.000       0.000     -25.020     -42.390            0.000            0.000            0.000            0.060            8.885           -6.529            1.519            0.778            0.123            5.331            5.034            2.052            0.329            0.000            0.000
   365    12    31  2023      78       0  hru078         0.000       0.000     -25.023     -42.400            0.000            0.000            0.000            0.064            8.899           -6.531            1.522            0.847            0.135            5.331            5.034            2.032            0.325            0.000            0.000
   365    12    31  2023      79       0  hru079         0.000       0.000     -27.467     -43.827            0.000            0.000            0.000            0.117            8.969           -6.602            1.534            0.839            0.133            5.331            5.034            1.890            0.300            0.000            0.000
   365    12    31  2023      80       0  hru080         0.000       0.000     -24.882     -42.328            0.000            0.000            0.000            0.059            8.877           -6.531            1.518            0.764            0.121            5.331            5.034            2.166            0.346            0.000            0.000
   365    12    31  2023      81       0  hru081         0.000       0.000     -25.951     -42.943            0.000            0.000            0.000            0.074            8.897           -6.536            1.522            0.845            0.134            5.331            5.034            2.034            0.324            0.000            0.000
   365    12    31  2023      82       0  hru082         0.000       0.000     -27.698     -43.771            0.000            0.000            0.000            0.083            9.012           -6.617            1.541            0.877            0.139            5.331            5.034            2.007            0.321            0.000            0.000
   365    12    31  2023      83       0  hru083         0.000       0.000     -25.302     -42.561            0.000            0.000            0.000            0.066            8.910           -6.548            1.524            0.822            0.131            5.331            5.034            1.979            0.323            0.000            0.000
   365    12    31  2023      84       0  hru084         0.000       0.000     -25.101     -42.423            0.000            0.000            0.000            0.060            8.908           -6.544            1.523            0.815            0.129            5.331            5.034            1.977            0.315            0.000            0.000
   365    12    31  2023      85       0  hru085         0.000       0.000     -24.901     -42.315            0.000            0.000            0.000            0.059            8.865           -6.512            1.516            0.772            0.124            5.331            5.034            2.124            0.341            0.000            0.000
   365    12    31  2023      86       0  hru086         0.000       0.000     -57.494     -60.970            0.000            0.000            0.000            0.041           14.980          -11.235            2.561            0.425            0.067            5.331            5.034            0.614            0.096            0.000            0.000
   365    12    31  2023      87       0  hru087         0.000       0.000     -27.792     -43.732            0.000            0.000            0.000            0.001           16.461          -12.248            2.816            0.741            0.119            5.331            5.034            1.693            0.272            0.000            0.000
   365    12    31  2023      88       0  hru088         0.000       0.000      -9.958     -32.498            0.000            0.000            0.000            0.000          126.481          -95.507           21.636            0.838            0.133            5.331            5.034            1.887            0.300            0.000            0.000
   365    12    31  2023      89       0  hru089         0.000       0.000     -24.826     -42.293            0.000            0.000            0.000            0.063            8.810           -6.470            1.507            0.798            0.126            5.331            5.034            2.233            0.357            0.000            0.000
   365    12    31  2023      90       0  hru090         0.000       0.000     -24.848     -42.326            0.000            0.000            0.000            0.061            8.820           -6.474            1.508            0.806            0.127            5.331            5.034            2.131            0.342            0.000            0.000
   365    12    31  2023      91       0  hru091         0.000       0.000      -9.912     -32.471            0.000            0.000            0.000            0.000          126.482          -95.496           21.636            0.849            0.134            5.331            5.034            1.906            0.303            0.000            0.000
   365    12    31  2023      92       0  hru092         0.000       0.000     -37.011     -50.625            0.000            0.000            0.000            0.009           13.708          -10.233            2.344            0.664            0.106            5.331            5.034            1.519            0.242            0.000            0.000
   365    12    31  2023      93       0  hru093         0.000       0.000     -25.169     -42.463            0.000            0.000            0.000            0.063            8.903           -6.539            1.523            0.817            0.130            5.331            5.034            1.959            0.315            0.000            0.000
   365    12    31  2023      94       0  hru094         0.000       0.000      -9.801     -32.423            0.000            0.000            0.000            0.000          126.035          -95.157           21.560            0.783            0.124            5.331            5.034            2.101            0.336            0.000            0.000
   365    12    31  2023      95       0  hru095         0.000       0.000     -17.369     -39.485            0.000            0.000            0.000            0.008           13.741          -10.211            2.350            0.813            0.128            5.331            5.034            1.421            0.224            0.000            0.000
   365    12    31  2023      96       0  hru096         0.000       0.000     -12.535     -33.846            0.000            0.000            0.000            0.030          126.509          -96.106           21.640            0.887            0.140            5.331            5.034            1.986            0.316            0.000            0.000
   365    12    31  2023      97       0  hru097         0.000       0.000      -9.735     -32.386            0.000            0.000            0.000            0.000          126.447          -95.469           21.630            0.842            0.133            5.331            5.034            1.917            0.308            0.000            0.000
   365    12    31  2023      98       0  hru098         0.000       0.000     -16.887     -39.668            0.000            0.000            0.000            0.006           13.595          -10.118            2.325            0.682            0.108            5.331            5.034            1.529            0.243            0.000            0.000
   365    12    31  2023      99       0  hru099         0.000       0.000     -30.607     -48.409            0.000            0.000            0.000            0.004           13.241           -9.859            2.265            0.840            0.133            5.331            5.034            1.911            0.305            0.000            0.000
   365    12    31  2023     100       0  hru100         0.000       0.000     -31.070     -47.732            0.000            0.000            0.000            0.002           13.276           -9.872            2.271            0.808            0.128            5.331            5.034            1.871            0.297            0.000            0.000
   365    12    31  2023     101       0  hru101         0.000       0.000     -24.923     -42.333            0.000            0.000            0.000            0.061            8.861           -6.512            1.515            0.775            0.123            5.331            5.034            2.171            0.347            0.000            0.000
   365    12    31  2023     102       0  hru102         0.000       0.000     -31.824     -48.203            0.000            0.000           98.866            0.006           14.868           -1.341            2.504           47.659            2.126            5.331            5.034          128.073            6.137            0.000            0.000
   365    12    31  2023     103       0  hru103         0.000       0.000     -27.514     -43.724            0.000            0.000           91.169            0.116           10.557            1.913            1.759           47.501            2.117            5.331            5.034          127.998            6.133            0.000            0.000
   365    12    31  2023     104       0  hru104         0.000       0.000     -34.054     -49.252           25.176            1.678           78.866            0.005           14.705           -1.831            2.484           41.037            2.975            5.331            5.034          130.465           11.545            0.000            0.000
   365    12    31  2023     105       0  hru105         0.000       0.000     -35.998     -47.545           19.931            3.567           68.456            0.244           10.517           -0.820            1.776           34.450            2.644            5.331            5.034          109.436            9.461            0.000            0.000
   365    12    31  2023     106       0  hru106         0.000       0.000     -18.677     -39.696            9.441            1.259           88.890            6.702           15.375           -1.090            2.587           44.880            1.930            5.331            5.034          145.181            6.989            0.000            0.000
   365    12    31  2023     107       0  hru107         0.000       0.000     -13.578     -32.928           58.744            8.392            4.757           13.502           15.326           -8.146            2.611           12.456            1.326            5.331            5.034           54.814            5.714            0.000            0.000
   365    12    31  2023     108       0  hru108         0.000       0.000      56.185      16.219          485.425          153.154           17.893            0.006           27.053           57.689            5.179            8.776            1.684            5.331            5.034           99.416           14.677            0.000            0.000
   365    12    31  2023     109       0  hru109         0.000       0.000      22.147     -13.453          328.600           99.026           18.525            3.110           19.872           25.024            3.584            7.664            0.989            5.331            5.034          118.761           17.331            0.000            0.000
   365    12    31  2023     110       0  hru110         0.000       0.000     -34.393     -48.809           44.583            2.727           37.865            0.616           13.459           -4.829            2.288           19.832            2.841            5.331            5.034           99.800           16.291            0.000            0.000
   365    12    31  2023     111       0  hru111         0.000       0.000     -33.409     -48.340           50.877            4.773           21.419            0.597           13.353           -5.246            2.285           17.103            3.217            5.331            5.034           87.384           17.199            0.000            0.000
   365    12    31  2023     112       0  hru112         0.000       0.000      85.845      31.718          567.772          178.068            6.344           82.035           27.671           48.894            5.255            1.238            0.480            5.331            5.034           42.909            6.823            0.000            0.000
   365    12    31  2023     113       0  hru113         0.000       0.000     -25.464     -41.148           73.168           15.473           38.076            0.036            9.237           -2.876            1.558            7.198            3.013            5.331            5.034          123.537           22.591            0.000            0.000
   365    12    31  2023     114       0  hru114         0.000       0.000     109.975      51.954          646.185          228.263           72.188            1.680           26.084           77.646            5.230           43.375            2.347            5.331            5.034          203.902           14.234            0.000            0.000
   365    12    31  2023     115       0  hru115         0.000       0.000     -34.234     -49.043           77.364            7.920           21.810            0.003           13.714           -4.643            2.344           14.603            2.866            5.331            5.034          114.266           19.700            0.000            0.000
   365    12    31  2023     116       0  hru116         0.000       0.000     -31.934     -45.383           66.612            6.923           38.204            0.084            9.630           -1.338            1.630           18.256            3.127            5.331            5.034          122.004           20.457            0.000            0.000
   365    12    31  2023     117       0  hru117         0.000       0.000     -30.464     -44.645           72.906            8.969           21.782            0.064            9.483           -1.651            1.622           16.006            3.599            5.331            5.034          111.659           21.826            0.000            0.000
   365    12    31  2023     118       0  hru118         0.000       0.000     -30.619     -44.710           72.906            8.969           21.840            0.069            9.472           -1.664            1.620           15.795            3.464            5.331            5.034          111.578           21.882            0.000            0.000
   365    12    31  2023     119       0  hru119         0.000       0.000     -20.643     -40.180           72.381            9.966           62.836            6.160           14.680           -2.853            2.490           23.912            1.647            5.331            5.034          166.081           18.635            0.000            0.000
   365    12    31  2023     120       0  hru120         0.000       0.000     -21.109     -37.521           44.583            2.727           12.502            0.000          125.315          -88.983           21.419           20.201            3.511            5.331            5.034          133.888           20.537            0.000            0.000
   365    12    31  2023     121       0  hru121         0.000       0.000      54.510      15.139          481.229          152.105           37.169            0.006           27.027           57.714            5.109            8.241            1.855            5.331            5.034          111.865           15.151            0.000            0.000
   365    12    31  2023     122       0  hru122         0.000       0.000      20.934     -14.202          332.796          100.704           18.806            3.355           19.785           24.838            3.569            6.386            1.121            5.331            5.034          119.800           19.979            0.000            0.000
   365    12    31  2023     123       0  hru123         0.000       0.000      19.375     -16.969          326.764           94.410           22.280            0.229           15.346           25.740            2.834           13.283            2.685            5.331            5.034          124.428           18.205            0.000            0.000
   365    12    31  2023     124       0  hru124         0.000       0.000      12.889     -12.743          285.066           81.612            0.000            3.042           21.052           30.976            3.890            6.106            1.820            5.331            5.034          115.630           21.586            0.000            0.000
   365    12    31  2023     125       0  hru125         0.000       0.000     -16.840     -37.355           94.410           13.637           35.759            5.911           15.002           -3.546            2.544           21.281            3.610            5.331            5.034          153.765           18.241            0.000            0.000
   365    12    31  2023     126       0  hru126         0.000       0.000     -31.234     -45.438           60.842            5.245           50.528            0.062            9.743           -1.365            1.640           16.548            3.155            5.331            5.034          128.983           17.520            0.000            0.000
   365    12    31  2023     127       0  hru127         0.000       0.000     -18.401     -39.473           83.920           10.070            8.264            6.455           14.785           -5.799            2.513           14.347            2.831            5.331            5.034          104.327           14.248            0.000            0.000
   365    12    31  2023     128       0  hru128         0.000       0.000     -19.082     -41.646          110.932           14.004            0.000            0.003           13.925           -4.325            2.381           13.960            4.410            5.331            5.034          134.362           23.896            0.000            0.000
   365    12    31  2023     129       0  hru129         0.000       0.000     -13.641     -31.643          110.407           11.277            0.000           21.200           15.226           -7.618            2.595           13.294            1.911            5.331            5.034           77.664           10.486            0.000            0.000
   365    12    31  2023     130       0  hru130         0.000       0.000     -36.410     -49.718          106.474            8.182            0.000            0.124           13.267           -4.231            2.266           11.803            4.460            5.331            5.034          123.635           26.724            0.000            0.000
   365    12    31  2023     131       0  hru131         0.000       0.000     -35.151     -49.508          102.802           10.070            0.000            0.006           13.579           -5.354            2.326            7.214            3.627            5.331            5.034          111.997           23.287            0.000            0.000
   365    12    31  2023     132       0  hru132         0.000       0.000      -8.023     -28.398          104.376           17.413           10.763           21.989           15.626           -7.286            2.659           11.409            1.311            5.331            5.034           76.202            8.098            0.000            0.000
   365    12    31  2023     133       0  hru133         0.000       0.000     159.404      94.325          999.436          318.267            0.000            1.559           35.910          125.500            8.025            5.077            0.934            5.331            5.034          133.969           19.552            0.000            0.000
   365    12    31  2023     134       0  hru134         0.000       0.000      31.799      -3.923          347.744           97.452            0.000           47.929           20.587           26.577            3.758            3.224            1.071            5.331            5.034          104.519           17.886            0.000            0.000
   365    12    31  2023     135       0  hru135         0.000       0.000     -34.084     -48.759           25.176            1.678          191.268            2.269           18.183           18.329            2.919          171.195            9.287            5.331            5.034          320.873           20.234            0.000            0.000
   365    12    31  2023     136       0  hru136         0.000       0.000     -27.275     -40.581            0.000            0.000          157.763            0.103          132.270          -77.206           22.570          133.704            6.882            5.331            5.034          256.564           16.435            0.000            0.000
   365    12    31  2023     137       0  hru137         0.000       0.000     -32.338     -46.028            0.000            0.000           94.045            0.204           10.368            2.437            1.721           57.450            3.123            5.331            5.034          130.735           11.123            0.000            0.000
   365    12    31  2023     138       0  hru138         0.000       0.000     -14.270     -29.726           41.698            5.193            0.815           16.330           15.944          -11.429            2.724            1.545            0.163            5.331            5.034            8.713            1.186            0.000            0.000
   365    12    31  2023     139       0  hru139         0.000       0.000     -30.620     -45.267            0.000            0.000           66.047            0.001           16.649           -4.716            2.815           44.648            2.593            5.331            5.034           96.563            9.962            0.000            0.000
   365    12    31  2023     140       0  hru140         0.000       0.000     -29.207     -44.702            0.000            0.000           68.605            0.176            9.550            0.861            1.589           45.687            2.603            5.331            5.034          100.295            9.843            0.000            0.000
   365    12    31  2023     141       0  hru141         0.000       0.000     -29.916     -46.626           32.519            5.455           44.259            0.159           13.725           -4.307            2.330           23.656            3.660            5.331            5.034          100.755           14.143            0.000            0.000
   365    12    31  2023     142       0  hru142         0.000       0.000     -23.841     -41.468           70.545           15.473           21.704            0.059            9.339           -2.136            1.604           11.216            3.927            5.331            5.034          107.840           20.610            0.000            0.000
   365    12    31  2023     143       0  hru143         0.000       0.000     -30.835     -47.258           32.519            5.455           45.498            0.204           13.932           -3.338            2.370           28.609            3.682            5.331            5.034          103.091           14.856            0.000            0.000
   365    12    31  2023     144       0  hru144         0.000       0.000     -32.235     -47.821           33.568            4.773           46.124            0.006           14.011           -4.442            2.379           23.727            3.484            5.331            5.034           97.586           13.884            0.000            0.000
   365    12    31  2023     145       0  hru145         0.000       0.000     -32.713     -47.753           50.877            4.773           21.500            0.168           13.217           -5.843            2.255           12.770            3.034            5.331            5.034           86.402           17.106            0.000            0.000
   365    12    31  2023     146       0  hru146         0.000       0.000     -28.496     -46.616           51.926           13.217           46.947            0.006           13.822           -4.210            2.354           20.110            3.794            5.331            5.034          115.383           18.350            0.000            0.000
   365    12    31  2023     147       0  hru147         0.000       0.000     -40.106     -52.283           94.410            9.651            0.000            0.014           14.042           -5.424            2.402           10.109            4.189            5.331            5.034          103.086           23.181            0.000            0.000
   365    12    31  2023     148       0  hru148         0.000       0.000     -10.662     -35.178           97.295           22.449            9.760            7.462           14.206           -7.382            2.418            3.667            1.151            5.331            5.034          102.516           17.099            0.000            0.000
   365    12    31  2023     149       0  hru149         0.000       0.000     -29.862     -43.912           47.205           11.015            0.000            0.070            8.872           -4.384            1.515            2.699            0.737            5.331            5.034           58.034           15.980            0.000            0.000
   365    12    31  2023     150       0  hru150         0.000       0.000     -33.280     -45.773           70.021           14.948            0.000            0.318            9.203           -3.865            1.586            2.388            0.711            5.331            5.034           77.513           21.156            0.000            0.000
   365    12    31  2023     151       0  hru151         0.000       0.000       0.497     -20.329          245.204           74.479            0.000            0.072           21.496           28.810            3.951            2.015            0.911            5.331            5.034           63.726           16.861            0.000            0.000
   365    12    31  2023     152       0  hru152         0.000       0.000      18.441     -13.331          343.286           99.812           55.850            0.014           20.889           28.281            3.723           10.992            1.827            5.331            5.034          162.247           19.629            0.000            0.000
   365    12    31  2023     153       0  hru153         0.000       0.000      84.679      44.739          536.302          163.120            0.000           95.243           30.045           60.423            5.783            1.792            0.252            5.331            5.034           44.144            7.313            0.000            0.000
   365    12    31  2023     154       0  hru154         0.000       0.000      84.253      44.589          536.302          163.120            0.000           96.093           29.976           60.454            5.770            1.512            0.232            5.331            5.034           46.965            7.702            0.000            0.000
   365    12    31  2023     155       0  hru155         0.000       0.000     -10.273     -35.497           99.393           21.400            6.971            9.907           14.485           -7.484            2.463            9.930            1.490            5.331            5.034           96.848           12.795            0.000            0.000
   365    12    31  2023     156       0  hru156         0.000       0.000     -24.077     -42.130          106.474           22.029           71.183            0.123            9.547           -1.233            1.605            8.638            2.720            5.331            5.034          188.108           24.611            0.000            0.000
   365    12    31  2023     157       0  hru157         0.000       0.000      90.466      40.123          648.283          208.751            0.000            0.017           28.883           69.211            5.574            6.315            1.385            5.331            5.034          131.183           19.782            0.000            0.000
   365    12    31  2023     158       0  hru158         0.000       0.000      22.788     -12.822          361.119          104.638            0.000            0.016           19.729           25.870            3.605            7.560            1.407            5.331            5.034          133.418           23.507            0.000            0.000
   365    12    31  2023     159       0  hru159         0.000       0.000     -13.961     -35.803          126.929           19.721            0.000            8.731           14.623           -4.939            2.490           18.207            2.934            5.331            5.034          133.584           20.418            0.000            0.000
   365    12    31  2023     160       0  hru160         0.000       0.000      79.110      41.640          547.841          179.956           61.943            2.171           26.876           80.779            5.440           54.824            4.171            5.331            5.034          171.255           18.005            0.000            0.000
   365    12    31  2023     161       0  hru161         0.000       0.000     242.171     162.297         1210.810          428.779            0.000            1.292           42.337          159.898            9.749           16.105            3.459            5.331            5.034          215.121           26.312            0.000            0.000
   365    12    31  2023     162       0  hru162         0.000       0.000      14.101     -21.086          339.090           99.393            0.000            0.009           20.031           21.597            3.605           13.503            2.273            5.331            5.034          100.279           19.759            0.000            0.000
   365    12    31  2023     163       0  hru163         0.000       0.000     -25.185     -42.488            0.000            0.000            0.000            0.063            8.914           -6.547            1.524            0.852            0.135            5.331            5.034            1.916            0.304            0.000            0.000
   365    12    31  2023     164       0  hru164         0.000       0.000      -9.368     -32.211            0.000            0.000            0.000            0.000          125.690          -94.860           21.501            0.781            0.124            5.331            5.034            2.203            0.351            0.000            0.000
   365    12    31  2023     165       0  hru165         0.000       0.000     -43.055     -53.049            0.000            0.000            0.000            0.634           13.928          -10.393            2.382            0.878            0.139            5.331            5.034            1.971            0.314            0.000            0.000
   365    12    31  2023     166       0  hru166         0.000       0.000     -27.248     -43.710            0.000            0.000            0.000            0.110            8.960           -6.599            1.532            0.821            0.130            5.331            5.034            1.913            0.305            0.000            0.000
   365    12    31  2023     167       0  hru167         0.000       0.000     -25.646     -42.782            0.000            0.000            0.000            0.072            8.900           -6.537            1.522            0.864            0.137            5.331            5.034            2.004            0.319            0.000            0.000
   365    12    31  2023     168       0  hru168         0.000       0.000     -27.174     -45.316            0.000            0.000            0.000            0.138           12.982           -9.625            2.220            0.873            0.138            5.331            5.034            1.941            0.309            0.000            0.000
   365    12    31  2023     169       0  hru169         0.000       0.000     -28.233     -45.936            0.000            0.000            0.000            0.172           12.991           -9.653            2.222            0.754            0.120            5.331            5.034            2.041            0.330            0.000            0.000
   365    12    31  2023     170       0  hru170         0.000       0.000     -24.948     -42.351            0.000            0.000            0.000            0.059            8.881           -6.515            1.519            0.869            0.138            5.331            5.034            1.995            0.321            0.000            0.000
   365    12    31  2023     171       0  hru171         0.000       0.000     -28.897     -44.657           25.176            1.678            0.000            0.045            8.508           -4.770            1.452            5.422            1.930            5.331            5.034           39.786           10.255            0.000            0.000
   365    12    31  2023     172       0  hru172         0.000       0.000     -26.260     -42.580           22.816            3.934            0.000            0.042            8.387           -5.200            1.434            2.150            1.706            5.331            5.034           34.807            9.884            0.000            0.000
   365    12    31  2023     173       0  hru173         0.000       0.000     -31.118     -47.801           18.882            1.259            0.000            0.253           12.148           -7.049            2.074            5.800            1.703            5.331            5.034           38.118           10.072            0.000            0.000
   365    12    31  2023     174       0  hru174         0.000       0.000     -42.855     -52.989           44.058            2.937           73.435            1.013           15.083            0.861            2.529           57.623            5.650            5.331            5.034          163.789           24.993            0.000            0.000
   365    12    31  2023     175       0  hru175         0.000       0.000       2.284     -18.800          269.331           79.724            0.000            3.629           21.614           29.606            4.006            2.900            1.146            5.331            5.034           95.534           25.136            0.000            0.000
   365    12    31  2023     176       0  hru176         0.000       0.000      13.752     -19.512          321.257           94.777           74.317            0.569           16.151           26.197            2.919           18.055            3.214            5.331            5.034          164.883           19.835            0.000            0.000
   365    12    31  2023     177       0  hru177         0.000       0.000     -27.102     -45.269            0.000            0.000            0.000            0.129           12.921           -9.585            2.210            0.771            0.123            5.331            5.034            2.055            0.333            0.000            0.000
   365    12    31  2023     178       0  hru178         0.000       0.000     -27.199     -45.337            0.000            0.000            0.000            0.135           12.978           -9.628            2.220            0.846            0.134            5.331            5.034            1.931            0.308            0.000            0.000
   365    12    31  2023     179       0  hru179         0.000       0.000      -9.847     -32.426            0.000            0.000            0.000            0.000          126.471          -95.452           21.634            0.858            0.136            5.331            5.034            1.915            0.305            0.000            0.000
   365    12    31  2023     180       0  hru180         0.000       0.000     -36.810     -48.250           44.058            4.616          145.145            0.307           11.617            5.084            1.914           52.997            3.261            5.331            5.034          218.666           15.999            0.000            0.000
   365    12    31  2023     181       0  hru181         0.000       0.000      11.178     -13.883          277.723           79.724           42.514            3.411           21.434           32.565            3.925           13.903            1.681            5.331            5.034          153.668           21.233            0.000            0.000
   365    12    31  2023     182       0  hru182         0.000       0.000      12.530     -11.068          277.723           79.724           43.051            0.532           17.247           35.751            3.269           13.017            1.678            5.331            5.034          160.045           23.147            0.000            0.000
   365    12    31  2023     183       0  hru183         0.000       0.000     -24.385     -41.974          100.966           20.718           64.063            0.061            9.750           -0.120            1.669           13.327            2.559            5.331            5.034          173.667           25.567            0.000            0.000
   365    12    31  2023     184       0  hru184         0.000       0.000     -16.654     -42.429           87.854           19.511           80.587            2.673           13.408           -5.927            2.257            4.415            1.850            5.331            5.034          178.063           24.018            0.000            0.000
   365    12    31  2023     185       0  hru185         0.000       0.000     -27.992     -45.192          102.802           22.186           65.960            0.002           13.419           -5.113            2.277            4.133            1.592            5.331            5.034          177.865           27.565            0.000            0.000
   365    12    31  2023     186       0  hru186         0.000       0.000     -21.225     -39.802           56.646            5.402           18.761            6.052           15.012           -4.444            2.549           29.292            3.530            5.331            5.034          104.675           14.160            0.000            0.000
   365    12    31  2023     187       0  hru187         0.000       0.000     -17.812     -34.937           69.234            4.616            4.224           15.756           15.400           -7.229            2.622           18.058            1.713            5.331            5.034           64.076            8.192            0.000            0.000
   365    12    31  2023     188       0  hru188         0.000       0.000     -17.747     -38.084           79.986           11.487           16.724            3.857           14.380           -5.220            2.452           14.070            3.492            5.331            5.034          122.290           17.643            0.000            0.000
   365    12    31  2023     189       0  hru189         0.000       0.000     -19.770     -39.576           93.623           12.326            0.000            4.694           14.624           -4.741            2.497           18.673            3.830            5.331            5.034          121.002           20.648            0.000            0.000
   365    12    31  2023     190       0  hru190         0.000       0.000     -38.553     -51.630           49.303            4.406          142.175            0.016           16.495            6.475            2.734           99.499            6.961            5.331            5.034          236.570           23.202            0.000            0.000
   365    12    31  2023     191       0  hru191         0.000       0.000     -15.699     -38.527           76.315           14.266           17.582            6.279           14.297           -7.879            2.434            8.151            0.701            5.331            5.034           98.430           14.408            0.000            0.000
   365    12    31  2023     192       0  hru192         0.000       0.000     -14.649     -37.451          104.638           19.511            7.376            5.558           14.250           -6.825            2.428            9.619            1.687            5.331            5.034          117.266           19.537            0.000            0.000
   365    12    31  2023     193       0  hru193         0.000       0.000     -40.716     -52.574           69.234            4.616            0.000            0.007           13.991           -5.521            2.383           14.203            4.331            5.331            5.034           85.208           19.653            0.000            0.000
   365    12    31  2023     194       0  hru194         0.000       0.000     -39.100     -51.922           69.234            4.616           50.231            0.004           14.699           -1.964            2.488           33.223            4.442            5.331            5.034          141.692           20.269            0.000            0.000
   365    12    31  2023     195       0  hru195         0.000       0.000     -15.362     -32.598          115.652            9.389            0.000           24.698           15.245           -7.559            2.598           14.259            1.976            5.331            5.034           72.755           10.730            0.000            0.000
   365    12    31  2023     196       0  hru196         0.000       0.000     -23.940     -41.604          114.341            9.861            0.000            5.173           14.701           -3.133            2.498           24.470            5.231            5.331            5.034          143.466           25.917            0.000            0.000
   365    12    31  2023     197       0  hru197         0.000       0.000     -23.706     -38.412          119.586            7.972            0.000            0.000          124.227          -81.268           21.229           51.338            6.506            5.331            5.034          210.415           32.708            0.000            0.000
   365    12    31  2023     198       0  hru198         0.000       0.000     -34.874     -46.421          117.226           10.228            0.000            0.054            9.553           -0.755            1.630           13.798            5.571            5.331            5.034          135.707           30.961            0.000            0.000
   365    12    31  2023     199       0  hru199         0.000       0.000     -12.222     -31.003          123.258           11.959            0.000           31.607           15.749           -8.180            2.683           12.037            1.251            5.331            5.034           50.314            6.747            0.000            0.000
   365    12    31  2023     200       0  hru200         0.000       0.000     -13.796     -32.182          123.258           11.959            0.000           26.660           15.490           -6.402            2.635           17.450            2.104            5.331            5.034           80.434           11.180            0.000            0.000
   365    12    31  2023     201       0  hru201         0.000       0.000      15.803     -19.019          344.335           93.099            0.000            0.209           15.125           25.162            2.824            8.961            3.011            5.331            5.034          115.236           21.515            0.000            0.000
   365    12    31  2023     202       0  hru202         0.000       0.000     -29.924     -46.660           86.543            3.357           15.367            0.005           13.928           -5.238            2.371           12.097            3.217            5.331            5.034          120.988           24.956            0.000            0.000
   365    12    31  2023     203       0  hru203         0.000       0.000     -33.142     -45.593          109.096           12.326            0.000            0.044            9.238           -2.228            1.590            6.318            2.421            5.331            5.034          120.124           28.356            0.000            0.000
   365    12    31  2023     204       0  hru204         0.000       0.000     -29.859     -44.702          110.145            5.035            0.000            4.662           14.464           -4.832            2.468           13.542            3.260            5.331            5.034          128.274           26.328            0.000            0.000
   365    12    31  2023     205       0  hru205         0.000       0.000     -25.440     -43.450           84.969           15.735           14.908            0.522           13.975           -4.300            2.383           24.417            3.274            5.331            5.034          122.034           16.141            0.000            0.000
   365    12    31  2023     206       0  hru206         0.000       0.000     -30.075     -46.158           84.969           15.735           15.498            0.014           14.315           -5.123            2.443           22.503            3.104            5.331            5.034          110.881           14.559            0.000            0.000
   365    12    31  2023     207       0  hru207         0.000       0.000      24.917      -6.888          347.482          100.022           40.037            0.284           17.098           35.351            3.178           20.974            2.836            5.331            5.034          170.009           20.203            0.000            0.000
   365    12    31  2023     208       0  hru208         0.000       0.000     -32.948     -48.424           51.401            5.455           22.410            0.167           13.464           -5.042            2.303           16.385            2.837            5.331            5.034           88.739           17.496            0.000            0.000
   365    12    31  2023     209       0  hru209         0.000       0.000     -44.524     -54.424           59.793            1.678           48.504            0.020           14.288           -4.919            2.427           18.436            2.175            5.331            5.034          113.437           17.381            0.000            0.000
   365    12    31  2023     210       0  hru210         0.000       0.000     -42.860     -53.217           81.298            5.245           16.936            0.011           13.998           -6.226            2.384            9.762            2.989            5.331            5.034          101.772           20.088            0.000            0.000
   365    12    31  2023     211       0  hru211         0.000       0.000     -37.254     -50.876          102.802           10.070            0.000            0.008           13.728           -5.560            2.352            6.751            3.421            5.331            5.034          111.275           23.304            0.000            0.000
   365    12    31  2023     212       0  hru212         0.000       0.000     -39.433     -51.323           88.116            4.616           71.596            0.631           14.196           -0.918            2.370           37.933            5.266            5.331            5.034          190.637           26.779            0.000            0.000
   365    12    31  2023     213       0  hru213         0.000       0.000     -14.503     -32.442          114.603           12.536            0.000           20.318           15.155           -7.839            2.586            8.780            1.416            5.331            5.034           81.534           12.206            0.000            0.000
   365    12    31  2023     214       0  hru214         0.000       0.000     -39.678     -51.868           86.543            3.724            0.000            0.002           13.333           -6.281            2.285            6.249            2.377            5.331            5.034           90.662           22.599            0.000            0.000
   365    12    31  2023     215       0  hru215         0.000       0.000     -39.621     -51.663           86.543            3.724            0.000            0.004           13.350           -6.246            2.287            6.077            2.409            5.331            5.034           90.598           22.619            0.000            0.000
   365    12    31  2023     216       0  hru216         0.000       0.000      30.253      -9.955          393.375          118.118            0.000            0.008           21.088           31.540            3.835           15.037            2.594            5.331            5.034          141.837           23.288            0.000            0.000
   365    12    31  2023     217       0  hru217         0.000       0.000     -43.303     -53.956          103.851            3.357            0.000            0.002           13.463           -5.494            2.307            5.565            2.585            5.331            5.034          107.944           26.615            0.000            0.000
   365    12    31  2023     218       0  hru218         0.000       0.000     -35.685     -49.928           93.361            8.182           66.395            0.001           13.920           -2.572            2.360           17.154            2.904            5.331            5.034          172.687           25.716            0.000            0.000
   365    12    31  2023     219       0  hru219         0.000       0.000     -33.036     -48.308           81.822           10.070           22.850            0.003           13.592           -5.113            2.320           10.935            3.263            5.331            5.034          114.042           21.335            0.000            0.000
   365    12    31  2023     220       0  hru220         0.000       0.000      -7.487     -27.791          108.834           19.249           23.028           18.311           15.338           -6.894            2.607           12.908            1.811            5.331            5.034          106.125           10.996            0.000            0.000
   365    12    31  2023     221       0  hru221         0.000       0.000     -25.177     -39.861           68.447           16.784            0.000            0.000          124.618          -91.322           21.336            4.723            2.709            5.331            5.034          141.494           33.816            0.000            0.000
   365    12    31  2023     222       0  hru222         0.000       0.000     -31.422     -46.936           90.476           17.571          130.022            0.007           14.231           -3.277            2.387           13.420            2.767            5.331            5.034          229.680           24.437            0.000            0.000
   365    12    31  2023     223       0  hru223         0.000       0.000      54.325      15.156          514.797          156.511            0.000            0.007           26.901           58.326            5.177            8.435            3.122            5.331            5.034          108.798           21.043            0.000            0.000
   365    12    31  2023     224       0  hru224         0.000       0.000      12.378     -11.497          294.507           81.403            0.000            0.479           16.898           34.080            3.241            3.507            2.179            5.331            5.034          122.635           25.175            0.000            0.000
   365    12    31  2023     225       0  hru225         0.000       0.000      32.439      -6.137          397.572          125.146            0.000            3.244           20.463           31.122            3.740            9.516            2.778            5.331            5.034          143.526           25.937            0.000            0.000
   365    12    31  2023     226       0  hru226         0.000       0.000      43.874       0.124          397.572          125.146            0.000           26.681           21.508           30.897            3.926            9.789            3.107            5.331            5.034          165.060           28.062            0.000            0.000
   365    12    31  2023     227       0  hru227         0.000       0.000     -37.257     -49.666           91.788            8.969            0.000            0.587           13.079           -5.666            2.245            7.883            3.453            5.331            5.034           99.492           24.726            0.000            0.000
   365    12    31  2023     228       0  hru228         0.000       0.000       9.392     -14.591          293.458           84.969            0.000            0.007           20.894           30.702            3.893            2.321            1.681            5.331            5.034          115.820           26.282            0.000            0.000
   365    12    31  2023     229       0  hru229         0.000       0.000      23.183     -14.095          349.842          103.222            0.000            0.219           15.063           25.352            2.853            7.368            3.015            5.331            5.034          118.607           23.084            0.000            0.000
   365    12    31  2023     230       0  hru230         0.000       0.000     -23.677     -42.768          119.848           27.274            0.000            0.365           12.606           -5.163            2.174            3.362            2.584            5.331            5.034          125.844           28.903            0.000            0.000
   365    12    31  2023     231       0  hru231         0.000       0.000       9.665     -14.055          292.934           79.304            0.000            0.007           21.199           30.942            3.868           11.545            2.088            5.331            5.034          113.622           20.347            0.000            0.000
   365    12    31  2023     232       0  hru232         0.000       0.000     -22.136     -41.132          106.474           22.029           67.085            0.056            9.614           -0.115            1.626           14.239            2.545            5.331            5.034          190.866           25.033            0.000            0.000
   365    12    31  2023     233       0  hru233         0.000       0.000     -21.737     -40.798          106.474           22.029           63.975            0.063            9.623           -0.084            1.629           15.321            2.638            5.331            5.034          187.219           24.509            0.000            0.000
   365    12    31  2023     234       0  hru234         0.000       0.000      71.035      20.227          585.867          181.058           46.453            0.760           21.540           57.156            4.214           12.804            1.073            5.331            5.034          169.018           20.160            0.000            0.000
   365    12    31  2023     235       0  hru235         0.000       0.000     -22.045     -40.580          117.488           14.476            0.000            4.249           14.263           -5.108            2.433           11.113            2.163            5.331            5.034          136.032           25.265            0.000            0.000
   365    12    31  2023     236       0  hru236         0.000       0.000     -22.840     -41.335          111.981           15.473            0.000            3.826           13.739           -5.831            2.358            3.990            1.717            5.331            5.034          124.162           27.277            0.000            0.000
   365    12    31  2023     237       0  hru237         0.000       0.000      15.479      -8.886          297.654           84.969            0.000            0.484           16.679           34.011            3.195            4.124            1.805            5.331            5.034          131.733           25.131            0.000            0.000
   365    12    31  2023     238       0  hru238         0.000       0.000     -14.724     -35.691          113.030           20.823           66.039            5.180           14.231           -4.191            2.409           13.949            3.197            5.331            5.034          201.604           24.554            0.000            0.000
   365    12    31  2023     239       0  hru239         0.000       0.000     -28.742     -45.685            0.000            0.000            0.000            0.339           13.742           -0.204            2.292           53.187            5.475            5.331            5.034           63.847            8.326            0.000            0.000
   365    12    31  2023     240       0  hru240         0.000       0.000     -24.170     -41.750            0.000            0.000            0.000            0.000           17.231           -2.712            2.891           53.826            5.553            5.331            5.034           64.039            8.546            0.000            0.000
   365    12    31  2023     241       0  hru241         0.000       0.000     -28.474     -43.850            0.000            0.000            0.000            0.003           17.336           -2.710            2.908           54.483            5.603            5.331            5.034           65.621            8.696            0.000            0.000
   365    12    31  2023     242       0  hru242         0.000       0.000     -27.537     -43.365            0.000            0.000            0.000            0.002           17.265           -2.588            2.895           54.915            5.641            5.331            5.034           66.848            8.810            0.000            0.000
   365    12    31  2023     243       0  hru243         0.000       0.000     -28.405     -45.478            0.000            0.000            0.000            0.328           13.727           -0.096            2.289           53.706            5.515            5.331            5.034           64.543            8.415            0.000            0.000
   365    12    31  2023     244       0  hru244         0.000       0.000     -26.878     -43.022            0.000            0.000            0.000            0.000           17.252           -2.518            2.893           55.294            5.674            5.331            5.034           67.788            8.900            0.000            0.000
   365    12    31  2023     245       0  hru245         0.000       0.000     -26.759     -42.965            0.000            0.000            0.000            0.000           17.250           -2.516            2.892           55.292            5.674            5.331            5.034           67.781            8.899            0.000            0.000
   365    12    31  2023     246       0  hru246         0.000       0.000     -21.925     -43.862            0.000            0.000            0.000            0.000           12.620           -6.881            2.153           13.800            2.191            5.331            5.034           35.821            6.484            0.000            0.000
   365    12    31  2023     247       0  hru247         0.000       0.000      37.610       0.371          363.741          104.113            0.000           46.714           20.575           25.514            3.725            4.945            0.706            5.331            5.034          112.702           17.377            0.000            0.000
   365    12    31  2023     248       0  hru248         0.000       0.000      37.693       2.932          339.614           94.358           24.661           60.033           22.935           27.078            4.140           11.453            0.955            5.331            5.034           74.280            7.204            0.000            0.000
   365    12    31  2023     249       0  hru249         0.000       0.000      37.603       2.784          339.614           94.358           25.280           59.721           22.903           27.097            4.130           11.491            0.935            5.331            5.034           77.091            7.385            0.000            0.000
   365    12    31  2023     250       0  hru250         0.000       0.000      36.308      -5.558          367.413          104.638            0.000           39.867           19.437           21.513            3.491           12.519            1.781            5.331            5.034          125.096           17.779            0.000            0.000
   365    12    31  2023     251       0  hru251         0.000       0.000     -28.922     -44.085            0.000            0.000            0.000            0.004           17.301           -2.722            2.902           54.251            5.582            5.331            5.034           65.092            8.643            0.000            0.000
   365    12    31  2023     252       0  hru252         0.000       0.000     -48.380     -53.894            0.000            0.000            0.000            0.085           18.111           -4.107            3.044           49.372            4.978            5.331            5.034           53.830            7.275            0.000            0.000
   365    12    31  2023     253       0  hru253         0.000       0.000     -27.016     -43.110            0.000            0.000            0.000            0.001           17.254           -2.543            2.893           55.153            5.663            5.331            5.034           67.487            8.872            0.000            0.000
   365    12    31  2023     254       0  hru254         0.000       0.000     -27.372     -43.290            0.000            0.000            0.000            0.003           17.268           -2.576            2.896           54.991            5.648            5.331            5.034           67.052            8.830            0.000            0.000
   365    12    31  2023     255       0  hru255         0.000       0.000     -26.856     -43.012            0.000            0.000            0.000            0.000           17.252           -2.518            2.893           55.294            5.674            5.331            5.034           67.788            8.900            0.000            0.000
   365    12    31  2023     256       0  hru256         0.000       0.000     -17.364     -35.440            0.000            0.000            0.000            2.015           15.533           -1.394            2.590           54.465            4.486            5.331            5.034           71.052            7.125            0.000            0.000
   365    12    31  2023     257       0  hru257         0.000       0.000     -26.813     -42.991            0.000            0.000            0.000            0.000           17.251           -2.517            2.892           55.294            5.674            5.331            5.034           67.787            8.900            0.000            0.000
   365    12    31  2023     258       0  hru258         0.000       0.000     -27.049     -43.108            0.000            0.000            0.000            0.000           17.262           -2.534            2.894           55.231            5.669            5.331            5.034           67.633            8.885            0.000            0.000
   365    12    31  2023     259       0  hru259         0.000       0.000     -17.364     -35.430            0.000            0.000            0.000            2.032           15.535           -1.402            2.591           54.419            4.480            5.331            5.034           70.960            7.111            0.000            0.000
   365    12    31  2023     260       0  hru260         0.000       0.000     -17.514     -35.197            0.000            0.000            0.000            3.148           15.646           -2.139            2.615           50.553            4.080            5.331            5.034           62.819            6.244            0.000            0.000
   365    12    31  2023     261       0  hru261         0.000       0.000     -17.363     -35.476            0.000            0.000            0.000            1.936           15.527           -1.370            2.589           54.642            4.513            5.331            5.034           71.390            7.180            0.000            0.000
   365    12    31  2023     262       0  hru262         0.000       0.000     -26.780     -42.975            0.000            0.000            0.000            0.000           17.249           -2.516            2.892           55.294            5.675            5.331            5.034           67.787            8.900            0.000            0.000
   365    12    31  2023     263       0  hru263         0.000       0.000     -17.432     -35.214            0.000            0.000            0.000            3.357           15.606           -2.256            2.609           49.837            4.049            5.331            5.034           60.992            6.174            0.000            0.000
   365    12    31  2023     264       0  hru264         0.000       0.000     -28.209     -43.754            0.000            0.000            0.000            0.003           17.316           -2.616            2.904           54.959            5.643            5.331            5.034           66.977            8.821            0.000            0.000
   365    12    31  2023     265       0  hru265         0.000       0.000     -25.038     -42.134            0.000            0.000            0.000            0.000           17.213           -2.716            2.888           53.677            5.539            5.331            5.034           63.397            8.488            0.000            0.000
   365    12    31  2023     266       0  hru266         0.000       0.000     -26.739     -42.955            0.000            0.000            0.000            0.000           17.249           -2.515            2.892           55.295            5.675            5.331            5.034           67.786            8.900            0.000            0.000
   365    12    31  2023     267       0  hru267         0.000       0.000     -26.842     -43.005            0.000            0.000            0.000            0.000           17.251           -2.517            2.892           55.294            5.674            5.331            5.034           67.787            8.900            0.000            0.000
   365    12    31  2023     268       0  hru268         0.000       0.000     -33.540     -46.286            0.000            0.000            0.000            0.007           17.645           -3.158            2.962           52.803            5.443            5.331            5.034           60.839            8.232            0.000            0.000
   365    12    31  2023     269       0  hru269         0.000       0.000     -34.286     -46.641            0.000            0.000            0.000            0.008           17.687           -3.221            2.969           52.563            5.414            5.331            5.034           60.200            8.161            0.000            0.000
   365    12    31  2023     270       0  hru270         0.000       0.000     -23.369     -41.366            0.000            0.000            0.000            0.000           17.255           -2.655            2.894           54.406            5.602            5.331            5.034           65.147            8.660            0.000            0.000
   365    12    31  2023     271       0  hru271         0.000       0.000     -30.998     -45.766            0.000            0.000            0.000            0.233            9.987            2.195            1.641           50.105            5.222            5.331            5.034           56.822            7.665            0.000            0.000
   365    12    31  2023     272       0  hru272         0.000       0.000     -32.926     -46.655            0.000            0.000            0.000            0.341           10.236            2.074            1.683           50.246            5.238            5.331            5.034           56.561            7.657            0.000            0.000
   365    12    31  2023     273       0  hru273         0.000       0.000     -29.992     -45.202            0.000            0.000            0.000            0.257            9.988            2.453            1.639           51.691            5.355            5.331            5.034           60.052            8.004            0.000            0.000
   365    12    31  2023     274       0  hru274         0.000       0.000      37.281       0.155          363.741          104.113            0.000           48.560           20.653           25.562            3.739            5.007            0.738            5.331            5.034          109.737           17.049            0.000            0.000
   365    12    31  2023     275       0  hru275         0.000       0.000      37.936       1.491          363.741          104.113            0.000           49.876           20.620           25.963            3.737            4.210            0.652            5.331            5.034          110.117           17.063            0.000            0.000
   365    12    31  2023     276       0  hru276         0.000       0.000      36.187      -5.623          367.413          104.638            0.000           41.596           19.503           21.862            3.500           13.236            1.868            5.331            5.034          125.821           17.932            0.000            0.000
   365    12    31  2023     277       0  hru277         0.000       0.000      36.509      -5.269          367.413          104.638            0.000           41.905           19.645           21.445            3.528           13.211            1.807            5.331            5.034          117.703           16.848            0.000            0.000
   365    12    31  2023     278       0  hru278         0.000       0.000     -22.341     -40.695            0.000            0.000            0.000            0.000           17.646           -2.406            2.956           57.676            5.872            5.331            5.034           73.628            9.442            0.000            0.000
   365    12    31  2023     279       0  hru279         0.000       0.000     -22.512     -41.549            0.000            0.000            0.000            0.713           10.899            2.437            1.785           55.717            5.709            5.331            5.034           68.576            8.975            0.000            0.000
   365    12    31  2023     280       0  hru280         0.000       0.000     -22.511     -41.548            0.000            0.000            0.000            0.713           10.898            2.438            1.785           55.721            5.709            5.331            5.034           68.585            8.976            0.000            0.000
   365    12    31  2023     281       0  hru281         0.000       0.000     -28.511     -43.805            0.000            0.000            0.000            0.000           17.261          -10.403            2.946           14.332            2.286            5.331            5.034           37.345            6.773            0.000            0.000
   365    12    31  2023     282       0  hru282         0.000       0.000     -12.738     -33.512            0.000            0.000            0.000            0.000          133.217          -96.962           22.781           16.897            2.375            5.331            5.034           50.751            7.169            0.000            0.000
   365    12    31  2023     283       0  hru283         0.000       0.000     -13.638     -38.130            0.000            0.000            0.000            0.000            3.056            1.510            0.512           17.299            2.881            5.331            5.034           21.646            3.540            0.000            0.000
   365    12    31  2023     284       0  hru284         0.000       0.000     -13.131     -37.210            0.000            0.000            0.000            0.000            4.257            0.594            0.720           17.239            2.871            5.331            5.034           21.541            3.521            0.000            0.000
   365    12    31  2023     285       0  hru285         0.000       0.000     -13.643     -39.336            0.000            0.000            0.000            0.000            6.014           -0.740            1.023           17.211            2.866            5.331            5.034           21.504            3.515            0.000            0.000
   365    12    31  2023     286       0  hru286         0.000       0.000     -13.219     -37.940            0.000            0.000            0.000            0.000            5.848           -0.614            0.994           17.217            2.867            5.331            5.034           21.505            3.515            0.000            0.000
   365    12    31  2023     287       0  hru287         0.000       0.000     -13.624     -38.141            0.000            0.000            0.000            0.000            3.014            1.529            0.505           17.209            2.866            5.331            5.034           21.480            3.511            0.000            0.000
   365    12    31  2023     288       0  hru288         0.000       0.000     -20.732     -40.140            0.000            0.000            0.000            0.000           16.538          -12.289            2.829            0.789            0.125            5.331            5.034            2.159            0.343            0.000            0.000
   365    12    31  2023     289       0  hru289         0.000       0.000     -22.940     -41.245            0.000            0.000            0.000            0.000           16.591          -12.326            2.838            0.833            0.131            5.331            5.034            2.011            0.325            0.000            0.000
   365    12    31  2023     290       0  hru290         0.000       0.000     -20.363     -40.019            0.000            0.000            0.000            2.974            9.274           -6.806            1.586            0.874            0.138            5.331            5.034            2.011            0.320            0.000            0.000
   365    12    31  2023     291       0  hru291         0.000       0.000     -34.789     -47.751            0.000            0.000            0.000            1.243            9.869           -7.302            1.687            0.775            0.123            5.331            5.034            1.760            0.281            0.000            0.000
   365    12    31  2023     292       0  hru292         0.000       0.000      -4.251     -29.688            0.000            0.000            0.000            0.004          129.277          -97.497           22.113            0.831            0.132            5.331            5.034            1.997            0.318            0.000            0.000
   365    12    31  2023     293       0  hru293         0.000       0.000      -4.102     -29.599            0.000            0.000            0.000            0.000          128.852          -97.159           22.040            0.771            0.122            5.331            5.034            2.093            0.335            0.000            0.000
   365    12    31  2023     294       0  hru294         0.000       0.000     -50.553     -58.623            9.441            1.259          138.612            1.554           15.702           -0.917            2.638           50.530            2.188            5.331            5.034          163.687            7.910            0.000            0.000
   365    12    31  2023     295       0  hru295         0.000       0.000     -41.240     -54.675           72.381            9.966           87.508            1.065           14.480           -3.353            2.457           24.886            1.669            5.331            5.034          167.190           18.461            0.000            0.000
   365    12    31  2023     296       0  hru296         0.000       0.000     -26.524     -43.240            0.000            0.000           66.090            0.000           16.716           -4.625            2.826           45.565            2.654            5.331            5.034          104.900           10.963            0.000            0.000
   365    12    31  2023     297       0  hru297         0.000       0.000     -22.986     -42.069           51.926           13.217           43.730            1.672           10.066           -1.025            1.710           21.237            4.063            5.331            5.034          122.893           19.655            0.000            0.000
   365    12    31  2023     298       0  hru298         0.000       0.000     -32.293     -46.168            0.000            0.000          105.050            0.000           18.680            3.314            3.108           86.276            4.867            5.331            5.034          182.678           19.460            0.000            0.000
   365    12    31  2023     299       0  hru299         0.000       0.000      -5.025     -30.030            0.000            0.000            0.000            0.000          129.442          -97.612           22.141            0.799            0.127            5.331            5.034            2.154            0.344            0.000            0.000
   365    12    31  2023     300       0  hru300         0.000       0.000      19.928     -15.226          321.257           94.777           79.333            0.000           23.494           20.671            4.144           17.652            3.227            5.331            5.034          167.495           20.180            0.000            0.000
   365    12    31  2023     301       0  hru301         0.000       0.000     -28.072     -41.289            0.000            0.000           40.298            0.000          120.675          -83.570           20.623           44.672            3.830            5.331            5.034          176.302           34.402            0.000            0.000
   365    12    31  2023     302       0  hru302         0.000       0.000      -4.215     -29.657            0.000            0.000            0.000            0.000          129.274          -97.482           22.112            0.855            0.136            5.331            5.034            1.926            0.306            0.000            0.000
   365    12    31  2023     303       0  hru303         0.000       0.000     -18.713     -36.138          119.586            7.972            0.000            0.031          128.030          -82.880           21.873           58.440            6.496            5.331            5.034          222.905           32.497            0.000            0.000
   365    12    31  2023     304       0  hru304         0.000       0.000     -22.101     -40.583            0.000            0.000            0.000            0.000           17.612           -2.372            2.950           57.747            5.878            5.331            5.034           73.869            9.462            0.000            0.000
   365    12    31  2023     305       0  hru305         0.000       0.000     -22.831     -42.439            0.000            0.000            0.000            0.331            7.901            4.703            1.257           55.435            5.688            5.331            5.034           67.554            8.902            0.000            0.000
   365    12    31  2023     306       0  hru306         0.000       0.000     -32.518     -46.078            0.000            0.000            0.000            0.000           17.737           -3.222            2.978           52.842            5.422            5.331            5.034           60.903            8.201            0.000            0.000
   365    12    31  2023     307       0  hru307         0.000       0.000     -24.215     -43.183            0.000            0.000            0.000            0.316            7.900            4.557            1.258           54.550            5.614            5.331            5.034           65.628            8.725            0.000            0.000
   365    12    31  2023     308       0  hru308         0.000       0.000     -28.644     -45.335            0.000            0.000            0.000            0.307            7.955            4.395            1.269           53.650            5.529            5.331            5.034           63.149            8.477            0.000            0.000
   365    12    31  2023     309       0  hru309         0.000       0.000     -22.184     -40.618            0.000            0.000            0.000            0.000           17.619           -2.371            2.952           57.776            5.880            5.331            5.034           73.941            9.469            0.000            0.000
   365    12    31  2023     310       0  hru310         0.000       0.000     -27.649     -44.799            0.000            0.000            0.000            0.881           14.607           -0.451            2.433           55.191            5.639            5.331            5.034           66.677            8.791            0.000            0.000
   365    12    31  2023     311       0  hru311         0.000       0.000     -23.424     -41.273            0.000            0.000            0.000            0.000           17.663           -2.525            2.960           57.002            5.814            5.331            5.034           71.897            9.280            0.000            0.000
   365    12    31  2023     312       0  hru312         0.000       0.000     -22.829     -42.439            0.000            0.000            0.000            0.331            7.901            4.703            1.257           55.435            5.688            5.331            5.034           67.553            8.902            0.000            0.000
   365    12    31  2023     313       0  hru313         0.000       0.000     -21.972     -40.518            0.000            0.000            0.000            0.000           17.604           -2.365            2.949           57.752            5.878            5.331            5.034           73.890            9.464            0.000            0.000
   365    12    31  2023     314       0  hru314         0.000       0.000      29.471     -12.408          367.413          104.638            0.000            0.000           18.769           22.774            3.382           15.099            2.200            5.331            5.034          139.056           20.667            0.000            0.000
