 Mini_CREATE               SWAT+ Jan 11 2024        MODULAR Rev 2024.61.0                                 
  jday   mon   day    yr    unit  gis_id  name                  precip     snofall      snomlt    surq_gen        latq    wateryld        perc          et     ecanopy      eplant       esoil   surq_cont          cn     sw_init    sw_final      sw_ave      sw_300    sno_init   sno_final     snopack         pet       qtile         irr  surq_runon  latq_runon    overbank    surq_cha    surq_res     surq_ls    latq_cha    latq_res     latq_ls     gwsoilq       satex  satex_chan   sw_change     lagsurf     laglatq    lagsatex    wet_evap
                                                                  mm            mm          mm          mm          mm          mm          mm          mm          mm          mm          mm          mm         ---          mm          mm          mm          mm          mm          mm          mm          mm          mm          mm          mm          mm          mm          mm          mm          mm          mm          mm          mm          mm          mm          mm          mm          mm          mm          mm          mm
   365    12    31  2023       1       0  hru001               792.783      57.405      57.079      86.230       0.408      86.638     106.194     601.366      82.063     461.634      57.668      86.230      65.068     465.508     438.628     383.775      50.976       0.000       0.000       1.100     687.430       0.000       0.000       0.000       0.000       0.000       0.000       0.000      86.230       0.000       0.000       0.408       0.000       0.000       0.000      -1.410      31.317      25.251       0.000       0.000
   365    12    31  2023       2       0  hru002               792.783      57.405      57.079      90.896       0.396      91.292     102.102     600.602      82.063     461.812      56.727      90.896      65.332     467.667     444.644     383.797      50.963       0.000       0.000       1.100     687.430       0.000       0.000       0.000       0.000       0.000       0.000       0.000      90.896       0.000       0.000       0.396       0.000       0.000       0.000      -1.207      38.581      24.484       0.000       0.000
   365    12    31  2023       3       0  hru003               792.783      57.404      57.091       0.000       1.662       1.663     258.565     536.824      82.065     440.384      14.375       0.000      16.576     312.191     270.105     173.588      26.649       0.000       0.000       1.101     687.418       0.000       0.000       0.000       2.054       0.000       0.000       0.000       0.000       0.000       0.000       1.662       0.000       0.000       0.000      -2.207       0.000       5.309       0.000       0.000
   365    12    31  2023       4       0  hru004               792.783      57.406      57.094       0.946     103.883     104.829     134.730     555.060      82.062     458.892      14.106       0.945      27.534     330.571     297.738     210.918      43.494       0.000       0.000       1.101     687.438       0.000       0.000       0.000       0.000       0.000       0.000       0.000       0.945       0.000       0.000     103.883       0.000       0.000       0.000      -1.722       0.117     274.944       0.000       0.000
   365    12    31  2023       5       0  hru005               792.783      57.406      57.093       0.431       5.046       5.477     234.133     555.609      82.063     459.404      14.143       0.430      16.654     362.958     316.729     220.506      43.735       0.000       0.000       1.101     687.432       0.000       0.000       0.000       0.000       0.000       0.000       0.000       0.430       0.000       0.000       5.046       0.000       0.000       0.000      -2.425       0.103      13.356       0.000       0.000
   365    12    31  2023       6       0  hru006               792.783      57.405      57.092       1.446      88.344      89.790     149.813     555.103      82.064     458.939      14.100       1.446      28.379     336.190     301.368     212.423      43.510       0.000       0.000       1.101     687.426       0.000       0.000       0.000       0.000       0.000       0.000       0.000       1.446       0.000       0.000      88.344       0.000       0.000       0.000      -1.826       0.091     233.817       0.000       0.000
   365    12    31  2023       7       0  hru007               792.783      57.406      57.093       0.470       3.220       3.690     235.918     555.624      82.062     459.418      14.144       0.470      16.656     363.494     316.975     220.675      43.744       0.000       0.000       1.101     687.434       0.000       0.000       0.000       0.000       0.000       0.000       0.000       0.470       0.000       0.000       3.220       0.000       0.000       0.000      -2.440       0.089       8.521       0.000       0.000
   365    12    31  2023       8       0  hru008               792.783      57.406      57.094       0.875     106.503     107.378     132.177     555.047      82.062     458.878      14.107       0.875      27.391     329.562     297.100     210.663      43.491       0.000       0.000       1.101     687.438       0.000       0.000       0.000       0.000       0.000       0.000       0.000       0.875       0.000       0.000     106.503       0.000       0.000       0.000      -1.703       0.056     281.877       0.000       0.000
   365    12    31  2023       9       0  hru009               792.783      57.404      57.090      12.458       0.459      12.916     352.028     549.005      82.066     450.997      15.942      12.458      43.357     410.661     311.247     215.360      29.106       0.000       0.000       1.101     687.414       0.000       0.000     109.528       6.417       0.000      12.458       0.000       0.000       0.459       0.000       0.000       0.000       0.000       0.000      -5.214      13.917       6.927       0.000       0.000
   365    12    31  2023      10       0  hru010               792.783      57.406      57.094       0.473       3.083       3.556     236.043     555.634      82.061     459.431      14.143       0.473      16.656     363.534     316.988     220.681      43.744       0.000       0.000       1.101     687.442       0.000       0.000       0.000       0.000       0.000       0.000       0.000       0.473       0.000       0.000       3.083       0.000       0.000       0.000      -2.441       0.074       8.159       0.000       0.000
   365    12    31  2023      11       0  hru011               792.783      57.404      57.091       0.471       3.192       3.663     235.967     555.602      82.066     459.389      14.148       0.470      16.656     363.499     316.991     220.693      43.745       0.000       0.000       1.101     687.414       0.000       0.000       0.000       0.000       0.000       0.000       0.000       0.470       0.000       0.000       3.192       0.000       0.000       0.000      -2.439       0.056       8.449       0.000       0.000
   365    12    31  2023      12       0  hru012               792.783      57.403      57.090       0.513       1.296       1.809     237.830     555.605      82.068     459.387      14.150       0.513      16.658     364.047     317.251     220.877      43.756       0.000       0.000       1.101     687.404       0.000       0.000       0.000       0.000       0.000       0.000       0.000       0.513       0.000       0.000       1.296       0.000       0.000       0.000      -2.455       0.145       3.430       0.000       0.000
   365    12    31  2023      13       0  hru013               792.783      57.404      57.091       0.453       3.975       4.428     235.209     555.589      82.067     459.374      14.148       0.453      16.655     363.267     316.890     220.625      43.742       0.000       0.000       1.101     687.408       0.000       0.000       0.000       0.000       0.000       0.000       0.000       0.453       0.000       0.000       3.975       0.000       0.000       0.000      -2.432       0.107      10.520       0.000       0.000
   365    12    31  2023      14       0  hru014               792.783      57.404      57.090       0.461       3.623       4.084     235.553     555.592      82.067     459.376      14.148       0.461      16.655     363.373     316.938     220.658      43.744       0.000       0.000       1.101     687.407       0.000       0.000       0.000       0.000       0.000       0.000       0.000       0.461       0.000       0.000       3.623       0.000       0.000       0.000      -2.435       0.058       9.590       0.000       0.000
   365    12    31  2023      15       0  hru015               792.783      57.405      57.092       0.426       5.253       5.679     233.943     555.597      82.064     459.387      14.145       0.426      16.654     362.896     316.707     220.495      43.735       0.000       0.000       1.101     687.422       0.000       0.000       0.000       0.000       0.000       0.000       0.000       0.426       0.000       0.000       5.253       0.000       0.000       0.000      -2.423       0.251      13.902       0.000       0.000
   365    12    31  2023      16       0  hru016               792.783      57.405      57.091       4.072       1.237       5.309     315.516     516.050      82.065     418.902      15.083       4.071      43.219     266.267     232.093     137.133      26.469       0.000       0.000       1.101     687.419       0.000       0.000      26.085      16.209       0.000       0.000       0.000       4.071       0.000       0.000       1.237       0.000       0.000       0.000      -1.792       1.428       4.232       0.000       0.000
   365    12    31  2023      17       0  hru017               792.783      57.405      57.091       0.000       2.325       2.325     254.899     537.784      82.064     441.369      14.350       0.000      16.576     313.722     271.416     175.190      28.571       0.000       0.000       1.101     687.421       0.000       0.000       0.000       0.000       0.000       0.000       0.000       0.000       0.000       0.000       2.325       0.000       0.000       0.000      -2.219       0.000       6.954       0.000       0.000
   365    12    31  2023      18       0  hru018               792.783      57.405      57.090      54.598       1.864      56.462     381.779     538.746      82.064     440.035      16.647      54.597      16.739     316.117     275.410     185.021      27.669       0.000       0.000       1.101     687.423       0.000       0.000     177.591       4.471       0.000       0.000       0.000      54.597       0.000       0.000       1.864       0.000       0.000       0.000      -2.135      10.570       5.954       0.000       0.000
   365    12    31  2023      19       0  hru019               792.783      57.403      57.090      39.398       2.745      42.142     243.471     555.666      82.068     459.373      14.224      39.397      16.841     363.850     317.236     221.399      43.864       0.000       0.000       1.101     687.400       0.000       0.000      45.334       0.708       0.000      39.397       0.000       0.000       2.745       0.000       0.000       0.000       0.000       0.000      -2.445      19.260       7.264       0.000       0.000
   365    12    31  2023      20       0  hru020               792.783      57.405      57.091      19.939       2.163      22.101     333.523     537.912      82.064     440.179      15.669      19.939      16.683     313.463     271.570     180.792      27.255       0.000       0.000       1.101     687.422       0.000       0.000      92.129       6.422       0.000       0.000       0.000      19.939       0.000       0.000       2.163       0.000       0.000       0.000      -2.197       6.398       6.906       0.000       0.000
   365    12    31  2023      21       0  hru021               792.783      57.404      57.091       0.000       1.015       1.016     257.213     536.769      82.065     440.351      14.353       0.000      16.576     311.825     269.726     173.412      26.641       0.000       0.000       1.101     687.418       0.000       0.000       0.000       0.000       0.000       0.000       0.000       0.000       0.000       0.000       1.015       0.000       0.000       0.000      -2.208       0.000       3.242       0.000       0.000
   365    12    31  2023      22       0  hru022               792.783      57.404      57.091       0.000       0.905       0.905     257.324     536.769      82.066     440.350      14.353       0.000      16.576     311.857     269.743     173.424      26.641       0.000       0.000       1.101     687.414       0.000       0.000       0.000       0.000       0.000       0.000       0.000       0.000       0.000       0.000       0.905       0.000       0.000       0.000      -2.209       0.000       2.889       0.000       0.000
   365    12    31  2023      23       0  hru023               792.783      57.403      57.093       0.000       1.510       1.510     239.640     553.803      82.068     463.544       8.190       0.000      16.535     387.904     346.632     247.492      65.270       0.000       0.000       1.101     687.402       0.000       0.000       0.000       0.000       0.000       0.000       0.000       0.000       0.000       0.000       1.510       0.000       0.000       0.000      -2.165       0.000       1.215       0.000       0.000
   365    12    31  2023      24       0  hru024               792.783      57.403      57.093       0.000       1.220       1.221     239.931     553.803      82.068     463.545       8.191       0.000      16.535     387.979     346.669     247.519      65.272       0.000       0.000       1.101     687.402       0.000       0.000       0.000       0.000       0.000       0.000       0.000       0.000       0.000       0.000       1.220       0.000       0.000       0.000      -2.167       0.000       0.982       0.000       0.000
   365    12    31  2023      25       0  hru025               792.783      57.404      57.091       0.000       2.128       2.128     256.119     536.742      82.065     440.321      14.355       0.000      16.576     311.495     269.556     173.303      26.641       0.000       0.000       1.101     687.416       0.000       0.000       0.000       0.000       0.000       0.000       0.000       0.000       0.000       0.000       2.128       0.000       0.000       0.000      -2.200       0.000       6.796       0.000       0.000
   365    12    31  2023      26       0  hru026               792.783      57.403      57.089       0.000       0.935       0.935     257.522     536.763      82.068     440.338      14.357       0.000      16.576     311.884     269.753     173.451      26.642       0.000       0.000       1.101     687.402       0.000       0.000       0.131       0.091       0.000       0.000       0.000       0.000       0.000       0.000       0.935       0.000       0.000       0.000      -2.210       0.000       2.987       0.000       0.000
   365    12    31  2023      27       0  hru027               792.783      57.403      57.089       0.366       0.451       0.817     274.061     519.708      82.068     422.272      15.369       0.366      43.169     271.749     237.471     139.447      28.554       0.000       0.000       1.101     687.402       0.000       0.000       0.000       0.000       0.000       0.168       0.000       0.198       0.207       0.000       0.244       0.000       0.000       0.000      -1.798       0.275       2.594       0.000       0.000
   365    12    31  2023      28       0  hru028               792.783      57.406      57.093       0.000       2.284       2.285     255.949     536.755      82.061     440.342      14.352       0.000      16.576     311.452     269.535     173.274      26.640       0.000       0.000       1.101     687.440       0.000       0.000       0.000       0.000       0.000       0.000       0.000       0.000       0.000       0.000       2.284       0.000       0.000       0.000      -2.198       0.000       7.295       0.000       0.000
   365    12    31  2023      29       0  hru029               792.783      57.403      57.089      33.380     179.584     212.964      62.022     525.765      82.069     428.901      14.795      33.373      75.964     287.676     256.259     153.477      28.298       0.000       0.000       1.101     687.396       0.000       0.000       6.032       0.166       0.000      33.373       0.000       0.000     179.584       0.000       0.000       0.000       0.000       0.000      -1.648       1.944    1033.207       0.000       0.000
   365    12    31  2023      30       0  hru030               792.783      57.403      57.090      73.160     101.099     174.258      64.979     555.386      82.069     459.861      13.456      73.143      82.636     355.710     325.250     234.291      27.343       0.000       0.000       1.101     687.398       0.000       0.000       0.000       0.000       0.000       0.000       0.000      73.143       0.000       0.000     101.099       0.000       0.000       0.000      -1.597       4.516    1527.131       0.000       0.000
   365    12    31  2023      31       0  hru031               792.783      57.404      57.089      10.595       3.774      14.369     353.492     539.431      82.067     441.210      16.154      10.594      16.604     317.092     283.296     184.925      29.405       0.000       0.000       1.101     687.407       0.000       0.000     109.270       3.460       0.000       0.000       0.000      10.594       0.000       0.000       3.774       0.000       0.000       0.000      -1.773       3.094      11.288       0.000       0.000
   365    12    31  2023      32       0  hru032               792.783      56.623      56.329     119.736      12.118     131.853      77.786     583.676      87.796     416.267      79.612     119.713      89.884     387.176     377.580     296.507      28.858       0.000       0.000       1.088     687.441       0.000       0.000       0.000       0.000       0.000       0.000       0.000     119.713       0.000       0.000      12.118       0.000       0.000       0.000      -0.503       9.522     750.094       0.000       0.000
   365    12    31  2023      33       0  hru033               792.783      56.655      56.353       0.000       1.445       1.446     237.887     555.595      86.744     405.027      63.825       0.000      24.305     309.413     268.642     174.395      26.248       0.000       0.000       1.087     687.419       0.000       0.000       0.000       0.000       0.000       0.000       0.000       0.000       0.000       0.000       1.445       0.000       0.000       0.000      -2.138       0.000       4.616       0.000       0.000
   365    12    31  2023      34       0  hru034               792.783      60.270      59.728      41.083       1.125      42.208     386.868     364.961      35.800     137.013     192.147      41.082      58.580     302.891     278.996     210.573      33.367       0.000       0.000       1.162     687.251       0.000       0.000       0.000       0.000       0.000       0.000       0.000      41.082       0.000       0.000       1.125       0.000       0.000       0.000      -1.253       0.160       8.228       0.000       0.000
   365    12    31  2023      35       0  hru035               792.783      60.270      59.728      37.159       3.139      40.299     401.370     352.016      35.801     136.913     179.301      37.159      42.079     305.173     288.008     215.727      30.668       0.000       0.000       1.162     687.253       0.000       0.000       0.000       0.000       0.000       0.000       0.000      37.159       0.000       0.000       3.139       0.000       0.000       0.000      -0.900       0.123      10.025       0.000       0.000
   365    12    31  2023      36       0  hru036               792.783      60.270      59.727      37.160       0.689      37.850     403.825     352.010      35.803     136.906     179.300      37.159      42.079     305.626     288.469     215.943      30.667       0.000       0.000       1.162     687.238       0.000       0.000       0.000       0.000       0.000       0.000       0.000      37.159       0.000       0.000       0.689       0.000       0.000       0.000      -0.900       1.180       2.202       0.000       0.000
   365    12    31  2023      37       0  hru037               792.783      60.269      59.728      41.082       0.308      41.390     403.772     348.194      35.803     136.790     175.602      41.082      58.471     356.311     345.369     246.847      31.181       0.000       0.000       1.162     687.236       0.000       0.000       0.000       0.000       0.000       0.000       0.000      41.082       0.000       0.000       0.308       0.000       0.000       0.000      -0.574       0.199       4.652       0.000       0.000
   365    12    31  2023      38       0  hru038               792.783      60.269      59.727      37.159       1.976      39.135     402.540     352.008      35.804     136.903     179.301      37.159      42.079     305.384     288.224     215.833      30.669       0.000       0.000       1.162     687.233       0.000       0.000       0.000       0.000       0.000      20.772       0.000      16.387       1.104       0.000       0.871       0.000       0.000       0.000      -0.900       0.195       6.309       0.000       0.000
   365    12    31  2023      39       0  hru039               792.783      60.269      59.727      37.159       3.544      40.703     400.968     352.013      35.804     136.904     179.306      37.159      42.079     305.092     287.927     215.695      30.668       0.000       0.000       1.162     687.233       0.000       0.000       0.000       0.000       0.000       0.000       0.000      37.159       0.000       0.000       3.544       0.000       0.000       0.000      -0.900       0.105      11.315       0.000       0.000
   365    12    31  2023      40       0  hru040               792.783      60.271      59.715     464.760      11.696     476.456      98.470     445.163      35.799     137.346     272.018     464.758      95.768     351.614     422.027     352.723      36.435       0.000       0.000       1.162     687.284       0.000       0.000     209.820      21.234       0.000       0.000       0.000     464.758       0.000       0.000      11.696       0.000       0.000       0.000       3.693       1.336     723.981       0.000       0.000
   365    12    31  2023      41       0  hru041               792.783      60.270      59.733     112.437       1.376     113.813     332.740     350.801      35.803     136.798     178.199     112.427      42.096     284.916     278.950     208.231      30.198       0.000       0.000       1.162     687.241       0.000       0.000       4.061       0.188       0.000       0.000       0.000     112.427       0.000       0.000       1.376       0.000       0.000       0.000      -0.313       9.268       4.393       0.000       0.000
   365    12    31  2023      42       0  hru042               792.783      60.270      59.718     114.028       0.180     114.207     326.952     352.961      35.799     136.425     180.737     114.024      58.514     314.685     289.255     231.429      30.170       0.000       0.000       1.162     687.237       0.000       0.000       0.000       0.000       0.000       0.000       0.000     114.024       0.000       0.000       0.180       0.000       0.000       0.000      -1.334       2.870       2.713       0.000       0.000
   365    12    31  2023      43       0  hru043               792.783      57.946      57.514     477.747       0.000     477.747       0.000     621.611      34.601      76.645     510.365     477.747       0.000      12.109      12.620       8.395       8.392       0.000       0.000       1.109     687.388       0.000       0.000       0.000       0.321       0.000       0.000       0.000     477.747       0.000       0.000       0.000       0.000       0.000       0.000       0.027       0.002       0.006       0.000     266.224
   365    12    31  2023      44       0  hru044               792.783      57.946      57.514     568.811       0.198     569.008     197.602     792.676      49.654     335.401     407.621     568.810       0.000     196.274     127.535     144.553      17.875       0.000       0.000       1.109     687.392       0.000       0.000       0.000     479.615       0.000       0.000       0.000     568.810       0.000       0.000       0.198       0.000       0.000       0.000      -3.605       0.057       2.985       0.000     188.877
   365    12    31  2023      45       0  hru045               792.783      57.946      57.514     473.422       0.000     473.422       0.000     618.958      34.523      76.220     508.214     473.422       0.000      12.060      12.601       8.374       8.371       0.000       0.000       1.109     687.381       0.000       0.000       0.000       0.000       0.000       0.000       0.000     473.422       0.000       0.000       0.000       0.000       0.000       0.000       0.029       0.037       0.002       0.000     263.632
   365    12    31  2023      46       0  hru046               792.783      57.945      57.512     474.004       0.000     474.004       0.000     619.153      34.567      76.709     507.877     474.004       0.000      12.126      12.638       8.395       8.392       0.000       0.000       1.109     687.368       0.000       0.000       0.000       0.486       0.000       0.000       0.000     474.004       0.000       0.000       0.000       0.000       0.000       0.000       0.027       0.224       0.001       0.000     263.550
   365    12    31  2023      47       0  hru047               792.783      57.944      57.512     473.502       0.000     473.502       0.000     618.860      34.589      76.223     508.048     473.502       0.000      12.355      12.896       8.670       8.670       0.000       0.000       1.109     687.361       0.000       0.000       0.000       0.000       0.000     473.502       0.000       0.000       0.000       0.000       0.000       0.000       0.000       0.000       0.029       0.627       0.000       0.000     263.548
   365    12    31  2023      48       0  hru048               792.783      57.944      57.511     475.487       0.000     475.487       0.000     615.686      34.998      75.598     505.089     475.487       0.000      13.854      14.395      10.042      10.042       0.000       0.000       1.109     687.356       0.000       0.000       0.000       0.000       0.000       0.000     475.487       0.000       0.000       0.000       0.000       0.000       0.000       0.000       0.029       0.235       0.000       0.000     261.949
   365    12    31  2023      49       0  hru049               792.783      57.945      57.512     477.713       0.000     477.713       0.000     611.959      35.394      75.682     500.883     477.712       0.000      13.405      13.880       9.740       9.740       0.000       0.000       1.109     687.368       0.000       0.000       0.000       0.000       0.000     477.712       0.000       0.000       0.000       0.000       0.000       0.000       0.000       0.000       0.025       0.005       0.000       0.000     260.049
   365    12    31  2023      50       0  hru050               792.783      57.945      57.512     477.712       0.000     477.712       0.000     611.962      35.394      75.682     500.886     477.712       0.000      13.405      13.880       9.740       9.740       0.000       0.000       1.109     687.367       0.000       0.000       0.000       0.000       0.000       0.000       0.000     477.712       0.000       0.000       0.000       0.000       0.000       0.000       0.025       0.000       0.000       0.000     260.052
   365    12    31  2023      51       0  hru051               792.783      57.946      57.514     477.717       0.000     477.717       0.000     611.907      35.391      75.679     500.837     477.717       0.000      13.409      13.883       9.742       9.742       0.000       0.000       1.109     687.383       0.000       0.000       0.000       0.000       0.000       0.000       0.000     477.717       0.000       0.000       0.000       0.000       0.000       0.000       0.025       0.246       0.000       0.000     260.006
   365    12    31  2023      52       0  hru052               792.783      57.946      57.514     478.633       0.000     478.633       0.000     611.809      35.554      77.703     498.552     478.632       0.000      13.739      13.938       9.860       9.813       0.000       0.000       1.109     687.389       0.000       0.000       0.000       2.014       0.000       0.000       0.000     478.632       0.000       0.000       0.000       0.000       0.000       0.000       0.011       0.310       0.000       0.000     258.606
   365    12    31  2023      53       0  hru053               792.783      57.945      57.512     515.607       0.000     515.607       0.000     603.861      45.318     137.206     421.337     515.606       0.000      43.328      22.970      26.799      12.799       0.000       0.000       1.109     687.367       0.000       0.000       0.000      59.962       0.000       0.000       0.000     515.606       0.000       0.000       0.000       0.000       0.000       0.000      -1.068       1.032       0.001       0.000     218.712
   365    12    31  2023      54       0  hru054               792.783      57.945      57.512     477.712       0.000     477.712       0.000     611.967      35.394      75.682     500.891     477.712       0.000      13.405      13.879       9.740       9.740       0.000       0.000       1.109     687.366       0.000       0.000       0.000       0.000       0.000       0.000       0.000     477.712       0.000       0.000       0.000       0.000       0.000       0.000       0.025       0.314       0.000       0.000     260.056
   365    12    31  2023      55       0  hru055               792.783      60.628      59.977     175.443      58.295     233.738      72.472     485.949      10.367      36.598     438.983     175.438      93.956     356.465     366.030     275.882      27.471       0.000       0.000       1.173     687.199       0.000       0.000       0.000       0.000       0.000       0.000       0.000     175.438       0.000       0.000      58.295       0.000       0.000       0.000       0.502       2.723    3608.532       0.000       0.000
   365    12    31  2023      56       0  hru056               792.783      60.627      59.974       0.498       6.100       6.598     253.943     533.789      10.040      30.697     493.052       0.497      12.326     366.650     337.245     241.823      44.881       0.000       0.000       1.173     687.205       0.000       0.000       0.000       0.000       0.000       0.000       0.000       0.497       0.000       0.000       6.100       0.000       0.000       0.000      -1.542       0.026      16.145       0.000       0.000
   365    12    31  2023      57       0  hru057               792.783      60.628      59.976     137.499      12.372     149.872      91.568     551.116       8.689      26.218     516.208     137.492      91.187     420.415     424.560     328.469      31.788       0.000       0.000       1.173     687.211       0.000       0.000       0.000       0.000       0.000       0.000       0.000     137.492       0.000       0.000      12.372       0.000       0.000       0.000       0.217       2.950     765.857       0.000       0.000
   365    12    31  2023      58       0  hru058               792.783      60.615      59.964     414.551      63.609     478.159      79.154     519.601      11.179      43.670     464.752     414.547      94.660     373.902     384.850     294.398      28.936       0.000       0.000       1.173     687.222       0.000       0.000     277.836       6.992       0.000       0.000       0.000     414.547       0.000       0.000      63.609       0.000       0.000       0.000       0.574       1.907    3937.448       0.000       0.000
   365    12    31  2023      59       0  hru059               792.783      60.628      59.976     139.189       8.226     147.416      92.035     553.083       8.985      26.670     517.428     139.182      91.287     421.065     425.713     329.823      31.958       0.000       0.000       1.173     687.209       0.000       0.000       0.000       0.000       0.000       0.000       0.000     139.182       0.000       0.000       8.226       0.000       0.000       0.000       0.244       2.801     509.227       0.000       0.000
   365    12    31  2023      60       0  hru060               792.783      60.627      59.974     192.921     229.335     422.256      77.195     522.410       9.968      35.827     476.615     192.917      87.144     362.095     346.989     260.556      29.311       0.000       0.000       1.173     687.211       0.000       0.000     153.133      75.027       0.000       0.000       0.000     192.917       0.000       0.000     229.335       0.000       0.000       0.000      -0.792       1.277    3464.180       0.000       0.000
   365    12    31  2023      61       0  hru061               792.783      60.628      59.976       1.718       1.030       2.748     311.619     492.043      12.056      41.275     438.712       1.718      41.668     263.614     234.776     152.293      27.652       0.000       0.000       1.173     687.180       0.000       0.000      11.715       0.399       0.000       0.000       0.000       1.718       0.000       0.000       1.030       0.000       0.000       0.000      -1.512       0.070       3.523       0.000       0.000
   365    12    31  2023      62       0  hru062               792.783      60.675      60.019    1082.468       9.805    1092.273    1832.109     566.321      11.488      42.490     512.342    1082.337      43.771     511.309     457.737     288.528      37.770       0.000       0.000       1.173     687.177       0.000       0.000    2643.608      51.371       0.000    1082.337       0.000       0.000       9.805       0.000       0.000       0.000       0.000       0.000      -2.809      22.354      33.548       0.000       0.000
   365    12    31  2023      63       0  hru063               792.783      60.659      60.005       3.529       0.207       3.736     317.948     493.947       8.757      30.657     454.533       3.529      41.579     369.238     332.308     225.675      28.600       0.000       0.000       1.173     687.195       0.000       0.000      20.569       0.341       0.000       0.000       0.000       3.529       0.000       0.000       0.207       0.000       0.000       0.000      -1.937       0.206       3.133       0.000       0.000
   365    12    31  2023      64       0  hru064               792.783      60.636      59.982       0.374     113.732     114.106     146.679     533.405      11.199      32.226     489.980       0.374      21.487     331.353     306.075     232.609      44.658       0.000       0.000       1.173     687.212       0.000       0.000       0.000       0.000       0.000       0.000       0.000       0.374       0.000       0.000     113.732       0.000       0.000       0.000      -1.326       0.002     301.010       0.000       0.000
   365    12    31  2023      65       0  hru065               792.783      60.675      60.021       0.473     106.931     107.404     154.325     532.462       9.879      29.232     493.351       0.473      21.897     333.911     308.480     233.554      44.799       0.000       0.000       1.173     687.201       0.000       0.000       0.000       0.000       0.000       0.000       0.000       0.473       0.000       0.000     106.931       0.000       0.000       0.000      -1.334       0.005     283.010       0.000       0.000
   365    12    31  2023      66       0  hru066               792.783      60.650      59.997       0.220     126.715     126.935     133.443     533.795      10.827      34.395     488.573       0.220      20.792     326.422     301.760     231.401      44.652       0.000       0.000       1.173     687.199       0.000       0.000       0.000       0.000       0.000       0.000       0.000       0.220       0.000       0.000     126.715       0.000       0.000       0.000      -1.294       0.001     335.371       0.000       0.000
   365    12    31  2023      67       0  hru067               792.783      60.628      59.977       0.000      57.378      57.378     239.180     497.718      10.988      38.909     447.822       0.000      18.955     299.617     271.603     196.280      29.926       0.000       0.000       1.173     687.192       0.000       0.000       0.000       0.000       0.000       0.000       0.000       0.000       0.000       0.000      57.378       0.000       0.000       0.000      -1.469       0.000     171.598       0.000       0.000
   365    12    31  2023      68       0  hru068               792.783      60.628      59.976       0.525       4.582       5.107     254.266     534.982      11.945      39.746     483.290       0.525      12.329     367.171     337.277     241.016      44.666       0.000       0.000       1.173     687.181       0.000       0.000       0.000       0.000       0.000       0.000       0.000       0.525       0.000       0.000       4.582       0.000       0.000       0.000      -1.568       0.007      12.126       0.000       0.000
   365    12    31  2023      69       0  hru069               792.783      60.604      59.953       0.554       3.111       3.665     256.516     534.109      12.052      35.367     486.690       0.553      12.330     366.755     338.068     242.062      44.891       0.000       0.000       1.173     687.188       0.000       0.000       0.000       0.000       0.000       0.000       0.000       0.553       0.000       0.000       3.111       0.000       0.000       0.000      -1.505       0.011       8.235       0.000       0.000
   365    12    31  2023      70       0  hru070               792.783      60.628      59.977       0.569       2.203       2.772     255.369     536.175      11.971      39.316     484.888       0.569      12.333     367.225     338.040     241.833      44.880       0.000       0.000       1.173     687.176       0.000       0.000       0.000       0.000       0.000       0.000       0.000       0.569       0.000       0.000       2.203       0.000       0.000       0.000      -1.531       0.015       5.830       0.000       0.000
   365    12    31  2023      71       0  hru071               792.783      60.645      59.994       0.579       1.818       2.397     255.950     535.961      10.501      38.151     487.309       0.579      12.333     367.162     338.114     241.909      44.875       0.000       0.000       1.173     687.179       0.000       0.000       0.000       0.000       0.000       0.000       0.000       0.579       0.000       0.000       1.818       0.000       0.000       0.000      -1.524       0.023       4.811       0.000       0.000
   365    12    31  2023      72       0  hru072               792.783      60.628      59.976       0.546       3.493       4.039     257.795     532.499      10.031      28.460     494.009       0.546      12.331     367.491     337.986     242.388      45.023       0.000       0.000       1.173     687.176       0.000       0.000       0.000       0.000       0.000       0.000       0.000       0.546       0.000       0.000       3.493       0.000       0.000       0.000      -1.548       0.010       9.244       0.000       0.000
   365    12    31  2023      73       0  hru073               792.783      60.628      59.975     487.900       0.504     488.404     123.577     654.135       8.706      26.628     618.801     487.870      74.964     507.582     507.582     442.831      74.685       0.000       0.000       1.173     687.185       0.000       0.000     473.302       0.000       0.000       0.000       0.000     487.870       0.000       0.000       0.504       0.000       0.000       0.000      -0.000      21.536      31.175       0.000       0.000
   365    12    31  2023      74       0  hru074               792.783      60.628      59.976     140.850       7.977     148.826      88.000     555.657      10.325      37.345     507.988     140.839      91.096     422.090     427.735     331.448      30.745       0.000       0.000       1.173     687.197       0.000       0.000       0.000       0.000       0.000       0.000       0.000     140.839       0.000       0.000       7.977       0.000       0.000       0.000       0.296       4.017     493.760       0.000       0.000
   365    12    31  2023      75       0  hru075               792.783      60.628      59.976     207.175       8.866     216.041      92.210     566.508      14.727      55.926     495.855     207.155      91.128     421.162     425.925     331.908      33.463       0.000       0.000       1.173     687.195       0.000       0.000      81.832       0.387       0.000       0.000       0.000     207.155       0.000       0.000       8.866       0.000       0.000       0.000       0.250      11.836     548.847       0.000       0.000
   365    12    31  2023      76       0  hru076               792.783      60.645      59.994       0.633       0.710       1.343     305.181     492.706      10.115      38.965     443.627       0.632      41.656     263.752     233.963     150.337      27.509       0.000       0.000       1.173     687.187       0.000       0.000       4.324       0.561       0.000       0.000       0.000       0.632       0.000       0.000       0.710       0.000       0.000       0.000      -1.562       0.093       2.430       0.000       0.000
   365    12    31  2023      77       0  hru077               792.783      60.654      60.003       0.000       1.642       1.642     303.496     492.199       7.831      24.824     459.544       0.000      12.285     313.710     283.069     201.015      28.158       0.000       0.000       1.173     687.177       0.000       0.000       1.880       1.067       0.000       0.000       0.000       0.000       0.000       0.000       1.642       0.000       0.000       0.000      -1.607       0.000       5.243       0.000       0.000
   365    12    31  2023      78       0  hru078               792.783      60.645      59.994       0.000       1.352       1.352     304.884     492.149       7.964      25.047     459.138       0.000      12.282     313.664     283.532     201.139      28.150       0.000       0.000       1.173     687.181       0.000       0.000       3.167       0.854       0.000       0.000       0.000       0.000       0.000       0.000       1.352       0.000       0.000       0.000      -1.581       0.000       4.316       0.000       0.000
   365    12    31  2023      79       0  hru079               792.783      60.645      59.994      16.812       1.331      18.143     403.689     501.684      11.690      48.737     441.257      16.812      12.355     317.509     296.868     208.777      28.787       0.000       0.000       1.173     687.171       0.000       0.000     119.876       9.775       0.000       0.000       0.000      16.812       0.000       0.000       1.331       0.000       0.000       0.000      -1.083       0.675       4.250       0.000       0.000
   365    12    31  2023      80       0  hru080               792.783      60.607      59.956       0.000       2.645       2.645     291.168     500.554      12.599      50.859     437.097       0.000      12.284     313.092     282.910     198.302      27.777       0.000       0.000       1.173     687.190       0.000       0.000       0.000       0.000       0.000       0.000       0.000       0.000       0.000       0.000       2.645       0.000       0.000       0.000      -1.583       0.000       8.445       0.000       0.000
   365    12    31  2023      81       0  hru081               792.783      60.666      60.013      12.384       1.149      13.532     337.787     500.148      11.405      45.319     443.425      12.383      12.325     316.976     284.764     203.186      28.087       0.000       0.000       1.173     687.183       0.000       0.000      44.998      11.996       0.000       0.000       0.000      12.383       0.000       0.000       1.149       0.000       0.000       0.000      -1.690       1.510       3.668       0.000       0.000
   365    12    31  2023      82       0  hru082               792.783      60.604      59.953       0.000       1.386       1.386     389.904     511.014       9.980      29.519     471.515       0.000      12.284     336.457     296.773     210.675      28.770       0.000       0.000       1.173     687.179       0.000       0.000     105.251       2.190       0.000       0.000       0.000       0.000       0.000       0.000       1.386       0.000       0.000       0.000      -2.082       0.000       4.426       0.000       0.000
   365    12    31  2023      83       0  hru083               792.783      60.675      60.019       0.000       0.839       0.839     312.179     492.252       7.539      24.120     460.592       0.000      12.285     314.024     283.555     201.754      28.188       0.000       0.000       1.173     687.167       0.000       0.000       9.100       1.789       0.000       0.000       0.000       0.000       0.000       0.000       0.839       0.000       0.000       0.000      -1.598       0.000       2.679       0.000       0.000
   365    12    31  2023      84       0  hru084               792.783      60.628      59.976       0.000       0.867       0.867     301.675     492.885       9.681      29.053     454.151       0.000      12.285     313.716     283.137     200.825      28.113       0.000       0.000       1.173     687.168       0.000       0.000       0.367       0.673       0.000       0.000       0.000       0.000       0.000       0.000       0.867       0.000       0.000       0.000      -1.604       0.000       2.769       0.000       0.000
   365    12    31  2023      85       0  hru085               792.783      60.654      60.003       0.000       1.186       1.186     291.832     501.349      13.618      52.190     435.540       0.000      12.284     313.489     283.301     197.422      27.820       0.000       0.000       1.173     687.167       0.000       0.000       0.000       0.000       0.000       0.000       0.000       0.000       0.626       0.000       0.560       0.000       0.000       0.000      -1.584       0.000       3.788       0.000       0.000
   365    12    31  2023      86       0  hru086               792.783      60.628      59.975     762.742       1.759     764.501     988.935     612.806      10.518      30.876     571.412     762.215      48.959     466.124     452.210     354.479      53.457       0.000       0.000       1.173     687.170       0.000       0.000    1536.974      35.229       0.000       0.000       0.000     762.214       0.000       0.000       1.759       0.000       0.000       0.000      -0.730     150.824      26.574       0.000       0.000
   365    12    31  2023      87       0  hru087               792.783      60.628      59.976     102.219       1.597     103.816     292.935     536.942      10.260      28.448     498.233     102.219      12.657     372.172     341.752     246.483      45.632       0.000       0.000       1.173     687.165       0.000       0.000     110.410      28.903       0.000       0.000       0.000     102.219       0.000       0.000       1.597       0.000       0.000       0.000      -1.596      14.435       4.227       0.000       0.000
   365    12    31  2023      88       0  hru088               792.783      60.666      60.012       0.000       1.937       1.937     243.446     550.167       8.184      25.414     516.569       0.000      12.275     392.199     362.444     262.362      69.402       0.000       0.000       1.173     687.168       0.000       0.000       0.587       0.618       0.000       0.000       0.000       0.000       0.000       0.000       1.937       0.000       0.000       0.000      -1.561       0.000       1.558       0.000       0.000
   365    12    31  2023      89       0  hru089               792.783      60.628      59.977       0.000       1.201       1.201     303.319     496.304      11.271      39.857     445.176       0.000      12.281     314.636     284.098     199.745      27.933       0.000       0.000       1.173     687.180       0.000       0.000       2.615       3.823       0.000       0.000       0.000       0.000       0.000       0.000       1.201       0.000       0.000       0.000      -1.602       0.000       3.835       0.000       0.000
   365    12    31  2023      90       0  hru090               792.783      60.628      59.976       0.000       1.311       1.311     303.771     495.135      11.224      36.755     447.157       0.000      12.284     313.982     283.669     200.627      28.016       0.000       0.000       1.173     687.164       0.000       0.000       3.163       2.681       0.000       0.000       0.000       0.000       0.000       0.000       1.311       0.000       0.000       0.000      -1.590       0.000       4.185       0.000       0.000
   365    12    31  2023      91       0  hru091               792.783      60.636      59.981       0.000       1.159       1.159     238.107     555.024      12.885      43.555     498.584       0.000      12.275     391.619     362.891     260.026      68.219       0.000       0.000       1.173     687.177       0.000       0.000       0.000       0.000       0.000       0.000       0.000       0.000       0.000       0.000       1.159       0.000       0.000       0.000      -1.507       0.000       0.933       0.000       0.000
   365    12    31  2023      92       0  hru092               792.783      60.628      59.976       3.521       0.672       4.194     436.463     526.480      10.141      29.884     486.455       3.521      41.675     437.545     369.605     249.686      30.879       0.000       0.000       1.173     687.166       0.000       0.000     170.464       0.324       0.000       0.000       0.000       3.521       0.000       0.000       0.672       0.000       0.000       0.000      -3.564       0.045      10.158       0.000       0.000
   365    12    31  2023      93       0  hru093               792.783      60.675      60.020       0.000       1.162       1.163     305.532     495.748      10.452      37.853     447.442       0.000      12.284     313.992     283.678     200.458      28.036       0.000       0.000       1.173     687.168       0.000       0.000       6.755       1.314       0.000       0.000       0.000       0.000       1.162       0.000       0.000       0.000       0.000       0.000      -1.590       0.000       3.712       0.000       0.000
   365    12    31  2023      94       0  hru094               792.783      60.645      59.994       0.000       1.385       1.385     240.047     552.887       9.397      33.381     510.110       0.000      12.275     392.130     362.846     261.682      69.213       0.000       0.000       1.173     687.168       0.000       0.000       0.000       0.000       0.000       0.000       0.000       0.000       0.000       0.000       1.385       0.000       0.000       0.000      -1.536       0.000       1.114       0.000       0.000
   365    12    31  2023      95       0  hru095               792.783      60.675      60.019     111.445     115.132     226.577      84.368     519.157       9.605      35.523     474.029     111.443      87.880     374.047     364.066     268.039      29.259       0.000       0.000       1.173     687.161       0.000       0.000      12.200      24.562       0.000     111.443       0.000       0.000     115.132       0.000       0.000       0.000       0.000       0.000      -0.523       0.693    1739.102       0.000       0.000
   365    12    31  2023      96       0  hru096               792.783      60.675      60.019      28.604       4.638      33.242     304.352     552.653       9.880      29.226     513.547      28.603      12.477     399.919     373.115     269.562      71.900       0.000       0.000       1.173     687.163       0.000       0.000      92.948       3.109       0.000      28.603       0.000       0.000       4.638       0.000       0.000       0.000       0.000       0.000      -1.406       4.695       3.732       0.000       0.000
   365    12    31  2023      97       0  hru097               792.783      60.645      59.993       0.000       5.200       5.201     232.818     556.286      12.203      48.642     495.440       0.000      12.276     391.035     362.048     259.389      67.937       0.000       0.000       1.173     687.162       0.000       0.000       0.000       0.000       0.000       0.000       0.000       0.000       0.000       0.000       5.200       0.000       0.000       0.000      -1.520       0.000       4.184       0.000       0.000
   365    12    31  2023      98       0  hru098               792.783      60.675      60.019      93.397     122.174     215.571      76.941     507.883       9.076      34.466     464.340      93.396      86.895     360.461     352.297     258.553      28.569       0.000       0.000       1.173     687.160       0.000       0.000       6.970       0.192       0.000      93.396       0.000       0.000     122.174       0.000       0.000       0.000       0.000       0.000      -0.428       0.330    1845.479       0.000       0.000
   365    12    31  2023      99       0  hru099               792.783      60.628      59.976     194.718       9.516     204.235     308.497     492.830      10.095      28.674     454.061     194.717      64.054     352.667     327.862     224.157      28.614       0.000       0.000       1.173     687.161       0.000       0.000     207.913       3.549       0.000     194.717       0.000       0.000       9.516       0.000       0.000       0.000       0.000       0.000      -1.301       1.879     143.745       0.000       0.000
   365    12    31  2023     100       0  hru100               792.783      60.628      59.976       2.454       0.355       2.809     314.431     506.450      14.180      55.369     436.901       2.454      41.598     380.249     332.008     223.013      28.250       0.000       0.000       1.173     687.161       0.000       0.000      15.468      12.908       0.000       2.454       0.000       0.000       0.355       0.000       0.000       0.000       0.000       0.000      -2.530       0.254       5.356       0.000       0.000
   365    12    31  2023     101       0  hru101               792.783      60.646      59.995       0.000       2.147       2.147     293.525     502.928      13.785      55.000     434.143       0.000      12.282     313.836     283.238     196.703      27.749       0.000       0.000       1.173     687.209       0.000       0.000       2.043       2.169       0.000       0.000       0.000       0.000       0.000       0.000       2.147       0.000       0.000       0.000      -1.605       0.000       6.856       0.000       0.000
   365    12    31  2023     102       0  hru102               792.783      61.126      60.467      10.449       0.131      10.580     281.110     503.565      14.588      77.757     411.220      10.449      63.863     372.393     325.271     216.525      27.750       0.000       0.000       1.175     687.202       0.000       0.000       0.000       0.000       0.000       0.000       0.000      10.449       0.000       0.000       0.131       0.000       0.000       0.000      -2.471       0.005       1.973       0.000       0.000
   365    12    31  2023     103       0  hru103               792.783      61.126      60.467       3.572       1.283       4.855     290.417     503.749      14.694      77.765     411.290       3.571      51.548     313.776     282.112     195.131      27.767       0.000       0.000       1.175     687.179       0.000       0.000       2.904       1.673       0.000       0.000       0.000       3.571       0.000       0.000       1.283       0.000       0.000       0.000      -1.661       0.001       4.097       0.000       0.000
   365    12    31  2023     104       0  hru104               792.783      61.126      60.469      10.154       0.105      10.258     279.278     505.735       8.420     105.126     392.188      10.153      63.827     372.605     325.178     215.226      27.715       0.000       0.000       1.175     687.191       0.000       0.000       0.000       0.000       0.000       0.000       0.000      10.153       0.000       0.000       0.105       0.000       0.000       0.000      -2.487       0.021       1.582       0.000       0.000
   365    12    31  2023     105       0  hru105               792.783      56.555      56.297      85.548       2.154      87.702     632.892     343.239      41.306     133.502     168.432      85.548      51.612     325.683     300.106     236.230      33.175       0.000       0.000       1.084     687.442       0.000       0.000     268.915       0.789       0.000       0.000       0.000      85.548       0.000       0.000       2.154       0.000       0.000       0.000      -1.342       0.217       6.877       0.000       0.000
   365    12    31  2023     106       0  hru106               792.783      61.126      60.468     234.958      11.976     246.935      78.387     522.251       6.719      99.456     416.076     234.957      94.504     373.050     377.699     291.148      28.256       0.000       0.000       1.175     687.202       0.000       0.000      52.274       2.777       0.000       0.000       0.000     234.957       0.000       0.000      11.976       0.000       0.000       0.000       0.244       0.585     741.353       0.000       0.000
   365    12    31  2023     107       0  hru107               792.783      61.126      60.467     303.448       0.278     303.726     105.032     618.044       7.063     143.353     467.627     303.444      76.556     507.582     452.135     378.969      47.710       0.000       0.000       1.175     687.202       0.000       0.000     230.747       0.359       0.000       0.000       0.000     303.444       0.000       0.000       0.278       0.000       0.000       0.000      -2.908       0.711      17.184       0.000       0.000
   365    12    31  2023     108       0  hru108               792.783      61.126      60.465      10.405       0.364      10.769     295.094     489.234       4.753      98.800     385.680      10.405      63.899     370.871     326.778     220.189      27.405       0.000       0.000       1.175     687.164       0.000       0.000       0.000       0.000       0.000       0.000       0.000      10.405       0.000       0.000       0.364       0.000       0.000       0.000      -2.313       0.001       5.491       0.000       0.000
   365    12    31  2023     109       0  hru109               792.783      60.287      59.738      10.681       0.587      11.269     289.332     493.696       8.743     174.277     310.676      10.681      63.995     260.265     231.519     147.425      25.899       0.000       0.000       1.151     687.173       0.000       0.000       0.000       0.000       0.000       0.000       0.000      10.681       0.000       0.000       0.587       0.000       0.000       0.000      -1.508       0.025       2.010       0.000       0.000
   365    12    31  2023     110       0  hru110               792.783      60.860      60.210      10.592       0.763      11.355     269.033     514.145       9.138     141.026     363.982      10.592      63.949     263.853     230.493     138.954      26.868       0.000       0.000       1.172     687.249       0.000       0.000       0.000       0.000       0.000       0.000       0.000      10.592       0.000       0.000       0.763       0.000       0.000       0.000      -1.750       0.024       2.609       0.000       0.000
   365    12    31  2023     111       0  hru111               792.783      60.564      59.908      15.954       0.890      16.844     269.462     517.012      10.965     157.676     348.372      15.954      63.922     263.530     230.214     137.704      26.772       0.000       0.000       1.171     687.293       0.000       0.000       7.876       0.912       0.000       0.000       0.000      15.954       0.000       0.000       0.890       0.000       0.000       0.000      -1.747       0.026       3.045       0.000       0.000
   365    12    31  2023     112       0  hru112               792.783      60.579      60.001      98.481       0.256      98.736     106.585     610.000       9.136     189.974     410.889      98.435      76.071     507.563     500.800     379.495      45.563       0.000       0.000       1.166     687.203       0.000       0.000      21.895       0.243       0.000       0.000       0.000      98.435       0.000       0.000       0.256       0.000       0.000       0.000      -0.355       8.202      15.832       0.000       0.000
   365    12    31  2023     113       0  hru113               792.783      59.853      59.321       2.148       1.632       3.779     251.993     538.929      14.440     211.411     313.078       2.147      51.524     312.805     276.260     179.574      26.866       0.000       0.000       1.159     687.256       0.000       0.000       0.000       0.000       0.000       0.000       0.000       2.147       0.000       0.000       1.632       0.000       0.000       0.000      -1.917       0.011       5.210       0.000       0.000
   365    12    31  2023     114       0  hru114               792.783      61.126      60.467      47.420       2.402      49.822     382.887     522.971       7.494     147.698     367.779      47.420      51.515     382.663     310.803     199.885      28.436       0.000       0.000       1.175     687.170       0.000       0.000     145.565      13.561       0.000       0.000       0.000      47.420       0.000       0.000       2.402       0.000       0.000       0.000      -3.769       0.007       7.671       0.000       0.000
   365    12    31  2023     115       0  hru115               792.783      61.057      60.412      17.468       0.199      17.667     259.097     530.694       6.594     169.963     354.137      17.467      63.904     372.572     304.767     204.401      27.324       0.000       0.000       1.174     687.207       0.000       0.000      10.826       0.291       0.000       0.000       0.000      17.467       0.000       0.000       0.199       0.000       0.000       0.000      -3.556       0.018       3.003       0.000       0.000
   365    12    31  2023     116       0  hru116               792.783      60.546      59.931       2.602       1.383       3.986     276.043     530.655       7.952     183.060     339.643       2.602      51.529     315.972     278.388     184.323      27.248       0.000       0.000       1.165     687.241       0.000       0.000      15.244       0.684       0.000       0.000       0.000       2.602       0.000       0.000       1.383       0.000       0.000       0.000      -1.971       0.004       4.417       0.000       0.000
   365    12    31  2023     117       0  hru117               792.783      60.828      60.177       2.197       1.529       3.726     263.286     527.726       5.753     178.446     343.527       2.196      51.505     312.877     275.636     182.378      27.258       0.000       0.000       1.172     687.229       0.000       0.000       0.000       0.000       0.000       0.000       0.000       2.196       0.000       0.000       1.529       0.000       0.000       0.000      -1.953       0.000       4.882       0.000       0.000
   365    12    31  2023     118       0  hru118               792.783      60.707      60.080       2.198       1.469       3.667     261.445     529.634       6.775     189.342     333.517       2.198      51.505     313.035     275.623     181.432      27.166       0.000       0.000       1.172     687.239       0.000       0.000       0.000       0.000       0.000       0.000       0.000       2.198       0.000       0.000       1.469       0.000       0.000       0.000      -1.962       0.001       4.691       0.000       0.000
   365    12    31  2023     119       0  hru119               792.783      60.536      59.994     165.475      10.375     175.849      67.266     551.380       8.427     206.201     336.752     165.474      93.294     362.476     330.104     267.568      26.861       0.000       0.000       1.170     687.248       0.000       0.000       0.000       0.000       0.000       0.000       0.000     165.474       0.000       0.000      10.375       0.000       0.000       0.000      -1.698       0.026     642.207       0.000       0.000
   365    12    31  2023     120       0  hru120               792.783      60.817      60.218       2.133       0.744       2.877     241.740     552.012       9.322     146.115     396.575       2.133      51.327     393.008     361.614     255.587      66.336       0.000       0.000       1.170     687.174       0.000       0.000       0.001       2.198       0.000       0.000       0.000       2.133       0.000       0.000       0.744       0.000       0.000       0.000      -1.647       0.010       0.599       0.000       0.000
   365    12    31  2023     121       0  hru121               792.783      60.870      60.256      14.019       0.239      14.258     300.918     485.655       7.297     111.772     366.585      14.019      63.876     371.575     327.337     221.078      27.343       0.000       0.000       1.172     687.172       0.000       0.000       5.610       0.117       0.000       0.000       0.000      14.019       0.000       0.000       0.239       0.000       0.000       0.000      -2.320       0.033       3.615       0.000       0.000
   365    12    31  2023     122       0  hru122               792.783      60.124      59.633      29.299       1.180      30.479     296.485     495.867       9.601     185.400     300.865      29.298      63.963     261.239     232.771     148.122      25.979       0.000       0.000       1.152     687.184       0.000       0.000      26.067       2.483       0.000       0.000       0.000      29.298       0.000       0.000       1.180       0.000       0.000       0.000      -1.493       0.029       4.038       0.000       0.000
   365    12    31  2023     123       0  hru123               792.783      60.818      60.186       2.197       0.587       2.784     306.340     485.229       5.168     130.510     349.551       2.197      51.572     313.208     283.271     199.765      27.115       0.000       0.000       1.172     687.241       0.000       0.000       0.000       0.000       0.000       0.000       0.000       2.197       0.000       0.000       0.587       0.000       0.000       0.000      -1.570       0.018       1.873       0.000       0.000
   365    12    31  2023     124       0  hru124               792.783      60.132      59.591      11.050       0.901      11.951     292.707     490.298       9.585     168.837     311.877      11.050      63.990     263.935     230.737     148.916      26.109       0.000       0.000       1.163     687.302       0.000       0.000       0.251       0.180       0.000       0.000       0.000      11.050       0.000       0.000       0.901       0.000       0.000       0.000      -1.741       0.057       3.083       0.000       0.000
   365    12    31  2023     125       0  hru125               792.783      61.126      60.466     650.851       5.435     656.286      78.899     570.240       7.279     185.930     377.031     650.848      94.445     390.299     384.237     298.867      30.079       0.000       0.000       1.175     687.204       0.000       0.000     506.590       5.731       0.000       0.000       0.000     650.848       0.000       0.000       5.435       0.000       0.000       0.000      -0.318       0.722     336.430       0.000       0.000
   365    12    31  2023     126       0  hru126               792.783      60.995      60.345       6.525       1.286       7.811     281.761     519.475       6.013     152.588     360.874       6.524      51.471     314.156     281.855     187.669      27.510       0.000       0.000       1.175     687.188       0.000       0.000      12.687       1.882       0.000       0.000       0.000       6.524       0.000       0.000       1.286       0.000       0.000       0.000      -1.694       0.112       4.108       0.000       0.000
   365    12    31  2023     127       0  hru127               792.783      61.126      60.468    1616.304       6.472    1622.776      87.060     580.384       8.252     170.083     402.049    1616.302      95.241     418.792     396.946     320.750      32.431       0.000       0.000       1.175     687.201       0.000       0.000    1484.335      11.945       0.000       0.000       0.000    1616.302       0.000       0.000       6.472       0.000       0.000       0.000      -1.146       0.484     400.627       0.000       0.000
   365    12    31  2023     128       0  hru128               792.783      60.689      60.087     141.574      73.370     214.944      49.410     540.199      11.008     221.134     308.057     141.574      91.148     327.847     308.942     217.468      26.155       0.000       0.000       1.162     687.204       0.000       0.000      10.415       0.224       0.000       0.000       0.000     141.574       0.000       0.000      73.370       0.000       0.000       0.000      -0.991       0.000    1108.281       0.000       0.000
   365    12    31  2023     129       0  hru129               792.783      61.126      60.467      75.132       0.319      75.452     100.959     619.582      11.609     192.773     415.201      75.132      75.582     506.333     445.146     366.682      44.068       0.000       0.000       1.175     687.205       0.000       0.000       0.000       0.000       0.000       0.000       0.000      75.132       0.000       0.000       0.319       0.000       0.000       0.000      -3.209       0.029      19.768       0.000       0.000
   365    12    31  2023     130       0  hru130               792.783      60.951      60.313      34.723       0.390      35.113     253.460     538.050       8.144     194.424     335.481      34.722      63.808     309.586     276.109     174.542      29.964       0.000       0.000       1.170     687.185       0.000       0.000      31.394       0.687       0.000       0.000       0.000      34.722       0.000       0.000       0.390       0.000       0.000       0.000      -1.756       0.055       2.852       0.000       0.000
   365    12    31  2023     131       0  hru131               792.783      60.923      60.252      14.843       0.203      15.046     267.923     538.959       8.179     187.310     343.469      14.843      63.870     381.126     299.823     204.851      27.688       0.000       0.000       1.174     687.273       0.000       0.000      24.767       0.112       0.000       0.000       0.000      14.843       0.000       0.000       0.203       0.000       0.000       0.000      -4.264       0.007       3.063       0.000       0.000
   365    12    31  2023     132       0  hru132               792.783      60.628      59.995     214.924       0.334     215.257     109.323     632.073       7.782     256.446     367.845     214.921      77.624     507.582     495.022     392.191      51.213       0.000       0.000       1.170     687.268       0.000       0.000     160.992       2.217       0.000       0.000       0.000     214.921       0.000       0.000       0.334       0.000       0.000       0.000      -0.659       0.458      20.672       0.000       0.000
   365    12    31  2023     133       0  hru133               792.783      61.126      60.465       2.198       0.980       3.179     296.219     494.997       8.674     108.071     378.251       2.198      51.645     313.470     282.768     198.705      27.206       0.000       0.000       1.175     687.171       0.000       0.000       0.000       0.000       0.000       0.000       0.000       2.198       0.000       0.000       0.980       0.000       0.000       0.000      -1.610       0.000       3.130       0.000       0.000
   365    12    31  2023     134       0  hru134               792.783      60.248      59.721     194.024       4.865     198.889      80.277     512.397       9.200     204.834     298.363     194.011      94.595     361.482     384.621     291.184      26.541       0.000       0.000       1.166     687.273       0.000       0.000       0.000       0.000       0.000       0.000       0.000     194.011       0.000       0.000       4.865       0.000       0.000       0.000       1.214       7.829     301.163       0.000       0.000
   365    12    31  2023     135       0  hru135               792.783      61.126      60.474      20.885       1.109      21.994     298.414     491.355      11.626     163.672     316.057      20.885      63.654     265.880     234.224     141.719      27.383       0.000       0.000       1.175     687.176       0.000       0.000      15.876       1.444       0.000       0.000       0.000      20.885       0.000       0.000       1.109       0.000       0.000       0.000      -1.660       0.003       3.795       0.000       0.000
   365    12    31  2023     136       0  hru136               792.783      55.810      55.572       1.572       2.906       4.478     458.694     440.534      51.950     225.864     162.720       1.571      51.164     421.750     400.503     289.161      73.358       0.000       0.000       1.070     687.451       0.000       0.000       0.015     109.788       0.000       0.000       0.000       1.571       0.000       0.000       2.906       0.000       0.000       0.000      -1.114       0.000       2.339       0.000       0.000
   365    12    31  2023     137       0  hru137               792.783      56.643      56.381       9.155       2.136      11.291     331.856     462.614      40.690     272.833     149.090       9.155      51.500     315.345     291.817     192.817      28.010       0.000       0.000       1.085     687.420       0.000       0.000      10.428       1.310       0.000       0.000       0.000       9.155       0.000       0.000       2.136       0.000       0.000       0.000      -1.234       0.004       6.821       0.000       0.000
   365    12    31  2023     138       0  hru138               792.783      58.328      57.987     279.486       0.607     280.093     129.289     383.405      26.041     203.687     153.677     279.486      88.178     507.582     507.582     464.891      84.135       0.000       0.000       1.118     687.345       0.000       0.000       0.000       0.000       0.000       0.000       0.000     279.486       0.000       0.000       0.607       0.000       0.000       0.000      -0.000       0.075      37.568       0.000       0.000
   365    12    31  2023     139       0  hru139               792.783      55.901      55.660       2.413       2.089       4.501     243.434     547.344      48.069     348.950     150.326       2.412      51.748     365.379     317.934     218.518      42.406       0.000       0.000       1.071     687.446       0.000       0.000       0.000       0.000       0.000       0.000       0.000       2.412       0.000       0.000       2.089       0.000       0.000       0.000      -2.489       0.000       5.528       0.000       0.000
   365    12    31  2023     140       0  hru140               792.783      55.900      55.659       2.391       1.018       3.410     267.783     525.979      48.091     338.834     139.054       2.391      51.505     314.958     267.016     175.061      26.263       0.000       0.000       1.071     687.447       0.000       0.000       1.292       0.576       0.000       0.000       0.000       2.391       0.000       0.000       1.018       0.000       0.000       0.000      -2.515       0.000       3.252       0.000       0.000
   365    12    31  2023     141       0  hru141               792.783      60.824      60.195      19.062       0.355      19.417     268.880     519.413       8.029     128.156     383.228      19.062      63.822     311.484     275.851     184.782      30.273       0.000       0.000       1.172     687.190       0.000       0.000      12.722       0.336       0.000       0.000       0.000      19.062       0.000       0.000       0.355       0.000       0.000       0.000      -1.869       0.080       2.593       0.000       0.000
   365    12    31  2023     142       0  hru142               792.783      60.502      59.920       2.058       2.041       4.099     252.767     538.194      10.463     201.185     326.546       2.058      51.539     312.548     269.200     178.350      27.073       0.000       0.000       1.164     687.171       0.000       0.000       0.000       0.000       0.000       0.000       0.000       2.058       0.000       0.000       2.041       0.000       0.000       0.000      -2.274       0.000       6.516       0.000       0.000
   365    12    31  2023     143       0  hru143               792.783      61.034      60.384      40.661       0.617      41.277     275.394     518.155       6.916     123.397     387.842      40.660      63.827     311.767     275.807     185.618      30.281       0.000       0.000       1.174     687.184       0.000       0.000      38.687       1.470       0.000       0.000       0.000      40.660       0.000       0.000       0.617       0.000       0.000       0.000      -1.886       0.039       4.508       0.000       0.000
   365    12    31  2023     144       0  hru144               792.783      60.911      60.247      11.672       0.137      11.809     271.034     516.970       6.838     129.907     380.225      11.671      63.781     378.092     299.924     209.375      27.642       0.000       0.000       1.173     687.252       0.000       0.000       2.899       0.030       0.000       0.000       0.000      11.671       0.000       0.000       0.137       0.000       0.000       0.000      -4.100       0.014       2.073       0.000       0.000
   365    12    31  2023     145       0  hru145               792.783      60.579      59.955      11.763       0.272      12.035     249.434     536.203      10.598     162.975     362.630      11.762      63.876     311.341     270.339     177.221      29.819       0.000       0.000       1.169     687.294       0.000       0.000       2.711       0.028       0.000       0.000       0.000      11.762       0.000       0.000       0.272       0.000       0.000       0.000      -2.150       0.047       1.988       0.000       0.000
   365    12    31  2023     146       0  hru146               792.783      60.260      59.653      12.198       0.235      12.433     258.648     530.481      11.596     173.166     345.719      12.197      63.808     377.554     298.658     202.264      27.342       0.000       0.000       1.167     687.288       0.000       0.000       3.029       1.610       0.000       0.000       0.000      12.197       0.000       0.000       0.235       0.000       0.000       0.000      -4.138       0.013       3.551       0.000       0.000
   365    12    31  2023     147       0  hru147               792.783      60.975      60.330      87.238       0.517      87.755     364.695     542.110       6.900     187.061     348.148      87.237      64.029     451.905     335.770     226.591      29.900       0.000       0.000       1.174     687.190       0.000       0.000     171.435      24.246       0.000       0.000       0.000       0.000       0.000       0.000       0.000       0.000       0.000       0.000      -6.091       0.004       7.806       0.000       0.000
   365    12    31  2023     148       0  hru148               792.783      58.087      57.686     569.300      12.549     581.849      80.454     584.835      23.521     256.459     304.855     569.299      94.637     392.743     385.141     300.667      28.982       0.000       0.000       1.115     687.324       0.000       0.000     434.644      19.301       0.000       0.000       0.000     569.299       0.000       0.000      12.549       0.000       0.000       0.000      -0.399       0.017     776.814       0.000       0.000
   365    12    31  2023     149       0  hru149               792.783      54.728      54.605      26.260       1.999      28.259     436.805     509.057      53.534     312.224     143.299      26.260      51.497     329.510     268.613     195.737      27.967       0.000       0.000       1.054     687.496       0.000       0.000     177.565       0.598       0.000       0.000       0.000      26.260       0.000       0.000       1.999       0.000       0.000       0.000      -3.194       0.101       6.384       0.000       0.000
   365    12    31  2023     150       0  hru150               792.783      56.404      56.223      11.750       0.565      12.314     342.329     445.569      38.073     276.948     130.548      11.749      63.981     280.916     232.712     156.996      30.466       0.000       0.000       1.084     687.483       0.000       0.000       2.479       2.425       0.000       0.000       0.000      11.749       0.000       0.000       0.565       0.000       0.000       0.000      -2.528       0.304       3.248       0.000       0.000
   365    12    31  2023     151       0  hru151               792.783      58.200      57.914      18.593       0.589      19.182     424.940     388.716      24.454     229.140     135.122      18.593      63.914     424.117     338.131     249.353      29.982       0.000       0.000       1.117     687.322       0.000       0.000      32.373       3.168       0.000       0.000       0.000      18.593       0.000       0.000       0.589       0.000       0.000       0.000      -4.510       0.581       8.894       0.000       0.000
   365    12    31  2023     152       0  hru152               792.783      60.054      59.494      33.554       0.357      33.911     325.796     504.371       8.292     184.424     311.655      33.554      63.929     433.888     340.761     224.597      27.612       0.000       0.000       1.152     687.315       0.000       0.000      60.529       5.878       0.000       0.000       0.000      33.554       0.000       0.000       0.357       0.000       0.000       0.000      -4.884       0.001       5.394       0.000       0.000
   365    12    31  2023     153       0  hru153               792.783      59.408      58.892      90.270       0.252      90.522     105.906     612.135      15.288     226.908     369.940      90.262      75.918     500.763     490.106     376.715      44.635       0.000       0.000       1.151     687.366       0.000       0.000      14.925       0.295       0.000       0.000       0.000      90.262       0.000       0.000       0.252       0.000       0.000       0.000      -0.559       2.793      15.620       0.000       0.000
   365    12    31  2023     154       0  hru154               792.783      59.329      58.820     102.333       0.261     102.594     105.761     612.152      15.276     235.887     360.989     102.321      75.791     500.627     489.779     376.006      44.199       0.000       0.000       1.147     687.370       0.000       0.000      27.056       0.095       0.000       0.000       0.000     102.321       0.000       0.000       0.261       0.000       0.000       0.000      -0.569       4.462      16.144       0.000       0.000
   365    12    31  2023     155       0  hru155               792.783      59.061      58.613    2216.400       6.148    2222.549      88.826     593.618      15.686     259.195     318.737    2216.397      95.388     416.846     401.261     323.853      31.693       0.000       0.000       1.128     687.277       0.000       0.000    2099.798      11.581       0.000       0.000       0.000    2216.397       0.000       0.000       6.148       0.000       0.000       0.000      -0.818       0.716     380.597       0.000       0.000
   365    12    31  2023     156       0  hru156               792.783      59.926      59.419      18.562       3.522      22.084     313.539     559.994      10.785     273.283     275.926      18.562      51.510     367.754     296.268     182.231      27.025       0.000       0.000       1.152     687.266       0.000       0.000      89.138       9.943       0.000       0.000       0.000      18.562       0.000       0.000       3.522       0.000       0.000       0.000      -3.749       0.000      11.246       0.000       0.000
   365    12    31  2023     157       0  hru157               792.783      60.489      59.899       9.968       0.203      10.171     283.247     501.898       7.470     180.170     314.258       9.968      63.890     374.583     326.304     216.619      26.457       0.000       0.000       1.164     687.213       0.000       0.000       0.000       0.000       0.000       0.000       0.000       9.968       0.000       0.000       0.203       0.000       0.000       0.000      -2.532       0.184       3.069       0.000       0.000
   365    12    31  2023     158       0  hru158               792.783      59.648      59.155      54.783       5.642      60.424     229.867     503.466      13.151     235.281     255.034      54.782      81.918     322.448     304.015     203.963      24.864       0.000       0.000       1.148     687.258       0.000       0.000       0.000       0.000       0.000       0.000       0.000      54.781       0.000       0.000       5.642       0.000       0.000       0.000      -0.967       0.212      85.218       0.000       0.000
   365    12    31  2023     159       0  hru159               792.783      58.630      58.152     428.687      11.152     439.839      77.183     581.924      19.168     280.923     281.833     428.686      94.268     399.431     358.918     293.591      28.769       0.000       0.000       1.132     687.438       0.000       0.000     288.902      15.099       0.000       0.000       0.000     428.686       0.000       0.000      11.152       0.000       0.000       0.000      -2.125       0.016     690.338       0.000       0.000
   365    12    31  2023     160       0  hru160               792.783      61.126      60.466      34.283       2.091      36.374     446.402     482.250       4.220     124.826     353.204      34.282      51.447     406.850     323.999     212.898      28.446       0.000       0.000       1.175     687.171       0.000       0.000     152.220      15.676       0.000       0.000       0.000      34.282       0.000       0.000       2.091       0.000       0.000       0.000      -4.346       0.012       6.677       0.000       0.000
   365    12    31  2023     161       0  hru161               792.783      60.811      60.194      10.555       1.196      11.751     263.496     535.434      12.217     201.203     322.015      10.555      51.553     312.706     277.967     181.710      27.307       0.000       0.000       1.166     687.169       0.000       0.000      14.322       1.751       0.000      10.555       0.000       0.000       1.196       0.000       0.000       0.000       0.000       0.000      -1.822       0.019       3.818       0.000       0.000
   365    12    31  2023     162       0  hru162               792.783      57.540      57.270      75.710       8.858      84.567     339.628     371.884      30.758     219.210     121.917      75.708      85.856     332.124     322.434     234.759      28.857       0.000       0.000       1.108     687.396       0.000       0.000       1.436       1.342       0.000       0.000       0.000      75.708       0.000       0.000       8.858       0.000       0.000       0.000      -0.508       0.488     133.796       0.000       0.000
   365    12    31  2023     163       0  hru163               792.783      60.635      59.981       0.000       0.952       0.952     302.938     497.227      12.324      46.997     437.905       0.000      12.285     313.668     283.831     199.479      27.830       0.000       0.000       1.173     687.179       0.000       0.000       6.415       0.353       0.000       0.000       0.000       0.000       0.000       0.000       0.952       0.000       0.000       0.000      -1.565       0.000       3.040       0.000       0.000
   365    12    31  2023     164       0  hru164               792.783      60.628      59.976       0.000       5.082       5.082     239.419     552.269      10.758      34.880     506.632       0.000      12.275     391.451     361.849     261.632      69.242       0.000       0.000       1.173     687.164       0.000       0.000       0.788       1.645       0.000       0.000       0.000       0.000       5.082       0.000       0.000       0.000       0.000       0.000      -1.553       0.000       4.089       0.000       0.000
   365    12    31  2023     165       0  hru165               792.783      60.628      59.976       1.768       3.901       5.668     908.235     532.009       9.337      28.277     494.395       1.767      41.585     404.537     361.512     209.933      31.901       0.000       0.000       1.173     687.174       0.000       0.000     650.872       0.000       0.000       0.000       0.000       1.767       0.000       0.000       3.901       0.000       0.000       0.000      -2.256       0.109      13.346       0.000       0.000
   365    12    31  2023     166       0  hru166               792.783      60.675      60.020      28.392       1.247      29.639     395.795     497.722      10.773      38.430     448.519      28.391      12.361     315.576     293.925     209.468      28.953       0.000       0.000       1.173     687.171       0.000       0.000     122.090       7.147       0.000       0.000       0.000      28.391       0.000       0.000       1.247       0.000       0.000       0.000      -1.136       1.321       3.982       0.000       0.000
   365    12    31  2023     167       0  hru167               792.783      60.628      59.977       5.449       1.470       6.919     326.716     497.721      12.641      41.493     443.587       5.449      12.313     313.651     285.118     202.901      28.250       0.000       0.000       1.173     687.182       0.000       0.000      36.522       0.554       0.000       0.000       0.000       5.449       0.000       0.000       1.470       0.000       0.000       0.000      -1.497       0.583       4.693       0.000       0.000
   365    12    31  2023     168       0  hru168               792.783      60.666      60.013       0.252       0.451       0.703     288.585     505.111       9.819      36.536     458.756       0.252      41.647     311.171     280.366     193.175      30.684       0.000       0.000       1.173     687.186       0.000       0.000       0.000       0.000       0.000       0.000       0.000       0.252       0.000       0.000       0.451       0.000       0.000       0.000      -1.616       0.013       3.297       0.000       0.000
   365    12    31  2023     169       0  hru169               792.783      60.666      60.013      14.942       0.708      15.650     331.825     505.584      10.058      35.802     459.724      14.942      41.634     312.469     282.262     198.164      31.213       0.000       0.000       1.173     687.188       0.000       0.000      57.250       1.441       0.000       0.000       0.000      14.942       0.000       0.000       0.708       0.000       0.000       0.000      -1.584       2.075       5.172       0.000       0.000
   365    12    31  2023     170       0  hru170               792.783      60.666      60.013       0.000       1.864       1.864     297.258     495.259       9.289      35.469     450.500       0.000      12.281     313.319     282.863     199.202      27.934       0.000       0.000       1.173     687.182       0.000       0.000       0.000       0.000       0.000       0.000       0.000       0.000       0.000       0.000       1.864       0.000       0.000       0.000      -1.598       0.000       5.951       0.000       0.000
   365    12    31  2023     171       0  hru171               792.783      55.543      55.321       5.811       1.549       7.360     271.667     531.388      52.225     336.106     143.057       5.810      51.563     318.692     268.649     175.975      26.756       0.000       0.000       1.064     687.468       0.000       0.000      12.808       2.193       0.000       0.000       0.000       5.810       0.000       0.000       1.549       0.000       0.000       0.000      -2.625       0.091       4.947       0.000       0.000
   365    12    31  2023     172       0  hru172               792.783      56.529      56.276       1.977       1.139       3.117     262.034     534.471      42.191     357.358     134.922       1.977      51.577     315.902     268.478     174.295      26.434       0.000       0.000       1.083     687.422       0.000       0.000       0.001       4.343       0.000       0.000       0.000       1.977       0.000       0.000       1.139       0.000       0.000       0.000      -2.487       0.001       3.638       0.000       0.000
   365    12    31  2023     173       0  hru173               792.783      55.565      55.342       9.989       0.791      10.780     256.794     528.261      50.702     327.582     149.978       9.989      63.954     268.454     226.749     128.410      25.815       0.000       0.000       1.064     687.468       0.000       0.000       0.405       0.454       0.000       0.000       0.000       9.989       0.000       0.000       0.791       0.000       0.000       0.000      -2.187       0.004       2.705       0.000       0.000
   365    12    31  2023     174       0  hru174               792.783      57.019      56.744      17.127       1.557      18.684     361.358     426.751      38.175     236.688     151.888      17.127      63.845     269.516     241.611     155.606      28.761       0.000       0.000       1.092     687.418       0.000       0.000      11.599       0.942       0.000       0.000       0.000      17.127       0.000       0.000       1.557       0.000       0.000       0.000      -1.464       0.011       5.328       0.000       0.000
   365    12    31  2023     175       0  hru175               792.783      57.840      57.583      15.198       1.509      16.707     423.841     361.905      28.696     210.985     122.225      15.198      63.981     272.071     241.226     169.707      29.188       0.000       0.000       1.116     687.375       0.000       0.000       7.687       0.365       0.000       0.000       0.000      15.198       0.000       0.000       1.509       0.000       0.000       0.000      -1.618       0.037       5.164       0.000       0.000
   365    12    31  2023     176       0  hru176               792.783      58.713      58.373      24.166       2.301      26.466     449.187     363.244      22.464     214.786     125.993      24.165      51.491     321.744     297.298     221.965      30.191       0.000       0.000       1.127     687.292       0.000       0.000      42.552       2.275       0.000       0.000       0.000      24.165       0.000       0.000       2.301       0.000       0.000       0.000      -1.282       0.010       7.346       0.000       0.000
   365    12    31  2023     177       0  hru177               792.783      60.628      59.977       0.267       0.642       0.910     287.919     505.726      10.867      37.621     457.238       0.267      41.660     311.137     280.578     193.507      30.759       0.000       0.000       1.173     687.182       0.000       0.000       0.065       0.103       0.000       0.000       0.000       0.267       0.000       0.000       0.642       0.000       0.000       0.000      -1.603       0.021       4.697       0.000       0.000
   365    12    31  2023     178       0  hru178               792.783      60.628      59.977       0.252       0.400       0.652     291.200     502.532       9.451      28.556     464.524       0.252      41.651     310.895     280.375     194.614      30.912       0.000       0.000       1.173     687.184       0.000       0.000       0.000       0.000       0.000       0.000       0.000       0.252       0.000       0.000       0.400       0.000       0.000       0.000      -1.601       0.014       2.921       0.000       0.000
   365    12    31  2023     179       0  hru179               792.783      60.675      60.020       0.000       2.238       2.239     241.400     550.606       9.602      29.341     511.663       0.000      12.274     390.748     362.894     262.171      69.349       0.000       0.000       1.173     687.165       0.000       0.000       0.000       0.000       0.000       0.000       0.000       0.000       0.000       0.000       2.238       0.000       0.000       0.000      -1.461       0.000       1.801       0.000       0.000
   365    12    31  2023     180       0  hru180               792.783      57.610      57.310       8.523       2.763      11.286     495.213     368.836      32.647     177.623     158.565       8.523      51.423     336.885     274.371     221.269      33.605       0.000       0.000       1.105     687.420       0.000       0.000      78.613       0.654       0.000       0.000       0.000       8.523       0.000       0.000       2.763       0.000       0.000       0.000      -3.279       0.227       8.263       0.000       0.000
   365    12    31  2023     181       0  hru181               792.783      60.267      59.720      20.249       0.960      21.209     297.137     491.220       8.171     173.450     309.599      20.248      63.981     264.439     231.856     149.364      26.125       0.000       0.000       1.164     687.259       0.000       0.000      13.836       1.238       0.000       0.000       0.000      20.248       0.000       0.000       0.960       0.000       0.000       0.000      -1.709       0.014       3.286       0.000       0.000
   365    12    31  2023     182       0  hru182               792.783      60.238      59.715       2.179       1.077       3.256     296.125     495.086       8.158     173.992     312.936       2.178      51.592     313.720     281.632     197.887      26.551       0.000       0.000       1.165     687.252       0.000       0.000       0.000       0.000       0.000       0.000       0.000       2.178       0.000       0.000       1.077       0.000       0.000       0.000      -1.683       0.000       3.439       0.000       0.000
   365    12    31  2023     183       0  hru183               792.783      59.924      59.392       2.159       0.831       2.990     234.253     557.820      12.830     264.670     280.321       2.158      51.544     313.614     270.168     171.215      26.521       0.000       0.000       1.160     687.294       0.000       0.000       0.000       0.000       0.000       0.000       0.000       2.158       0.000       0.000       0.831       0.000       0.000       0.000      -2.279       0.000       2.654       0.000       0.000
   365    12    31  2023     184       0  hru184               792.783      59.563      59.050     838.251      38.316     876.566      50.511     541.302      13.844     254.352     273.106     838.250      95.470     313.932     297.780     229.488      25.433       0.000       0.000       1.150     687.319       0.000       0.000     672.840       1.867       0.000       0.000       0.000     838.250       0.000       0.000      38.316       0.000       0.000       0.000      -0.847       0.108    2371.782       0.000       0.000
   365    12    31  2023     185       0  hru185               792.783      59.637      59.143       8.869       0.238       9.108     225.335     561.628      13.757     263.378     284.494       8.869      63.817     366.575     303.991     190.504      26.292       0.000       0.000       1.150     687.297       0.000       0.000       0.000       0.000       0.000       0.000       0.000       8.869       0.000       0.000       0.238       0.000       0.000       0.000      -3.282       0.006       3.599       0.000       0.000
   365    12    31  2023     186       0  hru186               792.783      61.126      60.470    1118.911       6.171    1125.082      84.887     563.824       6.968     145.617     411.238    1118.908      95.058     411.654     396.853     313.685      31.389       0.000       0.000       1.175     687.199       0.000       0.000     976.320       3.904       0.000       0.000       0.000    1118.908       0.000       0.000       6.171       0.000       0.000       0.000      -0.777       0.813     382.007       0.000       0.000
   365    12    31  2023     187       0  hru187               792.783      61.126      60.467      76.335       0.296      76.631     102.465     615.870      11.233     149.088     455.549      76.334      75.647     507.582     465.968     370.885      44.938       0.000       0.000       1.175     687.201       0.000       0.000       0.000       0.000       0.000       0.000       0.000      76.334       0.000       0.000       0.296       0.000       0.000       0.000      -2.183       0.063      18.338       0.000       0.000
   365    12    31  2023     188       0  hru188               792.783      61.126      60.467     271.146       4.488     275.634      74.452     540.726       8.021     156.513     376.191     271.145      94.053     365.129     373.824     284.389      28.546       0.000       0.000       1.175     687.204       0.000       0.000      98.244       0.249       0.000       0.000       0.000     271.145       0.000       0.000       4.488       0.000       0.000       0.000       0.456       0.178     277.801       0.000       0.000
   365    12    31  2023     189       0  hru189               792.783      61.126      60.468     662.225       8.390     670.615      77.407     556.575       8.467     179.176     368.931     662.224      94.303     385.571     383.091     293.602      29.646       0.000       0.000       1.175     687.202       0.000       0.000     509.344       2.353       0.000       0.000       0.000     662.224       0.000       0.000       8.390       0.000       0.000       0.000      -0.130       0.091     519.369       0.000       0.000
   365    12    31  2023     190       0  hru190               792.783      60.906      60.280     102.742       8.847     111.588     284.717     517.405       7.323     179.751     330.331     102.741      83.004     336.006     315.268     214.092      27.245       0.000       0.000       1.173     687.195       0.000       0.000      89.941      29.885       0.000       0.000       0.000     102.741       0.000       0.000       8.847       0.000       0.000       0.000      -1.087       0.000     133.631       0.000       0.000
   365    12    31  2023     191       0  hru191               792.783      59.494      58.986     958.119      13.610     971.729      85.381     581.618      18.225     213.519     349.874     958.119      95.132     406.837     406.099     313.513      30.312       0.000       0.000       1.146     687.214       0.000       0.000     827.665      18.244       0.000       0.000       0.000     958.119       0.000       0.000      13.610       0.000       0.000       0.000      -0.039       0.013     842.463       0.000       0.000
   365    12    31  2023     192       0  hru192               792.783      59.624      59.103     737.689      14.335     752.024      79.696     584.933      15.054     254.236     315.643     737.689      94.544     395.514     379.795     300.028      29.360       0.000       0.000       1.150     687.274       0.000       0.000     614.294       8.726       0.000       0.000       0.000     737.689       0.000       0.000      14.335       0.000       0.000       0.000      -0.824       0.016     887.342       0.000       0.000
   365    12    31  2023     193       0  hru193               792.783      55.498      55.275      14.963       0.176      15.139     345.058     448.829      54.738     242.838     151.252      14.963      63.754     396.642     283.589     224.829      29.675       0.000       0.000       1.064     687.479       0.000       0.000      10.073       0.233       0.000       0.000       0.000      14.963       0.000       0.000       0.176       0.000       0.000       0.000      -5.930       0.020       2.658       0.000       0.000
   365    12    31  2023     194       0  hru194               792.783      61.126      60.471     143.398       8.669     152.067     299.759     519.641      11.985     145.687     361.969     143.396      83.426     342.439     321.592     217.794      27.543       0.000       0.000       1.175     687.194       0.000       0.000     169.742       7.830       0.000       0.000       0.000     143.396       0.000       0.000       8.669       0.000       0.000       0.000      -1.093       0.522     130.948       0.000       0.000
   365    12    31  2023     195       0  hru195               792.783      61.126      60.467      75.504       0.340      75.844     101.148     618.842      11.504     198.110     409.228      75.503      75.625     506.185     448.037     367.530      44.357       0.000       0.000       1.175     687.204       0.000       0.000       0.000       0.000       0.000       0.000       0.000      75.503       0.000       0.000       0.340       0.000       0.000       0.000      -3.050       0.035      21.074       0.000       0.000
   365    12    31  2023     196       0  hru196               792.783      61.126      60.469     170.919       8.861     179.780      69.357     544.180      11.310     192.730     340.141     170.919      93.542     366.130     356.040     274.282      27.836       0.000       0.000       1.175     687.203       0.000       0.000       0.000       0.000       0.000       0.000       0.000     170.919       0.000       0.000       8.861       0.000       0.000       0.000      -0.529       0.042     548.503       0.000       0.000
   365    12    31  2023     197       0  hru197               792.783      61.126      60.472       2.063       4.153       6.215     233.903     554.702      23.572     191.354     339.775       2.062      51.159     392.820     354.025     247.558      66.308       0.000       0.000       1.175     687.164       0.000       0.000       0.000       0.000       0.000       0.719       0.000       1.343       1.449       0.000       2.704       0.000       0.000       0.000      -2.035       0.001       3.342       0.000       0.000
   365    12    31  2023     198       0  hru198               792.783      60.900      60.283       2.438       1.384       3.822     263.603     533.167      12.329     214.136     306.703       2.438      51.404     314.581     277.133     178.420      27.311       0.000       0.000       1.170     687.180       0.000       0.000       2.741       3.103       0.000       0.000       0.000       2.438       0.000       0.000       1.384       0.000       0.000       0.000      -1.964       0.002       4.419       0.000       0.000
   365    12    31  2023     199       0  hru199               792.783      60.497      59.897     387.789       0.471     388.261     114.497     635.893      16.329     230.682     388.881     387.789      80.902     507.582     507.582     410.827      61.340       0.000       0.000       1.169     687.254       0.000       0.000     345.118       0.749       0.000       0.000       0.000     387.789       0.000       0.000       0.471       0.000       0.000       0.000      -0.000       0.073      29.168       0.000       0.000
   365    12    31  2023     200       0  hru200               792.783      60.493      59.891     136.701       0.326     137.027     101.455     621.406      16.783     231.030     373.593     136.701      75.749     505.128     441.656     368.507      44.536       0.000       0.000       1.169     687.257       0.000       0.000      63.511       0.270       0.000       0.000       0.000     136.701       0.000       0.000       0.326       0.000       0.000       0.000      -3.329       0.038      20.156       0.000       0.000
   365    12    31  2023     201       0  hru201               792.783      60.851      60.233       2.527       2.682       5.210     305.695     485.332       6.221     154.267     324.844       2.527      51.582     312.426     282.782     199.204      26.757       0.000       0.000       1.170     687.199       0.000       0.000       0.822       1.076       0.000       0.000       0.000       2.527       0.000       0.000       2.682       0.000       0.000       0.000      -1.555       0.008       8.566       0.000       0.000
   365    12    31  2023     202       0  hru202               792.783      60.825      60.222     138.933      67.042     205.976      54.071     533.407      10.992     188.205     334.210     138.933      91.836     329.193     317.586     225.880      26.581       0.000       0.000       1.171     687.215       0.000       0.000       0.000       0.000       0.000       0.000       0.000     138.933       0.000       0.000      67.042       0.000       0.000       0.000      -0.609       0.003    1012.700       0.000       0.000
   365    12    31  2023     203       0  hru203               792.783      60.338      59.792       2.087       2.504       4.591     247.581     543.723       9.914     216.297     317.511       2.086      51.495     310.971     275.108     177.827      26.958       0.000       0.000       1.153     687.202       0.000       0.000       0.208       1.015       0.000       0.000       0.000       2.086       0.000       0.000       2.504       0.000       0.000       0.000      -1.881       0.002       7.996       0.000       0.000
   365    12    31  2023     204       0  hru204               792.783      60.637      60.041     216.998      11.648     228.647      72.700     561.471      14.100     196.918     350.453     216.998      93.914     373.201     357.779     282.588      28.323       0.000       0.000       1.170     687.220       0.000       0.000      51.966      17.267       0.000       0.000       0.000     216.998       0.000       0.000      11.648       0.000       0.000       0.000      -0.809       0.008     721.047       0.000       0.000
   365    12    31  2023     205       0  hru205               792.783      55.545      55.349      35.628      51.433      87.061     299.539     407.336      51.931     242.543     112.862      35.628      80.059     244.144     222.435     150.736      28.206       0.000       0.000       1.069     687.477       0.000       0.000       0.000       0.000       0.000       0.000       0.000      35.628       0.000       0.000      51.433       0.000       0.000       0.000      -1.139       0.000     175.970       0.000       0.000
   365    12    31  2023     206       0  hru206               792.783      55.401      55.207       9.517       0.324       9.842     368.816     417.035      52.775     252.357     111.902       9.517      63.818     400.923     345.567     233.686      29.413       0.000       0.000       1.070     687.489       0.000       0.000       0.000       0.000       0.000       0.000       0.000       9.517       0.000       0.000       0.324       0.000       0.000       0.000      -2.903       0.001       4.900       0.000       0.000
   365    12    31  2023     207       0  hru207               792.783      60.596      60.016      12.779       1.562      14.342     333.706     495.188       9.556     204.442     281.190      12.779      51.534     334.321     291.304     200.138      26.547       0.000       0.000       1.169     687.180       0.000       0.000      41.605       6.591       0.000       0.000       0.000      12.779       0.000       0.000       1.562       0.000       0.000       0.000      -2.256       0.025       4.989       0.000       0.000
   365    12    31  2023     208       0  hru208               792.783      60.466      59.844      18.388       0.485      18.873     256.099     531.013      10.179     153.684     367.150      18.388      63.863     311.552     275.554     180.903      29.854       0.000       0.000       1.165     687.223       0.000       0.000      10.207       1.107       0.000       0.000       0.000      18.388       0.000       0.000       0.485       0.000       0.000       0.000      -1.888       0.023       3.547       0.000       0.000
   365    12    31  2023     209       0  hru209               792.783      60.493      59.878      33.988       0.361      34.349     385.528     547.556       9.380     156.587     381.589      33.988      64.002     447.474     359.314     232.279      29.888       0.000       0.000       1.167     687.226       0.000       0.000     163.345       6.679       0.000       0.000       0.000      33.988       0.000       0.000       0.361       0.000       0.000       0.000      -4.624       1.371       5.451       0.000       0.000
   365    12    31  2023     210       0  hru210               792.783      60.824      60.179      17.009       0.461      17.470     377.147     553.683       7.243     179.458     366.982      17.009      63.887     428.011     366.417     231.753      30.228       0.000       0.000       1.170     687.224       0.000       0.000     152.138       0.147       0.000       0.000       0.000      17.009       0.000       0.000       0.461       0.000       0.000       0.000      -3.231       0.011       6.962       0.000       0.000
   365    12    31  2023     211       0  hru211               792.783      60.835      60.190      51.089       0.191      51.280     311.062     545.719       8.215     189.512     347.992      51.089      64.309     384.201     301.292     213.822      30.004       0.000       0.000       1.169     687.221       0.000       0.000     110.614       0.314       0.000       0.000       0.000      51.089       0.000       0.000       0.191       0.000       0.000       0.000      -4.349       0.373       2.879       0.000       0.000
   365    12    31  2023     212       0  hru212               792.783      60.900      60.244      10.790       0.876      11.666     272.120     511.556       8.539     183.477     319.540      10.789      63.767     264.959     232.637     136.669      26.960       0.000       0.000       1.171     687.205       0.000       0.000       0.321       0.542       0.000       0.000       0.000      10.789       0.000       0.000       0.876       0.000       0.000       0.000      -1.695       0.015       2.999       0.000       0.000
   365    12    31  2023     213       0  hru213               792.783      60.519      59.904      78.286       0.302      78.587     100.378     619.889       9.900     255.378     354.611      78.285      75.641     491.116     444.931     364.651      43.540       0.000       0.000       1.165     687.238       0.000       0.000       3.571       0.077       0.000       0.000       0.000      78.285       0.000       0.000       0.302       0.000       0.000       0.000      -2.422       0.061      18.669       0.000       0.000
   365    12    31  2023     214       0  hru214               792.783      59.912      59.342       9.878       0.164      10.042     243.496     542.958      12.842     204.983     325.133       9.878      63.808     371.460     300.699     199.261      26.909       0.000       0.000       1.156     687.318       0.000       0.000       0.000       0.000       0.000       0.000       0.000       9.878       0.000       0.000       0.164       0.000       0.000       0.000      -3.711       0.011       2.477       0.000       0.000
   365    12    31  2023     215       0  hru215               792.783      60.390      59.775       9.911       0.140      10.051     246.552     540.023      10.611     190.296     339.116       9.911      63.817     371.938     298.705     200.557      27.093       0.000       0.000       1.165     687.301       0.000       0.000       0.000       0.000       0.000       0.000       0.000       9.911       0.000       0.000       0.140       0.000       0.000       0.000      -3.841       0.011       2.118       0.000       0.000
   365    12    31  2023     216       0  hru216               792.783      60.960      60.340      10.428       0.224      10.652     250.189     535.400       6.670     185.353     343.378      10.428      63.908     376.013     310.114     202.690      27.115       0.000       0.000       1.172     687.205       0.000       0.000       0.000       0.000       0.000       0.000       0.000      10.428       0.000       0.000       0.224       0.000       0.000       0.000      -3.456       0.003       3.385       0.000       0.000
   365    12    31  2023     217       0  hru217               792.783      60.070      59.507      26.228       0.243      26.470     249.251     545.601      16.118     202.003     327.481      26.228      63.799     375.815     302.068     199.990      27.232       0.000       0.000       1.158     687.263       0.000       0.000      23.979       0.690       0.000       0.000       0.000      26.228       0.000       0.000       0.243       0.000       0.000       0.000      -3.868       0.012       3.663       0.000       0.000
   365    12    31  2023     218       0  hru218               792.783      60.719      60.093      49.997       4.855      54.852     197.099     542.910       8.137     215.635     319.138      49.997      79.969     326.757     287.691     188.046      26.150       0.000       0.000       1.171     687.272       0.000       0.000       0.000       0.000       0.000       0.000       0.000      49.997       0.000       0.000       4.855       0.000       0.000       0.000      -2.049       0.000      73.341       0.000       0.000
   365    12    31  2023     219       0  hru219               792.783      60.521      59.888       9.976       0.112      10.088     248.134     538.603       6.811     197.738     334.053       9.975      63.872     375.765     298.729     199.629      27.024       0.000       0.000       1.166     687.291       0.000       0.000       0.000       0.000       0.000       0.000       0.000       9.975       0.000       0.000       0.112       0.000       0.000       0.000      -4.040       0.032       1.698       0.000       0.000
   365    12    31  2023     220       0  hru220               792.783      60.244      59.661     108.629       0.275     108.904     100.135     622.838      10.632     283.910     328.296     108.628      75.726     505.968     431.707     364.420      43.686       0.000       0.000       1.157     687.286       0.000       0.000      35.061       0.135       0.000       0.000       0.000     108.628       0.000       0.000       0.275       0.000       0.000       0.000      -3.895       0.152      17.045       0.000       0.000
   365    12    31  2023     221       0  hru221               792.783      56.853      56.653       2.171       1.861       4.032     323.121     471.377      37.248     301.951     132.178       2.171      51.375     402.169     318.329     267.194      69.697       0.000       0.000       1.088     687.414       0.000       0.000       1.111       0.229       0.000       2.171       0.000       0.000       1.861       0.000       0.000       0.000       0.000       0.000      -4.397       0.050       1.497       0.000       0.000
   365    12    31  2023     222       0  hru222               792.783      59.952      59.389      93.786       0.184      93.970     277.514     552.374      10.571     231.947     309.856      93.786      63.804     384.921     331.479     205.470      27.171       0.000       0.000       1.156     687.324       0.000       0.000      96.869      31.401       0.000       0.000       0.000      93.786       0.000       0.000       0.184       0.000       0.000       0.000      -2.803       0.203       2.776       0.000       0.000
   365    12    31  2023     223       0  hru223               792.783      60.753      60.107      10.445       0.210      10.655     303.234     484.175       6.403     134.850     342.923      10.445      63.817     372.020     327.379     221.304      27.048       0.000       0.000       1.168     687.193       0.000       0.000       2.834       0.105       0.000       0.000       0.000      10.445       0.000       0.000       0.210       0.000       0.000       0.000      -2.341       0.011       3.171       0.000       0.000
   365    12    31  2023     224       0  hru224               792.783      59.739      59.200       2.093       1.915       4.008     298.508     491.955      11.723     190.026     290.206       2.093      51.534     313.518     281.331     197.987      26.314       0.000       0.000       1.156     687.350       0.000       0.000       0.000       0.000       0.000       0.000       0.000       2.093       0.000       0.000       1.915       0.000       0.000       0.000      -1.688       0.022       6.116       0.000       0.000
   365    12    31  2023     225       0  hru225               792.783      60.388      59.817      30.313       2.005      32.319     366.151     549.445      10.067     230.097     309.281      30.313      63.963     311.370     248.703     145.697      26.820       0.000       0.000       1.160     687.217       0.000       0.000     144.188       7.653       0.000       0.000       0.000      30.313       0.000       0.000       2.005       0.000       0.000       0.000      -3.287       0.022       6.861       0.000       0.000
   365    12    31  2023     226       0  hru226               792.783      60.565      59.948     229.758      10.203     239.960      68.959     564.050       9.148     227.618     327.284     229.757      93.506     369.274     364.298     273.434      27.597       0.000       0.000       1.163     687.245       0.000       0.000      78.076       1.856       0.000       0.000       0.000     229.757       0.000       0.000      10.203       0.000       0.000       0.000      -0.261       0.024     631.562       0.000       0.000
   365    12    31  2023     227       0  hru227               792.783      60.769      60.166      30.179       1.967      32.146     328.047     534.597       7.562     195.854     331.181      30.179      63.895     295.406     245.044     142.498      27.141       0.000       0.000       1.169     687.197       0.000       0.000      96.289       3.075       0.000       0.000       0.000      30.179       0.000       0.000       1.967       0.000       0.000       0.000      -2.641       0.026       6.728       0.000       0.000
   365    12    31  2023     228       0  hru228               792.783      59.459      58.947      10.271       0.283      10.554     292.778     491.857      15.287     197.131     279.440      10.270      63.895     370.782     324.907     218.341      26.175       0.000       0.000       1.153     687.320       0.000       0.000       0.000       0.000       0.000       0.000       0.000      10.270       0.000       0.000       0.283       0.000       0.000       0.000      -2.406       0.000       4.278       0.000       0.000
   365    12    31  2023     229       0  hru229               792.783      60.025      59.448       2.195       1.143       3.337     305.257     485.805      11.644     172.922     301.239       2.194      51.606     313.783     282.970     198.913      26.501       0.000       0.000       1.160     687.316       0.000       0.000       0.000       0.000       0.000       0.000       0.000       2.194       0.000       0.000       1.143       0.000       0.000       0.000      -1.616       0.001       3.648       0.000       0.000
   365    12    31  2023     230       0  hru230               792.783      58.956      58.511      10.182       0.660      10.842     237.055     546.571      20.721     295.213     230.637      10.182      63.935     260.809     228.799     125.642      25.286       0.000       0.000       1.133     687.281       0.000       0.000       0.000       0.000       0.000       0.000       0.000      10.182       0.000       0.000       0.660       0.000       0.000       0.000      -1.679       0.004       2.258       0.000       0.000
   365    12    31  2023     231       0  hru231               792.783      60.030      59.465      23.402       0.288      23.690     296.621     494.349       9.266     185.512     299.572      23.402      63.904     372.486     330.488     219.571      26.466       0.000       0.000       1.158     687.324       0.000       0.000      19.280       0.393       0.000       0.000       0.000      23.402       0.000       0.000       0.288       0.000       0.000       0.000      -2.203       0.110       4.352       0.000       0.000
   365    12    31  2023     232       0  hru232               792.783      60.197      59.625       2.100       1.331       3.431     229.155     562.403      10.853     279.452     272.098       2.100      51.500     314.559     272.528     170.635      26.283       0.000       0.000       1.162     687.251       0.000       0.000       0.000       0.000       0.000       0.000       0.000       2.100       0.000       0.000       1.331       0.000       0.000       0.000      -2.204       0.000       4.251       0.000       0.000
   365    12    31  2023     233       0  hru233               792.783      60.026      59.468       2.102       1.182       3.284     231.478     560.330      10.965     275.103     274.262       2.102      51.505     314.565     270.578     172.054      26.365       0.000       0.000       1.158     687.247       0.000       0.000       0.000       0.000       0.000       0.000       0.000       2.102       0.000       0.000       1.182       0.000       0.000       0.000      -2.307       0.000       3.774       0.000       0.000
   365    12    31  2023     234       0  hru234               792.783      60.118      59.542       2.100       2.230       4.330     291.712     498.336      10.329     172.313     315.693       2.100      51.548     312.903     282.522     197.170      26.432       0.000       0.000       1.159     687.246       0.000       0.000       0.000       0.000       0.000       0.000       0.000       2.100       0.000       0.000       2.230       0.000       0.000       0.000      -1.593       0.001       7.120       0.000       0.000
   365    12    31  2023     235       0  hru235               792.783      59.652      59.109     273.491      10.669     284.160      68.624     579.349      13.704     268.983     296.662     273.491      93.335     380.080     340.899     272.594      27.343       0.000       0.000       1.155     687.328       0.000       0.000     130.510       6.753       0.000       0.000       0.000     273.491       0.000       0.000      10.669       0.000       0.000       0.000      -2.055       0.009     660.431       0.000       0.000
   365    12    31  2023     236       0  hru236               792.783      59.797      59.216     151.416       7.265     158.680      63.129     572.027      13.587     275.544     282.896     151.415      92.772     359.870     339.946     258.560      26.309       0.000       0.000       1.156     687.313       0.000       0.000       0.000       0.000       0.000       0.000       0.000     151.415       0.000       0.000       7.265       0.000       0.000       0.000      -1.045       0.085     449.694       0.000       0.000
   365    12    31  2023     237       0  hru237               792.783      59.648      59.111       2.096       1.943       4.039     294.299     496.087      13.992     225.652     256.442       2.096      51.548     313.548     282.264     197.080      25.887       0.000       0.000       1.156     687.323       0.000       0.000       0.000       0.000       0.000       0.000       0.000       2.096       0.000       0.000       1.943       0.000       0.000       0.000      -1.641       0.017       6.203       0.000       0.000
   365    12    31  2023     238       0  hru238               792.783      59.700      59.207     148.996       5.308     154.304      61.023     578.581      14.739     321.299     242.544     148.996      92.480     356.933     335.515     254.857      25.931       0.000       0.000       1.145     687.235       0.000       0.000       0.000       0.000       0.000       0.000       0.000     148.996       0.000       0.000       5.308       0.000       0.000       0.000      -1.123       0.026     328.578       0.000       0.000
   365    12    31  2023     239       0  hru239               792.783      57.404      57.090       2.712       1.049       3.761     291.531     514.966      82.066     418.009      14.891       2.712      43.191     262.744     231.441     134.985      26.389       0.000       0.000       1.101     687.411       0.000       0.000      14.508       1.319       0.000       0.000       0.000       2.712       0.000       0.000       1.049       0.000       0.000       0.000      -1.642       1.031       3.589       0.000       0.000
   365    12    31  2023     240       0  hru240               792.783      57.404      57.090      11.112     170.090     181.202     179.796     557.208      82.067     460.075      15.066      11.111      30.375     342.744     305.211     217.387      43.971       0.000       0.000       1.101     687.408       0.000       0.000       9.250     114.015       0.000       0.000       0.000      11.111       0.000       0.000     170.090       0.000       0.000       0.000      -1.969       0.679     450.171       0.000       0.000
   365    12    31  2023     241       0  hru241               792.783      57.404      57.091       3.938       4.635       8.572     272.455     556.830      82.065     460.061      14.704       3.937      16.915     373.609     323.836     226.031      44.668       0.000       0.000       1.101     687.418       0.000       0.000      42.382       0.070       0.000       3.937       0.000       0.000       4.635       0.000       0.000       0.000       0.000       0.000      -2.611       5.472      12.267       0.000       0.000
   365    12    31  2023     242       0  hru242               792.783      57.405      57.092       2.531       2.166       4.697     253.874     555.835      82.063     459.401      14.371       2.531      16.793     365.474     317.686     222.489      44.131       0.000       0.000       1.101     687.428       0.000       0.000      19.056       0.053       0.000       0.000       0.000       2.531       0.000       0.000       2.166       0.000       0.000       0.000      -2.506       2.513       5.732       0.000       0.000
   365    12    31  2023     243       0  hru243               792.783      57.405      57.092       0.366       0.746       1.112     278.718     514.661      82.064     417.973      14.625       0.366      43.196     262.408     229.930     133.525      26.251       0.000       0.000       1.101     687.425       0.000       0.000       0.000       0.000       0.000       0.000       0.000       0.366       0.000       0.000       0.746       0.000       0.000       0.000      -1.703       0.172       2.553       0.000       0.000
   365    12    31  2023     244       0  hru244               792.783      57.405      57.092       0.487       2.480       2.966     236.649     555.622      82.064     459.412      14.146       0.486      16.657     363.707     317.079     220.749      43.748       0.000       0.000       1.101     687.426       0.000       0.000       0.000       0.000       0.000       0.000       0.000       0.486       0.000       0.000       2.480       0.000       0.000       0.000      -2.446       0.184       6.563       0.000       0.000
   365    12    31  2023     245       0  hru245               792.783      57.404      57.090       0.424       5.351       5.775     234.117     555.580      82.067     459.364      14.149       0.424      16.653     362.868     316.704     220.528      43.739       0.000       0.000       1.101     687.407       0.000       0.000       0.255       0.002       0.000       0.000       0.000       0.424       0.000       0.000       5.351       0.000       0.000       0.000      -2.421       0.162      14.163       0.000       0.000
   365    12    31  2023     246       0  hru246               792.783      60.270      59.723     350.909       1.950     352.858      92.633     342.043      35.787     135.184     171.072     350.908      49.107     127.314     227.301     166.679      26.055       0.000       0.000       1.162     687.247       0.000       0.000       0.000       0.000       0.000       0.000       0.000     350.908       0.000       0.000       1.950       0.000       0.000       0.000       5.245       0.001      29.451       0.000       0.000
   365    12    31  2023     247       0  hru247               792.783      58.885      58.433     280.253      11.460     291.713      81.902     531.177      18.442     247.920     264.815     280.249      94.747     372.911     393.608     296.732      26.885       0.000       0.000       1.135     687.407       0.000       0.000     110.161       2.971       0.000       0.000       0.000     280.249       0.000       0.000      11.460       0.000       0.000       0.000       1.086       2.133     709.382       0.000       0.000
   365    12    31  2023     248       0  hru248               792.783      60.905      60.274      94.254       0.342      94.596     106.667     607.152       6.059     200.155     400.937      94.216      76.054     507.115     503.412     379.476      45.345       0.000       0.000       1.168     687.192       0.000       0.000      15.157       0.243       0.000       0.000       0.000      94.216       0.000       0.000       0.342       0.000       0.000       0.000      -0.194       7.535      21.159       0.000       0.000
   365    12    31  2023     249       0  hru249               792.783      60.855      60.235      80.230       0.310      80.539     106.423     605.996       6.126     201.466     398.404      80.224      75.957     505.775     502.576     378.609      45.041       0.000       0.000       1.167     687.198       0.000       0.000       0.000       0.000       0.000       0.000       0.000      80.224       0.000       0.000       0.310       0.000       0.000       0.000      -0.168       1.092      19.170       0.000       0.000
   365    12    31  2023     250       0  hru250               792.783      59.184      58.673     198.467       5.892     204.359      83.465     503.653      18.426     252.686     232.541     198.467      94.858     363.945     388.467     295.878      25.661       0.000       0.000       1.141     687.330       0.000       0.000       0.000       0.000       0.000       0.000       0.000     198.467       0.000       0.000       5.892       0.000       0.000       0.000       1.286       0.073     364.718       0.000       0.000
   365    12    31  2023     251       0  hru251               792.783      57.405      57.092      10.033       5.808      15.842     283.040     556.287      82.064     459.438      14.785      10.033      16.995     393.851     332.288     226.177      44.561       0.000       0.000       1.101     687.426       0.000       0.000      55.643       3.498       0.000       0.000       0.000      10.033       0.000       0.000       5.808       0.000       0.000       0.000      -3.229      10.671      15.373       0.000       0.000
   365    12    31  2023     252       0  hru252               792.783      57.404      57.088    1190.622       7.229    1197.852     745.877     565.979      82.067     463.635      20.278    1190.437      32.659     400.774     400.774     277.106      55.306       0.000       0.000       1.101     687.409       0.000       0.000     857.141     859.592       0.000       0.000       0.000    1190.437       0.000       0.000       7.229       0.000       0.000       0.000      -0.000     233.078      19.133       0.000       0.000
   365    12    31  2023     253       0  hru253               792.783      57.404      57.091       4.357       3.904       8.261     240.248     555.677      82.066     459.387      14.223       4.357      16.748     364.637     316.991     221.097      43.857       0.000       0.000       1.101     687.411       0.000       0.000       8.471       0.423       0.000       0.000       0.000       4.357       0.000       0.000       3.904       0.000       0.000       0.000      -2.499       4.854      10.333       0.000       0.000
   365    12    31  2023     254       0  hru254               792.783      57.405      57.092       5.513       5.504      11.017     248.618     555.886      82.064     459.491      14.331       5.512      16.866     366.002     318.623     222.027      43.965       0.000       0.000       1.101     687.426       0.000       0.000      10.233      10.007       0.000       0.000       0.000       5.512       0.000       0.000       5.504       0.000       0.000       0.000      -2.485       5.551      14.568       0.000       0.000
   365    12    31  2023     255       0  hru255               792.783      57.404      57.091       0.476       2.967       3.442     236.192     555.599      82.067     459.384      14.148       0.475      16.656     363.564     317.025     220.717      43.747       0.000       0.000       1.101     687.409       0.000       0.000       0.000       0.000       0.000       0.000       0.000       0.475       0.000       0.000       2.967       0.000       0.000       0.000      -2.441       0.131       7.852       0.000       0.000
   365    12    31  2023     256       0  hru256               792.783      57.406      57.091     127.547      13.171     140.718      83.735     568.965      82.061     461.696      25.208     127.508      89.540     396.187     385.022     313.602      30.952       0.000       0.000       1.101     687.441       0.000       0.000       0.000       0.000       0.000       0.000       0.000     127.508       0.000       0.000      13.171       0.000       0.000       0.000      -0.586      18.426     815.276       0.000       0.000
   365    12    31  2023     257       0  hru257               792.783      57.405      57.092       0.455       3.888       4.343     235.277     555.607      82.064     459.397      14.146       0.455      16.655     363.294     316.892     220.621      43.741       0.000       0.000       1.101     687.423       0.000       0.000       0.000       0.000       0.000       0.000       0.000       0.455       0.000       0.000       3.888       0.000       0.000       0.000      -2.434       0.490      10.290       0.000       0.000
   365    12    31  2023     258       0  hru258               792.783      57.404      57.090       0.804       2.813       3.618     240.349     555.710      82.067     459.452      14.191       0.804      16.672     364.642     317.539     221.204      43.793       0.000       0.000       1.101     687.408       0.000       0.000       0.455       3.959       0.000       0.000       0.000       0.804       0.000       0.000       2.813       0.000       0.000       0.000      -2.471       1.017       7.446       0.000       0.000
   365    12    31  2023     259       0  hru259               792.783      57.406      57.090     127.822      12.743     140.565      83.824     569.040      82.063     461.687      25.290     127.766      89.557     396.248     385.187     313.821      30.974       0.000       0.000       1.101     687.432       0.000       0.000       0.000       0.000       0.000       0.000       0.000     127.766       0.000       0.000      12.743       0.000       0.000       0.000      -0.580      27.618     788.821       0.000       0.000
   365    12    31  2023     260       0  hru260               792.783      57.406      57.088     220.929      13.124     234.053      89.098     575.328      82.062     461.977      31.289     220.754      90.695     416.926     403.900     328.827      32.763       0.000       0.000       1.101     687.438       0.000       0.000      98.457       6.367       0.000       0.000       0.000     220.754       0.000       0.000      13.124       0.000       0.000       0.000      -0.683      97.703     812.378       0.000       0.000
   365    12    31  2023     261       0  hru261               792.783      57.406      57.090     126.899      16.257     143.156      83.392     568.590      82.062     461.657      24.871     126.789      89.465     396.419     384.745     312.755      30.900       0.000       0.000       1.101     687.435       0.000       0.000       0.122       1.499       0.000       0.000       0.000     126.789       0.000       0.000      16.257       0.000       0.000       0.000      -0.612      63.751    1006.318       0.000       0.000
   365    12    31  2023     262       0  hru262               792.783      57.406      57.093       0.441       4.571       5.012     234.600     555.612      82.063     459.405      14.144       0.440      16.654     363.096     316.794     220.551      43.737       0.000       0.000       1.101     687.431       0.000       0.000       0.000       0.000       0.000       0.000       0.288       0.152       0.000       2.993       1.578       0.000       0.000       0.000      -2.428       0.231      12.098       0.000       0.000
   365    12    31  2023     263       0  hru263               792.783      57.406      57.088     223.769      18.714     242.483      88.499     575.933      82.062     462.000      31.870     223.676      90.532     407.563     395.850     327.496      33.035       0.000       0.000       1.101     687.434       0.000       0.000     102.992      10.425       0.000       0.000       0.000     223.676       0.000       0.000      18.714       0.000       0.000       0.000      -0.614      47.187    1158.417       0.000       0.000
   365    12    31  2023     264       0  hru264               792.783      57.405      57.092      44.850       2.035      46.885     262.232     556.563      82.064     460.059      14.440      44.850      16.924     366.187     319.518     224.175      44.165       0.000       0.000       1.101     687.425       0.000       0.000      53.299      17.143       0.000      44.850       0.000       0.000       2.035       0.000       0.000       0.000       0.000       0.000      -2.448      21.896       5.385       0.000       0.000
   365    12    31  2023     265       0  hru265               792.783      57.405      57.092       4.489     148.075     152.563     198.503     556.598      82.063     459.371      15.164       4.485      31.565     348.938     317.929     218.402      43.881       0.000       0.000       1.101     687.429       0.000       0.000       0.542     112.548       0.000       4.485       0.000       0.000     148.075       0.000       0.000       0.000       0.000       0.000      -1.626       0.457     391.904       0.000       0.000
   365    12    31  2023     266       0  hru266               792.783      57.405      57.092       0.421       5.481       5.902     233.720     555.594      82.065     459.385      14.145       0.421      16.653     362.830     316.677     220.474      43.734       0.000       0.000       1.101     687.421       0.000       0.000       0.000       0.000       0.000       0.421       0.000       0.000       5.481       0.000       0.000       0.000       0.000       0.000      -2.421       0.155      14.506       0.000       0.000
   365    12    31  2023     267       0  hru267               792.783      57.405      57.093       0.470       3.241       3.710     235.902     555.620      82.063     459.411      14.145       0.469      16.656     363.487     316.975     220.676      43.744       0.000       0.000       1.101     687.429       0.000       0.000       0.000       0.000       0.000       0.000       0.000       0.469       0.000       0.000       3.241       0.000       0.000       0.000      -2.440       0.076       8.577       0.000       0.000
   365    12    31  2023     268       0  hru268               792.783      57.405      57.091      25.285       8.644      33.929     381.785     560.692      82.064     462.596      16.031      25.171      17.299     400.774     358.622     241.848      46.293       0.000       0.000       1.101     687.422       0.000       0.000     177.578       3.706       0.000      25.171       0.000       0.000       8.644       0.000       0.000       0.000       0.000       0.000      -2.211      25.903      22.877       0.000       0.000
   365    12    31  2023     269       0  hru269               792.783      57.406      57.092      31.449      10.260      41.709     400.185     561.170      82.062     462.852      16.256      31.315      17.421     400.774     363.457     244.151      46.569       0.000       0.000       1.101     687.435       0.000       0.000     199.820       8.356       0.000       0.000      31.315       0.000       0.000      10.260       0.000       0.000       0.000       0.000      -1.957      28.620      27.155       0.000       0.000
   365    12    31  2023     270       0  hru270               792.783      57.405      57.092       1.934     120.310     122.244     163.010     556.975      82.063     460.169      14.742       1.933      29.413     337.997     308.357     217.539      44.370       0.000       0.000       1.101     687.427       0.000       0.000      47.782       0.000       0.000       0.000       0.000       1.933       0.000       0.000     120.310       0.000       0.000       0.000      -1.555       0.527     318.419       0.000       0.000
   365    12    31  2023     271       0  hru271               792.783      57.405      57.090       5.380       0.830       6.210     399.995     521.447      82.064     422.459      16.924       5.380      43.120     294.296     247.159     151.505      29.136       0.000       0.000       1.101     687.421       0.000       0.000     131.307       1.085       0.000       0.000       0.000       5.380       0.000       0.000       0.830       0.000       0.000       0.000      -2.472       6.686       4.776       0.000       0.000
   365    12    31  2023     272       0  hru272               792.783      57.405      57.091      23.338      21.782      45.120     403.982     528.890      82.063     429.576      17.250      23.313      58.845     308.250     270.464     157.590      29.647       0.000       0.000       1.101     687.427       0.000       0.000     178.647       4.537       0.000       0.000       0.000      23.313       0.000       0.000      21.782       0.000       0.000       0.000      -1.982      25.409     125.317       0.000       0.000
   365    12    31  2023     273       0  hru273               792.783      57.405      57.091       2.556       0.597       3.153     321.284     521.183      82.064     423.206      15.913       2.556      43.156     286.917     243.321     144.539      28.861       0.000       0.000       1.101     687.421       0.000       0.000      28.867      21.679       0.000       0.000       0.000       2.556       0.000       0.000       0.597       0.000       0.000       0.000      -2.286       3.344       3.437       0.000       0.000
   365    12    31  2023     274       0  hru274               792.783      58.771      58.361     395.550       8.547     404.097      80.818     543.867      18.811     258.129     266.927     395.538      94.946     382.253     402.138     306.148      26.387       0.000       0.000       1.133     687.374       0.000       0.000     231.408       5.656       0.000       0.000       0.000     395.538       0.000       0.000       8.547       0.000       0.000       0.000       1.043       7.633     529.065       0.000       0.000
   365    12    31  2023     275       0  hru275               792.783      58.698      58.261     237.340       5.801     243.140      81.885     528.551      18.845     245.556     264.150     237.329      94.713     368.134     388.166     295.713      26.682       0.000       0.000       1.131     687.400       0.000       0.000      42.987      18.868       0.000       0.000       0.000     237.329       0.000       0.000       5.801       0.000       0.000       0.000       1.051       7.191     359.064       0.000       0.000
   365    12    31  2023     276       0  hru276               792.783      59.234      58.732     206.548       5.973     212.521      83.787     504.275      18.121     251.864     234.289     206.537      94.895     363.374     388.878     296.927      25.765       0.000       0.000       1.141     687.302       0.000       0.000       8.880       0.264       0.000       0.000       0.000     206.537       0.000       0.000       5.973       0.000       0.000       0.000       1.338       6.497     369.747       0.000       0.000
   365    12    31  2023     277       0  hru277               792.783      59.285      58.756     299.981       6.876     306.857      86.081     518.741      17.757     248.142     252.843     299.964      95.139     375.829     399.008     305.033      26.908       0.000       0.000       1.145     687.345       0.000       0.000     116.685       3.428       0.000       0.000       0.000     299.964       0.000       0.000       6.876       0.000       0.000       0.000       1.216      10.155     425.621       0.000       0.000
   365    12    31  2023     278       0  hru278               792.783      57.403      57.091       0.000       4.734     230.258      14.015     557.651      82.068     462.590      12.992       0.000      16.692     296.162     291.139     233.785      43.633       0.000       0.000       1.101     687.401     225.524       0.000       6.717       1.278       0.000       0.000       0.000       0.000       0.000       0.000       4.734       0.000       0.000       0.000      -0.263       0.000      12.529       0.000       0.000
   365    12    31  2023     279       0  hru279               792.783      57.403      57.090       0.302       1.321     196.982      44.147     553.021      82.068     457.475      13.478       0.302      43.111     277.428     272.550     211.095      28.494       0.000       0.000       1.101     687.401     195.359       0.000       0.000       0.250       0.000       0.000       0.000       0.302       0.000       0.000       1.321       0.000       0.000       0.000      -0.256       0.186       7.600       0.000       0.000
   365    12    31  2023     280       0  hru280               792.783      57.403      57.090       0.302       1.114     196.727      44.152     553.021      82.068     457.477      13.476       0.302      43.111     277.426     272.549     211.103      28.493       0.000       0.000       1.101     687.402     195.311       0.000       0.000       0.000       0.000       0.000       0.000       0.302       0.000       0.000       1.114       0.000       0.000       0.000      -0.256       0.197       6.407       0.000       0.000
   365    12    31  2023     281       0  hru281               792.783      60.270      59.729      37.200       5.842     388.697      18.884     386.164      35.806     137.453     212.905      37.200      42.292     295.666     291.243     269.531      48.980       0.000       0.000       1.162     687.240     345.655       0.000       0.000       0.000       0.000       0.000       0.000      37.200       0.000       0.000       5.842       0.000       0.000       0.000      -0.232       0.364      15.462       0.000       0.000
   365    12    31  2023     282       0  hru282               792.783      60.269      59.721      37.199      10.100     379.795      28.096     385.837      35.807     137.522     212.508      37.199      41.905     341.992     337.589     312.432      73.671       0.000       0.000       1.162     687.233     332.496       0.000       0.000       0.000       0.000       0.000       0.000      37.199       0.000       0.000      10.100       0.000       0.000       0.000      -0.231       0.112       8.127       0.000       0.000
   365    12    31  2023     283       0  hru283               792.783      57.944      57.512     474.662       0.000     474.662       0.000     619.066      34.757      77.555     506.754     474.660       0.000      12.583      12.990       8.728       8.716       0.000       0.000       1.109     687.362       0.000       0.000       0.000       1.331       0.000     474.660       0.000       0.000       0.000       0.000       0.000       0.000       0.000       0.000       0.021       5.405       0.000       0.000     263.172
   365    12    31  2023     284       0  hru284               792.783      57.944      57.512     473.736       0.000     473.736       0.000     618.497      34.594      76.227     507.676     473.735       0.000      12.154      12.696       8.477       8.477       0.000       0.000       1.109     687.358       0.000       0.000       0.000       0.000       0.000       0.000       0.000     473.735       0.000       0.000       0.000       0.000       0.000       0.000       0.029       0.891       0.000       0.000     263.413
   365    12    31  2023     285       0  hru285               792.783      57.946      57.514     473.420       0.000     473.420       0.000     618.943      34.521      76.220     508.202     473.419       0.000      12.062      12.603       8.375       8.372       0.000       0.000       1.109     687.388       0.000       0.000       0.000       0.000       0.000       0.000       0.000     473.419       0.000       0.000       0.000       0.000       0.000       0.000       0.029       0.024       0.004       0.000     263.617
   365    12    31  2023     286       0  hru286               792.783      57.946      57.514     473.424       0.000     473.424       0.000     618.937      34.522      76.219     508.196     473.424       0.000      12.062      12.603       8.375       8.372       0.000       0.000       1.109     687.388       0.000       0.000       0.000       0.000       0.000       0.000       0.000     473.424       0.000       0.000       0.000       0.000       0.000       0.000       0.029       0.008       0.004       0.000     263.614
   365    12    31  2023     287       0  hru287               792.783      57.944      57.512     473.503       0.000     473.503       0.000     618.856      34.589      76.223     508.044     473.503       0.000      12.355      12.897       8.670       8.670       0.000       0.000       1.109     687.362       0.000       0.000       0.000       0.000       0.000       0.000       0.000     473.503       0.000       0.000       0.000       0.000       0.000       0.000       0.029       0.000       0.000       0.000     263.544
   365    12    31  2023     288       0  hru288               792.783      60.604      59.952       3.903       4.775     258.844      18.879     533.674      10.527      29.648     493.499       3.903      12.412     304.185     291.125     255.942      44.760       0.000       0.000       1.173     687.180     250.166       0.000      10.298       6.441       0.000       0.000       0.000       3.903       0.000       0.000       4.775       0.000       0.000       0.000      -0.685       0.074      12.637       0.000       0.000
   365    12    31  2023     289       0  hru289               792.783      60.651      59.996      13.021       3.408     358.334      20.057     533.981       9.851      28.861     495.269      13.020      12.491     352.276     291.183     258.519      45.097       0.000       0.000       1.173     687.176     341.905       0.000     113.527       2.046       0.000       5.004       0.000       8.017       1.310       0.000       2.099       0.000       0.000       0.000      -3.204       6.012       9.021       0.000       0.000
   365    12    31  2023     290       0  hru290               792.783      60.654      60.002       0.000       2.890     240.934      54.165     498.863      13.460      49.475     435.928       0.000      12.279     311.974     306.994     276.033      27.609       0.000       0.000       1.173     687.167     238.044       0.000       0.000       0.000       0.000       0.000       0.000       0.000       0.000       0.000       2.890       0.000       0.000       0.000      -0.261       0.000       9.229       0.000       0.000
   365    12    31  2023     291       0  hru291               792.783      60.651      59.996       1.890       2.139     795.137      64.253     539.792       9.490      35.279     495.024       1.889      41.579     325.502     281.789     262.312      33.542       0.000       0.000       1.173     687.172     791.108       0.000     598.722       5.481       0.000       0.000       0.000       1.889       0.000       0.000       2.139       0.000       0.000       0.000      -2.292       0.132      12.307       0.000       0.000
   365    12    31  2023     292       0  hru292               792.783      60.645      59.994       0.000       6.466     219.003      26.806     553.938      10.667      38.121     505.150       0.000      12.274     342.524     337.457     291.139      68.491       0.000       0.000       1.173     687.164     212.537       0.000       4.074       1.701       0.000       0.000       0.000       0.000       4.329       0.000       2.137       0.000       0.000       0.000      -0.266       0.000       5.203       0.000       0.000
   365    12    31  2023     293       0  hru293               792.783      60.604      59.952       0.000       4.576     216.168      26.989     550.815      10.513      30.277     510.025       0.000      12.274     342.485     337.448     291.948      68.884       0.000       0.000       1.173     687.171     211.591       0.000       0.000       0.000       0.000       0.000       0.000       0.000       0.000       4.576       0.000       0.000       0.000       0.000      -0.264       0.000       3.682       0.000       0.000
   365    12    31  2023     294       0  hru294               792.783      61.126      60.468    1698.566       0.244    3328.928      16.524     580.941       6.690     100.462     473.789    1698.565      73.359     496.543     453.189     261.453      33.781       0.000       0.000       1.175     687.199    1630.118       0.000    2979.453     151.870       0.000       0.000       0.000    1698.565       0.000       0.000       0.244       0.000       0.000       0.000      -2.274       0.036      15.113       0.000       0.000
   365    12    31  2023     295       0  hru295               792.783      60.558      59.987     573.731       0.525    1599.968      11.964     577.648       7.863     190.465     379.319     573.731      72.925     463.416     256.005     225.435      30.163       0.000       0.000       1.170     687.212    1025.712       0.000    1304.163      81.767       0.000       0.000       0.000     573.731       0.000       0.000       0.525       0.000       0.000       0.000     -10.879       0.000      32.492       0.000       0.000
   365    12    31  2023     296       0  hru296               792.783      55.880      55.639       2.670       1.670     243.819       7.909     551.514      47.891     351.399     152.223       2.669      51.736     296.900     273.547     215.436      42.075       0.000       0.000       1.071     687.444     239.480       0.000       2.787       5.441       0.000       0.000       0.000       2.669       0.000       0.000       1.670       0.000       0.000       0.000      -1.224       0.001       4.420       0.000       0.000
   365    12    31  2023     297       0  hru297               792.783      60.281      59.685      29.656       1.137     273.654      25.171     527.344      11.598     169.485     346.260      29.656      63.876     277.515     214.110     173.841      29.216       0.000       0.000       1.168     687.241     242.861       0.000      26.870       2.263       0.000       0.000       0.000      29.656       0.000       0.000       1.137       0.000       0.000       0.000      -3.326       0.006       6.540       0.000       0.000
   365    12    31  2023     298       0  hru298               792.783      55.884      55.644       1.992       1.634     270.567       7.631     515.746      49.083     304.402     162.260       1.991      51.630     278.377     273.521     222.847      44.826       0.000       0.000       1.070     687.443     266.941       0.000       0.000       0.000       0.000       0.000       0.000       1.991       0.000       0.000       1.634       0.000       0.000       0.000      -0.254       0.001       4.324       0.000       0.000
   365    12    31  2023     299       0  hru299               792.783      60.628      59.976       0.000       6.810     236.178      28.076     560.475      14.013      49.606     496.855       0.000      12.274     342.864     337.495     294.009      68.190       0.000       0.000       1.173     687.162     229.368       0.000       6.529      24.193       0.000       0.000       0.000       0.000       0.000       0.000       6.810       0.000       0.000       0.000      -0.282       0.000       5.480       0.000       0.000
   365    12    31  2023     300       0  hru300               792.783      58.765      58.411       2.136       0.367     414.497       1.110     378.431      22.269     226.912     129.250       2.135      51.746     257.681     255.000     238.772      48.790       0.000       0.000       1.128     687.289     411.995       0.000       0.000       0.000       0.000       0.000       0.000       2.135       0.000       0.000       0.367       0.000       0.000       0.000      -0.140       0.001       0.971       0.000       0.000
   365    12    31  2023     301       0  hru301               792.783      55.918      55.677       1.952       1.638     207.247      10.272     580.300      47.353     376.755     156.192       1.951      51.385     315.307     310.447     240.072      62.657       0.000       0.000       1.071     687.439     203.657       0.000       0.000       3.773       0.000       1.951       0.000       0.000       1.638       0.000       0.000       0.000       0.000       0.000      -0.255       0.001       1.318       0.000       0.000
   365    12    31  2023     302       0  hru302               792.783      60.675      60.020       0.000       5.689     216.782      26.908     552.459       9.605      35.688     507.165       0.000      12.274     342.546     337.463     290.886      68.030       0.000       0.000       1.173     687.164     211.093       0.000       0.000       2.174       0.000       0.000       0.000       0.000       0.000       0.000       5.689       0.000       0.000       0.000      -0.267       0.000       4.577       0.000       0.000
   365    12    31  2023     303       0  hru303               792.783      61.126      60.472      30.121       5.830     269.344      23.521     554.413      23.660     191.247     339.505      30.120      51.164     342.503     337.478     280.515      66.355       0.000       0.000       1.175     687.164     233.393       0.000      51.351       1.968       0.000       0.000       0.000      30.120       0.000       0.000       5.830       0.000       0.000       0.000      -0.264       0.004       4.691       0.000       0.000
   365    12    31  2023     304       0  hru304               792.783      57.403      57.091       0.701       5.203     224.916      13.805     557.454      82.068     462.462      12.925       0.700      16.710     296.016     291.138     232.601      43.507       0.000       0.000       1.101     687.404     219.013       0.000       1.637       0.633       0.000       0.489       0.000       0.211       3.635       0.000       1.568       0.000       0.000       0.000      -0.256       0.237      13.771       0.000       0.000
   365    12    31  2023     305       0  hru305               792.783      57.403      57.090       3.667       0.025     227.983      10.497     555.435      82.068     459.608      13.759       3.667      57.378     278.699     273.784     217.152      33.460       0.000       0.000       1.101     687.404     224.290       0.000       0.000       0.000       0.000       0.000       0.000       3.667       0.000       0.000       0.025       0.000       0.000       0.000      -0.258       2.093       3.081       0.000       0.000
   365    12    31  2023     306       0  hru306               792.783      57.403      57.089     446.714       5.588    1075.529      21.708     560.337      82.068     462.297      15.972     445.929      17.802     390.774     342.802     250.573      45.843       0.000       0.000       1.101     687.403     623.227       0.000     853.025       8.595       0.000       0.000       0.000     445.929       0.000       0.000       5.588       0.000       0.000       0.000      -2.516     243.921      14.790       0.000       0.000
   365    12    31  2023     307       0  hru307               792.783      57.403      57.090      31.321       0.080     302.473      10.837     556.100      82.068     459.761      14.272      31.321      57.418     279.915     273.932     220.080      33.643       0.000       0.000       1.101     687.404     271.072       0.000      42.453      32.938       0.000      31.321       0.000       0.000       0.080       0.000       0.000       0.000       0.000       0.000      -0.314      18.962       9.830       0.000       0.000
   365    12    31  2023     308       0  hru308               792.783      57.403      57.090      47.434       0.087     467.730      11.839     557.706      82.068     460.645      14.994      47.434      57.423     293.673     274.651     228.727      34.040       0.000       0.000       1.101     687.403     420.209       0.000      53.918     188.636       0.000       0.000       0.000      47.434       0.000       0.000       0.087       0.000       0.000       0.000      -0.998      11.407      10.711       0.000       0.000
   365    12    31  2023     309       0  hru309               792.783      57.403      57.091       0.000       2.431     223.171      13.930     557.470      82.068     462.490      12.912       0.000      16.639     296.031     291.143     232.951      43.498       0.000       0.000       1.101     687.404     220.739       0.000       0.075       0.587       0.000       0.000       0.000       0.000       0.000       0.000       2.431       0.000       0.000       0.000      -0.256       0.000       6.434       0.000       0.000
   365    12    31  2023     310       0  hru310               792.783      57.405      57.093      25.988       0.223     487.767      12.495     557.472      82.063     461.034      14.375      25.988      57.373     334.809     268.632     226.890      27.052       0.000       0.000       1.101     687.429     461.555       0.000     244.848      15.800       0.000       0.000       0.000      25.988       0.000       0.000       0.223       0.000       0.000       0.000      -3.471      18.858      13.831       0.000       0.000
   365    12    31  2023     311       0  hru311               792.783      57.405      57.093      12.473       4.012     281.423      14.978     558.247      82.064     462.824      13.359      12.473      16.800     298.311     291.145     236.093      43.961       0.000       0.000       1.101     687.427     264.938       0.000      56.863       3.576       0.000       0.000       4.849       7.624       0.000       1.560       2.452       0.000       0.000       0.000      -0.376      10.880      10.618       0.000       0.000
   365    12    31  2023     312       0  hru312               792.783      57.403      57.090       3.667       0.074     227.986      10.496     555.434      82.068     459.607      13.759       3.667      57.378     278.699     273.784     217.145      33.461       0.000       0.000       1.101     687.404     224.244       0.000       0.000       0.000       0.000       3.667       0.000       0.000       0.074       0.000       0.000       0.000       0.000       0.000      -0.258       0.610       9.134       0.000       0.000
   365    12    31  2023     313       0  hru313               792.783      57.405      57.093       0.000       7.462     222.801      13.648     557.454      82.064     462.473      12.918       0.000      16.629     295.999     291.128     232.168      43.492       0.000       0.000       1.101     687.426     215.338       0.000       0.000       0.000       0.000       0.000       0.000       0.000       7.462       0.000       0.000       0.000       0.000       0.000      -0.255       0.000      19.749       0.000       0.000
   365    12    31  2023     314       0  hru314               792.783      59.035      58.542       9.881       0.030     301.578       0.352     492.008      17.730     220.161     254.117       9.880      63.931     195.223     192.500     169.529      25.050       0.000       0.000       1.139     687.328     291.667       0.000       0.000       0.000       0.000       0.000       0.000       9.880       0.000       0.000       0.030       0.000       0.000       0.000      -0.143       0.001       0.458       0.000       0.000
