 Mini_CREATE               SWAT+ Jan 11 2024        MODULAR Rev 2024.61.0                                 
        jday         mon         day          yr   name        type   objtyp      typ_no hyd_typ fraction              flo            sed           orgn           sedp            no3           solp           chla            nh3            no2           cbod            dox            san            sil            cla            sag            lag            grv           null
                                                                                                                     m^3/s           tons            kgN            kgP            kgN            kgP             kg            kgN            kgN             kg             kg           tons           tons           tons           tons           tons           tons           degc
         365          12          31        2021 rtu001          ru      ru           75 tot   1.000000       2911.247      3.2029182E-02  0.2622109      0.1074416       1.375891      0.7715831      0.0000000E+00  0.0000000E+00  0.0000000E+00  0.0000000E+00  0.0000000E+00  3.3425353E-02  1.1464334E-03  1.2053811E-03  9.9178674E-03  9.2910537E-03  0.0000000E+00   3.169903    
         365          12          31        2021 rtu001          ru      aqu           1 rhg   1.000000       2246.136      0.0000000E+00  0.0000000E+00  0.0000000E+00   43.63152      0.0000000E+00  0.0000000E+00  0.0000000E+00  0.0000000E+00  0.0000000E+00  0.0000000E+00  0.0000000E+00  0.0000000E+00  0.0000000E+00  0.0000000E+00  0.0000000E+00  0.0000000E+00   1.163172    
         365          12          31        2021 rtu002          ru      ru          153 tot   1.000000       4177.137      4.3248847E-02  0.3624450      0.1481440       1.874624       1.103886      0.0000000E+00  0.0000000E+00  0.0000000E+00  0.0000000E+00  0.0000000E+00  4.6075400E-02  1.4801534E-03  1.5616831E-03  1.3600302E-02  1.2734342E-02  0.0000000E+00   2.182696    
         365          12          31        2021 rtu002          ru      aqu           1 rhg   1.000000       2985.134      0.0000000E+00  0.0000000E+00  0.0000000E+00   59.06071      0.0000000E+00  0.0000000E+00  0.0000000E+00  0.0000000E+00  0.0000000E+00  0.0000000E+00  0.0000000E+00  0.0000000E+00  0.0000000E+00  0.0000000E+00  0.0000000E+00  0.0000000E+00   1.121640    
         365          12          31        2021 rtu004          ru      ru          269 tot   1.000000       2733.891      3.7139631E-03  3.8343061E-02  1.4111294E-02   13.26111      1.5102893E-02  0.0000000E+00  0.0000000E+00  0.0000000E+00  0.0000000E+00  0.0000000E+00  1.7689815E-03  5.4107048E-04  5.6902791E-04  2.7838675E-03  1.5446197E-03  0.0000000E+00   1046.059    
         365          12          31        2021 rtu004          ru      aqu           1 rhg   1.000000       3559.770      0.0000000E+00  0.0000000E+00  0.0000000E+00   16.68541      0.0000000E+00  0.0000000E+00  0.0000000E+00  0.0000000E+00  0.0000000E+00  0.0000000E+00  0.0000000E+00  0.0000000E+00  0.0000000E+00  0.0000000E+00  0.0000000E+00  0.0000000E+00  1.5247191E-02
         365          12          31        2021 rtu005          ru      ru          251 tot   1.000000       214.2256      9.8803570E-04  1.2236488E-02  4.5247292E-03  0.9051321      6.5397182E-03  0.0000000E+00  0.0000000E+00  0.0000000E+00  0.0000000E+00  0.0000000E+00  7.5645390E-04  3.6300439E-04  3.7196395E-04  1.0816418E-03  6.8455923E-04  0.0000000E+00   842295.3    
         365          12          31        2021 rtu005          ru      aqu           1 rhg   1.000000       9158.824      0.0000000E+00  0.0000000E+00  0.0000000E+00   44.00856      0.0000000E+00  0.0000000E+00  0.0000000E+00  0.0000000E+00  0.0000000E+00  0.0000000E+00  0.0000000E+00  0.0000000E+00  0.0000000E+00  0.0000000E+00  0.0000000E+00  0.0000000E+00  1.5144231E-02
         365          12          31        2021 rtu006          ru      ru          254 tot   1.000000       485.9346      5.1389454E-04  5.4671098E-03  2.0136354E-03   1.863486      3.1951740E-03  0.0000000E+00  0.0000000E+00  0.0000000E+00  0.0000000E+00  0.0000000E+00  4.7812692E-04  3.0297606E-04  3.0695880E-04  6.2290963E-04  4.4611742E-04  0.0000000E+00   44277.58    
         365          12          31        2021 rtu006          ru      aqu           1 rhg   1.000000       819.8590      0.0000000E+00  0.0000000E+00  0.0000000E+00   3.871274      0.0000000E+00  0.0000000E+00  0.0000000E+00  0.0000000E+00  0.0000000E+00  0.0000000E+00  0.0000000E+00  0.0000000E+00  0.0000000E+00  0.0000000E+00  0.0000000E+00  0.0000000E+00  1.5322496E-02
         365          12          31        2021 rtu007          ru      ru          254 tot   1.000000       46.47123      1.6228153E-04  1.9493722E-03  7.2138169E-04  0.1651266      2.0532853E-03  0.0000000E+00  0.0000000E+00  0.0000000E+00  0.0000000E+00  0.0000000E+00  3.4669819E-04  2.8405557E-04  2.8547802E-04  3.9849055E-04  3.3524918E-04  0.0000000E+00  5.2281824E+07
         365          12          31        2021 rtu007          ru      aqu           1 rhg   1.000000       2951.542      0.0000000E+00  0.0000000E+00  0.0000000E+00   14.18466      0.0000000E+00  0.0000000E+00  0.0000000E+00  0.0000000E+00  0.0000000E+00  0.0000000E+00  0.0000000E+00  0.0000000E+00  0.0000000E+00  0.0000000E+00  0.0000000E+00  0.0000000E+00  1.5135628E-02
         365          12          31        2021 rtu008          ru      ru          265 tot   1.000000       993.9393      1.1770428E-03  1.1833742E-02  4.3558450E-03   4.142499      4.4124303E-03  0.0000000E+00  0.0000000E+00  0.0000000E+00  0.0000000E+00  0.0000000E+00  7.3929707E-04  3.6035138E-04  3.6897857E-04  1.0525427E-03  6.7005056E-04  0.0000000E+00   7840.562    
         365          12          31        2021 rtu008          ru      aqu           1 rhg   1.000000       1239.971      0.0000000E+00  0.0000000E+00  0.0000000E+00   5.805241      0.0000000E+00  0.0000000E+00  0.0000000E+00  0.0000000E+00  0.0000000E+00  0.0000000E+00  0.0000000E+00  0.0000000E+00  0.0000000E+00  0.0000000E+00  0.0000000E+00  0.0000000E+00  1.5233823E-02
         365          12          31        2021 rtu010          ru      ru          269 tot   1.000000       28.73585      8.7193097E-05  1.0126809E-03  3.7498213E-04  9.1527410E-02  1.6077368E-03  0.0000000E+00  0.0000000E+00  0.0000000E+00  0.0000000E+00  0.0000000E+00  3.0024030E-04  2.6767224E-04  2.6841377E-04  3.2717324E-04  2.9428583E-04  0.0000000E+00  3.3977747E+08
         365          12          31        2021 rtu010          ru      aqu           1 rhg   1.000000       1809.917      0.0000000E+00  0.0000000E+00  0.0000000E+00   8.756351      0.0000000E+00  0.0000000E+00  0.0000000E+00  0.0000000E+00  0.0000000E+00  0.0000000E+00  0.0000000E+00  0.0000000E+00  0.0000000E+00  0.0000000E+00  0.0000000E+00  0.0000000E+00  1.2915408E-02
         365          12          31        2021 rtu011          ru      ru          241 tot   1.000000       21.26810      1.3590415E-04  1.3976791E-03  5.1756896E-04  5.5851713E-02  1.7191940E-03  0.0000000E+00  0.0000000E+00  0.0000000E+00  0.0000000E+00  0.0000000E+00  3.0414772E-04  2.5918972E-04  2.6021138E-04  3.4130792E-04  2.9593214E-04  0.0000000E+00  9.4687590E+08
         365          12          31        2021 rtu011          ru      aqu           1 rhg   1.000000       1105.705      0.0000000E+00  0.0000000E+00  0.0000000E+00   5.197111      0.0000000E+00  0.0000000E+00  0.0000000E+00  0.0000000E+00  0.0000000E+00  0.0000000E+00  0.0000000E+00  0.0000000E+00  0.0000000E+00  0.0000000E+00  0.0000000E+00  0.0000000E+00  1.6525296E-02
         365          12          31        2021 rtu012          ru      ru          253 tot   1.000000       21.87949      9.2276394E-05  1.0821653E-03  4.0092954E-04  4.7001757E-02  3.3317360E-03  0.0000000E+00  0.0000000E+00  0.0000000E+00  0.0000000E+00  0.0000000E+00  2.7583720E-04  2.4105003E-04  2.4184080E-04  3.0460340E-04  2.6947929E-04  0.0000000E+00  2.6903759E+09
         365          12          31        2021 rtu012          ru      aqu           1 rhg   1.000000       1926.851      0.0000000E+00  0.0000000E+00  0.0000000E+00   9.056617      0.0000000E+00  0.0000000E+00  0.0000000E+00  0.0000000E+00  0.0000000E+00  0.0000000E+00  0.0000000E+00  0.0000000E+00  0.0000000E+00  0.0000000E+00  0.0000000E+00  0.0000000E+00  1.6517505E-02
         365          12          31        2021 rtu013          ru      ru          253 tot   1.000000       148.0069      1.2346986E-03  1.4128342E-02  5.2297302E-03  0.5288879      1.3017260E-02  0.0000000E+00  0.0000000E+00  0.0000000E+00  0.0000000E+00  0.0000000E+00  8.2928571E-04  3.7477477E-04  3.8512063E-04  1.2049384E-03  7.4623973E-04  0.0000000E+00   3495482.    
         365          12          31        2021 rtu013          ru      aqu           1 rhg   1.000000       6574.531      0.0000000E+00  0.0000000E+00  0.0000000E+00   30.90109      0.0000000E+00  0.0000000E+00  0.0000000E+00  0.0000000E+00  0.0000000E+00  0.0000000E+00  0.0000000E+00  0.0000000E+00  0.0000000E+00  0.0000000E+00  0.0000000E+00  0.0000000E+00  1.6529368E-02
         365          12          31        2021 rtu014          ru      ru          253 tot  0.5197700       17.45401      1.2385451E-04  1.2890717E-03  4.7732072E-04  4.9704038E-02  1.3458579E-03  0.0000000E+00  0.0000000E+00  0.0000000E+00  0.0000000E+00  0.0000000E+00  1.8529368E-04  1.4382291E-04  1.4476731E-04  2.1957535E-04  1.7771669E-04  0.0000000E+00  4.1614928E+08
         365          12          31        2021 rtu014          ru      ru          309 tot  0.4802300       16.12625      1.1443240E-04  1.1910093E-03  4.4100956E-04  4.5922946E-02  1.2434744E-03  0.0000000E+00  0.0000000E+00  0.0000000E+00  0.0000000E+00  0.0000000E+00  1.7119800E-04  1.3288196E-04  1.3375454E-04  2.0287187E-04  1.6419739E-04  0.0000000E+00  4.5314656E+08
         365          12          31        2021 rtu014          ru      aqu           1 rhg   1.000000       1596.216      0.0000000E+00  0.0000000E+00  0.0000000E+00   7.502381      0.0000000E+00  0.0000000E+00  0.0000000E+00  0.0000000E+00  0.0000000E+00  0.0000000E+00  0.0000000E+00  0.0000000E+00  0.0000000E+00  0.0000000E+00  0.0000000E+00  0.0000000E+00  1.6527932E-02
         365          12          31        2021 rtu015          ru      ru          240 tot   1.000000       1672.924      1.3270915E-02  0.1732175      6.4105734E-02   6.309188      0.1153610      0.0000000E+00  0.0000000E+00  0.0000000E+00  0.0000000E+00  0.0000000E+00  6.7920289E-03  1.2186309E-03  1.3455517E-03  1.1397968E-02  5.7737203E-03  0.0000000E+00   12406.06    
         365          12          31        2021 rtu015          ru      aqu           1 rhg   1.000000       59934.90      0.0000000E+00  0.0000000E+00  0.0000000E+00   281.7180      0.0000000E+00  0.0000000E+00  0.0000000E+00  0.0000000E+00  0.0000000E+00  0.0000000E+00  0.0000000E+00  0.0000000E+00  0.0000000E+00  0.0000000E+00  0.0000000E+00  0.0000000E+00  1.6532863E-02
         365          12          31        2021 rtu017          ru      ru            9 tot   1.000000       295.0760      2.5546106E-07  2.6606886E-06  7.9820675E-06  0.8933862      2.6606886E-06  0.0000000E+00  0.0000000E+00  0.0000000E+00  0.0000000E+00  0.0000000E+00  2.5546100E-04  2.5546100E-04  2.5546100E-04  2.5546100E-04  2.5546100E-04  0.0000000E+00   96.39071    
         365          12          31        2021 rtu017          ru      aqu           1 rhg   1.000000       32556.62      0.0000000E+00  0.0000000E+00  0.0000000E+00   94.84479      0.0000000E+00  0.0000000E+00  0.0000000E+00  0.0000000E+00  0.0000000E+00  0.0000000E+00  0.0000000E+00  0.0000000E+00  0.0000000E+00  0.0000000E+00  0.0000000E+00  0.0000000E+00   1.045008    
         365          12          31        2021 rtu021          ru      ru          126 tot   1.000000       9.462976      2.5729540E-07  1.9032912E-07  5.7098737E-07  2.3841903E-02  1.9032912E-07  0.0000000E+00  0.0000000E+00  0.0000000E+00  0.0000000E+00  0.0000000E+00  2.5729538E-04  2.5729538E-04  2.5729538E-04  2.5729538E-04  2.5729538E-04  0.0000000E+00   46035.05    
         365          12          31        2021 rtu021          ru      aqu           1 rhg   1.000000       2409.291      0.0000000E+00  0.0000000E+00  0.0000000E+00   6.913702      0.0000000E+00  0.0000000E+00  0.0000000E+00  0.0000000E+00  0.0000000E+00  0.0000000E+00  0.0000000E+00  0.0000000E+00  0.0000000E+00  0.0000000E+00  0.0000000E+00  0.0000000E+00   1.270557    
         365          12          31        2021 rtu022          ru      ru          126 tot   1.000000       9.187963      2.5501092E-07  2.0555157E-07  6.1665469E-07  2.3427211E-02  2.0555157E-07  0.0000000E+00  0.0000000E+00  0.0000000E+00  0.0000000E+00  0.0000000E+00  2.5501088E-04  2.5501088E-04  2.5501088E-04  2.5501088E-04  2.5501088E-04  0.0000000E+00   50324.23    
         365          12          31        2021 rtu022          ru      aqu           1 rhg   1.000000       2626.448      0.0000000E+00  0.0000000E+00  0.0000000E+00   7.536546      0.0000000E+00  0.0000000E+00  0.0000000E+00  0.0000000E+00  0.0000000E+00  0.0000000E+00  0.0000000E+00  0.0000000E+00  0.0000000E+00  0.0000000E+00  0.0000000E+00  0.0000000E+00   1.247925    
         365          12          31        2021 rtu023          ru      ru           88 tot   1.000000       44.48166      2.5317061E-07  5.5079551E-07  1.6523866E-06  0.7559190      5.5079551E-07  0.0000000E+00  0.0000000E+00  0.0000000E+00  0.0000000E+00  0.0000000E+00  2.5317064E-04  2.5317064E-04  2.5317064E-04  2.5317064E-04  2.5317064E-04  0.0000000E+00   8029.341    
         365          12          31        2021 rtu023          ru      aqu           1 rhg   1.000000       6953.359      0.0000000E+00  0.0000000E+00  0.0000000E+00   133.7308      0.0000000E+00  0.0000000E+00  0.0000000E+00  0.0000000E+00  0.0000000E+00  0.0000000E+00  0.0000000E+00  0.0000000E+00  0.0000000E+00  0.0000000E+00  0.0000000E+00  0.0000000E+00  1.8375842E-02
         365          12          31        2021 rtu024          ru      ru           83 tot  0.5116300       76.38671      9.9041912E-08  8.9490027E-07  2.6847015E-06   1.297623      8.9490027E-07  0.0000000E+00  0.0000000E+00  0.0000000E+00  0.0000000E+00  0.0000000E+00  9.9041899E-05  9.9041899E-05  9.9041899E-05  9.9041899E-05  9.9041899E-05  0.0000000E+00   504.8578    
         365          12          31        2021 rtu024          ru      ru           88 tot  0.4883700       72.91398      9.4539203E-08  8.5421607E-07  2.5626475E-06   1.238630      8.5421607E-07  0.0000000E+00  0.0000000E+00  0.0000000E+00  0.0000000E+00  0.0000000E+00  9.4539253E-05  9.4539253E-05  9.4539253E-05  9.4539253E-05  9.4539253E-05  0.0000000E+00   521.2861    
         365          12          31        2021 rtu024          ru      aqu           1 rhg   1.000000       28913.77      0.0000000E+00  0.0000000E+00  0.0000000E+00   556.0769      0.0000000E+00  0.0000000E+00  0.0000000E+00  0.0000000E+00  0.0000000E+00  0.0000000E+00  0.0000000E+00  0.0000000E+00  0.0000000E+00  0.0000000E+00  0.0000000E+00  0.0000000E+00  1.8373331E-02
         365          12          31        2021 rtu025          ru      ru           89 tot   1.000000       26.83018      2.8664587E-07  2.8687799E-07  8.6063426E-07  7.1006157E-02  2.8687799E-07  0.0000000E+00  0.0000000E+00  0.0000000E+00  0.0000000E+00  0.0000000E+00  2.8664581E-04  2.8664581E-04  2.8664581E-04  2.8664581E-04  2.8664581E-04  0.0000000E+00   2412.623    
         365          12          31        2021 rtu025          ru      aqu           1 rhg   1.000000       3245.719      0.0000000E+00  0.0000000E+00  0.0000000E+00   9.316880      0.0000000E+00  0.0000000E+00  0.0000000E+00  0.0000000E+00  0.0000000E+00  0.0000000E+00  0.0000000E+00  0.0000000E+00  0.0000000E+00  0.0000000E+00  0.0000000E+00  0.0000000E+00   1.199581    
         365          12          31        2021 rtu027          ru      sdc           5 tot  0.4579900       60.64911      3.6841127E-05  2.8945637E-04  1.3650321E-04  0.1860268      6.6313031E-03  0.0000000E+00  0.0000000E+00  0.0000000E+00  0.0000000E+00  0.0000000E+00  1.4686673E-04  9.5533287E-05  9.5665833E-05  1.0152487E-04  1.0145304E-04  0.0000000E+00   25.83783    
         365          12          31        2021 rtu027          ru      ru           84 tot  0.5420100       71.77541      4.3599786E-05  3.4255820E-04  1.6154534E-04  0.2201541      7.8478409E-03  0.0000000E+00  0.0000000E+00  0.0000000E+00  0.0000000E+00  0.0000000E+00  1.7380998E-04  1.1305921E-04  1.1321609E-04  1.2014999E-04  1.2006497E-04  0.0000000E+00   24.80278    
         365          12          31        2021 rtu027          ru      aqu           1 rhg   1.000000       54002.75      0.0000000E+00  0.0000000E+00  0.0000000E+00   156.8651      0.0000000E+00  0.0000000E+00  0.0000000E+00  0.0000000E+00  0.0000000E+00  0.0000000E+00  0.0000000E+00  0.0000000E+00  0.0000000E+00  0.0000000E+00  0.0000000E+00  0.0000000E+00   1.005363    
         365          12          31        2021 rtu028          ru      ru          203 tot   1.000000       152.4273      2.7743161E-07  1.4695673E-06  4.4087014E-06  0.4497845      1.4695673E-06  0.0000000E+00  0.0000000E+00  0.0000000E+00  0.0000000E+00  0.0000000E+00  2.7743171E-04  2.7743171E-04  2.7743171E-04  2.7743171E-04  2.7743171E-04  0.0000000E+00   41.55287    
         365          12          31        2021 rtu028          ru      aqu           1 rhg   1.000000       17166.42      0.0000000E+00  0.0000000E+00  0.0000000E+00   49.28378      0.0000000E+00  0.0000000E+00  0.0000000E+00  0.0000000E+00  0.0000000E+00  0.0000000E+00  0.0000000E+00  0.0000000E+00  0.0000000E+00  0.0000000E+00  0.0000000E+00  0.0000000E+00   1.037330    
         365          12          31        2021 rtu030          ru      ru          100 tot   1.000000       1129.806      2.1219729E-02  0.1428107      5.7372630E-02   1.946870      0.1375135      0.0000000E+00  0.0000000E+00  0.0000000E+00  0.0000000E+00  0.0000000E+00  1.9371733E-02  5.7619682E-04  6.3833466E-04  4.0675537E-03  3.8812174E-03  0.0000000E+00   1.240248    
         365          12          31        2021 rtu030          ru      aqu           1 rhg   1.000000       360.2209      0.0000000E+00  0.0000000E+00  0.0000000E+00   2.097799      0.0000000E+00  0.0000000E+00  0.0000000E+00  0.0000000E+00  0.0000000E+00  0.0000000E+00  0.0000000E+00  0.0000000E+00  0.0000000E+00  0.0000000E+00  0.0000000E+00  0.0000000E+00   2.248221    
         365          12          31        2021 rtu032          ru      ru           40 tot  0.4483300       1269.992      5.7376083E-02  0.3075644      0.1437629       1.508896      0.2305020      0.0000000E+00  0.0000000E+00  0.0000000E+00  0.0000000E+00  0.0000000E+00  4.6640359E-02  1.3924590E-03  1.4752081E-03  1.3690447E-02  1.2811804E-02  0.0000000E+00   1.052704    
         365          12          31        2021 rtu032          ru      ru          260 tot  0.5516700       1562.725      7.0601270E-02  0.3784580      0.1769003       1.856697      0.2836326      0.0000000E+00  0.0000000E+00  0.0000000E+00  0.0000000E+00  0.0000000E+00  5.7390947E-02  1.7134208E-03  1.8152434E-03  1.6846092E-02  1.5764924E-02  0.0000000E+00   1.048965    
         365          12          31        2021 rtu032          ru      aqu           1 rhg   1.000000       1373.568      0.0000000E+00  0.0000000E+00  0.0000000E+00   21.37643      0.0000000E+00  0.0000000E+00  0.0000000E+00  0.0000000E+00  0.0000000E+00  0.0000000E+00  0.0000000E+00  0.0000000E+00  0.0000000E+00  0.0000000E+00  0.0000000E+00  0.0000000E+00   1.327443    
         365          12          31        2021 rtu033          ru      ru           82 tot   1.000000       7.536511      2.7272546E-07  1.0715382E-07  3.2146153E-07  1.7228207E-02  1.0715382E-07  0.0000000E+00  0.0000000E+00  0.0000000E+00  0.0000000E+00  0.0000000E+00  2.7272559E-04  2.7272559E-04  2.7272559E-04  2.7272559E-04  2.7272559E-04  0.0000000E+00   82647.73    
         365          12          31        2021 rtu033          ru      aqu           1 rhg   1.000000       1247.759      0.0000000E+00  0.0000000E+00  0.0000000E+00   3.644983      0.0000000E+00  0.0000000E+00  0.0000000E+00  0.0000000E+00  0.0000000E+00  0.0000000E+00  0.0000000E+00  0.0000000E+00  0.0000000E+00  0.0000000E+00  0.0000000E+00  0.0000000E+00   1.520667    
         365          12          31        2021 rtu034          ru      ru           41 tot   1.000000       189.6562      5.7812030E-03  2.9575665E-02  1.3102387E-02  8.3359398E-02  3.5403054E-02  0.0000000E+00  0.0000000E+00  0.0000000E+00  0.0000000E+00  0.0000000E+00  5.0790869E-03  3.5325985E-04  3.6901343E-04  1.2321806E-03  1.1853516E-03  0.0000000E+00   1.459738    
         365          12          31        2021 rtu034          ru      aqu           1 rhg   1.000000       1819.007      0.0000000E+00  0.0000000E+00  0.0000000E+00   2.189002      0.0000000E+00  0.0000000E+00  0.0000000E+00  0.0000000E+00  0.0000000E+00  0.0000000E+00  0.0000000E+00  0.0000000E+00  0.0000000E+00  0.0000000E+00  0.0000000E+00  0.0000000E+00   1.150024    
         365          12          31        2021 rtu035          ru      ru          171 tot   1.000000       301.1897      1.2953010E-02  4.9739212E-02  2.7036123E-02  0.1282228      5.5649482E-02  0.0000000E+00  0.0000000E+00  0.0000000E+00  0.0000000E+00  0.0000000E+00  1.2493435E-02  4.0389172E-04  4.3789358E-04  1.8398572E-03  1.8228992E-03  0.0000000E+00   1.231919    
         365          12          31        2021 rtu035          ru      aqu           1 rhg   1.000000       3117.999      0.0000000E+00  0.0000000E+00  0.0000000E+00   2.752667      0.0000000E+00  0.0000000E+00  0.0000000E+00  0.0000000E+00  0.0000000E+00  0.0000000E+00  0.0000000E+00  0.0000000E+00  0.0000000E+00  0.0000000E+00  0.0000000E+00  0.0000000E+00   1.088093    
         365          12          31        2021 rtu036          ru      ru           82 tot  0.4575200       136.8428      9.2816493E-04  3.5072525E-03  1.9076450E-03  5.5016484E-02  2.7099039E-02  0.0000000E+00  0.0000000E+00  0.0000000E+00  0.0000000E+00  0.0000000E+00  9.9060824E-04  1.4308358E-04  1.4532445E-04  2.4215264E-04  2.4097669E-04  0.0000000E+00   1.299709    
         365          12          31        2021 rtu036          ru      ru           93 tot  0.5424800       162.2541      1.1005221E-03  4.1585388E-03  2.2618887E-03  6.5232873E-02  3.2131251E-02  0.0000000E+00  0.0000000E+00  0.0000000E+00  0.0000000E+00  0.0000000E+00  1.1745610E-03  1.6965379E-04  1.7231080E-04  2.8711965E-04  2.8572525E-04  0.0000000E+00   1.277110    
         365          12          31        2021 rtu036          ru      aqu           1 rhg   1.000000       3325.264      0.0000000E+00  0.0000000E+00  0.0000000E+00   2.936488      0.0000000E+00  0.0000000E+00  0.0000000E+00  0.0000000E+00  0.0000000E+00  0.0000000E+00  0.0000000E+00  0.0000000E+00  0.0000000E+00  0.0000000E+00  0.0000000E+00  0.0000000E+00   1.082538    
         365          12          31        2021 rtu037          ru      ru           92 tot  0.3382400       50.36184      1.1061564E-03  5.4938029E-03  2.4284427E-03  2.0604441E-02  9.2854453E-03  0.0000000E+00  0.0000000E+00  0.0000000E+00  0.0000000E+00  0.0000000E+00  9.8459143E-04  1.0617496E-04  1.0910234E-04  2.6951946E-04  2.6081636E-04  0.0000000E+00   1.950434    
         365          12          31        2021 rtu037          ru      ru          223 tot  0.6617600       98.53195      2.1641736E-03  1.0748520E-02  4.7512008E-03  4.0312190E-02  1.8166795E-02  0.0000000E+00  0.0000000E+00  0.0000000E+00  0.0000000E+00  0.0000000E+00  1.9263338E-03  2.0772926E-04  2.1345662E-04  5.2730954E-04  5.1028223E-04  0.0000000E+00   1.702432    
         365          12          31        2021 rtu037          ru      aqu           1 rhg   1.000000       1458.625      0.0000000E+00  0.0000000E+00  0.0000000E+00   2.300327      0.0000000E+00  0.0000000E+00  0.0000000E+00  0.0000000E+00  0.0000000E+00  0.0000000E+00  0.0000000E+00  0.0000000E+00  0.0000000E+00  0.0000000E+00  0.0000000E+00  0.0000000E+00   1.194557    
         365          12          31        2021 rtu038          ru      sdc           1 tot  0.5590100       111.8005      2.2469906E-03  8.4058335E-03  4.5689438E-03  4.4057630E-02  2.0282190E-02  0.0000000E+00  0.0000000E+00  0.0000000E+00  0.0000000E+00  0.0000000E+00  2.2144015E-03  1.7717085E-04  1.8275397E-04  4.1895808E-04  4.1610084E-04  0.0000000E+00   1.458091    
         365          12          31        2021 rtu038          ru      ru          221 tot  0.4409900       88.19686      1.7725986E-03  6.6311662E-03  3.6043341E-03  3.4756038E-02  1.6000146E-02  0.0000000E+00  0.0000000E+00  0.0000000E+00  0.0000000E+00  0.0000000E+00  1.7468899E-03  1.3976598E-04  1.4417036E-04  3.3050630E-04  3.2825235E-04  0.0000000E+00   1.509968    
         365          12          31        2021 rtu038          ru      aqu           1 rhg   1.000000       2140.689      0.0000000E+00  0.0000000E+00  0.0000000E+00   1.890067      0.0000000E+00  0.0000000E+00  0.0000000E+00  0.0000000E+00  0.0000000E+00  0.0000000E+00  0.0000000E+00  0.0000000E+00  0.0000000E+00  0.0000000E+00  0.0000000E+00  0.0000000E+00   1.128475    
         365          12          31        2021 rtu039          ru      ru           96 tot   1.000000       324.2220      1.6847501E-02  6.4815171E-02  3.5238411E-02  0.1404357      5.9747897E-02  0.0000000E+00  0.0000000E+00  0.0000000E+00  0.0000000E+00  0.0000000E+00  1.6207427E-02  4.4033254E-04  4.8479013E-04  2.3134570E-03  2.2913385E-03  0.0000000E+00   1.214407    
         365          12          31        2021 rtu039          ru      aqu           1 rhg   1.000000       3318.573      0.0000000E+00  0.0000000E+00  0.0000000E+00   2.929256      0.0000000E+00  0.0000000E+00  0.0000000E+00  0.0000000E+00  0.0000000E+00  0.0000000E+00  0.0000000E+00  0.0000000E+00  0.0000000E+00  0.0000000E+00  0.0000000E+00  0.0000000E+00   1.082774    
         365          12          31        2021 rtu042          ru      ru           92 tot  0.4474700       841.2712      2.7750744E-02  0.1498930      6.6013172E-02  0.3145212      0.1852915      0.0000000E+00  0.0000000E+00  0.0000000E+00  0.0000000E+00  0.0000000E+00  2.4637144E-02  5.2989868E-04  6.0971396E-04  5.0080009E-03  4.7690487E-03  0.0000000E+00   1.041061    
         365          12          31        2021 rtu042          ru      ru          116 tot  0.5525300       1038.790      3.4266237E-02  0.1850859      8.1512183E-02  0.3883666      0.2287954      0.0000000E+00  0.0000000E+00  0.0000000E+00  0.0000000E+00  0.0000000E+00  3.0421618E-02  6.5431185E-04  7.5286656E-04  6.1838138E-03  5.8887582E-03  0.0000000E+00   1.037401    
         365          12          31        2021 rtu042          ru      aqu           1 rhg   1.000000       5713.584      0.0000000E+00  0.0000000E+00  0.0000000E+00   10.52766      0.0000000E+00  0.0000000E+00  0.0000000E+00  0.0000000E+00  0.0000000E+00  0.0000000E+00  0.0000000E+00  0.0000000E+00  0.0000000E+00  0.0000000E+00  0.0000000E+00  0.0000000E+00   1.046636    
         365          12          31        2021 rtu045          ru      ru           73 tot   1.000000       3217.254      1.5012507E-04  1.8411808E-07  5.5235444E-07   5.214765      0.7757531      0.0000000E+00  0.0000000E+00  0.0000000E+00  0.0000000E+00  0.0000000E+00  3.0978592E-04  3.0978592E-04  3.0978592E-04  3.0978592E-04  3.0978592E-04  0.0000000E+00   1.051095    
         365          12          31        2021 rtu045          ru      aqu           1 rhg   1.000000      0.0000000E+00  0.0000000E+00  0.0000000E+00  0.0000000E+00  0.0000000E+00  0.0000000E+00  0.0000000E+00  0.0000000E+00  0.0000000E+00  0.0000000E+00  0.0000000E+00  0.0000000E+00  0.0000000E+00  0.0000000E+00  0.0000000E+00  0.0000000E+00  0.0000000E+00  0.0000000E+00
         365          12          31        2021 rtu047          ru      sdc           5 tot   1.000000       27544.62      1.7220707E-03  1.8433731E-06  5.5301271E-06   53.01054       7.925170      0.0000000E+00  0.0000000E+00  0.0000000E+00  0.0000000E+00  0.0000000E+00  3.6348426E-04  3.6348426E-04  3.6348426E-04  3.6348426E-04  3.6348426E-04  0.0000000E+00   1.005711    
         365          12          31        2021 rtu047          ru      aqu           1 rhg   1.000000      0.0000000E+00  0.0000000E+00  0.0000000E+00  0.0000000E+00  0.0000000E+00  0.0000000E+00  0.0000000E+00  0.0000000E+00  0.0000000E+00  0.0000000E+00  0.0000000E+00  0.0000000E+00  0.0000000E+00  0.0000000E+00  0.0000000E+00  0.0000000E+00  0.0000000E+00  0.0000000E+00
         365          12          31        2021 rtu048          ru      res           2 tot   1.000000       1729.402      1.9204388E-05  9.0753097E-08  2.7225937E-07   3.155347      0.4106480      0.0000000E+00  0.0000000E+00  0.0000000E+00  0.0000000E+00  0.0000000E+00  2.8589065E-04  2.8589065E-04  2.8589065E-04  2.8589065E-04  2.8589065E-04  0.0000000E+00   1.100182    
         365          12          31        2021 rtu048          ru      aqu           1 rhg   1.000000      0.0000000E+00  0.0000000E+00  0.0000000E+00  0.0000000E+00  0.0000000E+00  0.0000000E+00  0.0000000E+00  0.0000000E+00  0.0000000E+00  0.0000000E+00  0.0000000E+00  0.0000000E+00  0.0000000E+00  0.0000000E+00  0.0000000E+00  0.0000000E+00  0.0000000E+00  0.0000000E+00
         365          12          31        2021 rtu049          ru      sdc           4 tot   1.000000       1963.662      5.8267105E-05  1.0619591E-07  3.1858775E-07   3.193565      0.4904579      0.0000000E+00  0.0000000E+00  0.0000000E+00  0.0000000E+00  0.0000000E+00  2.9307557E-04  2.9307557E-04  2.9307557E-04  2.9307557E-04  2.9307557E-04  0.0000000E+00   1.090745    
         365          12          31        2021 rtu049          ru      aqu           1 rhg   1.000000      0.0000000E+00  0.0000000E+00  0.0000000E+00  0.0000000E+00  0.0000000E+00  0.0000000E+00  0.0000000E+00  0.0000000E+00  0.0000000E+00  0.0000000E+00  0.0000000E+00  0.0000000E+00  0.0000000E+00  0.0000000E+00  0.0000000E+00  0.0000000E+00  0.0000000E+00  0.0000000E+00
         365          12          31        2021 rtu050          ru      ru          241 tot   1.000000       2846.237      4.9830019E-04  1.5957829E-07  4.7873482E-07   4.830438      0.7427176      0.0000000E+00  0.0000000E+00  0.0000000E+00  0.0000000E+00  0.0000000E+00  3.0721800E-04  3.0721800E-04  3.0721800E-04  3.0721800E-04  3.0721800E-04  0.0000000E+00   1.058941    
         365          12          31        2021 rtu050          ru      aqu           1 rhg   1.000000      0.0000000E+00  0.0000000E+00  0.0000000E+00  0.0000000E+00  0.0000000E+00  0.0000000E+00  0.0000000E+00  0.0000000E+00  0.0000000E+00  0.0000000E+00  0.0000000E+00  0.0000000E+00  0.0000000E+00  0.0000000E+00  0.0000000E+00  0.0000000E+00  0.0000000E+00  0.0000000E+00
         365          12          31        2021 rtu051          ru      ru          270 tot   1.000000       4306.880      9.6839911E-05  2.5125749E-07  7.5377255E-07   7.609450       1.169986      0.0000000E+00  0.0000000E+00  0.0000000E+00  0.0000000E+00  0.0000000E+00  3.1967019E-04  3.1967019E-04  3.1967019E-04  3.1967019E-04  3.1967019E-04  0.0000000E+00   1.038155    
         365          12          31        2021 rtu051          ru      aqu           1 rhg   1.000000      0.0000000E+00  0.0000000E+00  0.0000000E+00  0.0000000E+00  0.0000000E+00  0.0000000E+00  0.0000000E+00  0.0000000E+00  0.0000000E+00  0.0000000E+00  0.0000000E+00  0.0000000E+00  0.0000000E+00  0.0000000E+00  0.0000000E+00  0.0000000E+00  0.0000000E+00  0.0000000E+00
         365          12          31        2021 rtu054          ru      ru          241 tot   1.000000       3297.801      5.9512633E-05  1.8579173E-07  5.5737536E-07   5.627168      0.8652904      0.0000000E+00  0.0000000E+00  0.0000000E+00  0.0000000E+00  0.0000000E+00  3.0870613E-04  3.0870613E-04  3.0870613E-04  3.0870613E-04  3.0870613E-04  0.0000000E+00   1.050458    
         365          12          31        2021 rtu054          ru      aqu           1 rhg   1.000000      0.0000000E+00  0.0000000E+00  0.0000000E+00  0.0000000E+00  0.0000000E+00  0.0000000E+00  0.0000000E+00  0.0000000E+00  0.0000000E+00  0.0000000E+00  0.0000000E+00  0.0000000E+00  0.0000000E+00  0.0000000E+00  0.0000000E+00  0.0000000E+00  0.0000000E+00  0.0000000E+00
         365          12          31        2021 rtu055          ru      ru          147 tot  0.2261900       885.5431      0.3519009       1.541674      0.7485319       2.824095      7.6658227E-02  0.0000000E+00  0.0000000E+00  0.0000000E+00  0.0000000E+00  0.0000000E+00  0.2730089      7.5359144E-03  8.0226408E-03  7.9716451E-02  7.4561484E-02  0.0000000E+00   1.015646    
         365          12          31        2021 rtu055          ru      ru          190 tot  0.2755100       1078.633      0.4286318       1.877830      0.9117469       3.439881      9.3373306E-02  0.0000000E+00  0.0000000E+00  0.0000000E+00  0.0000000E+00  0.0000000E+00  0.3325377      9.1790967E-03  9.7719543E-03  9.7098388E-02  9.0819389E-02  0.0000000E+00   1.013676    
         365          12          31        2021 rtu055          ru      ru          204 tot  0.4983000       1950.865      0.7752429       3.396331       1.649027       6.221525      0.1688792      0.0000000E+00  0.0000000E+00  0.0000000E+00  0.0000000E+00  0.0000000E+00  0.6014429      1.6601732E-02  1.7673997E-02  0.1756166      0.1642601      0.0000000E+00   1.009641    
         365          12          31        2021 rtu055          ru      aqu           1 rhg   1.000000       1116.979      0.0000000E+00  0.0000000E+00  0.0000000E+00   16.41998      0.0000000E+00  0.0000000E+00  0.0000000E+00  0.0000000E+00  0.0000000E+00  0.0000000E+00  0.0000000E+00  0.0000000E+00  0.0000000E+00  0.0000000E+00  0.0000000E+00  0.0000000E+00   1.286602    
         365          12          31        2021 rtu056          ru      ru          261 tot   1.000000       328.8671      5.3975368E-03  3.8973037E-02  1.5727811E-02   2.494863      4.7702026E-03  0.0000000E+00  0.0000000E+00  0.0000000E+00  0.0000000E+00  0.0000000E+00  2.0945498E-03  6.0948153E-04  6.4330106E-04  3.3218535E-03  1.8232159E-03  0.0000000E+00   3.965333    
         365          12          31        2021 rtu056          ru      aqu           1 rhg   1.000000       12683.48      0.0000000E+00  0.0000000E+00  0.0000000E+00   113.9533      0.0000000E+00  0.0000000E+00  0.0000000E+00  0.0000000E+00  0.0000000E+00  0.0000000E+00  0.0000000E+00  0.0000000E+00  0.0000000E+00  0.0000000E+00  0.0000000E+00  0.0000000E+00   1.026557    
         365          12          31        2021 rtu057          ru      ru          235 tot   1.000000       1920.269      0.4415127       2.125830       1.012436       2.089386      0.2455390      0.0000000E+00  0.0000000E+00  0.0000000E+00  0.0000000E+00  0.0000000E+00  0.3506308      9.8577654E-03  1.0482299E-02  0.1025068      9.5889673E-02  0.0000000E+00   1.010065    
         365          12          31        2021 rtu057          ru      aqu           1 rhg   1.000000       974.1614      0.0000000E+00  0.0000000E+00  0.0000000E+00   17.65963      0.0000000E+00  0.0000000E+00  0.0000000E+00  0.0000000E+00  0.0000000E+00  0.0000000E+00  0.0000000E+00  0.0000000E+00  0.0000000E+00  0.0000000E+00  0.0000000E+00  0.0000000E+00   1.334383    
         365          12          31        2021 rtu059          ru      ru          125 tot  0.4910000       417.0992      4.9211368E-02  0.2410641      0.1139033      0.3079711      5.3635690E-02  0.0000000E+00  0.0000000E+00  0.0000000E+00  0.0000000E+00  0.0000000E+00  3.8844187E-02  1.1814052E-03  1.2502873E-03  1.1418601E-02  1.0687215E-02  0.0000000E+00   1.032082    
         365          12          31        2021 rtu059          ru      ru          159 tot  0.5090000       432.3900      5.1015459E-02  0.2499015      0.1180789      0.3192613      5.5601962E-02  0.0000000E+00  0.0000000E+00  0.0000000E+00  0.0000000E+00  0.0000000E+00  4.0268205E-02  1.2247154E-03  1.2961230E-03  1.1837206E-02  1.1079006E-02  0.0000000E+00   1.031375    
         365          12          31        2021 rtu059          ru      aqu           1 rhg   1.000000       440.3658      0.0000000E+00  0.0000000E+00  0.0000000E+00   8.296110      0.0000000E+00  0.0000000E+00  0.0000000E+00  0.0000000E+00  0.0000000E+00  0.0000000E+00  0.0000000E+00  0.0000000E+00  0.0000000E+00  0.0000000E+00  0.0000000E+00  0.0000000E+00   1.726124    
         365          12          31        2021 rtu064          ru      ru          254 tot   1.000000       1043.934      6.4762980E-03  4.3168280E-02  1.7391933E-02   7.723553      2.1075536E-03  0.0000000E+00  0.0000000E+00  0.0000000E+00  0.0000000E+00  0.0000000E+00  2.2888433E-03  6.1323150E-04  6.5138948E-04  3.6735912E-03  1.9826938E-03  0.0000000E+00   1.606564    
         365          12          31        2021 rtu064          ru      aqu           1 rhg   1.000000       1331.555      0.0000000E+00  0.0000000E+00  0.0000000E+00   12.13847      0.0000000E+00  0.0000000E+00  0.0000000E+00  0.0000000E+00  0.0000000E+00  0.0000000E+00  0.0000000E+00  0.0000000E+00  0.0000000E+00  0.0000000E+00  0.0000000E+00  0.0000000E+00   1.315820    
         365          12          31        2021 rtu065          ru      ru          254 tot   1.000000       1352.954      6.3628424E-03  4.1638471E-02  1.6752707E-02   10.49991      3.3309441E-03  0.0000000E+00  0.0000000E+00  0.0000000E+00  0.0000000E+00  0.0000000E+00  2.2472518E-03  6.1788590E-04  6.5498985E-04  3.5938269E-03  1.9495470E-03  0.0000000E+00   1.361665    
         365          12          31        2021 rtu065          ru      aqu           1 rhg   1.000000       1929.007      0.0000000E+00  0.0000000E+00  0.0000000E+00   17.65857      0.0000000E+00  0.0000000E+00  0.0000000E+00  0.0000000E+00  0.0000000E+00  0.0000000E+00  0.0000000E+00  0.0000000E+00  0.0000000E+00  0.0000000E+00  0.0000000E+00  0.0000000E+00   1.187810    
         365          12          31        2021 rtu066          ru      ru          265 tot   1.000000       998.8156      5.6416066E-03  3.6007687E-02  1.4505276E-02   7.278614      1.3445487E-03  0.0000000E+00  0.0000000E+00  0.0000000E+00  0.0000000E+00  0.0000000E+00  1.9552526E-03  5.5861240E-04  5.9041439E-04  3.1094640E-03  1.7000717E-03  0.0000000E+00   1.712770    
         365          12          31        2021 rtu066          ru      aqu           1 rhg   1.000000       1044.139      0.0000000E+00  0.0000000E+00  0.0000000E+00   9.553219      0.0000000E+00  0.0000000E+00  0.0000000E+00  0.0000000E+00  0.0000000E+00  0.0000000E+00  0.0000000E+00  0.0000000E+00  0.0000000E+00  0.0000000E+00  0.0000000E+00  0.0000000E+00   1.439637    
         365          12          31        2021 rtu067          ru      ru          180 tot   1.000000       302.4282      2.9512861E-07  1.3673896E-07  4.1021701E-07   1.409668      1.3673896E-07  0.0000000E+00  0.0000000E+00  0.0000000E+00  0.0000000E+00  0.0000000E+00  2.9512876E-04  2.9512876E-04  2.9512876E-04  2.9512876E-04  2.9512876E-04  0.0000000E+00   2.992900    
         365          12          31        2021 rtu067          ru      aqu           1 rhg   1.000000       1262.590      0.0000000E+00  0.0000000E+00  0.0000000E+00   7.363480      0.0000000E+00  0.0000000E+00  0.0000000E+00  0.0000000E+00  0.0000000E+00  0.0000000E+00  0.0000000E+00  0.0000000E+00  0.0000000E+00  0.0000000E+00  0.0000000E+00  0.0000000E+00   1.234053    
         365          12          31        2021 rtu068          ru      ru          253 tot   1.000000       36.19665      6.6404388E-04  5.4302667E-03  2.1921238E-03  0.1795219      1.5203760E-03  0.0000000E+00  0.0000000E+00  0.0000000E+00  0.0000000E+00  0.0000000E+00  5.3762918E-04  3.3090045E-04  3.3560765E-04  7.0848886E-04  4.9985445E-04  0.0000000E+00   258.1909    
         365          12          31        2021 rtu068          ru      aqu           1 rhg   1.000000       1533.255      0.0000000E+00  0.0000000E+00  0.0000000E+00   13.18123      0.0000000E+00  0.0000000E+00  0.0000000E+00  0.0000000E+00  0.0000000E+00  0.0000000E+00  0.0000000E+00  0.0000000E+00  0.0000000E+00  0.0000000E+00  0.0000000E+00  0.0000000E+00   1.197718    
         365          12          31        2021 rtu069          ru      ru          253 tot   1.000000       22.27378      1.4484806E-04  1.0603990E-03  4.2829692E-04  9.9734001E-02  1.1758938E-03  0.0000000E+00  0.0000000E+00  0.0000000E+00  0.0000000E+00  0.0000000E+00  3.3292561E-04  2.9239914E-04  2.9331975E-04  3.6642526E-04  3.2551924E-04  0.0000000E+00   1296.280    
         365          12          31        2021 rtu069          ru      aqu           1 rhg   1.000000       1281.067      0.0000000E+00  0.0000000E+00  0.0000000E+00   11.06439      0.0000000E+00  0.0000000E+00  0.0000000E+00  0.0000000E+00  0.0000000E+00  0.0000000E+00  0.0000000E+00  0.0000000E+00  0.0000000E+00  0.0000000E+00  0.0000000E+00  0.0000000E+00   1.266008    
         365          12          31        2021 rtu070          ru      ru          253 tot   1.000000       14.50625      7.9226455E-05  5.7852158E-04  2.3372662E-04  5.5465769E-02  9.8343985E-04  0.0000000E+00  0.0000000E+00  0.0000000E+00  0.0000000E+00  0.0000000E+00  3.0063739E-04  2.7854240E-04  2.7904115E-04  3.1891325E-04  2.9659682E-04  0.0000000E+00   6094.906    
         365          12          31        2021 rtu070          ru      aqu           1 rhg   1.000000       1020.054      0.0000000E+00  0.0000000E+00  0.0000000E+00   8.859964      0.0000000E+00  0.0000000E+00  0.0000000E+00  0.0000000E+00  0.0000000E+00  0.0000000E+00  0.0000000E+00  0.0000000E+00  0.0000000E+00  0.0000000E+00  0.0000000E+00  0.0000000E+00   1.343419    
         365          12          31        2021 rtu071          ru      ru          254 tot   1.000000       18.53049      2.2961124E-04  1.8716675E-03  7.5583282E-04  6.6695131E-02  1.5054996E-03  0.0000000E+00  0.0000000E+00  0.0000000E+00  0.0000000E+00  0.0000000E+00  3.6600605E-04  2.9479578E-04  2.9641745E-04  4.2485440E-04  3.5299538E-04  0.0000000E+00   2928.585    
         365          12          31        2021 rtu071          ru      aqu           1 rhg   1.000000       1436.355      0.0000000E+00  0.0000000E+00  0.0000000E+00   12.35710      0.0000000E+00  0.0000000E+00  0.0000000E+00  0.0000000E+00  0.0000000E+00  0.0000000E+00  0.0000000E+00  0.0000000E+00  0.0000000E+00  0.0000000E+00  0.0000000E+00  0.0000000E+00   1.210510    
         365          12          31        2021 rtu072          ru      ru          252 tot   1.000000       28.99006      4.7432637E-04  3.8396670E-03  1.5503059E-03  0.1326602      1.4987042E-03  0.0000000E+00  0.0000000E+00  0.0000000E+00  0.0000000E+00  0.0000000E+00  4.6342527E-04  3.1721831E-04  3.2054723E-04  5.8426935E-04  4.3670801E-04  0.0000000E+00   509.9871    
         365          12          31        2021 rtu072          ru      aqu           1 rhg   1.000000       1519.314      0.0000000E+00  0.0000000E+00  0.0000000E+00   12.95112      0.0000000E+00  0.0000000E+00  0.0000000E+00  0.0000000E+00  0.0000000E+00  0.0000000E+00  0.0000000E+00  0.0000000E+00  0.0000000E+00  0.0000000E+00  0.0000000E+00  0.0000000E+00   1.199686    
         365          12          31        2021 rtu074          ru      ru          153 tot   1.000000       1477.500      0.1877652      0.9257093      0.4378783       1.076690      0.1979696      0.0000000E+00  0.0000000E+00  0.0000000E+00  0.0000000E+00  0.0000000E+00  0.1493186      4.3340186E-03  4.5995214E-03  4.3747835E-02  4.0932514E-02  0.0000000E+00   1.013390    
         365          12          31        2021 rtu074          ru      aqu           1 rhg   1.000000       684.1488      0.0000000E+00  0.0000000E+00  0.0000000E+00   13.04241      0.0000000E+00  0.0000000E+00  0.0000000E+00  0.0000000E+00  0.0000000E+00  0.0000000E+00  0.0000000E+00  0.0000000E+00  0.0000000E+00  0.0000000E+00  0.0000000E+00  0.0000000E+00   1.451626    
         365          12          31        2021 rtu080          ru      ru          171 tot   1.000000       13.62986      2.9129833E-07  1.2682835E-07  3.8048495E-07  5.9599321E-02  1.2682835E-07  0.0000000E+00  0.0000000E+00  0.0000000E+00  0.0000000E+00  0.0000000E+00  2.9129823E-04  2.9129823E-04  2.9129823E-04  2.9129823E-04  2.9129823E-04  0.0000000E+00   771.0944    
         365          12          31        2021 rtu080          ru      aqu           1 rhg   1.000000       1502.608      0.0000000E+00  0.0000000E+00  0.0000000E+00   8.242218      0.0000000E+00  0.0000000E+00  0.0000000E+00  0.0000000E+00  0.0000000E+00  0.0000000E+00  0.0000000E+00  0.0000000E+00  0.0000000E+00  0.0000000E+00  0.0000000E+00  0.0000000E+00   1.179766    
         365          12          31        2021 rtu085          ru      sdc           5 tot  0.5281200       9.960308      1.7116518E-07  2.3308928E-07  6.9926824E-07  5.0927103E-02  2.3308928E-07  0.0000000E+00  0.0000000E+00  0.0000000E+00  0.0000000E+00  0.0000000E+00  1.7116516E-04  1.7116516E-04  1.7116516E-04  1.7116516E-04  1.7116516E-04  0.0000000E+00   466.7729    
         365          12          31        2021 rtu085          ru      ru          289 tot  0.4718800       8.899625      1.5293760E-07  2.0826744E-07  6.2480211E-07  4.5503821E-02  2.0826744E-07  0.0000000E+00  0.0000000E+00  0.0000000E+00  0.0000000E+00  0.0000000E+00  1.5293765E-04  1.5293765E-04  1.5293765E-04  1.5293765E-04  1.5293765E-04  0.0000000E+00   500.0514    
         365          12          31        2021 rtu085          ru      aqu           1 rhg   1.000000       4645.850      0.0000000E+00  0.0000000E+00  0.0000000E+00   25.57176      0.0000000E+00  0.0000000E+00  0.0000000E+00  0.0000000E+00  0.0000000E+00  0.0000000E+00  0.0000000E+00  0.0000000E+00  0.0000000E+00  0.0000000E+00  0.0000000E+00  0.0000000E+00   1.056968    
         365          12          31        2021 rtu091          ru      ru          120 tot   1.000000       63.17867      3.0206544E-07  1.2923172E-06  3.8769508E-06   2.469378      1.2923172E-06  0.0000000E+00  0.0000000E+00  0.0000000E+00  0.0000000E+00  0.0000000E+00  3.0206522E-04  3.0206522E-04  3.0206522E-04  3.0206522E-04  3.0206522E-04  0.0000000E+00   72.75111    
         365          12          31        2021 rtu091          ru      aqu           1 rhg   1.000000       12614.70      0.0000000E+00  0.0000000E+00  0.0000000E+00   572.3174      0.0000000E+00  0.0000000E+00  0.0000000E+00  0.0000000E+00  0.0000000E+00  0.0000000E+00  0.0000000E+00  0.0000000E+00  0.0000000E+00  0.0000000E+00  0.0000000E+00  0.0000000E+00   1.027666    
         365          12          31        2021 rtu094          ru      ru          292 tot   1.000000       145.1180      2.8807801E-07  2.3837965E-06  7.1513909E-06   5.662211      2.3837965E-06  0.0000000E+00  0.0000000E+00  0.0000000E+00  0.0000000E+00  0.0000000E+00  2.8807807E-04  2.8807807E-04  2.8807807E-04  2.8807807E-04  2.8807807E-04  0.0000000E+00   14.86767    
         365          12          31        2021 rtu094          ru      aqu           1 rhg   1.000000       24426.12      0.0000000E+00  0.0000000E+00  0.0000000E+00   1105.730      0.0000000E+00  0.0000000E+00  0.0000000E+00  0.0000000E+00  0.0000000E+00  0.0000000E+00  0.0000000E+00  0.0000000E+00  0.0000000E+00  0.0000000E+00  0.0000000E+00  0.0000000E+00   1.014272    
         365          12          31        2021 rtu097          ru      ru          151 tot   1.000000       22.83954      2.8277375E-07  9.5950824E-08  2.8785232E-07  0.6957508      9.5950824E-08  0.0000000E+00  0.0000000E+00  0.0000000E+00  0.0000000E+00  0.0000000E+00  2.8277363E-04  2.8277363E-04  2.8277363E-04  2.8277363E-04  2.8277363E-04  0.0000000E+00   728.7437    
         365          12          31        2021 rtu097          ru      aqu           1 rhg   1.000000       997.6125      0.0000000E+00  0.0000000E+00  0.0000000E+00   44.77517      0.0000000E+00  0.0000000E+00  0.0000000E+00  0.0000000E+00  0.0000000E+00  0.0000000E+00  0.0000000E+00  0.0000000E+00  0.0000000E+00  0.0000000E+00  0.0000000E+00  0.0000000E+00   1.363567    
         365          12          31        2021 rtu102          ru      ru          251 tot   1.000000       165.3580      1.0649142E-02  5.8472391E-02  2.4343476E-02  0.2292464      3.1134650E-02  0.0000000E+00  0.0000000E+00  0.0000000E+00  0.0000000E+00  0.0000000E+00  9.6570505E-03  4.9269409E-04  5.2326248E-04  2.1979348E-03  2.1070845E-03  0.0000000E+00   1.046630    
         365          12          31        2021 rtu102          ru      aqu           1 rhg   1.000000       4139.614      0.0000000E+00  0.0000000E+00  0.0000000E+00   54.82357      0.0000000E+00  0.0000000E+00  0.0000000E+00  0.0000000E+00  0.0000000E+00  0.0000000E+00  0.0000000E+00  0.0000000E+00  0.0000000E+00  0.0000000E+00  0.0000000E+00  0.0000000E+00   1.079281    
         365          12          31        2021 rtu104          ru      ru          126 tot  0.3326900       116.5141      5.6042057E-03  3.0900115E-02  1.3153902E-02  0.1546940      2.5896255E-02  0.0000000E+00  0.0000000E+00  0.0000000E+00  0.0000000E+00  0.0000000E+00  5.0949282E-03  2.0238454E-04  2.1869496E-04  1.1125968E-03  1.0640946E-03  0.0000000E+00   1.046741    
         365          12          31        2021 rtu104          ru      ru          144 tot  0.2900100       101.5667      4.8852568E-03  2.6936015E-02  1.1466421E-02  0.1348487      2.2574089E-02  0.0000000E+00  0.0000000E+00  0.0000000E+00  0.0000000E+00  0.0000000E+00  4.4413125E-03  1.7642113E-04  1.9063910E-04  9.6986449E-04  9.2758436E-04  0.0000000E+00   1.052294    
         365          12          31        2021 rtu104          ru      ru          145 tot  0.3773000       132.1373      6.3556661E-03  3.5043474E-02  1.4917694E-02  0.1754367      2.9368658E-02  0.0000000E+00  0.0000000E+00  0.0000000E+00  0.0000000E+00  0.0000000E+00  5.7781008E-03  2.2952202E-04  2.4801953E-04  1.2617838E-03  1.2067776E-03  0.0000000E+00   1.042290    
         365          12          31        2021 rtu104          ru      aqu           1 rhg   1.000000       8443.730      0.0000000E+00  0.0000000E+00  0.0000000E+00   102.5966      0.0000000E+00  0.0000000E+00  0.0000000E+00  0.0000000E+00  0.0000000E+00  0.0000000E+00  0.0000000E+00  0.0000000E+00  0.0000000E+00  0.0000000E+00  0.0000000E+00  0.0000000E+00   1.035143    
         365          12          31        2021 rtu108          ru      ru          100 tot   1.000000       274.9252      9.2256218E-02  0.8289175      0.5865301      0.6805156      0.4045749      0.0000000E+00  0.0000000E+00  0.0000000E+00  0.0000000E+00  0.0000000E+00  8.2691856E-02  1.7299284E-03  2.0000183E-03  1.6796244E-02  1.5993571E-02  0.0000000E+00   1.029540    
         365          12          31        2021 rtu108          ru      aqu           1 rhg   1.000000       6441.045      0.0000000E+00  0.0000000E+00  0.0000000E+00   457.9349      0.0000000E+00  0.0000000E+00  0.0000000E+00  0.0000000E+00  0.0000000E+00  0.0000000E+00  0.0000000E+00  0.0000000E+00  0.0000000E+00  0.0000000E+00  0.0000000E+00  0.0000000E+00   1.044431    
         365          12          31        2021 rtu109          ru      ru           88 tot  0.3655400       158.8118      1.3147707E-02  8.2078107E-02  4.8884105E-02   1.222320      0.1166261      0.0000000E+00  0.0000000E+00  0.0000000E+00  0.0000000E+00  0.0000000E+00  1.1415065E-02  3.1919984E-04  3.5618266E-04  2.3837127E-03  2.2737072E-03  0.0000000E+00   1.037948    
         365          12          31        2021 rtu109          ru      ru          163 tot  0.6344600       275.6463      2.2820199E-02  0.1424613      8.4847122E-02   2.121555      0.2024255      0.0000000E+00  0.0000000E+00  0.0000000E+00  0.0000000E+00  0.0000000E+00  1.9812882E-02  5.5402849E-04  6.1821879E-04  4.1373596E-03  3.9464254E-03  0.0000000E+00   1.025049    
         365          12          31        2021 rtu109          ru      aqu           1 rhg   1.000000       10220.52      0.0000000E+00  0.0000000E+00  0.0000000E+00   367.3067      0.0000000E+00  0.0000000E+00  0.0000000E+00  0.0000000E+00  0.0000000E+00  0.0000000E+00  0.0000000E+00  0.0000000E+00  0.0000000E+00  0.0000000E+00  0.0000000E+00  0.0000000E+00   1.025769    
         365          12          31        2021 rtu110          ru      ru           16 tot  0.4460900       299.7128      1.9996723E-02  0.1056346      4.5444701E-02  0.4907272      5.4067429E-02  0.0000000E+00  0.0000000E+00  0.0000000E+00  0.0000000E+00  0.0000000E+00  1.7755829E-02  4.5321719E-04  5.1090610E-04  3.6726648E-03  3.5011256E-03  0.0000000E+00   1.020090    
         365          12          31        2021 rtu110          ru      ru           76 tot  0.2965100       199.2150      1.3291552E-02  7.0213906E-02  3.0206474E-02  0.3261797      3.5937890E-02  0.0000000E+00  0.0000000E+00  0.0000000E+00  0.0000000E+00  0.0000000E+00  1.1802058E-02  3.0124732E-04  3.3959240E-04  2.4411709E-03  2.3271507E-03  0.0000000E+00   1.027619    
         365          12          31        2021 rtu110          ru      ru          111 tot  0.2574000       172.9383      1.1538380E-02  6.0952615E-02  2.6222210E-02  0.2831562      3.1197645E-02  0.0000000E+00  0.0000000E+00  0.0000000E+00  0.0000000E+00  0.0000000E+00  1.0245356E-02  2.6151241E-04  2.9479974E-04  2.1191775E-03  2.0201972E-03  0.0000000E+00   1.031039    
         365          12          31        2021 rtu110          ru      aqu           1 rhg   1.000000       15127.51      0.0000000E+00  0.0000000E+00  0.0000000E+00   126.7337      0.0000000E+00  0.0000000E+00  0.0000000E+00  0.0000000E+00  0.0000000E+00  0.0000000E+00  0.0000000E+00  0.0000000E+00  0.0000000E+00  0.0000000E+00  0.0000000E+00  0.0000000E+00   1.018692    
         365          12          31        2021 rtu113          ru      ru          100 tot   1.000000       855.6069      6.3096821E-02  0.2226680      0.1407048       2.676953      0.1553106      0.0000000E+00  0.0000000E+00  0.0000000E+00  0.0000000E+00  0.0000000E+00  5.7960954E-02  9.3354698E-04  1.0952614E-03  7.7132168E-03  7.6331692E-03  0.0000000E+00   2.471885    
         365          12          31        2021 rtu113          ru      aqu           1 rhg   1.000000       60007.54      0.0000000E+00  0.0000000E+00  0.0000000E+00   338.2835      0.0000000E+00  0.0000000E+00  0.0000000E+00  0.0000000E+00  0.0000000E+00  0.0000000E+00  0.0000000E+00  0.0000000E+00  0.0000000E+00  0.0000000E+00  0.0000000E+00  0.0000000E+00   1.004687    
         365          12          31        2021 rtu117          ru      ru           26 tot  0.4009400       9.994958      4.6842895E-04  1.6547481E-03  9.7598793E-04  3.2260742E-02  1.3092555E-03  0.0000000E+00  0.0000000E+00  0.0000000E+00  0.0000000E+00  0.0000000E+00  5.5185170E-04  1.2815437E-04  1.2935637E-04  1.7852894E-04  1.7793420E-04  0.0000000E+00   2956.783    
         365          12          31        2021 rtu117          ru      ru           90 tot  0.5990600       14.93385      6.9989776E-04  2.4724253E-03  1.4582610E-03  4.8202019E-02  1.9562100E-03  0.0000000E+00  0.0000000E+00  0.0000000E+00  0.0000000E+00  0.0000000E+00  8.2454324E-04  1.9148053E-04  1.9327650E-04  2.6674714E-04  2.6585849E-04  0.0000000E+00   2219.198    
         365          12          31        2021 rtu117          ru      aqu           1 rhg   1.000000       1897.100      0.0000000E+00  0.0000000E+00  0.0000000E+00   12.59706      0.0000000E+00  0.0000000E+00  0.0000000E+00  0.0000000E+00  0.0000000E+00  0.0000000E+00  0.0000000E+00  0.0000000E+00  0.0000000E+00  0.0000000E+00  0.0000000E+00  0.0000000E+00   1.153622    
         365          12          31        2021 rtu118          ru      ru           90 tot   1.000000       136.1269      7.5283335E-03  2.6669232E-02  1.5738122E-02  0.5127462      2.1292755E-02  0.0000000E+00  0.0000000E+00  0.0000000E+00  0.0000000E+00  0.0000000E+00  7.2493912E-03  4.3090881E-04  4.5024959E-04  1.2414616E-03  1.2318918E-03  0.0000000E+00   41.54161    
         365          12          31        2021 rtu118          ru      aqu           1 rhg   1.000000       10483.56      0.0000000E+00  0.0000000E+00  0.0000000E+00   70.05427      0.0000000E+00  0.0000000E+00  0.0000000E+00  0.0000000E+00  0.0000000E+00  0.0000000E+00  0.0000000E+00  0.0000000E+00  0.0000000E+00  0.0000000E+00  0.0000000E+00  0.0000000E+00   1.027348    
         365          12          31        2021 rtu119          ru      ru          295 tot   1.000000       11301.51       4.641257       23.43673       11.17405       22.33555       2.769179      0.0000000E+00  0.0000000E+00  0.0000000E+00  0.0000000E+00  0.0000000E+00   3.593222      9.8732613E-02  0.1051406       1.048884      0.9810281      0.0000000E+00   1.002081    
         365          12          31        2021 rtu119          ru      aqu           1 rhg   1.000000       3932.448      0.0000000E+00  0.0000000E+00  0.0000000E+00   84.77260      0.0000000E+00  0.0000000E+00  0.0000000E+00  0.0000000E+00  0.0000000E+00  0.0000000E+00  0.0000000E+00  0.0000000E+00  0.0000000E+00  0.0000000E+00  0.0000000E+00  0.0000000E+00   1.077250    
         365          12          31        2021 rtu123          ru      ru           93 tot  0.3607800       67.22724      2.4898339E-03  1.3253714E-02  9.8102288E-03  0.5914999      4.7158305E-02  0.0000000E+00  0.0000000E+00  0.0000000E+00  0.0000000E+00  0.0000000E+00  2.3442465E-03  1.5168646E-04  1.5788514E-04  4.1220043E-04  4.0912343E-04  0.0000000E+00   96.16637    
         365          12          31        2021 rtu123          ru      ru          221 tot  0.6392200       119.1114      4.4114185E-03  2.3482554E-02  1.7381493E-02   1.048003      8.3553776E-02  0.0000000E+00  0.0000000E+00  0.0000000E+00  0.0000000E+00  0.0000000E+00  4.1534705E-03  2.6875391E-04  2.7973656E-04  7.3032541E-04  7.2487356E-04  0.0000000E+00   81.64740    
         365          12          31        2021 rtu123          ru      aqu           1 rhg   1.000000       21540.69      0.0000000E+00  0.0000000E+00  0.0000000E+00   745.0688      0.0000000E+00  0.0000000E+00  0.0000000E+00  0.0000000E+00  0.0000000E+00  0.0000000E+00  0.0000000E+00  0.0000000E+00  0.0000000E+00  0.0000000E+00  0.0000000E+00  0.0000000E+00   1.012448    
         365          12          31        2021 rtu129          ru      ru          200 tot  0.6820700       1091.964      0.1345129      0.7108180      0.3658898       1.577960      0.3006489      0.0000000E+00  0.0000000E+00  0.0000000E+00  0.0000000E+00  0.0000000E+00  0.1126325      3.2931273E-03  3.4936203E-03  3.3021647E-02  3.0898510E-02  0.0000000E+00   1.019077    
         365          12          31        2021 rtu129          ru      ru          226 tot  0.3179300       508.9921      6.2699862E-02  0.3313302      0.1705504      0.7355270      0.1401400      0.0000000E+00  0.0000000E+00  0.0000000E+00  0.0000000E+00  0.0000000E+00  5.2500837E-02  1.5350097E-03  1.6284650E-03  1.5392220E-02  1.4402577E-02  0.0000000E+00   1.033236    
         365          12          31        2021 rtu129          ru      aqu           1 rhg   1.000000       1387.674      0.0000000E+00  0.0000000E+00  0.0000000E+00   86.52987      0.0000000E+00  0.0000000E+00  0.0000000E+00  0.0000000E+00  0.0000000E+00  0.0000000E+00  0.0000000E+00  0.0000000E+00  0.0000000E+00  0.0000000E+00  0.0000000E+00  0.0000000E+00   1.277824    
         365          12          31        2021 rtu133          ru      ru          140 tot   1.000000       12.18215      7.2641141E-04  6.8594124E-03  6.0348855E-03  0.3765996      1.7848585E-02  0.0000000E+00  0.0000000E+00  0.0000000E+00  0.0000000E+00  0.0000000E+00  9.4307266E-04  2.9462887E-04  2.9645360E-04  3.7171107E-04  3.7080079E-04  0.0000000E+00   21906.46    
         365          12          31        2021 rtu133          ru      aqu           1 rhg   1.000000       1142.735      0.0000000E+00  0.0000000E+00  0.0000000E+00   139.3215      0.0000000E+00  0.0000000E+00  0.0000000E+00  0.0000000E+00  0.0000000E+00  0.0000000E+00  0.0000000E+00  0.0000000E+00  0.0000000E+00  0.0000000E+00  0.0000000E+00  0.0000000E+00   1.237991    
         365          12          31        2021 rtu134          ru      ru          272 tot   1.000000       146720.0       18.55531       127.9097       81.70505       626.1104       112.4441      0.0000000E+00  0.0000000E+00  0.0000000E+00  0.0000000E+00  0.0000000E+00   14.74416      0.4042092      0.4305051       4.303261       4.024809      0.0000000E+00   1.000181    
         365          12          31        2021 rtu134          ru      aqu           1 rhg   1.000000       50566.10      0.0000000E+00  0.0000000E+00  0.0000000E+00   5778.345      0.0000000E+00  0.0000000E+00  0.0000000E+00  0.0000000E+00  0.0000000E+00  0.0000000E+00  0.0000000E+00  0.0000000E+00  0.0000000E+00  0.0000000E+00  0.0000000E+00  0.0000000E+00   1.006046    
         365          12          31        2021 rtu138          ru      ru          199 tot   1.000000       1501.275      0.1829281      0.9725475      0.4718258      0.5248833      0.3290152      0.0000000E+00  0.0000000E+00  0.0000000E+00  0.0000000E+00  0.0000000E+00  0.1529227      4.4907252E-03  4.7629080E-03  4.4848606E-02  4.1966394E-02  0.0000000E+00   1.016462    
         365          12          31        2021 rtu138          ru      aqu           1 rhg   1.000000       1300.831      0.0000000E+00  0.0000000E+00  0.0000000E+00   43.56876      0.0000000E+00  0.0000000E+00  0.0000000E+00  0.0000000E+00  0.0000000E+00  0.0000000E+00  0.0000000E+00  0.0000000E+00  0.0000000E+00  0.0000000E+00  0.0000000E+00  0.0000000E+00   1.280854    
         365          12          31        2021 rtu139          ru      ru          176 tot  0.5841800       32.53945      2.2301916E-03  1.6653109E-02  6.1654039E-03  0.2367650      4.8348131E-03  0.0000000E+00  0.0000000E+00  0.0000000E+00  0.0000000E+00  0.0000000E+00  8.8725577E-04  2.9340971E-04  3.0693342E-04  1.3780112E-03  7.7875628E-04  0.0000000E+00   736.1632    
         365          12          31        2021 rtu139          ru      ru          296 tot  0.4158200       23.16162      1.5874524E-03  1.1853706E-02  4.3885410E-03  0.1685296      3.4414257E-03  0.0000000E+00  0.0000000E+00  0.0000000E+00  0.0000000E+00  0.0000000E+00  6.3154940E-04  2.0884939E-04  2.1847556E-04  9.8087033E-04  5.5431924E-04  0.0000000E+00   891.5292    
         365          12          31        2021 rtu139          ru      aqu           1 rhg   1.000000       2603.212      0.0000000E+00  0.0000000E+00  0.0000000E+00   51.49452      0.0000000E+00  0.0000000E+00  0.0000000E+00  0.0000000E+00  0.0000000E+00  0.0000000E+00  0.0000000E+00  0.0000000E+00  0.0000000E+00  0.0000000E+00  0.0000000E+00  0.0000000E+00   1.127221    
         365          12          31        2021 rtu142          ru      ru          116 tot   1.000000       23.43118      1.8618496E-03  6.3956822E-03  4.2939214E-03  6.3093327E-02  3.5466515E-03  0.0000000E+00  0.0000000E+00  0.0000000E+00  0.0000000E+00  0.0000000E+00  2.0178359E-03  3.1930333E-04  3.2411006E-04  5.2123616E-04  5.1885191E-04  0.0000000E+00   1612.390    
         365          12          31        2021 rtu142          ru      aqu           1 rhg   1.000000       1508.941      0.0000000E+00  0.0000000E+00  0.0000000E+00   7.799833      0.0000000E+00  0.0000000E+00  0.0000000E+00  0.0000000E+00  0.0000000E+00  0.0000000E+00  0.0000000E+00  0.0000000E+00  0.0000000E+00  0.0000000E+00  0.0000000E+00  0.0000000E+00   1.212415    
         365          12          31        2021 rtu157          ru      ru          231 tot   1.000000       4310.158      0.5523428       3.974431       2.763998       23.57030       4.052057      0.0000000E+00  0.0000000E+00  0.0000000E+00  0.0000000E+00  0.0000000E+00  0.4754214      8.2755554E-03  9.8338407E-03  9.5207296E-02  9.0575874E-02  0.0000000E+00   1.001743    
         365          12          31        2021 rtu157          ru      aqu           1 rhg   1.000000       104970.8      0.0000000E+00  0.0000000E+00  0.0000000E+00   8729.640      0.0000000E+00  0.0000000E+00  0.0000000E+00  0.0000000E+00  0.0000000E+00  0.0000000E+00  0.0000000E+00  0.0000000E+00  0.0000000E+00  0.0000000E+00  0.0000000E+00  0.0000000E+00   1.002529    
         365          12          31        2021 rtu158          ru      ru          114 tot  0.2190600       4213.501       1.274236       8.691170       5.517073       22.69464       3.566332      0.0000000E+00  0.0000000E+00  0.0000000E+00  0.0000000E+00  0.0000000E+00   1.141463      1.9116534E-02  2.2860648E-02  0.2279777      0.2168504      0.0000000E+00   1.001444    
         365          12          31        2021 rtu158          ru      ru          156 tot  0.1243000       2390.844      0.7230324       4.931583       3.130522       12.87749       2.023624      0.0000000E+00  0.0000000E+00  0.0000000E+00  0.0000000E+00  0.0000000E+00  0.6476937      1.0847193E-02  1.2971692E-02  0.1293601      0.1230462      0.0000000E+00   1.002352    
         365          12          31        2021 rtu158          ru      ru          160 tot  0.2970200       5713.020       1.727716       11.78422       7.480510       30.77131       4.835533      0.0000000E+00  0.0000000E+00  0.0000000E+00  0.0000000E+00  0.0000000E+00   1.547691      2.5919802E-02  3.0996384E-02  0.3091114      0.2940241      0.0000000E+00   1.001132    
         365          12          31        2021 rtu158          ru      ru          171 tot  0.1747900       3361.991       1.016724       6.934766       4.402122       18.10826       2.845609      0.0000000E+00  0.0000000E+00  0.0000000E+00  0.0000000E+00  0.0000000E+00  0.9107837      1.5253264E-02  1.8240724E-02  0.1819055      0.1730269      0.0000000E+00   1.001746    
         365          12          31        2021 rtu158          ru      ru          207 tot  0.1848200       3554.913       1.075067       7.332704       4.654730       19.14737       3.008899      0.0000000E+00  0.0000000E+00  0.0000000E+00  0.0000000E+00  0.0000000E+00  0.9630472      1.6128542E-02  1.9287432E-02  0.1923438      0.1829558      0.0000000E+00   1.001665    
         365          12          31        2021 rtu158          ru      aqu           1 rhg   1.000000       58530.50      0.0000000E+00  0.0000000E+00  0.0000000E+00   2870.202      0.0000000E+00  0.0000000E+00  0.0000000E+00  0.0000000E+00  0.0000000E+00  0.0000000E+00  0.0000000E+00  0.0000000E+00  0.0000000E+00  0.0000000E+00  0.0000000E+00  0.0000000E+00   1.003921    
         365          12          31        2021 rtu168          ru      ru          130 tot   1.000000       4.661642      5.6259207E-05  2.3110675E-04  1.0942899E-04  2.2470644E-02  1.7807058E-04  0.0000000E+00  0.0000000E+00  0.0000000E+00  0.0000000E+00  0.0000000E+00  3.3543137E-04  2.9498796E-04  2.9511668E-04  3.0245882E-04  3.0205757E-04  0.0000000E+00   24076.02    
         365          12          31        2021 rtu168          ru      aqu           1 rhg   1.000000       2310.484      0.0000000E+00  0.0000000E+00  0.0000000E+00   15.64039      0.0000000E+00  0.0000000E+00  0.0000000E+00  0.0000000E+00  0.0000000E+00  0.0000000E+00  0.0000000E+00  0.0000000E+00  0.0000000E+00  0.0000000E+00  0.0000000E+00  0.0000000E+00   1.116607    
         365          12          31        2021 rtu170          ru      ru            3 tot   1.000000       16.22633      3.0868244E-07  2.3508629E-07  7.0525925E-07  7.7366807E-02  2.3508629E-07  0.0000000E+00  0.0000000E+00  0.0000000E+00  0.0000000E+00  0.0000000E+00  3.0868233E-04  3.0868233E-04  3.0868233E-04  3.0868233E-04  3.0868233E-04  0.0000000E+00   485.4600    
         365          12          31        2021 rtu170          ru      aqu           1 rhg   1.000000       2589.554      0.0000000E+00  0.0000000E+00  0.0000000E+00   14.41828      0.0000000E+00  0.0000000E+00  0.0000000E+00  0.0000000E+00  0.0000000E+00  0.0000000E+00  0.0000000E+00  0.0000000E+00  0.0000000E+00  0.0000000E+00  0.0000000E+00  0.0000000E+00   1.102024    
         365          12          31        2021 rtu178          ru      ru          177 tot   1.000000       3.652515      4.2272342E-05  1.7384581E-04  8.2370221E-05  1.7145999E-02  1.5226136E-04  0.0000000E+00  0.0000000E+00  0.0000000E+00  0.0000000E+00  0.0000000E+00  3.1875359E-04  2.8837577E-04  2.8847231E-04  2.9397148E-04  2.9366987E-04  0.0000000E+00   64261.24    
         365          12          31        2021 rtu178          ru      aqu           1 rhg   1.000000       1994.576      0.0000000E+00  0.0000000E+00  0.0000000E+00   13.57165      0.0000000E+00  0.0000000E+00  0.0000000E+00  0.0000000E+00  0.0000000E+00  0.0000000E+00  0.0000000E+00  0.0000000E+00  0.0000000E+00  0.0000000E+00  0.0000000E+00  0.0000000E+00   1.139924    
         365          12          31        2021 rtu179          ru      ru          302 tot   1.000000       35.72432      3.1991746E-07  4.0282697E-07  1.2084821E-06   1.288498      4.0282697E-07  0.0000000E+00  0.0000000E+00  0.0000000E+00  0.0000000E+00  0.0000000E+00  3.1991725E-04  3.1991725E-04  3.1991725E-04  3.1991725E-04  3.1991725E-04  0.0000000E+00   262.0551    
         365          12          31        2021 rtu179          ru      aqu           1 rhg   1.000000       3746.031      0.0000000E+00  0.0000000E+00  0.0000000E+00   168.0851      0.0000000E+00  0.0000000E+00  0.0000000E+00  0.0000000E+00  0.0000000E+00  0.0000000E+00  0.0000000E+00  0.0000000E+00  0.0000000E+00  0.0000000E+00  0.0000000E+00  0.0000000E+00   1.096255    
         365          12          31        2021 rtu182          ru      ru           41 tot   1.000000       13.84455      7.3076616E-04  4.4957311E-03  3.4568901E-03  0.1521426      8.8698352E-03  0.0000000E+00  0.0000000E+00  0.0000000E+00  0.0000000E+00  0.0000000E+00  9.7068551E-04  2.9850149E-04  3.0039228E-04  3.7840518E-04  3.7746158E-04  0.0000000E+00   13152.19    
         365          12          31        2021 rtu182          ru      aqu           1 rhg   1.000000       1261.541      0.0000000E+00  0.0000000E+00  0.0000000E+00   48.31359      0.0000000E+00  0.0000000E+00  0.0000000E+00  0.0000000E+00  0.0000000E+00  0.0000000E+00  0.0000000E+00  0.0000000E+00  0.0000000E+00  0.0000000E+00  0.0000000E+00  0.0000000E+00   1.216869    
         365          12          31        2021 rtu183          ru      ru          181 tot   1.000000       14.48153      6.6260470E-04  2.3814328E-03  1.5081203E-03  4.7495369E-02  2.6446539E-03  0.0000000E+00  0.0000000E+00  0.0000000E+00  0.0000000E+00  0.0000000E+00  9.2185481E-04  3.0239840E-04  3.0413881E-04  3.7603235E-04  3.7516278E-04  0.0000000E+00   160895.9    
         365          12          31        2021 rtu183          ru      aqu           1 rhg   1.000000       1270.840      0.0000000E+00  0.0000000E+00  0.0000000E+00   8.624305      0.0000000E+00  0.0000000E+00  0.0000000E+00  0.0000000E+00  0.0000000E+00  0.0000000E+00  0.0000000E+00  0.0000000E+00  0.0000000E+00  0.0000000E+00  0.0000000E+00  0.0000000E+00   1.553101    
         365          12          31        2021 rtu185          ru      ru          115 tot   1.000000       638.9637      0.1032267      0.5205778      0.2519176       1.627506      0.1613212      0.0000000E+00  0.0000000E+00  0.0000000E+00  0.0000000E+00  0.0000000E+00  8.9223929E-02  1.8415363E-03  2.1329815E-03  1.8102113E-02  1.7235776E-02  0.0000000E+00   1.011524    
         365          12          31        2021 rtu185          ru      aqu           1 rhg   1.000000       14363.85      0.0000000E+00  0.0000000E+00  0.0000000E+00   115.2660      0.0000000E+00  0.0000000E+00  0.0000000E+00  0.0000000E+00  0.0000000E+00  0.0000000E+00  0.0000000E+00  0.0000000E+00  0.0000000E+00  0.0000000E+00  0.0000000E+00  0.0000000E+00   1.081573    
         365          12          31        2021 rtu187          ru      ru          186 tot   1.000000       2268.963      0.2585075       1.365967      0.6692863       1.795473      0.5580239      0.0000000E+00  0.0000000E+00  0.0000000E+00  0.0000000E+00  0.0000000E+00  0.2157567      6.2287697E-03  6.6129360E-03  6.3196942E-02  5.9128348E-02  0.0000000E+00   1.010941    
         365          12          31        2021 rtu187          ru      aqu           1 rhg   1.000000       1975.170      0.0000000E+00  0.0000000E+00  0.0000000E+00   92.07697      0.0000000E+00  0.0000000E+00  0.0000000E+00  0.0000000E+00  0.0000000E+00  0.0000000E+00  0.0000000E+00  0.0000000E+00  0.0000000E+00  0.0000000E+00  0.0000000E+00  0.0000000E+00   1.189591    
         365          12          31        2021 rtu195          ru      ru          131 tot  0.4718200       923.1987      0.1174752      0.6209623      0.3170790       1.143015      0.2579674      0.0000000E+00  0.0000000E+00  0.0000000E+00  0.0000000E+00  0.0000000E+00  9.8173253E-02  2.8369871E-03  3.0117992E-03  2.8758161E-02  2.6906930E-02  0.0000000E+00   1.021095    
         365          12          31        2021 rtu195          ru      ru          132 tot  0.5281800       1033.477      0.1315079      0.6951378      0.3549549       1.279550      0.2887821      0.0000000E+00  0.0000000E+00  0.0000000E+00  0.0000000E+00  0.0000000E+00  0.1099003      3.1758717E-03  3.3715651E-03  3.2193381E-02  3.0121027E-02  0.0000000E+00   1.019395    
         365          12          31        2021 rtu195          ru      aqu           1 rhg   1.000000       1705.500      0.0000000E+00  0.0000000E+00  0.0000000E+00   117.1187      0.0000000E+00  0.0000000E+00  0.0000000E+00  0.0000000E+00  0.0000000E+00  0.0000000E+00  0.0000000E+00  0.0000000E+00  0.0000000E+00  0.0000000E+00  0.0000000E+00  0.0000000E+00   1.221037    
         365          12          31        2021 rtu196          ru      ru          159 tot  0.6727300       7052.096       1.431390       7.319353       3.566117       19.13977       2.102737      0.0000000E+00  0.0000000E+00  0.0000000E+00  0.0000000E+00  0.0000000E+00   1.116779      3.0786682E-02  3.2778062E-02  0.3260656      0.3049779      0.0000000E+00   1.002681    
         365          12          31        2021 rtu196          ru      ru          225 tot  0.3272700       3430.707      0.6963431       3.560721       1.734846       9.311123       1.022941      0.0000000E+00  0.0000000E+00  0.0000000E+00  0.0000000E+00  0.0000000E+00  0.5432910      1.4977123E-02  1.5945887E-02  0.1586245      0.1483658      0.0000000E+00   1.004117    
         365          12          31        2021 rtu196          ru      aqu           1 rhg   1.000000       3665.054      0.0000000E+00  0.0000000E+00  0.0000000E+00   100.7792      0.0000000E+00  0.0000000E+00  0.0000000E+00  0.0000000E+00  0.0000000E+00  0.0000000E+00  0.0000000E+00  0.0000000E+00  0.0000000E+00  0.0000000E+00  0.0000000E+00  0.0000000E+00   1.096461    
         365          12          31        2021 rtu197          ru      sdc           5 tot  0.3488700       112.5820      1.3060783E-03  7.0194766E-02  1.0722186E-02   2.435703      1.2762673E-02  0.0000000E+00  0.0000000E+00  0.0000000E+00  0.0000000E+00  0.0000000E+00  1.2824845E-03  1.3802032E-04  1.4126675E-04  2.7407476E-04  2.7246846E-04  0.0000000E+00   20.89642    
         365          12          31        2021 rtu197          ru      ru           95 tot  0.6511300       210.1228      2.4376623E-03  0.1310113      2.0011863E-02   4.545988      2.3820223E-02  0.0000000E+00  0.0000000E+00  0.0000000E+00  0.0000000E+00  0.0000000E+00  2.3936259E-03  2.5760080E-04  2.6365989E-04  5.1153230E-04  5.0853431E-04  0.0000000E+00   18.80770    
         365          12          31        2021 rtu197          ru      aqu           1 rhg   1.000000       12558.63      0.0000000E+00  0.0000000E+00  0.0000000E+00   425.8373      0.0000000E+00  0.0000000E+00  0.0000000E+00  0.0000000E+00  0.0000000E+00  0.0000000E+00  0.0000000E+00  0.0000000E+00  0.0000000E+00  0.0000000E+00  0.0000000E+00  0.0000000E+00   1.049891    
         365          12          31        2021 rtu202          ru      ru           44 tot  0.6267800       4103.092      0.7977754       4.042088       1.721847       17.58026      0.4792021      0.0000000E+00  0.0000000E+00  0.0000000E+00  0.0000000E+00  0.0000000E+00  0.6899881      1.1698242E-02  1.3961058E-02  0.1379239      0.1311992      0.0000000E+00   1.004918    
         365          12          31        2021 rtu202          ru      ru           60 tot  0.3732200       2443.212      0.4750403       2.406886       1.025284       10.46827      0.2853439      0.0000000E+00  0.0000000E+00  0.0000000E+00  0.0000000E+00  0.0000000E+00  0.4108576      6.9657890E-03  8.3131967E-03  8.2127668E-02  7.8123368E-02  0.0000000E+00   1.006554    
         365          12          31        2021 rtu202          ru      aqu           1 rhg   1.000000       1622.743      0.0000000E+00  0.0000000E+00  0.0000000E+00   25.13766      0.0000000E+00  0.0000000E+00  0.0000000E+00  0.0000000E+00  0.0000000E+00  0.0000000E+00  0.0000000E+00  0.0000000E+00  0.0000000E+00  0.0000000E+00  0.0000000E+00  0.0000000E+00   1.214529    
         365          12          31        2021 rtu205          ru      ru            9 tot   1.000000       1080.700      0.1767545      0.9252142      0.4847025       6.952763      0.2071817      0.0000000E+00  0.0000000E+00  0.0000000E+00  0.0000000E+00  0.0000000E+00  0.1582864      2.9636784E-03  3.4818449E-03  3.1868357E-02  3.0328438E-02  0.0000000E+00   1.012182    
         365          12          31        2021 rtu205          ru      aqu           1 rhg   1.000000       2985.770      0.0000000E+00  0.0000000E+00  0.0000000E+00   36.42414      0.0000000E+00  0.0000000E+00  0.0000000E+00  0.0000000E+00  0.0000000E+00  0.0000000E+00  0.0000000E+00  0.0000000E+00  0.0000000E+00  0.0000000E+00  0.0000000E+00  0.0000000E+00   1.105005    
         365          12          31        2021 rtu206          ru      ru           61 tot   1.000000       117.5827      1.2039144E-02  6.1476290E-02  3.1933993E-02  0.1728773      3.9748076E-02  0.0000000E+00  0.0000000E+00  0.0000000E+00  0.0000000E+00  0.0000000E+00  1.0748663E-02  4.9785804E-04  5.3205522E-04  2.4054667E-03  2.3038373E-03  0.0000000E+00   1.066444    
         365          12          31        2021 rtu206          ru      aqu           1 rhg   1.000000       2686.104      0.0000000E+00  0.0000000E+00  0.0000000E+00   32.68838      0.0000000E+00  0.0000000E+00  0.0000000E+00  0.0000000E+00  0.0000000E+00  0.0000000E+00  0.0000000E+00  0.0000000E+00  0.0000000E+00  0.0000000E+00  0.0000000E+00  0.0000000E+00   1.533169    
         365          12          31        2021 rtu214          ru      ru           63 tot  0.7011200       332.4554      2.6439767E-02  0.1317019      5.8289699E-02  0.8324818      5.9730776E-02  0.0000000E+00  0.0000000E+00  0.0000000E+00  0.0000000E+00  0.0000000E+00  2.2992054E-02  6.3086295E-04  7.0543302E-04  4.7916239E-03  4.5699319E-03  0.0000000E+00   1.019509    
         365          12          31        2021 rtu214          ru      ru          251 tot  0.2988800       141.7222      1.1270990E-02  5.6143105E-02  2.4848282E-02  0.3548781      2.5462603E-02  0.0000000E+00  0.0000000E+00  0.0000000E+00  0.0000000E+00  0.0000000E+00  9.8012658E-03  2.6893019E-04  3.0071862E-04  2.0426183E-03  1.9481136E-03  0.0000000E+00   1.037564    
         365          12          31        2021 rtu214          ru      aqu           1 rhg   1.000000       11233.30      0.0000000E+00  0.0000000E+00  0.0000000E+00   110.2223      0.0000000E+00  0.0000000E+00  0.0000000E+00  0.0000000E+00  0.0000000E+00  0.0000000E+00  0.0000000E+00  0.0000000E+00  0.0000000E+00  0.0000000E+00  0.0000000E+00  0.0000000E+00   1.085220    
         365          12          31        2021 rtu215          ru      ru          251 tot   1.000000       362.1772      2.3517383E-02  0.1162218      5.1228598E-02  0.9184216      6.3905321E-02  0.0000000E+00  0.0000000E+00  0.0000000E+00  0.0000000E+00  0.0000000E+00  2.0419504E-02  6.9381087E-04  7.5958768E-04  4.3640397E-03  4.1684844E-03  0.0000000E+00   1.020749    
         365          12          31        2021 rtu215          ru      aqu           1 rhg   1.000000       8565.300      0.0000000E+00  0.0000000E+00  0.0000000E+00   79.58316      0.0000000E+00  0.0000000E+00  0.0000000E+00  0.0000000E+00  0.0000000E+00  0.0000000E+00  0.0000000E+00  0.0000000E+00  0.0000000E+00  0.0000000E+00  0.0000000E+00  0.0000000E+00   1.116588    
         365          12          31        2021 rtu216          ru      ru           60 tot  0.3005200       103.1835      1.5047317E-02  9.7005531E-02  6.0249124E-02  0.3140675      7.1479991E-02  0.0000000E+00  0.0000000E+00  0.0000000E+00  0.0000000E+00  0.0000000E+00  1.3616982E-02  3.3334218E-04  3.7765186E-04  2.8052118E-03  2.6735163E-03  0.0000000E+00   1.052137    
         365          12          31        2021 rtu216          ru      ru          128 tot  0.4590700       157.6216      2.2986067E-02  0.1481842      9.2035688E-02  0.4797648      0.1091918      0.0000000E+00  0.0000000E+00  0.0000000E+00  0.0000000E+00  0.0000000E+00  2.0801103E-02  5.0920859E-04  5.7689549E-04  4.2852019E-03  4.0840255E-03  0.0000000E+00   1.037249    
         365          12          31        2021 rtu216          ru      ru          213 tot  0.2404100       82.54471      1.2037553E-02  7.7602461E-02  4.8198104E-02  0.2512477      5.7182562E-02  0.0000000E+00  0.0000000E+00  0.0000000E+00  0.0000000E+00  0.0000000E+00  1.0893313E-02  2.6666705E-04  3.0211394E-04  2.2441132E-03  2.1387595E-03  0.0000000E+00   1.062976    
         365          12          31        2021 rtu216          ru      aqu           1 rhg   1.000000       7928.865      0.0000000E+00  0.0000000E+00  0.0000000E+00   363.9037      0.0000000E+00  0.0000000E+00  0.0000000E+00  0.0000000E+00  0.0000000E+00  0.0000000E+00  0.0000000E+00  0.0000000E+00  0.0000000E+00  0.0000000E+00  0.0000000E+00  0.0000000E+00   1.077340    
         365          12          31        2021 rtu218          ru      ru          152 tot   1.000000       632.8353      8.4895924E-02  0.4608039      0.2111726       1.455879      0.1308895      0.0000000E+00  0.0000000E+00  0.0000000E+00  0.0000000E+00  0.0000000E+00  7.7344999E-02  1.5900185E-03  1.8427416E-03  1.5687592E-02  1.4936534E-02  0.0000000E+00   1.017500    
         365          12          31        2021 rtu218          ru      aqu           1 rhg   1.000000       1965.486      0.0000000E+00  0.0000000E+00  0.0000000E+00   22.17771      0.0000000E+00  0.0000000E+00  0.0000000E+00  0.0000000E+00  0.0000000E+00  0.0000000E+00  0.0000000E+00  0.0000000E+00  0.0000000E+00  0.0000000E+00  0.0000000E+00  0.0000000E+00   1.247589    
         365          12          31        2021 rtu219          ru      ru          126 tot   1.000000       598.3163      4.7711175E-02  0.2351565      0.1118362       1.169344      0.1576780      0.0000000E+00  0.0000000E+00  0.0000000E+00  0.0000000E+00  0.0000000E+00  4.0951412E-02  1.0346811E-03  1.1677641E-03  8.4618265E-03  8.0660870E-03  0.0000000E+00   1.012314    
         365          12          31        2021 rtu219          ru      aqu           1 rhg   1.000000       13718.40      0.0000000E+00  0.0000000E+00  0.0000000E+00   118.6996      0.0000000E+00  0.0000000E+00  0.0000000E+00  0.0000000E+00  0.0000000E+00  0.0000000E+00  0.0000000E+00  0.0000000E+00  0.0000000E+00  0.0000000E+00  0.0000000E+00  0.0000000E+00   1.043062    
         365          12          31        2021 rtu224          ru      ru          150 tot   1.000000       1526.729      0.1441003      0.8846875      0.7124343       26.79458       1.001903      0.0000000E+00  0.0000000E+00  0.0000000E+00  0.0000000E+00  0.0000000E+00  0.1325278      1.6736722E-03  2.0448188E-03  1.7230697E-02  1.7047020E-02  0.0000000E+00   1.575654    
         365          12          31        2021 rtu224          ru      aqu           1 rhg   1.000000       112092.0      0.0000000E+00  0.0000000E+00  0.0000000E+00   3889.700      0.0000000E+00  0.0000000E+00  0.0000000E+00  0.0000000E+00  0.0000000E+00  0.0000000E+00  0.0000000E+00  0.0000000E+00  0.0000000E+00  0.0000000E+00  0.0000000E+00  0.0000000E+00   1.002390    
         365          12          31        2021 rtu228          ru      ru           29 tot  0.3080700       43.08624      9.2330184E-03  6.3368537E-02  4.2124152E-02  7.8813285E-02  3.6082231E-02  0.0000000E+00  0.0000000E+00  0.0000000E+00  0.0000000E+00  0.0000000E+00  8.2544172E-03  2.3709322E-04  2.6383949E-04  1.7290683E-03  1.6495824E-03  0.0000000E+00   1.130668    
         365          12          31        2021 rtu228          ru      ru           98 tot  0.2616100       36.58841      7.8405868E-03  5.3811930E-02  3.5771407E-02  6.6927463E-02  3.0640671E-02  0.0000000E+00  0.0000000E+00  0.0000000E+00  0.0000000E+00  0.0000000E+00  7.0095682E-03  2.0133724E-04  2.2404989E-04  1.4683079E-03  1.4008092E-03  0.0000000E+00   1.150020    
         365          12          31        2021 rtu228          ru      ru          121 tot  0.4303200       60.18394      1.2896914E-02  8.8514790E-02  5.8840070E-02  0.1100884      5.0400577E-02  0.0000000E+00  0.0000000E+00  0.0000000E+00  0.0000000E+00  0.0000000E+00  1.1529979E-02  3.3117790E-04  3.6853761E-04  2.4152063E-03  2.3041780E-03  0.0000000E+00   1.100034    
         365          12          31        2021 rtu228          ru      aqu           1 rhg   1.000000       3412.908      0.0000000E+00  0.0000000E+00  0.0000000E+00   142.9478      0.0000000E+00  0.0000000E+00  0.0000000E+00  0.0000000E+00  0.0000000E+00  0.0000000E+00  0.0000000E+00  0.0000000E+00  0.0000000E+00  0.0000000E+00  0.0000000E+00  0.0000000E+00   1.080363    
         365          12          31        2021 rtu229          ru      ru           83 tot  0.6487500       50.00757      3.6919499E-03  1.7801953E-02  1.3394429E-02  0.6519203      2.9846774E-02  0.0000000E+00  0.0000000E+00  0.0000000E+00  0.0000000E+00  0.0000000E+00  3.5711352E-03  2.6782992E-04  2.7719949E-04  6.6049909E-04  6.5586308E-04  0.0000000E+00   200.5136    
         365          12          31        2021 rtu229          ru      ru          176 tot  0.3512500       27.07539      1.9989165E-03  9.6384352E-03  7.2520887E-03  0.3529665      1.6159814E-02  0.0000000E+00  0.0000000E+00  0.0000000E+00  0.0000000E+00  0.0000000E+00  1.9335046E-03  1.4501008E-04  1.5008301E-04  3.5761119E-04  3.5510113E-04  0.0000000E+00   256.6000    
         365          12          31        2021 rtu229          ru      aqu           1 rhg   1.000000       7104.298      0.0000000E+00  0.0000000E+00  0.0000000E+00   243.6223      0.0000000E+00  0.0000000E+00  0.0000000E+00  0.0000000E+00  0.0000000E+00  0.0000000E+00  0.0000000E+00  0.0000000E+00  0.0000000E+00  0.0000000E+00  0.0000000E+00  0.0000000E+00   1.037340    
         365          12          31        2021 rtu230          ru      ru          122 tot   1.000000       186.2915      1.6782606E-02  8.0009326E-02  4.3451212E-02   1.254249      7.0332170E-02  0.0000000E+00  0.0000000E+00  0.0000000E+00  0.0000000E+00  0.0000000E+00  1.4406613E-02  5.7305972E-04  6.1920413E-04  3.1471848E-03  3.0100429E-03  0.0000000E+00   1.044928    
         365          12          31        2021 rtu230          ru      aqu           1 rhg   1.000000       3892.106      0.0000000E+00  0.0000000E+00  0.0000000E+00   24.97351      0.0000000E+00  0.0000000E+00  0.0000000E+00  0.0000000E+00  0.0000000E+00  0.0000000E+00  0.0000000E+00  0.0000000E+00  0.0000000E+00  0.0000000E+00  0.0000000E+00  0.0000000E+00   1.103652    
         365          12          31        2021 rtu232          ru      ru          156 tot   1.000000       47.06363      3.5879489E-03  1.2651049E-02  7.6182913E-03  0.1960499      7.7389209E-03  0.0000000E+00  0.0000000E+00  0.0000000E+00  0.0000000E+00  0.0000000E+00  3.4765527E-03  3.6840464E-04  3.7721722E-04  7.3793641E-04  7.3357351E-04  0.0000000E+00   2761.022    
         365          12          31        2021 rtu232          ru      aqu           1 rhg   1.000000       3570.928      0.0000000E+00  0.0000000E+00  0.0000000E+00   23.71124      0.0000000E+00  0.0000000E+00  0.0000000E+00  0.0000000E+00  0.0000000E+00  0.0000000E+00  0.0000000E+00  0.0000000E+00  0.0000000E+00  0.0000000E+00  0.0000000E+00  0.0000000E+00   1.201380    
         365          12          31        2021 rtu233          ru      ru          203 tot   1.000000       51.76608      3.7161650E-03  1.3082947E-02  7.8909108E-03  0.2094152      9.3206353E-03  0.0000000E+00  0.0000000E+00  0.0000000E+00  0.0000000E+00  0.0000000E+00  3.5977927E-03  3.7519907E-04  3.8434126E-04  7.5834122E-04  7.5381779E-04  0.0000000E+00   2722.079    
         365          12          31        2021 rtu233          ru      aqu           1 rhg   1.000000       4051.642      0.0000000E+00  0.0000000E+00  0.0000000E+00   27.78773      0.0000000E+00  0.0000000E+00  0.0000000E+00  0.0000000E+00  0.0000000E+00  0.0000000E+00  0.0000000E+00  0.0000000E+00  0.0000000E+00  0.0000000E+00  0.0000000E+00  0.0000000E+00   1.176010    
         365          12          31        2021 rtu234          ru      ru          101 tot  0.7053900       141.2592      1.4390333E-02  9.5617197E-02  7.4144363E-02   4.982416      8.4828742E-02  0.0000000E+00  0.0000000E+00  0.0000000E+00  0.0000000E+00  0.0000000E+00  1.3057098E-02  3.8305708E-04  4.1900799E-04  1.8897583E-03  1.8719686E-03  0.0000000E+00   11.80100    
         365          12          31        2021 rtu234          ru      ru          162 tot  0.2946100       58.99769      6.0101980E-03  3.9935056E-02  3.0966792E-02   2.080933      3.5429191E-02  0.0000000E+00  0.0000000E+00  0.0000000E+00  0.0000000E+00  0.0000000E+00  5.4533705E-03  1.5998592E-04  1.7500101E-04  7.8926806E-04  7.8183797E-04  0.0000000E+00   13.39137    
         365          12          31        2021 rtu234          ru      aqu           1 rhg   1.000000       13880.23      0.0000000E+00  0.0000000E+00  0.0000000E+00   890.5178      0.0000000E+00  0.0000000E+00  0.0000000E+00  0.0000000E+00  0.0000000E+00  0.0000000E+00  0.0000000E+00  0.0000000E+00  0.0000000E+00  0.0000000E+00  0.0000000E+00  0.0000000E+00   1.018462    
         365          12          31        2021 rtu236          ru      ru          106 tot   1.000000       13511.91       3.271137       16.53047       8.458881       34.09621       3.933868      0.0000000E+00  0.0000000E+00  0.0000000E+00  0.0000000E+00  0.0000000E+00   2.565406      7.0569225E-02  7.5143948E-02  0.7489116      0.7004669      0.0000000E+00   1.001599    
         365          12          31        2021 rtu236          ru      aqu           1 rhg   1.000000       4809.806      0.0000000E+00  0.0000000E+00  0.0000000E+00   95.73023      0.0000000E+00  0.0000000E+00  0.0000000E+00  0.0000000E+00  0.0000000E+00  0.0000000E+00  0.0000000E+00  0.0000000E+00  0.0000000E+00  0.0000000E+00  0.0000000E+00  0.0000000E+00   1.100757    
         365          12          31        2021 rtu237          ru      ru          162 tot  0.7122900       918.6109      0.1001441      0.5918170      0.4700317       16.85978      0.6091570      0.0000000E+00  0.0000000E+00  0.0000000E+00  0.0000000E+00  0.0000000E+00  9.0239152E-02  1.1513715E-03  1.4040583E-03  1.1742861E-02  1.1617810E-02  0.0000000E+00   1.712548    
         365          12          31        2021 rtu237          ru      ru          201 tot  0.2877100       371.0476      4.0450446E-02  0.2390483      0.1898565       6.810044      0.2460523      0.0000000E+00  0.0000000E+00  0.0000000E+00  0.0000000E+00  0.0000000E+00  3.6449630E-02  4.6506501E-04  5.6713080E-04  4.7432068E-03  4.6926970E-03  0.0000000E+00   1.754920    
         365          12          31        2021 rtu237          ru      aqu           1 rhg   1.000000       93846.74      0.0000000E+00  0.0000000E+00  0.0000000E+00   3428.987      0.0000000E+00  0.0000000E+00  0.0000000E+00  0.0000000E+00  0.0000000E+00  0.0000000E+00  0.0000000E+00  0.0000000E+00  0.0000000E+00  0.0000000E+00  0.0000000E+00  0.0000000E+00   1.002855    
         365          12          31        2021 rtu238          ru      ru          112 tot   1.000000       5005.690      0.8621662       4.488581       2.332090       11.41150       1.877682      0.0000000E+00  0.0000000E+00  0.0000000E+00  0.0000000E+00  0.0000000E+00  0.6656784      1.8526800E-02  1.9713497E-02  0.1944853      0.1819190      0.0000000E+00   1.004546    
         365          12          31        2021 rtu238          ru      aqu           1 rhg   1.000000       1669.463      0.0000000E+00  0.0000000E+00  0.0000000E+00   35.23311      0.0000000E+00  0.0000000E+00  0.0000000E+00  0.0000000E+00  0.0000000E+00  0.0000000E+00  0.0000000E+00  0.0000000E+00  0.0000000E+00  0.0000000E+00  0.0000000E+00  0.0000000E+00   1.270168    
         365          12          31        2021 rtu243          ru      ru           76 tot  0.3594700       14.14216      5.5703790E-06  4.3989075E-05  1.8155939E-05  4.8313715E-02  1.0856206E-03  0.0000000E+00  0.0000000E+00  0.0000000E+00  0.0000000E+00  0.0000000E+00  9.4497402E-05  8.9003348E-05  8.9019995E-05  8.9998961E-05  8.9944420E-05  0.0000000E+00   271.0812    
         365          12          31        2021 rtu243          ru      ru          212 tot  0.6405300       25.19954      9.9257040E-06  7.8382953E-05  3.2351592E-05  8.6088918E-02  1.9344379E-03  0.0000000E+00  0.0000000E+00  0.0000000E+00  0.0000000E+00  0.0000000E+00  1.6838238E-04  1.5859268E-04  1.5862235E-04  1.6036673E-04  1.6026956E-04  0.0000000E+00   200.1457    
         365          12          31        2021 rtu243          ru      aqu           1 rhg   1.000000       11281.57      0.0000000E+00  0.0000000E+00  0.0000000E+00   38.78032      0.0000000E+00  0.0000000E+00  0.0000000E+00  0.0000000E+00  0.0000000E+00  0.0000000E+00  0.0000000E+00  0.0000000E+00  0.0000000E+00  0.0000000E+00  0.0000000E+00  0.0000000E+00   1.023821    
         365          12          31        2021 rtu244          ru      ru          268 tot  0.5287400       80.14191      4.8444202E-04  6.0766428E-03  2.2497070E-03  0.2554436      1.0061223E-02  0.0000000E+00  0.0000000E+00  0.0000000E+00  0.0000000E+00  0.0000000E+00  3.6974644E-04  1.7428680E-04  1.7873554E-04  5.3129636E-04  3.3403002E-04  0.0000000E+00   7397961.    
         365          12          31        2021 rtu244          ru      ru          277 tot  0.4712600       71.42960      4.3177782E-04  5.4160436E-03  2.0051380E-03  0.2276740      8.9674545E-03  0.0000000E+00  0.0000000E+00  0.0000000E+00  0.0000000E+00  0.0000000E+00  3.2955114E-04  1.5533995E-04  1.5930508E-04  4.7353862E-04  2.9771734E-04  0.0000000E+00   8074736.    
         365          12          31        2021 rtu244          ru      aqu           1 rhg   1.000000       9321.521      0.0000000E+00  0.0000000E+00  0.0000000E+00   43.81605      0.0000000E+00  0.0000000E+00  0.0000000E+00  0.0000000E+00  0.0000000E+00  0.0000000E+00  0.0000000E+00  0.0000000E+00  0.0000000E+00  0.0000000E+00  0.0000000E+00  0.0000000E+00  1.6520513E-02
         365          12          31        2021 rtu246          ru      ru          151 tot   1.000000       1528.963      0.1980057      0.9905269      0.4388059      0.4540103      0.2215487      0.0000000E+00  0.0000000E+00  0.0000000E+00  0.0000000E+00  0.0000000E+00  0.1737278      3.1211390E-03  3.6902940E-03  3.4870069E-02  3.3178624E-02  0.0000000E+00   1.036712    
         365          12          31        2021 rtu246          ru      aqu           1 rhg   1.000000       549.3045      0.0000000E+00  0.0000000E+00  0.0000000E+00   1.905254      0.0000000E+00  0.0000000E+00  0.0000000E+00  0.0000000E+00  0.0000000E+00  0.0000000E+00  0.0000000E+00  0.0000000E+00  0.0000000E+00  0.0000000E+00  0.0000000E+00  0.0000000E+00  2.3069868E-02
         365          12          31        2021 rtu249          ru      ru          112 tot   1.000000       19754.20       2.250593       14.66418       8.888498       28.18632       12.74995      0.0000000E+00  0.0000000E+00  0.0000000E+00  0.0000000E+00  0.0000000E+00   1.874125      5.1658776E-02  5.5000674E-02  0.5471875      0.5117989      0.0000000E+00   1.001300    
         365          12          31        2021 rtu249          ru      aqu           1 rhg   1.000000       16015.10      0.0000000E+00  0.0000000E+00  0.0000000E+00   2205.358      0.0000000E+00  0.0000000E+00  0.0000000E+00  0.0000000E+00  0.0000000E+00  0.0000000E+00  0.0000000E+00  0.0000000E+00  0.0000000E+00  0.0000000E+00  0.0000000E+00  0.0000000E+00   1.020696    
         365          12          31        2021 rtu250          ru      ru          276 tot   1.000000       6117.909      0.9322740       6.491573       4.146601       28.93612       5.055548      0.0000000E+00  0.0000000E+00  0.0000000E+00  0.0000000E+00  0.0000000E+00  0.7269549      2.0196719E-02  2.1492647E-02  0.2123590      0.1986352      0.0000000E+00   1.004297    
         365          12          31        2021 rtu250          ru      aqu           1 rhg   1.000000       2123.038      0.0000000E+00  0.0000000E+00  0.0000000E+00   239.3159      0.0000000E+00  0.0000000E+00  0.0000000E+00  0.0000000E+00  0.0000000E+00  0.0000000E+00  0.0000000E+00  0.0000000E+00  0.0000000E+00  0.0000000E+00  0.0000000E+00  0.0000000E+00   1.144271    
         365          12          31        2021 rtu255          ru      ru          253 tot   1.000000       110.0900      7.7558408E-04  9.0759890E-03  3.3599366E-03  0.3647160      1.2075239E-02  0.0000000E+00  0.0000000E+00  0.0000000E+00  0.0000000E+00  0.0000000E+00  6.2647340E-04  3.3454192E-04  3.4118554E-04  8.6776708E-04  5.7312706E-04  0.0000000E+00   9476128.    
         365          12          31        2021 rtu255          ru      aqu           1 rhg   1.000000       6018.110      0.0000000E+00  0.0000000E+00  0.0000000E+00   28.28646      0.0000000E+00  0.0000000E+00  0.0000000E+00  0.0000000E+00  0.0000000E+00  0.0000000E+00  0.0000000E+00  0.0000000E+00  0.0000000E+00  0.0000000E+00  0.0000000E+00  0.0000000E+00  1.6524829E-02
         365          12          31        2021 rtu256          ru      ru          263 tot   1.000000       2216.928      7.7913314E-02  0.5435874      0.2181405       2.544035      0.5454574      0.0000000E+00  0.0000000E+00  0.0000000E+00  0.0000000E+00  0.0000000E+00  6.6082194E-02  2.0385017E-03  2.1554059E-03  1.9440128E-02  1.8196503E-02  0.0000000E+00   1.045553    
         365          12          31        2021 rtu256          ru      aqu           1 rhg   1.000000       1081.804      0.0000000E+00  0.0000000E+00  0.0000000E+00   11.44808      0.0000000E+00  0.0000000E+00  0.0000000E+00  0.0000000E+00  0.0000000E+00  0.0000000E+00  0.0000000E+00  0.0000000E+00  0.0000000E+00  0.0000000E+00  0.0000000E+00  0.0000000E+00   1.370824    
         365          12          31        2021 rtu257          ru      ru          258 tot   1.000000       3567.953      2.1898868E-02  0.2988799      0.1106152       12.69047      0.3196092      0.0000000E+00  0.0000000E+00  0.0000000E+00  0.0000000E+00  0.0000000E+00  1.1498640E-02  1.8827190E-03  2.1016998E-03  1.9445350E-02  9.7417403E-03  0.0000000E+00   3106.116    
         365          12          31        2021 rtu257          ru      aqu           1 rhg   1.000000       161089.0      0.0000000E+00  0.0000000E+00  0.0000000E+00   757.1765      0.0000000E+00  0.0000000E+00  0.0000000E+00  0.0000000E+00  0.0000000E+00  0.0000000E+00  0.0000000E+00  0.0000000E+00  0.0000000E+00  0.0000000E+00  0.0000000E+00  0.0000000E+00  1.6527275E-02
         365          12          31        2021 rtu259          ru      ru          106 tot  0.3545300       1618.999      5.6383003E-02  0.4132937      0.1658167       1.999034      0.4354249      0.0000000E+00  0.0000000E+00  0.0000000E+00  0.0000000E+00  0.0000000E+00  5.0137434E-02  1.4508009E-03  1.5398664E-03  1.4683832E-02  1.3738425E-02  0.0000000E+00   1.030494    
         365          12          31        2021 rtu259          ru      ru          263 tot  0.6454700       2947.606      0.1026529      0.7524573      0.3018919       3.639513      0.7927501      0.0000000E+00  0.0000000E+00  0.0000000E+00  0.0000000E+00  0.0000000E+00  9.1282010E-02  2.6413798E-03  2.8035361E-03  2.6733907E-02  2.5012672E-02  0.0000000E+00   1.023141    
         365          12          31        2021 rtu259          ru      aqu           1 rhg   1.000000       2232.494      0.0000000E+00  0.0000000E+00  0.0000000E+00   23.71067      0.0000000E+00  0.0000000E+00  0.0000000E+00  0.0000000E+00  0.0000000E+00  0.0000000E+00  0.0000000E+00  0.0000000E+00  0.0000000E+00  0.0000000E+00  0.0000000E+00  0.0000000E+00   1.178212    
         365          12          31        2021 rtu262          ru      res           1 tot  0.6547400       547.1947      2.1558183E-03  2.8361147E-02  1.0486774E-02   2.286387      1.8702270E-02  0.0000000E+00  0.0000000E+00  0.0000000E+00  0.0000000E+00  0.0000000E+00  1.2299848E-03  3.1800239E-04  3.3876856E-04  1.9836798E-03  1.0633535E-03  0.0000000E+00   44022.11    
         365          12          31        2021 rtu262          ru      ru          311 tot  0.3452600       288.5488      1.1368140E-03  1.4955517E-02  5.5299234E-03   1.205666      9.8621566E-03  0.0000000E+00  0.0000000E+00  0.0000000E+00  0.0000000E+00  0.0000000E+00  6.4859987E-04  1.6769030E-04  1.7864081E-04  1.0460423E-03  5.6073157E-04  0.0000000E+00   51829.71    
         365          12          31        2021 rtu262          ru      aqu           1 rhg   1.000000       39073.49      0.0000000E+00  0.0000000E+00  0.0000000E+00   187.7572      0.0000000E+00  0.0000000E+00  0.0000000E+00  0.0000000E+00  0.0000000E+00  0.0000000E+00  0.0000000E+00  0.0000000E+00  0.0000000E+00  0.0000000E+00  0.0000000E+00  0.0000000E+00  1.5142165E-02
         365          12          31        2021 rtu266          ru      sdc           3 tot   1.000000       696.9445      6.1342730E-03  7.6765999E-02  2.8410476E-02   2.647891      4.6202276E-02  0.0000000E+00  0.0000000E+00  0.0000000E+00  0.0000000E+00  0.0000000E+00  3.1743774E-03  7.0436834E-04  7.6061592E-04  5.2156472E-03  2.7230838E-03  0.0000000E+00   77392.59    
         365          12          31        2021 rtu266          ru      aqu           1 rhg   1.000000       24130.38      0.0000000E+00  0.0000000E+00  0.0000000E+00   113.4219      0.0000000E+00  0.0000000E+00  0.0000000E+00  0.0000000E+00  0.0000000E+00  0.0000000E+00  0.0000000E+00  0.0000000E+00  0.0000000E+00  0.0000000E+00  0.0000000E+00  0.0000000E+00  1.6533826E-02
         365          12          31        2021 rtu267          ru      ru           52 tot   1.000000       43.00422      2.9850384E-04  3.1854520E-03  1.1792480E-03  0.1249321      3.7882223E-03  0.0000000E+00  0.0000000E+00  0.0000000E+00  0.0000000E+00  0.0000000E+00  3.8715603E-04  2.8472100E-04  2.8705108E-04  4.7183328E-04  3.6843508E-04  0.0000000E+00  1.1692700E+08
         365          12          31        2021 rtu267          ru      aqu           1 rhg   1.000000       2212.267      0.0000000E+00  0.0000000E+00  0.0000000E+00   10.39881      0.0000000E+00  0.0000000E+00  0.0000000E+00  0.0000000E+00  0.0000000E+00  0.0000000E+00  0.0000000E+00  0.0000000E+00  0.0000000E+00  0.0000000E+00  0.0000000E+00  0.0000000E+00  1.6523717E-02
         365          12          31        2021 rtu280          ru      ru          289 sur   1.000000       23.56782      2.9100644E-05  2.1447950E-04  1.0092714E-04  8.3179377E-02   90.08398      0.0000000E+00  0.0000000E+00  0.0000000E+00  0.0000000E+00  0.0000000E+00  2.5693444E-04  2.2021386E-04  2.2030076E-04  2.2443947E-04  2.2438825E-04  0.0000000E+00  1.3916355E+07
         365          12          31        2021 rtu280          ru      ru          289 lat   1.000000       105.9374      0.0000000E+00  0.0000000E+00  0.0000000E+00  0.2724713      0.0000000E+00  0.0000000E+00  0.0000000E+00  0.0000000E+00  0.0000000E+00  0.0000000E+00  0.0000000E+00  0.0000000E+00  0.0000000E+00  0.0000000E+00  0.0000000E+00  0.0000000E+00   4.323605    
         365          12          31        2021 rtu280          ru      sdc           5 til   1.000000       22995.91      0.0000000E+00  0.0000000E+00  0.0000000E+00   49.75856      0.0000000E+00  0.0000000E+00  0.0000000E+00  0.0000000E+00  0.0000000E+00  0.0000000E+00  0.0000000E+00  0.0000000E+00  0.0000000E+00  0.0000000E+00  0.0000000E+00  0.0000000E+00  1.3359097E-02
         365          12          31        2021 rtu280          ru      aqu           1 rhg   1.000000       4198.167      0.0000000E+00  0.0000000E+00  0.0000000E+00   10.39042      0.0000000E+00  0.0000000E+00  0.0000000E+00  0.0000000E+00  0.0000000E+00  0.0000000E+00  0.0000000E+00  0.0000000E+00  0.0000000E+00  0.0000000E+00  0.0000000E+00  0.0000000E+00   1.069469    
         365          12          31        2021 rtu281          ru      ru          278 sur   1.000000       545.5362      3.0704714E-02  0.2260857      8.5586302E-02  0.3089127       25.62766      0.0000000E+00  0.0000000E+00  0.0000000E+00  0.0000000E+00  0.0000000E+00  1.0062273E-02  1.7635094E-03  1.9520504E-03  1.6930079E-02  8.5444637E-03  0.0000000E+00   1.104628    
         365          12          31        2021 rtu281          ru      ru          278 lat   1.000000       83.96838      0.0000000E+00  0.0000000E+00  0.0000000E+00  0.2278903      0.0000000E+00  0.0000000E+00  0.0000000E+00  0.0000000E+00  0.0000000E+00  0.0000000E+00  0.0000000E+00  0.0000000E+00  0.0000000E+00  0.0000000E+00  0.0000000E+00  0.0000000E+00   6.083187    
         365          12          31        2021 rtu281          ru      sdc           5 til   1.000000       5509.026      0.0000000E+00  0.0000000E+00  0.0000000E+00   7.125903      0.0000000E+00  0.0000000E+00  0.0000000E+00  0.0000000E+00  0.0000000E+00  0.0000000E+00  0.0000000E+00  0.0000000E+00  0.0000000E+00  0.0000000E+00  0.0000000E+00  0.0000000E+00   2.162081    
         365          12          31        2021 rtu281          ru      aqu           1 rhg   1.000000       267.3860      0.0000000E+00  0.0000000E+00  0.0000000E+00  0.8002815      0.0000000E+00  0.0000000E+00  0.0000000E+00  0.0000000E+00  0.0000000E+00  0.0000000E+00  0.0000000E+00  0.0000000E+00  0.0000000E+00  0.0000000E+00  0.0000000E+00  0.0000000E+00   2.332971    
         365          12          31        2021 rtu282          ru      ru          164 sur  0.2272700       50.36888      1.7848468E-03  0.1027646      1.5538286E-02  2.2954207E-02   2.143216      0.0000000E+00  0.0000000E+00  0.0000000E+00  0.0000000E+00  0.0000000E+00  1.7391923E-03  8.0344464E-05  8.4984284E-05  2.7741070E-04  2.7508312E-04  0.0000000E+00   1.580000    
         365          12          31        2021 rtu282          ru      ru          164 lat  0.2272700       13.40514      0.0000000E+00  0.0000000E+00  0.0000000E+00  0.5620961      0.0000000E+00  0.0000000E+00  0.0000000E+00  0.0000000E+00  0.0000000E+00  0.0000000E+00  0.0000000E+00  0.0000000E+00  0.0000000E+00  0.0000000E+00  0.0000000E+00  0.0000000E+00   11.84519    
         365          12          31        2021 rtu282          ru      ru          292 sur  0.3772700       83.61275      2.9628593E-03  0.1705901      2.5793685E-02  3.8104169E-02   3.557756      0.0000000E+00  0.0000000E+00  0.0000000E+00  0.0000000E+00  0.0000000E+00  2.8870734E-03  1.3337245E-04  1.4107455E-04  4.6050409E-04  4.5664038E-04  0.0000000E+00   1.414852    
         365          12          31        2021 rtu282          ru      ru          292 lat  0.3772700       22.25264      0.0000000E+00  0.0000000E+00  0.0000000E+00  0.9330838      0.0000000E+00  0.0000000E+00  0.0000000E+00  0.0000000E+00  0.0000000E+00  0.0000000E+00  0.0000000E+00  0.0000000E+00  0.0000000E+00  0.0000000E+00  0.0000000E+00  0.0000000E+00   9.317942    
         365          12          31        2021 rtu282          ru      ru          299 sur  0.3954500       87.64189      3.1056348E-03  0.1788105      2.7036630E-02  3.9940342E-02   3.729199      0.0000000E+00  0.0000000E+00  0.0000000E+00  0.0000000E+00  0.0000000E+00  3.0261960E-03  1.3979939E-04  1.4787266E-04  4.8269486E-04  4.7864500E-04  0.0000000E+00   1.403478    
         365          12          31        2021 rtu282          ru      ru          299 lat  0.3954500       23.32495      0.0000000E+00  0.0000000E+00  0.0000000E+00  0.9780475      0.0000000E+00  0.0000000E+00  0.0000000E+00  0.0000000E+00  0.0000000E+00  0.0000000E+00  0.0000000E+00  0.0000000E+00  0.0000000E+00  0.0000000E+00  0.0000000E+00  0.0000000E+00   9.147601    
         365          12          31        2021 rtu282          ru      sdc           5 til   1.000000       2176.201      0.0000000E+00  0.0000000E+00  0.0000000E+00   43.99765      0.0000000E+00  0.0000000E+00  0.0000000E+00  0.0000000E+00  0.0000000E+00  0.0000000E+00  0.0000000E+00  0.0000000E+00  0.0000000E+00  0.0000000E+00  0.0000000E+00  0.0000000E+00   1.063717    
         365          12          31        2021 rtu282          ru      aqu           1 rhg   1.000000       161.8230      0.0000000E+00  0.0000000E+00  0.0000000E+00   8.555204      0.0000000E+00  0.0000000E+00  0.0000000E+00  0.0000000E+00  0.0000000E+00  0.0000000E+00  0.0000000E+00  0.0000000E+00  0.0000000E+00  0.0000000E+00  0.0000000E+00  0.0000000E+00   2.976313    
         365          12          31        2021 rtu284          ru      ru          291 sur   1.000000       15016.79      3.8775115E-04  1.0055926E-06  3.0167803E-06   29.14688       4.116632      0.0000000E+00  0.0000000E+00  0.0000000E+00  0.0000000E+00  0.0000000E+00  3.6328164E-04  3.6328164E-04  3.6328164E-04  3.6328164E-04  3.6328164E-04  0.0000000E+00   1.010406    
         365          12          31        2021 rtu284          ru      ru          291 lat   1.000000      4.1505031E-04  0.0000000E+00  0.0000000E+00  0.0000000E+00  2.5185525E-05  0.0000000E+00  0.0000000E+00  0.0000000E+00  0.0000000E+00  0.0000000E+00  0.0000000E+00  0.0000000E+00  0.0000000E+00  0.0000000E+00  0.0000000E+00  0.0000000E+00  0.0000000E+00  0.0000000E+00
         365          12          31        2021 rtu284          ru      sdc           5 til   1.000000      0.0000000E+00  0.0000000E+00  0.0000000E+00  0.0000000E+00  0.0000000E+00  0.0000000E+00  0.0000000E+00  0.0000000E+00  0.0000000E+00  0.0000000E+00  0.0000000E+00  0.0000000E+00  0.0000000E+00  0.0000000E+00  0.0000000E+00  0.0000000E+00  0.0000000E+00  0.0000000E+00
         365          12          31        2021 rtu284          ru      aqu           1 rhg   1.000000      0.0000000E+00  0.0000000E+00  0.0000000E+00  0.0000000E+00  0.0000000E+00  0.0000000E+00  0.0000000E+00  0.0000000E+00  0.0000000E+00  0.0000000E+00  0.0000000E+00  0.0000000E+00  0.0000000E+00  0.0000000E+00  0.0000000E+00  0.0000000E+00  0.0000000E+00  0.0000000E+00
         365          12          31        2021 rtu285          ru      ru          310 sur   1.000000       5891.596      2.8263847E-04  3.7073838E-07  1.1122152E-06   10.39808       1.516272      0.0000000E+00  0.0000000E+00  0.0000000E+00  0.0000000E+00  0.0000000E+00  3.3562520E-04  3.3562520E-04  3.3562520E-04  3.3562520E-04  3.3562520E-04  0.0000000E+00   1.027203    
         365          12          31        2021 rtu285          ru      ru          310 lat   1.000000      4.1818363E-04  0.0000000E+00  0.0000000E+00  0.0000000E+00  2.2898817E-05  0.0000000E+00  0.0000000E+00  0.0000000E+00  0.0000000E+00  0.0000000E+00  0.0000000E+00  0.0000000E+00  0.0000000E+00  0.0000000E+00  0.0000000E+00  0.0000000E+00  0.0000000E+00  0.0000000E+00
         365          12          31        2021 rtu285          ru      sdc           2 til   1.000000      0.0000000E+00  0.0000000E+00  0.0000000E+00  0.0000000E+00  0.0000000E+00  0.0000000E+00  0.0000000E+00  0.0000000E+00  0.0000000E+00  0.0000000E+00  0.0000000E+00  0.0000000E+00  0.0000000E+00  0.0000000E+00  0.0000000E+00  0.0000000E+00  0.0000000E+00  0.0000000E+00
         365          12          31        2021 rtu285          ru      aqu           1 rhg   1.000000      0.0000000E+00  0.0000000E+00  0.0000000E+00  0.0000000E+00  0.0000000E+00  0.0000000E+00  0.0000000E+00  0.0000000E+00  0.0000000E+00  0.0000000E+00  0.0000000E+00  0.0000000E+00  0.0000000E+00  0.0000000E+00  0.0000000E+00  0.0000000E+00  0.0000000E+00  0.0000000E+00
         365          12          31        2021 rtu286          ru      ru          310 sur   1.000000       3440.257      1.6854562E-04  2.0240148E-07  6.0720470E-07   5.671566      0.8433176      0.0000000E+00  0.0000000E+00  0.0000000E+00  0.0000000E+00  0.0000000E+00  3.1379596E-04  3.1379596E-04  3.1379596E-04  3.1379596E-04  3.1379596E-04  0.0000000E+00   1.046669    
         365          12          31        2021 rtu286          ru      ru          310 lat   1.000000      5.3314361E-05  0.0000000E+00  0.0000000E+00  0.0000000E+00  2.1378219E-06  0.0000000E+00  0.0000000E+00  0.0000000E+00  0.0000000E+00  0.0000000E+00  0.0000000E+00  0.0000000E+00  0.0000000E+00  0.0000000E+00  0.0000000E+00  0.0000000E+00  0.0000000E+00  0.0000000E+00
         365          12          31        2021 rtu286          ru      sdc           2 til   1.000000      0.0000000E+00  0.0000000E+00  0.0000000E+00  0.0000000E+00  0.0000000E+00  0.0000000E+00  0.0000000E+00  0.0000000E+00  0.0000000E+00  0.0000000E+00  0.0000000E+00  0.0000000E+00  0.0000000E+00  0.0000000E+00  0.0000000E+00  0.0000000E+00  0.0000000E+00  0.0000000E+00
         365          12          31        2021 rtu286          ru      aqu           1 rhg   1.000000      0.0000000E+00  0.0000000E+00  0.0000000E+00  0.0000000E+00  0.0000000E+00  0.0000000E+00  0.0000000E+00  0.0000000E+00  0.0000000E+00  0.0000000E+00  0.0000000E+00  0.0000000E+00  0.0000000E+00  0.0000000E+00  0.0000000E+00  0.0000000E+00  0.0000000E+00  0.0000000E+00
         365          12          31        2021 rtu287          ru      ru          283 sur   1.000000       2057.782      2.5518116E-04  1.1209346E-07  3.3628010E-07   3.219253      0.4812830      0.0000000E+00  0.0000000E+00  0.0000000E+00  0.0000000E+00  0.0000000E+00  2.9586241E-04  2.9586241E-04  2.9586241E-04  2.9586241E-04  2.9586241E-04  0.0000000E+00   1.076451    
         365          12          31        2021 rtu287          ru      ru          283 lat   1.000000      0.0000000E+00  0.0000000E+00  0.0000000E+00  0.0000000E+00  0.0000000E+00  0.0000000E+00  0.0000000E+00  0.0000000E+00  0.0000000E+00  0.0000000E+00  0.0000000E+00  0.0000000E+00  0.0000000E+00  0.0000000E+00  0.0000000E+00  0.0000000E+00  0.0000000E+00  0.0000000E+00
         365          12          31        2021 rtu287          ru      sdc           4 til   1.000000      0.0000000E+00  0.0000000E+00  0.0000000E+00  0.0000000E+00  0.0000000E+00  0.0000000E+00  0.0000000E+00  0.0000000E+00  0.0000000E+00  0.0000000E+00  0.0000000E+00  0.0000000E+00  0.0000000E+00  0.0000000E+00  0.0000000E+00  0.0000000E+00  0.0000000E+00  0.0000000E+00
         365          12          31        2021 rtu287          ru      aqu           1 rhg   1.000000      0.0000000E+00  0.0000000E+00  0.0000000E+00  0.0000000E+00  0.0000000E+00  0.0000000E+00  0.0000000E+00  0.0000000E+00  0.0000000E+00  0.0000000E+00  0.0000000E+00  0.0000000E+00  0.0000000E+00  0.0000000E+00  0.0000000E+00  0.0000000E+00  0.0000000E+00  0.0000000E+00
         365          12          31        2021 rtu290          ru      ru           84 sur   1.000000      2.2856519E-03  2.9112232E-07  1.9353804E-07  5.8061420E-07  1.9353804E-07   5.563105      0.0000000E+00  0.0000000E+00  0.0000000E+00  0.0000000E+00  0.0000000E+00  2.9112207E-04  2.9112207E-04  2.9112207E-04  2.9112207E-04  2.9112207E-04  0.0000000E+00  6.3411816E+12
         365          12          31        2021 rtu290          ru      ru           84 lat   1.000000       19.92344      0.0000000E+00  0.0000000E+00  0.0000000E+00  0.1422315      0.0000000E+00  0.0000000E+00  0.0000000E+00  0.0000000E+00  0.0000000E+00  0.0000000E+00  0.0000000E+00  0.0000000E+00  0.0000000E+00  0.0000000E+00  0.0000000E+00  0.0000000E+00   27.04610    
         365          12          31        2021 rtu290          ru      sdc           5 til   1.000000       1937.247      0.0000000E+00  0.0000000E+00  0.0000000E+00   7.253385      0.0000000E+00  0.0000000E+00  0.0000000E+00  0.0000000E+00  0.0000000E+00  0.0000000E+00  0.0000000E+00  0.0000000E+00  0.0000000E+00  0.0000000E+00  0.0000000E+00  0.0000000E+00   4.420652    
         365          12          31        2021 rtu290          ru      aqu           1 rhg   1.000000       372.9382      0.0000000E+00  0.0000000E+00  0.0000000E+00   3.158085      0.0000000E+00  0.0000000E+00  0.0000000E+00  0.0000000E+00  0.0000000E+00  0.0000000E+00  0.0000000E+00  0.0000000E+00  0.0000000E+00  0.0000000E+00  0.0000000E+00  0.0000000E+00   1.865473    
         365          12          31        2021 rtu293          ru      res           2 sur   1.000000      1.5529302E-02  3.1707796E-07  1.5529311E-06  4.6587897E-06  1.5529311E-06   62.07821      0.0000000E+00  0.0000000E+00  0.0000000E+00  0.0000000E+00  0.0000000E+00  3.1707776E-04  3.1707776E-04  3.1707776E-04  3.1707776E-04  3.1707776E-04  0.0000000E+00  3.9628800E+09
         365          12          31        2021 rtu293          ru      res           2 lat   1.000000       232.8727      0.0000000E+00  0.0000000E+00  0.0000000E+00   19.40012      0.0000000E+00  0.0000000E+00  0.0000000E+00  0.0000000E+00  0.0000000E+00  0.0000000E+00  0.0000000E+00  0.0000000E+00  0.0000000E+00  0.0000000E+00  0.0000000E+00  0.0000000E+00   2.464557    
         365          12          31        2021 rtu293          ru      sdc           1 til   1.000000       12949.18      0.0000000E+00  0.0000000E+00  0.0000000E+00   533.4582      0.0000000E+00  0.0000000E+00  0.0000000E+00  0.0000000E+00  0.0000000E+00  0.0000000E+00  0.0000000E+00  0.0000000E+00  0.0000000E+00  0.0000000E+00  0.0000000E+00  0.0000000E+00   1.373925    
         365          12          31        2021 rtu293          ru      aqu           1 rhg   1.000000       1347.496      0.0000000E+00  0.0000000E+00  0.0000000E+00   117.8962      0.0000000E+00  0.0000000E+00  0.0000000E+00  0.0000000E+00  0.0000000E+00  0.0000000E+00  0.0000000E+00  0.0000000E+00  0.0000000E+00  0.0000000E+00  0.0000000E+00  0.0000000E+00   1.229200    
         365          12          31        2021 rtu298          ru      ru          283 sur   1.000000       74.26641      5.4422431E-03  4.0735699E-02  1.3866124E-02  0.2873077       36.72255      0.0000000E+00  0.0000000E+00  0.0000000E+00  0.0000000E+00  0.0000000E+00  1.9586803E-03  6.0312153E-04  6.3398777E-04  3.0790549E-03  1.7109882E-03  0.0000000E+00  4.7911288E+07
         365          12          31        2021 rtu298          ru      ru          283 lat   1.000000       16.20100      0.0000000E+00  0.0000000E+00  0.0000000E+00  0.4367323      0.0000000E+00  0.0000000E+00  0.0000000E+00  0.0000000E+00  0.0000000E+00  0.0000000E+00  0.0000000E+00  0.0000000E+00  0.0000000E+00  0.0000000E+00  0.0000000E+00  0.0000000E+00   7737.426    
         365          12          31        2021 rtu298          ru      sdc           5 til   1.000000       7620.187      0.0000000E+00  0.0000000E+00  0.0000000E+00   108.8435      0.0000000E+00  0.0000000E+00  0.0000000E+00  0.0000000E+00  0.0000000E+00  0.0000000E+00  0.0000000E+00  0.0000000E+00  0.0000000E+00  0.0000000E+00  0.0000000E+00  0.0000000E+00  1.5051432E-02
         365          12          31        2021 rtu298          ru      aqu           1 rhg   1.000000       54.79836      0.0000000E+00  0.0000000E+00  0.0000000E+00   1.695124      0.0000000E+00  0.0000000E+00  0.0000000E+00  0.0000000E+00  0.0000000E+00  0.0000000E+00  0.0000000E+00  0.0000000E+00  0.0000000E+00  0.0000000E+00  0.0000000E+00  0.0000000E+00  9.4902096E-03
         365          12          31        2021 rtu300          ru      ru          289 sur   1.000000       35.66493      2.9068859E-03  2.5808882E-02  1.4587311E-02  4.1187447E-02   15.59068      0.0000000E+00  0.0000000E+00  0.0000000E+00  0.0000000E+00  0.0000000E+00  1.2157040E-03  4.7089261E-04  4.8785430E-04  1.8312186E-03  1.0796222E-03  0.0000000E+00  2.1285600E+08
         365          12          31        2021 rtu300          ru      ru          289 lat   1.000000       5.499665      0.0000000E+00  0.0000000E+00  0.0000000E+00  0.3671010      0.0000000E+00  0.0000000E+00  0.0000000E+00  0.0000000E+00  0.0000000E+00  0.0000000E+00  0.0000000E+00  0.0000000E+00  0.0000000E+00  0.0000000E+00  0.0000000E+00  0.0000000E+00   41931.52    
         365          12          31        2021 rtu300          ru      sdc           5 til   1.000000       3832.659      0.0000000E+00  0.0000000E+00  0.0000000E+00   151.6494      0.0000000E+00  0.0000000E+00  0.0000000E+00  0.0000000E+00  0.0000000E+00  0.0000000E+00  0.0000000E+00  0.0000000E+00  0.0000000E+00  0.0000000E+00  0.0000000E+00  0.0000000E+00   2.312394    
         365          12          31        2021 rtu300          ru      aqu           1 rhg   1.000000       23.19230      0.0000000E+00  0.0000000E+00  0.0000000E+00   2.183048      0.0000000E+00  0.0000000E+00  0.0000000E+00  0.0000000E+00  0.0000000E+00  0.0000000E+00  0.0000000E+00  0.0000000E+00  0.0000000E+00  0.0000000E+00  0.0000000E+00  0.0000000E+00  0.1189565    
         365          12          31        2021 rtu305          ru      ru          245 sur  0.3900000       31.40282      2.3003817E-05  1.1157829E-04  6.3318206E-05  7.2460011E-02   7.028468      0.0000000E+00  0.0000000E+00  0.0000000E+00  0.0000000E+00  0.0000000E+00  1.0360029E-04  8.6175620E-05  8.5727828E-05  9.3144845E-05  9.2780778E-05  0.0000000E+00   3.536781    
         365          12          31        2021 rtu305          ru      ru          245 lat  0.3900000      0.1599286      0.0000000E+00  0.0000000E+00  0.0000000E+00  3.2527998E-04  0.0000000E+00  0.0000000E+00  0.0000000E+00  0.0000000E+00  0.0000000E+00  0.0000000E+00  0.0000000E+00  0.0000000E+00  0.0000000E+00  0.0000000E+00  0.0000000E+00  0.0000000E+00   2831070.    
         365          12          31        2021 rtu305          ru      ru          283 sur  0.6100000       49.11723      3.5980323E-05  1.7451990E-04  9.9036195E-05  0.1133349       10.99325      0.0000000E+00  0.0000000E+00  0.0000000E+00  0.0000000E+00  0.0000000E+00  1.6204143E-04  1.3478742E-04  1.3408705E-04  1.4568803E-04  1.4511860E-04  0.0000000E+00   2.898999    
         365          12          31        2021 rtu305          ru      ru          283 lat  0.6100000      0.2501447      0.0000000E+00  0.0000000E+00  0.0000000E+00  5.0877116E-04  0.0000000E+00  0.0000000E+00  0.0000000E+00  0.0000000E+00  0.0000000E+00  0.0000000E+00  0.0000000E+00  0.0000000E+00  0.0000000E+00  0.0000000E+00  0.0000000E+00  0.0000000E+00   1142854.    
         365          12          31        2021 rtu305          ru      sdc           2 til   1.000000       4405.438      0.0000000E+00  0.0000000E+00  0.0000000E+00   6.753891      0.0000000E+00  0.0000000E+00  0.0000000E+00  0.0000000E+00  0.0000000E+00  0.0000000E+00  0.0000000E+00  0.0000000E+00  0.0000000E+00  0.0000000E+00  0.0000000E+00  0.0000000E+00   1.060474    
         365          12          31        2021 rtu305          ru      aqu           1 rhg   1.000000       172.3336      0.0000000E+00  0.0000000E+00  0.0000000E+00  0.3281178      0.0000000E+00  0.0000000E+00  0.0000000E+00  0.0000000E+00  0.0000000E+00  0.0000000E+00  0.0000000E+00  0.0000000E+00  0.0000000E+00  0.0000000E+00  0.0000000E+00  0.0000000E+00   2.858895    
         365          12          31        2021 rtu312          ru      sdc           3 sur   1.000000       16.85960      1.9549827E-05  8.0300480E-05  4.4254783E-05  3.1173766E-02   3.020578      0.0000000E+00  0.0000000E+00  0.0000000E+00  0.0000000E+00  0.0000000E+00  2.4636849E-04  2.3586208E-04  2.3559235E-04  2.4007489E-04  2.3985622E-04  0.0000000E+00   25.33245    
         365          12          31        2021 rtu312          ru      sdc           3 lat   1.000000      0.2544506      0.0000000E+00  0.0000000E+00  0.0000000E+00  4.1603626E-04  0.0000000E+00  0.0000000E+00  0.0000000E+00  0.0000000E+00  0.0000000E+00  0.0000000E+00  0.0000000E+00  0.0000000E+00  0.0000000E+00  0.0000000E+00  0.0000000E+00  0.0000000E+00   1777057.    
         365          12          31        2021 rtu312          ru      sdc           2 til   1.000000       922.0771      0.0000000E+00  0.0000000E+00  0.0000000E+00   1.132038      0.0000000E+00  0.0000000E+00  0.0000000E+00  0.0000000E+00  0.0000000E+00  0.0000000E+00  0.0000000E+00  0.0000000E+00  0.0000000E+00  0.0000000E+00  0.0000000E+00  0.0000000E+00   1.349639    
         365          12          31        2021 rtu312          ru      aqu           1 rhg   1.000000       36.07331      0.0000000E+00  0.0000000E+00  0.0000000E+00  6.8688422E-02  0.0000000E+00  0.0000000E+00  0.0000000E+00  0.0000000E+00  0.0000000E+00  0.0000000E+00  0.0000000E+00  0.0000000E+00  0.0000000E+00  0.0000000E+00  0.0000000E+00  0.0000000E+00   12.50975    
         365          12          31        2021 rtu313          ru      sdc           2 sur   1.000000       13.56237      5.5458680E-05  4.3170105E-04  1.5492420E-04  2.1141600E-02   12.57397      0.0000000E+00  0.0000000E+00  0.0000000E+00  0.0000000E+00  0.0000000E+00  3.1014968E-04  2.9670080E-04  2.9700447E-04  3.2127133E-04  3.0769082E-04  0.0000000E+00  1.1755980E+11
         365          12          31        2021 rtu313          ru      sdc           2 lat   1.000000       89.70126      0.0000000E+00  0.0000000E+00  0.0000000E+00  0.3595251      0.0000000E+00  0.0000000E+00  0.0000000E+00  0.0000000E+00  0.0000000E+00  0.0000000E+00  0.0000000E+00  0.0000000E+00  0.0000000E+00  0.0000000E+00  0.0000000E+00  0.0000000E+00   17.41834    
         365          12          31        2021 rtu313          ru      sdc           2 til   1.000000       2855.469      0.0000000E+00  0.0000000E+00  0.0000000E+00   9.120524      0.0000000E+00  0.0000000E+00  0.0000000E+00  0.0000000E+00  0.0000000E+00  0.0000000E+00  0.0000000E+00  0.0000000E+00  0.0000000E+00  0.0000000E+00  0.0000000E+00  0.0000000E+00  1.4573421E-02
         365          12          31        2021 rtu313          ru      aqu           1 rhg   1.000000       163.1456      0.0000000E+00  0.0000000E+00  0.0000000E+00  0.7065255      0.0000000E+00  0.0000000E+00  0.0000000E+00  0.0000000E+00  0.0000000E+00  0.0000000E+00  0.0000000E+00  0.0000000E+00  0.0000000E+00  0.0000000E+00  0.0000000E+00  0.0000000E+00   8.331644    
         365          12          31        2021 rtu314          ru      ru          289 sur   1.000000       205.5813      4.9569264E-02  0.3453424      0.2191588      0.4826320       21.62819      0.0000000E+00  0.0000000E+00  0.0000000E+00  0.0000000E+00  0.0000000E+00  4.2587243E-02  1.0497550E-03  1.1883249E-03  8.7795304E-03  8.3677201E-03  0.0000000E+00   1.037479    
         365          12          31        2021 rtu314          ru      ru          289 lat   1.000000      0.9907088      0.0000000E+00  0.0000000E+00  0.0000000E+00  4.1392863E-02  0.0000000E+00  0.0000000E+00  0.0000000E+00  0.0000000E+00  0.0000000E+00  0.0000000E+00  0.0000000E+00  0.0000000E+00  0.0000000E+00  0.0000000E+00  0.0000000E+00  0.0000000E+00   80673.34    
         365          12          31        2021 rtu314          ru      sdc           5 til   1.000000       5067.705      0.0000000E+00  0.0000000E+00  0.0000000E+00   180.2045      0.0000000E+00  0.0000000E+00  0.0000000E+00  0.0000000E+00  0.0000000E+00  0.0000000E+00  0.0000000E+00  0.0000000E+00  0.0000000E+00  0.0000000E+00  0.0000000E+00  0.0000000E+00   2.200861    
         365          12          31        2021 rtu314          ru      aqu           1 rhg   1.000000       36.34696      0.0000000E+00  0.0000000E+00  0.0000000E+00   1.779321      0.0000000E+00  0.0000000E+00  0.0000000E+00  0.0000000E+00  0.0000000E+00  0.0000000E+00  0.0000000E+00  0.0000000E+00  0.0000000E+00  0.0000000E+00  0.0000000E+00  0.0000000E+00  0.1031794    
         365          12          31        2021 res2            res     aqu           1 rhg   1.000000      0.0000000E+00  0.0000000E+00  0.0000000E+00  0.0000000E+00  0.0000000E+00  0.0000000E+00  0.0000000E+00  0.0000000E+00  0.0000000E+00  0.0000000E+00  0.0000000E+00  0.0000000E+00  0.0000000E+00  0.0000000E+00  0.0000000E+00  0.0000000E+00  0.0000000E+00  0.0000000E+00
         365          12          31        2021 rtu003          ru      ru          171 tot   1.000000       14.46223      2.7055691E-07  1.8693864E-07  5.6081615E-07  3.6074501E-02  1.8693864E-07  0.0000000E+00  0.0000000E+00  0.0000000E+00  0.0000000E+00  0.0000000E+00  2.7055689E-04  2.7055689E-04  2.7055689E-04  2.7055689E-04  2.7055689E-04  0.0000000E+00   12627.82    
         365          12          31        2021 rtu003          ru      aqu           1 rhg   1.000000       2260.673      0.0000000E+00  0.0000000E+00  0.0000000E+00   6.467761      0.0000000E+00  0.0000000E+00  0.0000000E+00  0.0000000E+00  0.0000000E+00  0.0000000E+00  0.0000000E+00  0.0000000E+00  0.0000000E+00  0.0000000E+00  0.0000000E+00  0.0000000E+00   1.283920    
         365          12          31        2021 rtu026          ru      ru           90 tot  0.3780800       17.46265      9.4073663E-08  3.6877154E-07  1.1063146E-06  5.1472947E-02  3.6877154E-07  0.0000000E+00  0.0000000E+00  0.0000000E+00  0.0000000E+00  0.0000000E+00  9.4073657E-05  9.4073657E-05  9.4073657E-05  9.4073657E-05  9.4073657E-05  0.0000000E+00   1156.330    
         365          12          31        2021 rtu026          ru      ru          279 tot  0.6219200       28.72506      1.5474578E-07  6.0660767E-07  1.8198243E-06  8.4670052E-02  6.0660767E-07  0.0000000E+00  0.0000000E+00  0.0000000E+00  0.0000000E+00  0.0000000E+00  1.5474566E-04  1.5474566E-04  1.5474566E-04  1.5474566E-04  1.5474566E-04  0.0000000E+00   800.6677    
         365          12          31        2021 rtu026          ru      aqu           1 rhg   1.000000       12782.21      0.0000000E+00  0.0000000E+00  0.0000000E+00   36.66510      0.0000000E+00  0.0000000E+00  0.0000000E+00  0.0000000E+00  0.0000000E+00  0.0000000E+00  0.0000000E+00  0.0000000E+00  0.0000000E+00  0.0000000E+00  0.0000000E+00  0.0000000E+00   1.050352    
         365          12          31        2021 rtu029          ru      sdc           6 tot   1.000000       1415.469      8.1375521E-03  4.2168263E-02  2.0067722E-02   2.922905      7.3703140E-02  0.0000000E+00  0.0000000E+00  0.0000000E+00  0.0000000E+00  0.0000000E+00  8.2763210E-03  3.5452619E-04  3.7669920E-04  1.2930031E-03  1.2818919E-03  0.0000000E+00   1.272676    
         365          12          31        2021 rtu029          ru      aqu           1 rhg   1.000000       394.5346      0.0000000E+00  0.0000000E+00  0.0000000E+00   1.087688      0.0000000E+00  0.0000000E+00  0.0000000E+00  0.0000000E+00  0.0000000E+00  0.0000000E+00  0.0000000E+00  0.0000000E+00  0.0000000E+00  0.0000000E+00  0.0000000E+00  0.0000000E+00   1.945678    
         365          12          31        2021 rtu040          ru      ru           58 tot  0.5091700       1196.530      0.1133833      0.5448259      0.2485180      0.4076616      0.1309650      0.0000000E+00  0.0000000E+00  0.0000000E+00  0.0000000E+00  0.0000000E+00  8.8136069E-02  2.5265093E-03  2.6833836E-03  2.5799429E-02  2.4137083E-02  0.0000000E+00   1.039853    
         365          12          31        2021 rtu040          ru      ru          235 tot  0.4908300       1153.432      0.1092993      0.5252015      0.2395665      0.3929778      0.1262477      0.0000000E+00  0.0000000E+00  0.0000000E+00  0.0000000E+00  0.0000000E+00  8.4961474E-02  2.4355063E-03  2.5867296E-03  2.4870140E-02  2.3267677E-02  0.0000000E+00   1.040455    
         365          12          31        2021 rtu040          ru      aqu           1 rhg   1.000000       413.3165      0.0000000E+00  0.0000000E+00  0.0000000E+00   5.721729      0.0000000E+00  0.0000000E+00  0.0000000E+00  0.0000000E+00  0.0000000E+00  0.0000000E+00  0.0000000E+00  0.0000000E+00  0.0000000E+00  0.0000000E+00  0.0000000E+00  0.0000000E+00   1.852237    
         365          12          31        2021 rtu052          ru      ru          268 tot   1.000000       6278.375      2.9152376E-04  2.3912909E-03  3.6786352E-03   11.68174       1.794062      0.0000000E+00  0.0000000E+00  0.0000000E+00  0.0000000E+00  0.0000000E+00  3.3579729E-04  3.4906733E-04  3.5090046E-04  3.3579729E-04  3.3579729E-04  0.0000000E+00   1.025883    
         365          12          31        2021 rtu052          ru      aqu           1 rhg   1.000000      0.0000000E+00  0.0000000E+00  0.0000000E+00  0.0000000E+00  0.0000000E+00  0.0000000E+00  0.0000000E+00  0.0000000E+00  0.0000000E+00  0.0000000E+00  0.0000000E+00  0.0000000E+00  0.0000000E+00  0.0000000E+00  0.0000000E+00  0.0000000E+00  0.0000000E+00  0.0000000E+00
         365          12          31        2021 rtu061          ru      ru          227 tot   1.000000       19.79760      1.0646330E-03  4.8764856E-03  2.2965048E-03  6.0998842E-02  1.9071540E-03  0.0000000E+00  0.0000000E+00  0.0000000E+00  0.0000000E+00  0.0000000E+00  1.1657389E-03  3.1545738E-04  3.1827763E-04  4.7348754E-04  4.6505910E-04  0.0000000E+00   3050.778    
         365          12          31        2021 rtu061          ru      aqu           1 rhg   1.000000       2619.785      0.0000000E+00  0.0000000E+00  0.0000000E+00   17.36863      0.0000000E+00  0.0000000E+00  0.0000000E+00  0.0000000E+00  0.0000000E+00  0.0000000E+00  0.0000000E+00  0.0000000E+00  0.0000000E+00  0.0000000E+00  0.0000000E+00  0.0000000E+00   1.115565    
         365          12          31        2021 rtu063          ru      ru          217 tot   1.000000       43.52507      4.3895124E-03  2.0784471E-02  9.7795324E-03  4.4759948E-02  7.3839556E-03  0.0000000E+00  0.0000000E+00  0.0000000E+00  0.0000000E+00  0.0000000E+00  4.0060575E-03  3.8030918E-04  3.9236926E-04  1.0547640E-03  1.0188187E-03  0.0000000E+00   193299.8    
         365          12          31        2021 rtu063          ru      aqu           1 rhg   1.000000       4548.291      0.0000000E+00  0.0000000E+00  0.0000000E+00   31.86885      0.0000000E+00  0.0000000E+00  0.0000000E+00  0.0000000E+00  0.0000000E+00  0.0000000E+00  0.0000000E+00  0.0000000E+00  0.0000000E+00  0.0000000E+00  0.0000000E+00  0.0000000E+00   1.072665    
         365          12          31        2021 rtu073          ru      ru          247 tot   1.000000       3767.325      0.1875357       1.087936      0.4889700      0.3995020      0.3010619      0.0000000E+00  0.0000000E+00  0.0000000E+00  0.0000000E+00  0.0000000E+00  0.1799165      5.1221596E-03  5.4424582E-03  5.2643742E-02  4.9249511E-02  0.0000000E+00   1.009580    
         365          12          31        2021 rtu073          ru      aqu           1 rhg   1.000000       761.2720      0.0000000E+00  0.0000000E+00  0.0000000E+00   11.79807      0.0000000E+00  0.0000000E+00  0.0000000E+00  0.0000000E+00  0.0000000E+00  0.0000000E+00  0.0000000E+00  0.0000000E+00  0.0000000E+00  0.0000000E+00  0.0000000E+00  0.0000000E+00   1.432963    
         365          12          31        2021 rtu075          ru      ru          248 tot   1.000000       6862.642       1.068714       5.570107       2.642525       3.929049      0.8818530      0.0000000E+00  0.0000000E+00  0.0000000E+00  0.0000000E+00  0.0000000E+00  0.9269201      2.5640599E-02  2.7292790E-02  0.2706892      0.2531881      0.0000000E+00   1.004775    
         365          12          31        2021 rtu075          ru      aqu           1 rhg   1.000000       2053.996      0.0000000E+00  0.0000000E+00  0.0000000E+00   37.87042      0.0000000E+00  0.0000000E+00  0.0000000E+00  0.0000000E+00  0.0000000E+00  0.0000000E+00  0.0000000E+00  0.0000000E+00  0.0000000E+00  0.0000000E+00  0.0000000E+00  0.0000000E+00   1.152386    
         365          12          31        2021 rtu076          ru      ru          124 tot  0.4453400       19.78795      4.6489964E-04  2.3177329E-03  1.0937791E-03  9.2656508E-02  1.4068391E-03  0.0000000E+00  0.0000000E+00  0.0000000E+00  0.0000000E+00  0.0000000E+00  5.5195333E-04  1.4789347E-04  1.4923081E-04  2.2298776E-04  2.1898228E-04  0.0000000E+00   207.6759    
         365          12          31        2021 rtu076          ru      ru          173 tot  0.3314200       14.72611      3.4597630E-04  1.7248472E-03  8.1398513E-04  6.8954557E-02  1.0469629E-03  0.0000000E+00  0.0000000E+00  0.0000000E+00  0.0000000E+00  0.0000000E+00  4.1076099E-04  1.1006168E-04  1.1105691E-04  1.6594648E-04  1.6296565E-04  0.0000000E+00   244.7445    
         365          12          31        2021 rtu076          ru      ru          212 tot  0.2232400       9.919303      2.3304496E-04  1.1618333E-03  5.4828933E-04  4.6446852E-02  7.0522045E-04  0.0000000E+00  0.0000000E+00  0.0000000E+00  0.0000000E+00  0.0000000E+00  2.7668313E-04  7.4136013E-05  7.4806383E-05  1.1177923E-04  1.0977138E-04  0.0000000E+00   321.3899    
         365          12          31        2021 rtu076          ru      aqu           1 rhg   1.000000       12292.60      0.0000000E+00  0.0000000E+00  0.0000000E+00   77.01913      0.0000000E+00  0.0000000E+00  0.0000000E+00  0.0000000E+00  0.0000000E+00  0.0000000E+00  0.0000000E+00  0.0000000E+00  0.0000000E+00  0.0000000E+00  0.0000000E+00  0.0000000E+00   1.023040    
         365          12          31        2021 rtu084          ru      ru          289 tot   1.000000       87.75653      2.9406161E-07  2.5597690E-06  7.6793049E-06  0.4744286      2.5597690E-06  0.0000000E+00  0.0000000E+00  0.0000000E+00  0.0000000E+00  0.0000000E+00  2.9406167E-04  2.9406167E-04  2.9406167E-04  2.9406167E-04  2.9406167E-04  0.0000000E+00   15.58230    
         365          12          31        2021 rtu084          ru      aqu           1 rhg   1.000000       30556.58      0.0000000E+00  0.0000000E+00  0.0000000E+00   167.2577      0.0000000E+00  0.0000000E+00  0.0000000E+00  0.0000000E+00  0.0000000E+00  0.0000000E+00  0.0000000E+00  0.0000000E+00  0.0000000E+00  0.0000000E+00  0.0000000E+00  0.0000000E+00   1.008884    
         365          12          31        2021 rtu092          ru      ru          223 tot   1.000000       37.02783      6.4012683E-03  2.9898370E-02  1.4138843E-02  2.0818336E-02  5.2577453E-03  0.0000000E+00  0.0000000E+00  0.0000000E+00  0.0000000E+00  0.0000000E+00  5.4937778E-03  3.7922701E-04  3.9626256E-04  1.3307226E-03  1.2800120E-03  0.0000000E+00   88613.09    
         365          12          31        2021 rtu092          ru      aqu           1 rhg   1.000000       2421.546      0.0000000E+00  0.0000000E+00  0.0000000E+00   11.49404      0.0000000E+00  0.0000000E+00  0.0000000E+00  0.0000000E+00  0.0000000E+00  0.0000000E+00  0.0000000E+00  0.0000000E+00  0.0000000E+00  0.0000000E+00  0.0000000E+00  0.0000000E+00   1.132046    
         365          12          31        2021 rtu095          ru      sdc           5 tot   1.000000       1274.001      0.2550792       1.161810      0.5521262       4.357464      7.9147093E-02  0.0000000E+00  0.0000000E+00  0.0000000E+00  0.0000000E+00  0.0000000E+00  0.2227496      3.9733727E-03  4.7024954E-03  4.4678450E-02  4.2509422E-02  0.0000000E+00   1.029101    
         365          12          31        2021 rtu095          ru      aqu           1 rhg   1.000000       411.1020      0.0000000E+00  0.0000000E+00  0.0000000E+00   6.539206      0.0000000E+00  0.0000000E+00  0.0000000E+00  0.0000000E+00  0.0000000E+00  0.0000000E+00  0.0000000E+00  0.0000000E+00  0.0000000E+00  0.0000000E+00  0.0000000E+00  0.0000000E+00   1.693264    
         365          12          31        2021 rtu098          ru      sdc           6 tot   1.000000       1015.258      0.2508680       1.124434      0.5363874       4.038380      5.3856611E-02  0.0000000E+00  0.0000000E+00  0.0000000E+00  0.0000000E+00  0.0000000E+00  0.2186100      3.9058235E-03  4.6215244E-03  4.3853745E-02  4.1725125E-02  0.0000000E+00   1.030617    
         365          12          31        2021 rtu098          ru      aqu           1 rhg   1.000000       316.5902      0.0000000E+00  0.0000000E+00  0.0000000E+00   4.891653      0.0000000E+00  0.0000000E+00  0.0000000E+00  0.0000000E+00  0.0000000E+00  0.0000000E+00  0.0000000E+00  0.0000000E+00  0.0000000E+00  0.0000000E+00  0.0000000E+00  0.0000000E+00   1.870259    
         365          12          31        2021 rtu100          ru      sdc           6 tot   1.000000       148.9281      2.4365937E-02  0.1166975      5.4972742E-02  0.2298995      2.3742404E-02  0.0000000E+00  0.0000000E+00  0.0000000E+00  0.0000000E+00  0.0000000E+00  2.1039950E-02  6.7396357E-04  7.4186572E-04  4.4635949E-03  4.2616841E-03  0.0000000E+00   598.6983    
         365          12          31        2021 rtu100          ru      aqu           1 rhg   1.000000       23045.80      0.0000000E+00  0.0000000E+00  0.0000000E+00   144.7110      0.0000000E+00  0.0000000E+00  0.0000000E+00  0.0000000E+00  0.0000000E+00  0.0000000E+00  0.0000000E+00  0.0000000E+00  0.0000000E+00  0.0000000E+00  0.0000000E+00  0.0000000E+00   1.013610    
         365          12          31        2021 rtu101          ru      ru          201 tot   1.000000       73.41560      3.4548674E-07  1.0115273E-06  3.0345805E-06  0.3967661      1.0115273E-06  0.0000000E+00  0.0000000E+00  0.0000000E+00  0.0000000E+00  0.0000000E+00  3.4548691E-04  3.4548691E-04  3.4548691E-04  3.4548691E-04  3.4548691E-04  0.0000000E+00   21.90016    
         365          12          31        2021 rtu101          ru      aqu           1 rhg   1.000000       10048.81      0.0000000E+00  0.0000000E+00  0.0000000E+00   55.00698      0.0000000E+00  0.0000000E+00  0.0000000E+00  0.0000000E+00  0.0000000E+00  0.0000000E+00  0.0000000E+00  0.0000000E+00  0.0000000E+00  0.0000000E+00  0.0000000E+00  0.0000000E+00   1.027287    
         365          12          31        2021 rtu106          ru      ru          194 tot  0.7034700       44059.80       18.87703       93.66548       42.03548       47.74216       7.599959      0.0000000E+00  0.0000000E+00  0.0000000E+00  0.0000000E+00  0.0000000E+00   14.54909      0.3988356      0.4247841       4.246316       3.971547      0.0000000E+00   1.000449    
         365          12          31        2021 rtu106          ru      ru          294 tot  0.2965300       18572.29       7.957137       39.48233       17.71900       20.12450       3.203571      0.0000000E+00  0.0000000E+00  0.0000000E+00  0.0000000E+00  0.0000000E+00   6.132801      0.1681191      0.1790571       1.789927       1.674105      0.0000000E+00   1.000751    
         365          12          31        2021 rtu106          ru      aqu           1 rhg   1.000000       17620.14      0.0000000E+00  0.0000000E+00  0.0000000E+00   275.7332      0.0000000E+00  0.0000000E+00  0.0000000E+00  0.0000000E+00  0.0000000E+00  0.0000000E+00  0.0000000E+00  0.0000000E+00  0.0000000E+00  0.0000000E+00  0.0000000E+00  0.0000000E+00   1.018376    
         365          12          31        2021 rtu112          ru      ru          180 tot  0.6949200       81544.16       7.169179       67.55731       47.69941       155.8710       122.8385      0.0000000E+00  0.0000000E+00  0.0000000E+00  0.0000000E+00  0.0000000E+00   6.301076      0.1728464      0.1840843       1.839123       1.720125      0.0000000E+00   1.000290    
         365          12          31        2021 rtu112          ru      ru          241 tot  0.3050800       35799.07       3.147374       29.65865       20.94074       68.42968       53.92787      0.0000000E+00  0.0000000E+00  0.0000000E+00  0.0000000E+00  0.0000000E+00   2.766264      7.5882100E-02  8.0815673E-02  0.8074017      0.7551599      0.0000000E+00   1.000533    
         365          12          31        2021 rtu112          ru      aqu           1 rhg   1.000000       76426.98      0.0000000E+00  0.0000000E+00  0.0000000E+00   14832.06      0.0000000E+00  0.0000000E+00  0.0000000E+00  0.0000000E+00  0.0000000E+00  0.0000000E+00  0.0000000E+00  0.0000000E+00  0.0000000E+00  0.0000000E+00  0.0000000E+00  0.0000000E+00   1.004368    
         365          12          31        2021 rtu115          ru      ru          235 tot   1.000000       954.9931      0.1470821      0.7384388      0.3403840      0.5772658      0.2006226      0.0000000E+00  0.0000000E+00  0.0000000E+00  0.0000000E+00  0.0000000E+00  0.1288302      2.5020428E-03  2.9234202E-03  2.6010146E-02  2.4757687E-02  0.0000000E+00   1.009170    
         365          12          31        2021 rtu115          ru      aqu           1 rhg   1.000000       13068.47      0.0000000E+00  0.0000000E+00  0.0000000E+00   114.1360      0.0000000E+00  0.0000000E+00  0.0000000E+00  0.0000000E+00  0.0000000E+00  0.0000000E+00  0.0000000E+00  0.0000000E+00  0.0000000E+00  0.0000000E+00  0.0000000E+00  0.0000000E+00   1.025072    
         365          12          31        2021 rtu120          ru      ru          221 tot   1.000000       76.13316      1.2407482E-03  7.1050659E-02  1.0470810E-02  0.6287140      1.1537042E-02  0.0000000E+00  0.0000000E+00  0.0000000E+00  0.0000000E+00  0.0000000E+00  1.5454156E-03  3.7308392E-04  3.7639865E-04  5.1227678E-04  5.1063258E-04  0.0000000E+00   1093.391    
         365          12          31        2021 rtu120          ru      aqu           1 rhg   1.000000       6946.520      0.0000000E+00  0.0000000E+00  0.0000000E+00   197.4123      0.0000000E+00  0.0000000E+00  0.0000000E+00  0.0000000E+00  0.0000000E+00  0.0000000E+00  0.0000000E+00  0.0000000E+00  0.0000000E+00  0.0000000E+00  0.0000000E+00  0.0000000E+00   1.058828    
         365          12          31        2021 rtu128          ru      ru           60 tot   1.000000       3244.996       1.271274       6.282957       3.040724       11.11851      0.6057805      0.0000000E+00  0.0000000E+00  0.0000000E+00  0.0000000E+00  0.0000000E+00   1.114788      1.8883398E-02  2.2539403E-02  0.2228251      0.2119599      0.0000000E+00   1.007350    
         365          12          31        2021 rtu128          ru      aqu           1 rhg   1.000000       704.6801      0.0000000E+00  0.0000000E+00  0.0000000E+00   8.498995      0.0000000E+00  0.0000000E+00  0.0000000E+00  0.0000000E+00  0.0000000E+00  0.0000000E+00  0.0000000E+00  0.0000000E+00  0.0000000E+00  0.0000000E+00  0.0000000E+00  0.0000000E+00   1.564187    
         365          12          31        2021 rtu131          ru      ru          210 tot   1.000000       444.8792      5.5675972E-02  0.2770902      0.1294250      0.5360727      0.1063288      0.0000000E+00  0.0000000E+00  0.0000000E+00  0.0000000E+00  0.0000000E+00  4.8949860E-02  1.1692824E-03  1.3286484E-03  1.0060344E-02  9.5866416E-03  0.0000000E+00   1.018486    
         365          12          31        2021 rtu131          ru      aqu           1 rhg   1.000000       7496.814      0.0000000E+00  0.0000000E+00  0.0000000E+00   63.00082      0.0000000E+00  0.0000000E+00  0.0000000E+00  0.0000000E+00  0.0000000E+00  0.0000000E+00  0.0000000E+00  0.0000000E+00  0.0000000E+00  0.0000000E+00  0.0000000E+00  0.0000000E+00   1.099535    
         365          12          31        2021 rtu140          ru      ru          124 tot   1.000000       24.28023      1.6006444E-03  6.3734548E-03  3.1739969E-03  0.1366819      3.5035454E-03  0.0000000E+00  0.0000000E+00  0.0000000E+00  0.0000000E+00  0.0000000E+00  1.7368443E-03  3.2101586E-04  3.2502678E-04  4.8934261E-04  4.8735525E-04  0.0000000E+00   4795.969    
         365          12          31        2021 rtu140          ru      aqu           1 rhg   1.000000       1945.253      0.0000000E+00  0.0000000E+00  0.0000000E+00   32.22555      0.0000000E+00  0.0000000E+00  0.0000000E+00  0.0000000E+00  0.0000000E+00  0.0000000E+00  0.0000000E+00  0.0000000E+00  0.0000000E+00  0.0000000E+00  0.0000000E+00  0.0000000E+00   1.151926    
         365          12          31        2021 rtu144          ru      ru          211 tot   1.000000       398.8203      2.2322627E-02  0.1104653      5.0690584E-02  0.5171450      0.1079112      0.0000000E+00  0.0000000E+00  0.0000000E+00  0.0000000E+00  0.0000000E+00  1.8710708E-02  6.6518120E-04  7.2535005E-04  4.0226881E-03  3.8437864E-03  0.0000000E+00   1.019128    
         365          12          31        2021 rtu144          ru      aqu           1 rhg   1.000000       8469.306      0.0000000E+00  0.0000000E+00  0.0000000E+00   80.46289      0.0000000E+00  0.0000000E+00  0.0000000E+00  0.0000000E+00  0.0000000E+00  0.0000000E+00  0.0000000E+00  0.0000000E+00  0.0000000E+00  0.0000000E+00  0.0000000E+00  0.0000000E+00   1.034978    
         365          12          31        2021 rtu145          ru      ru          154 tot  0.3971700       226.5116      8.6366171E-03  4.2897247E-02  1.9558171E-02  0.2633190      5.4708853E-02  0.0000000E+00  0.0000000E+00  0.0000000E+00  0.0000000E+00  0.0000000E+00  7.3885629E-03  2.6291082E-04  2.8665320E-04  1.5885296E-03  1.5178875E-03  0.0000000E+00   1.025668    
         365          12          31        2021 rtu145          ru      ru          193 tot  0.6028300       343.8024      1.3108775E-02  6.5110028E-02  2.9685656E-02  0.3996692      8.3037846E-02  0.0000000E+00  0.0000000E+00  0.0000000E+00  0.0000000E+00  0.0000000E+00  1.1214460E-02  3.9904955E-04  4.3508617E-04  2.4110917E-03  2.3038706E-03  0.0000000E+00   1.018932    
         365          12          31        2021 rtu145          ru      aqu           1 rhg   1.000000       11284.62      0.0000000E+00  0.0000000E+00  0.0000000E+00   85.90575      0.0000000E+00  0.0000000E+00  0.0000000E+00  0.0000000E+00  0.0000000E+00  0.0000000E+00  0.0000000E+00  0.0000000E+00  0.0000000E+00  0.0000000E+00  0.0000000E+00  0.0000000E+00   1.029285    
         365          12          31        2021 rtu152          ru      ru           43 tot   1.000000       296.3348      6.1945733E-02  0.4775821      0.2992665      0.4361777      0.2291203      0.0000000E+00  0.0000000E+00  0.0000000E+00  0.0000000E+00  0.0000000E+00  5.7853751E-02  1.2707463E-03  1.4595110E-03  1.1800514E-02  1.1239533E-02  0.0000000E+00   1.025114    
         365          12          31        2021 rtu152          ru      aqu           1 rhg   1.000000       2627.310      0.0000000E+00  0.0000000E+00  0.0000000E+00   97.70847      0.0000000E+00  0.0000000E+00  0.0000000E+00  0.0000000E+00  0.0000000E+00  0.0000000E+00  0.0000000E+00  0.0000000E+00  0.0000000E+00  0.0000000E+00  0.0000000E+00  0.0000000E+00   1.126706    
         365          12          31        2021 rtu153          ru      ru          154 tot  0.4131700       15649.32       1.456532       13.40076       9.688497       25.22642       23.02852      0.0000000E+00  0.0000000E+00  0.0000000E+00  0.0000000E+00  0.0000000E+00   1.235355      3.3972207E-02  3.6175225E-02  0.3606293      0.3373009      0.0000000E+00   1.001319    
         365          12          31        2021 rtu153          ru      ru          242 tot  0.1778100       6734.770      0.6268266       5.767091       4.169498       10.85633       9.910452      0.0000000E+00  0.0000000E+00  0.0000000E+00  0.0000000E+00  0.0000000E+00  0.5316420      1.4620131E-02  1.5568210E-02  0.1551988      0.1451593      0.0000000E+00   1.002628    
         365          12          31        2021 rtu153          ru      ru          248 tot  0.4090200       15492.13       1.441902       13.26616       9.591184       24.97304       22.79722      0.0000000E+00  0.0000000E+00  0.0000000E+00  0.0000000E+00  0.0000000E+00   1.222947      3.3630982E-02  3.5811871E-02  0.3570071      0.3339130      0.0000000E+00   1.001329    
         365          12          31        2021 rtu153          ru      aqu           1 rhg   1.000000       26783.71      0.0000000E+00  0.0000000E+00  0.0000000E+00   5626.775      0.0000000E+00  0.0000000E+00  0.0000000E+00  0.0000000E+00  0.0000000E+00  0.0000000E+00  0.0000000E+00  0.0000000E+00  0.0000000E+00  0.0000000E+00  0.0000000E+00  0.0000000E+00   1.012441    
         365          12          31        2021 rtu156          ru      ru          171 tot   1.000000       497.3831      0.1644350      0.6331322      0.3910113      0.7954003      0.1383306      0.0000000E+00  0.0000000E+00  0.0000000E+00  0.0000000E+00  0.0000000E+00  0.1596898      1.9394492E-03  2.3869739E-03  2.0694796E-02  2.0473365E-02  0.0000000E+00   1.034289    
         365          12          31        2021 rtu156          ru      aqu           1 rhg   1.000000       7228.775      0.0000000E+00  0.0000000E+00  0.0000000E+00   31.04716      0.0000000E+00  0.0000000E+00  0.0000000E+00  0.0000000E+00  0.0000000E+00  0.0000000E+00  0.0000000E+00  0.0000000E+00  0.0000000E+00  0.0000000E+00  0.0000000E+00  0.0000000E+00   1.040442    
         365          12          31        2021 rtu159          ru      ru          226 tot  0.3112000       3442.706       1.053463       5.076162       2.694913       7.388597       1.155297      0.0000000E+00  0.0000000E+00  0.0000000E+00  0.0000000E+00  0.0000000E+00  0.8170933      2.2474999E-02  2.3932157E-02  0.2385328      0.2231029      0.0000000E+00   1.003793    
         365          12          31        2021 rtu159          ru      ru          227 tot  0.6888000       7619.975       2.331700       11.23541       5.964832       16.35368       2.557096      0.0000000E+00  0.0000000E+00  0.0000000E+00  0.0000000E+00  0.0000000E+00   1.808528      4.9745426E-02  5.2970666E-02  0.5279607      0.4938087      0.0000000E+00   1.002351    
         365          12          31        2021 rtu159          ru      aqu           1 rhg   1.000000       1715.803      0.0000000E+00  0.0000000E+00  0.0000000E+00   54.61026      0.0000000E+00  0.0000000E+00  0.0000000E+00  0.0000000E+00  0.0000000E+00  0.0000000E+00  0.0000000E+00  0.0000000E+00  0.0000000E+00  0.0000000E+00  0.0000000E+00  0.0000000E+00   1.176187    
         365          12          31        2021 rtu160          ru      ru          114 tot   1.000000       1203.428      0.1115487       1.016064      0.8888270       3.868102       1.732593      0.0000000E+00  0.0000000E+00  0.0000000E+00  0.0000000E+00  0.0000000E+00  0.1127426      1.4784270E-03  1.7940192E-03  1.4706259E-02  1.4550081E-02  0.0000000E+00   1.008558    
         365          12          31        2021 rtu160          ru      aqu           1 rhg   1.000000       13037.18      0.0000000E+00  0.0000000E+00  0.0000000E+00   684.5431      0.0000000E+00  0.0000000E+00  0.0000000E+00  0.0000000E+00  0.0000000E+00  0.0000000E+00  0.0000000E+00  0.0000000E+00  0.0000000E+00  0.0000000E+00  0.0000000E+00  0.0000000E+00   1.027210    
         365          12          31        2021 rtu162          ru      ru          151 tot   1.000000       26700.52       7.512535       53.03687       33.92458       146.1201       22.67475      0.0000000E+00  0.0000000E+00  0.0000000E+00  0.0000000E+00  0.0000000E+00   6.756941      0.1130644      0.1352283       1.349447       1.283577      0.0000000E+00   1.000396    
         365          12          31        2021 rtu162          ru      aqu           1 rhg   1.000000       80255.27      0.0000000E+00  0.0000000E+00  0.0000000E+00   3852.380      0.0000000E+00  0.0000000E+00  0.0000000E+00  0.0000000E+00  0.0000000E+00  0.0000000E+00  0.0000000E+00  0.0000000E+00  0.0000000E+00  0.0000000E+00  0.0000000E+00  0.0000000E+00   1.003090    
         365          12          31        2021 rtu163          ru      ru           88 tot   1.000000       35.53161      3.2413027E-07  1.0275088E-06  3.0825265E-06  0.1889024      1.0275088E-06  0.0000000E+00  0.0000000E+00  0.0000000E+00  0.0000000E+00  0.0000000E+00  3.2413009E-04  3.2413009E-04  3.2413009E-04  3.2413009E-04  3.2413009E-04  0.0000000E+00   94.14661    
         365          12          31        2021 rtu163          ru      aqu           1 rhg   1.000000       11319.93      0.0000000E+00  0.0000000E+00  0.0000000E+00   60.92650      0.0000000E+00  0.0000000E+00  0.0000000E+00  0.0000000E+00  0.0000000E+00  0.0000000E+00  0.0000000E+00  0.0000000E+00  0.0000000E+00  0.0000000E+00  0.0000000E+00  0.0000000E+00   1.024591    
         365          12          31        2021 rtu177          ru      ru          137 tot   1.000000       21.30669      3.6549603E-04  1.6839409E-03  7.9644070E-04  0.1258268      7.3755940E-04  0.0000000E+00  0.0000000E+00  0.0000000E+00  0.0000000E+00  0.0000000E+00  6.3548738E-04  3.4164486E-04  3.4261608E-04  3.9620374E-04  3.9329263E-04  0.0000000E+00   354.1266    
         365          12          31        2021 rtu177          ru      aqu           1 rhg   1.000000       7896.732      0.0000000E+00  0.0000000E+00  0.0000000E+00   53.25132      0.0000000E+00  0.0000000E+00  0.0000000E+00  0.0000000E+00  0.0000000E+00  0.0000000E+00  0.0000000E+00  0.0000000E+00  0.0000000E+00  0.0000000E+00  0.0000000E+00  0.0000000E+00   1.034311    
         365          12          31        2021 rtu190          ru      ru          147 tot   1.000000       1159.082      0.1263726      0.7515345      0.2978770       2.338338      0.2402799      0.0000000E+00  0.0000000E+00  0.0000000E+00  0.0000000E+00  0.0000000E+00  0.1109769      2.1444822E-03  2.5075537E-03  2.2397591E-02  2.1318594E-02  0.0000000E+00   1.010145    
         365          12          31        2021 rtu190          ru      aqu           1 rhg   1.000000       2553.729      0.0000000E+00  0.0000000E+00  0.0000000E+00   60.26373      0.0000000E+00  0.0000000E+00  0.0000000E+00  0.0000000E+00  0.0000000E+00  0.0000000E+00  0.0000000E+00  0.0000000E+00  0.0000000E+00  0.0000000E+00  0.0000000E+00  0.0000000E+00   1.122381    
         365          12          31        2021 rtu199          ru      ru          125 tot   1.000000       2683.371      0.3707358       1.941277       1.017807       2.030468      0.7619050      0.0000000E+00  0.0000000E+00  0.0000000E+00  0.0000000E+00  0.0000000E+00  0.3108532      8.8094044E-03  9.3632741E-03  9.0934366E-02  8.5069329E-02  0.0000000E+00   1.010601    
         365          12          31        2021 rtu199          ru      aqu           1 rhg   1.000000       1051.817      0.0000000E+00  0.0000000E+00  0.0000000E+00   75.13126      0.0000000E+00  0.0000000E+00  0.0000000E+00  0.0000000E+00  0.0000000E+00  0.0000000E+00  0.0000000E+00  0.0000000E+00  0.0000000E+00  0.0000000E+00  0.0000000E+00  0.0000000E+00   1.352747    
         365          12          31        2021 rtu200          ru      ru          127 tot   1.000000       2360.314      0.2807952       1.478316      0.7752681       3.036761      0.6964353      0.0000000E+00  0.0000000E+00  0.0000000E+00  0.0000000E+00  0.0000000E+00  0.2348846      6.7306575E-03  7.1490249E-03  6.8764701E-02  6.4334445E-02  0.0000000E+00   1.011765    
         365          12          31        2021 rtu200          ru      aqu           1 rhg   1.000000       1124.430      0.0000000E+00  0.0000000E+00  0.0000000E+00   78.67258      0.0000000E+00  0.0000000E+00  0.0000000E+00  0.0000000E+00  0.0000000E+00  0.0000000E+00  0.0000000E+00  0.0000000E+00  0.0000000E+00  0.0000000E+00  0.0000000E+00  0.0000000E+00   1.332463    
         365          12          31        2021 rtu203          ru      ru           89 tot  0.2892100       216.9096      1.6229035E-02  5.3265486E-02  3.1352565E-02  0.7449451      1.9263893E-02  0.0000000E+00  0.0000000E+00  0.0000000E+00  0.0000000E+00  0.0000000E+00  1.4261046E-02  2.4553691E-04  2.8528483E-04  1.9117477E-03  1.8920746E-03  0.0000000E+00   7.818431    
         365          12          31        2021 rtu203          ru      ru          171 tot  0.2941500       220.6146      1.6506243E-02  5.4175299E-02  3.1888086E-02  0.7576698      1.9592935E-02  0.0000000E+00  0.0000000E+00  0.0000000E+00  0.0000000E+00  0.0000000E+00  1.4504636E-02  2.4973095E-04  2.9015788E-04  1.9444023E-03  1.9243930E-03  0.0000000E+00   7.793982    
         365          12          31        2021 rtu203          ru      ru          273 tot  0.4166500       312.4906      2.3380347E-02  7.6736853E-02  4.5168020E-02   1.073204      2.7752506E-02  0.0000000E+00  0.0000000E+00  0.0000000E+00  0.0000000E+00  0.0000000E+00  2.0545155E-02  3.5373238E-04  4.1099521E-04  2.7541579E-03  2.7258156E-03  0.0000000E+00   7.374113    
         365          12          31        2021 rtu203          ru      aqu           1 rhg   1.000000       42268.54      0.0000000E+00  0.0000000E+00  0.0000000E+00   219.2448      0.0000000E+00  0.0000000E+00  0.0000000E+00  0.0000000E+00  0.0000000E+00  0.0000000E+00  0.0000000E+00  0.0000000E+00  0.0000000E+00  0.0000000E+00  0.0000000E+00  0.0000000E+00   1.019151    
         365          12          31        2021 rtu204          ru      ru          225 tot   1.000000       7056.531       2.072416       10.31160       4.776150       18.94738       1.370099      0.0000000E+00  0.0000000E+00  0.0000000E+00  0.0000000E+00  0.0000000E+00   1.615969      4.4556718E-02  4.7438364E-02  0.4718258      0.4413123      0.0000000E+00   1.003348    
         365          12          31        2021 rtu204          ru      aqu           1 rhg   1.000000       2029.784      0.0000000E+00  0.0000000E+00  0.0000000E+00   50.42034      0.0000000E+00  0.0000000E+00  0.0000000E+00  0.0000000E+00  0.0000000E+00  0.0000000E+00  0.0000000E+00  0.0000000E+00  0.0000000E+00  0.0000000E+00  0.0000000E+00  0.0000000E+00   1.161184    
         365          12          31        2021 rtu213          ru      ru          132 tot  0.4183400       1007.268      0.1177780      0.6195135      0.3228242      0.6265063      0.3185842      0.0000000E+00  0.0000000E+00  0.0000000E+00  0.0000000E+00  0.0000000E+00  9.8006025E-02  2.8185537E-03  2.9930831E-03  2.8699059E-02  2.6850713E-02  0.0000000E+00   1.017213    
         365          12          31        2021 rtu213          ru      ru          220 tot  0.5816600       1400.506      0.1637586      0.8613716      0.4488548      0.8710945      0.4429595      0.0000000E+00  0.0000000E+00  0.0000000E+00  0.0000000E+00  0.0000000E+00  0.1362676      3.9189178E-03  4.1615837E-03  3.9903171E-02  3.7333243E-02  0.0000000E+00   1.013560    
         365          12          31        2021 rtu213          ru      aqu           1 rhg   1.000000       2024.996      0.0000000E+00  0.0000000E+00  0.0000000E+00   126.7807      0.0000000E+00  0.0000000E+00  0.0000000E+00  0.0000000E+00  0.0000000E+00  0.0000000E+00  0.0000000E+00  0.0000000E+00  0.0000000E+00  0.0000000E+00  0.0000000E+00  0.0000000E+00   1.192026    
         365          12          31        2021 rtu231          ru      ru          151 tot   1.000000       5074.309       1.140924       8.393719       5.445670       5.762767       4.545072      0.0000000E+00  0.0000000E+00  0.0000000E+00  0.0000000E+00  0.0000000E+00   1.026009      1.7469842E-02  2.0834291E-02  0.2051522      0.1951532      0.0000000E+00   1.001802    
         365          12          31        2021 rtu231          ru      aqu           1 rhg   1.000000       55497.82      0.0000000E+00  0.0000000E+00  0.0000000E+00   2329.433      0.0000000E+00  0.0000000E+00  0.0000000E+00  0.0000000E+00  0.0000000E+00  0.0000000E+00  0.0000000E+00  0.0000000E+00  0.0000000E+00  0.0000000E+00  0.0000000E+00  0.0000000E+00   1.005179    
         365          12          31        2021 rtu240          ru      ru           53 tot   1.000000       2360.741      0.1024159       1.067703      0.3953166       6.669134      9.9293895E-02  0.0000000E+00  0.0000000E+00  0.0000000E+00  0.0000000E+00  0.0000000E+00  4.2672642E-02  6.6922703E-03  7.5116209E-03  7.2407186E-02  3.6098741E-02  0.0000000E+00   3406.941    
         365          12          31        2021 rtu240          ru      aqu           1 rhg   1.000000       2137.778      0.0000000E+00  0.0000000E+00  0.0000000E+00   7.673026      0.0000000E+00  0.0000000E+00  0.0000000E+00  0.0000000E+00  0.0000000E+00  0.0000000E+00  0.0000000E+00  0.0000000E+00  0.0000000E+00  0.0000000E+00  0.0000000E+00  0.0000000E+00  1.6422449E-02
         365          12          31        2021 rtu245          ru      ru          306 tot   1.000000       721.7349      6.1913137E-03  7.7781573E-02  2.8786486E-02   2.715024      5.0174691E-02  0.0000000E+00  0.0000000E+00  0.0000000E+00  0.0000000E+00  0.0000000E+00  3.2099625E-03  7.0729782E-04  7.6428830E-04  5.2782227E-03  2.7527043E-03  0.0000000E+00   73791.38    
         365          12          31        2021 rtu245          ru      aqu           1 rhg   1.000000       25352.50      0.0000000E+00  0.0000000E+00  0.0000000E+00   119.0795      0.0000000E+00  0.0000000E+00  0.0000000E+00  0.0000000E+00  0.0000000E+00  0.0000000E+00  0.0000000E+00  0.0000000E+00  0.0000000E+00  0.0000000E+00  0.0000000E+00  0.0000000E+00  1.6565273E-02
         365          12          31        2021 rtu261          ru      ru          310 tot   1.000000       33687.00       1.329906       11.32631       4.546925       45.59921       8.831291      0.0000000E+00  0.0000000E+00  0.0000000E+00  0.0000000E+00  0.0000000E+00   1.375770      3.7825283E-02  4.0278215E-02  0.4016024      0.3756223      0.0000000E+00   1.002468    
         365          12          31        2021 rtu261          ru      aqu           1 rhg   1.000000       16151.79      0.0000000E+00  0.0000000E+00  0.0000000E+00   167.4998      0.0000000E+00  0.0000000E+00  0.0000000E+00  0.0000000E+00  0.0000000E+00  0.0000000E+00  0.0000000E+00  0.0000000E+00  0.0000000E+00  0.0000000E+00  0.0000000E+00  0.0000000E+00   1.024626    
         365          12          31        2021 rtu263          ru      ru          311 tot   1.000000       11125.81      0.6785955       4.873846       1.943215       10.84000       2.701483      0.0000000E+00  0.0000000E+00  0.0000000E+00  0.0000000E+00  0.0000000E+00  0.6097938      1.6903589E-02  1.7990189E-02  0.1780969      0.1665841      0.0000000E+00   1.008404    
         365          12          31        2021 rtu263          ru      aqu           1 rhg   1.000000       3277.346      0.0000000E+00  0.0000000E+00  0.0000000E+00   37.22826      0.0000000E+00  0.0000000E+00  0.0000000E+00  0.0000000E+00  0.0000000E+00  0.0000000E+00  0.0000000E+00  0.0000000E+00  0.0000000E+00  0.0000000E+00  0.0000000E+00  0.0000000E+00   1.120136    
         365          12          31        2021 rtu265          ru      sdc           3 tot   1.000000       2778.626      8.2606468E-03  9.1056705E-02  3.3340279E-02   10.22287      3.4443583E-02  0.0000000E+00  0.0000000E+00  0.0000000E+00  0.0000000E+00  0.0000000E+00  3.7310957E-03  8.2702521E-04  8.9313672E-04  6.1313496E-03  3.2004535E-03  0.0000000E+00   480.1135    
         365          12          31        2021 rtu265          ru      aqu           1 rhg   1.000000       3633.481      0.0000000E+00  0.0000000E+00  0.0000000E+00   14.11716      0.0000000E+00  0.0000000E+00  0.0000000E+00  0.0000000E+00  0.0000000E+00  0.0000000E+00  0.0000000E+00  0.0000000E+00  0.0000000E+00  0.0000000E+00  0.0000000E+00  0.0000000E+00  1.5667699E-02
         365          12          31        2021 rtu270          ru      ru          275 tot   1.000000       12483.35      3.4569301E-02  0.4138198      0.1517560       55.05652      0.1373401      0.0000000E+00  0.0000000E+00  0.0000000E+00  0.0000000E+00  0.0000000E+00  1.5877593E-02  2.6352468E-03  2.9367853E-03  2.6821494E-02  1.3458063E-02  0.0000000E+00   1.224133    
         365          12          31        2021 rtu270          ru      aqu           1 rhg   1.000000       16615.87      0.0000000E+00  0.0000000E+00  0.0000000E+00   73.27930      0.0000000E+00  0.0000000E+00  0.0000000E+00  0.0000000E+00  0.0000000E+00  0.0000000E+00  0.0000000E+00  0.0000000E+00  0.0000000E+00  0.0000000E+00  0.0000000E+00  0.0000000E+00   1.140976    
         365          12          31        2021 rtu276          ru      ru          247 tot  0.3395000       48145.68       6.832383       47.99853       30.33549       230.2453       38.84557      0.0000000E+00  0.0000000E+00  0.0000000E+00  0.0000000E+00  0.0000000E+00   5.473253      0.1500450      0.1598065       1.597433       1.494067      0.0000000E+00   1.000323    
         365          12          31        2021 rtu276          ru      ru          277 tot  0.6605000       93667.80       13.29245       93.38152       59.01794       447.9440       75.57439      0.0000000E+00  0.0000000E+00  0.0000000E+00  0.0000000E+00  0.0000000E+00   10.64826      0.2919138      0.3109049       3.107819       2.906720      0.0000000E+00   1.000221    
         365          12          31        2021 rtu276          ru      aqu           1 rhg   1.000000       47569.50      0.0000000E+00  0.0000000E+00  0.0000000E+00   5182.143      0.0000000E+00  0.0000000E+00  0.0000000E+00  0.0000000E+00  0.0000000E+00  0.0000000E+00  0.0000000E+00  0.0000000E+00  0.0000000E+00  0.0000000E+00  0.0000000E+00  0.0000000E+00   1.006401    
         365          12          31        2021 rtu295          ru      ru          310 sur   1.000000       4905.495       4.280704       17.01973       6.775806      0.5056883       20.93534      0.0000000E+00  0.0000000E+00  0.0000000E+00  0.0000000E+00  0.0000000E+00   3.240729      8.9081168E-02  9.4860688E-02  0.9460214      0.8848228      0.0000000E+00   1.001951    
         365          12          31        2021 rtu295          ru      ru          310 lat   1.000000       4.021143      0.0000000E+00  0.0000000E+00  0.0000000E+00  1.8908191E-02  0.0000000E+00  0.0000000E+00  0.0000000E+00  0.0000000E+00  0.0000000E+00  0.0000000E+00  0.0000000E+00  0.0000000E+00  0.0000000E+00  0.0000000E+00  0.0000000E+00  0.0000000E+00   1418.764    
         365          12          31        2021 rtu295          ru      sdc           2 til   1.000000       8046.247      0.0000000E+00  0.0000000E+00  0.0000000E+00   23.24847      0.0000000E+00  0.0000000E+00  0.0000000E+00  0.0000000E+00  0.0000000E+00  0.0000000E+00  0.0000000E+00  0.0000000E+00  0.0000000E+00  0.0000000E+00  0.0000000E+00  0.0000000E+00   2.060869    
         365          12          31        2021 rtu295          ru      aqu           1 rhg   1.000000       88.77415      0.0000000E+00  0.0000000E+00  0.0000000E+00  0.5610038      0.0000000E+00  0.0000000E+00  0.0000000E+00  0.0000000E+00  0.0000000E+00  0.0000000E+00  0.0000000E+00  0.0000000E+00  0.0000000E+00  0.0000000E+00  0.0000000E+00  0.0000000E+00   8.611390    
         365          12          31        2021 rtu302          ru      ru          301 sur   1.000000      4.4896030E-03  3.2352551E-07  4.1951580E-07  1.2585473E-06  4.1951580E-07   15.47803      0.0000000E+00  0.0000000E+00  0.0000000E+00  0.0000000E+00  0.0000000E+00  3.2352554E-04  3.2352554E-04  3.2352554E-04  3.2352554E-04  3.2352554E-04  0.0000000E+00  4.4923660E+11
         365          12          31        2021 rtu302          ru      ru          301 lat   1.000000       77.07520      0.0000000E+00  0.0000000E+00  0.0000000E+00   5.939987      0.0000000E+00  0.0000000E+00  0.0000000E+00  0.0000000E+00  0.0000000E+00  0.0000000E+00  0.0000000E+00  0.0000000E+00  0.0000000E+00  0.0000000E+00  0.0000000E+00  0.0000000E+00   5.899122    
         365          12          31        2021 rtu302          ru      sdc           5 til   1.000000       3435.983      0.0000000E+00  0.0000000E+00  0.0000000E+00   132.4087      0.0000000E+00  0.0000000E+00  0.0000000E+00  0.0000000E+00  0.0000000E+00  0.0000000E+00  0.0000000E+00  0.0000000E+00  0.0000000E+00  0.0000000E+00  0.0000000E+00  0.0000000E+00   2.402049    
         365          12          31        2021 rtu302          ru      aqu           1 rhg   1.000000       357.9737      0.0000000E+00  0.0000000E+00  0.0000000E+00   30.99218      0.0000000E+00  0.0000000E+00  0.0000000E+00  0.0000000E+00  0.0000000E+00  0.0000000E+00  0.0000000E+00  0.0000000E+00  0.0000000E+00  0.0000000E+00  0.0000000E+00  0.0000000E+00   1.886686    
         365          12          31        2021 rtu309          ru      ru          258 sur   1.000000       32.91223      3.6412312E-05  3.3584554E-04  1.2072512E-04  6.9331937E-02   20.67055      0.0000000E+00  0.0000000E+00  0.0000000E+00  0.0000000E+00  0.0000000E+00  2.7643263E-04  2.6609388E-04  2.6632560E-04  2.8502609E-04  2.7453876E-04  0.0000000E+00  5.6919876E+10
         365          12          31        2021 rtu309          ru      ru          258 lat   1.000000       44.45635      0.0000000E+00  0.0000000E+00  0.0000000E+00  0.1860473      0.0000000E+00  0.0000000E+00  0.0000000E+00  0.0000000E+00  0.0000000E+00  0.0000000E+00  0.0000000E+00  0.0000000E+00  0.0000000E+00  0.0000000E+00  0.0000000E+00  0.0000000E+00   15.06693    
         365          12          31        2021 rtu309          ru      sdc           2 til   1.000000       4517.312      0.0000000E+00  0.0000000E+00  0.0000000E+00   14.82211      0.0000000E+00  0.0000000E+00  0.0000000E+00  0.0000000E+00  0.0000000E+00  0.0000000E+00  0.0000000E+00  0.0000000E+00  0.0000000E+00  0.0000000E+00  0.0000000E+00  0.0000000E+00   1.080459    
         365          12          31        2021 rtu309          ru      aqu           1 rhg   1.000000       252.4435      0.0000000E+00  0.0000000E+00  0.0000000E+00   1.081606      0.0000000E+00  0.0000000E+00  0.0000000E+00  0.0000000E+00  0.0000000E+00  0.0000000E+00  0.0000000E+00  0.0000000E+00  0.0000000E+00  0.0000000E+00  0.0000000E+00  0.0000000E+00   2.568420    
         365          12          31        2021 rtu043          ru      ru          194 tot   1.000000       4090.036      3.9447647E-02  0.3695191      0.3392410       6.901145       1.008488      0.0000000E+00  0.0000000E+00  0.0000000E+00  0.0000000E+00  0.0000000E+00  3.2075998E-04  1.3262103E-03  1.5299743E-03  3.2075998E-04  3.2075998E-04  0.0000000E+00   1.039711    
         365          12          31        2021 rtu043          ru      aqu           1 rhg   1.000000      0.0000000E+00  0.0000000E+00  0.0000000E+00  0.0000000E+00  0.0000000E+00  0.0000000E+00  0.0000000E+00  0.0000000E+00  0.0000000E+00  0.0000000E+00  0.0000000E+00  0.0000000E+00  0.0000000E+00  0.0000000E+00  0.0000000E+00  0.0000000E+00  0.0000000E+00  0.0000000E+00
         365          12          31        2021 rtu053          ru      ru          241 tot   1.000000       14611.78      2.1572135E-02  0.2939344      0.1451950       28.66302       4.965923      0.0000000E+00  0.0000000E+00  0.0000000E+00  0.0000000E+00  0.0000000E+00  3.6323845E-04  2.8678938E-03  3.1902378E-03  3.6323845E-04  3.6323845E-04  0.0000000E+00   1.011564    
         365          12          31        2021 rtu053          ru      aqu           1 rhg   1.000000      0.0000000E+00  0.0000000E+00  0.0000000E+00  0.0000000E+00  0.0000000E+00  0.0000000E+00  0.0000000E+00  0.0000000E+00  0.0000000E+00  0.0000000E+00  0.0000000E+00  0.0000000E+00  0.0000000E+00  0.0000000E+00  0.0000000E+00  0.0000000E+00  0.0000000E+00  0.0000000E+00
         365          12          31        2021 rtu058          ru      ru          260 tot   1.000000       1977.643      0.7132049       2.639604       1.233081       2.420191      5.6559343E-02  0.0000000E+00  0.0000000E+00  0.0000000E+00  0.0000000E+00  0.0000000E+00  0.5491832      1.5264350E-02  1.6243052E-02  0.1604293      0.1500616      0.0000000E+00   1.020846    
         365          12          31        2021 rtu058          ru      aqu           1 rhg   1.000000       287.0965      0.0000000E+00  0.0000000E+00  0.0000000E+00   4.005442      0.0000000E+00  0.0000000E+00  0.0000000E+00  0.0000000E+00  0.0000000E+00  0.0000000E+00  0.0000000E+00  0.0000000E+00  0.0000000E+00  0.0000000E+00  0.0000000E+00  0.0000000E+00   2.113209    
         365          12          31        2021 rtu060          ru      ru           44 tot   1.000000       10371.72       9.623700       29.67570       11.32733       33.78590      0.1272627      0.0000000E+00  0.0000000E+00  0.0000000E+00  0.0000000E+00  0.0000000E+00   8.464193      0.1415324      0.1692965       1.690325       1.607812      0.0000000E+00   1.002823    
         365          12          31        2021 rtu060          ru      aqu           1 rhg   1.000000       1689.547      0.0000000E+00  0.0000000E+00  0.0000000E+00   17.64028      0.0000000E+00  0.0000000E+00  0.0000000E+00  0.0000000E+00  0.0000000E+00  0.0000000E+00  0.0000000E+00  0.0000000E+00  0.0000000E+00  0.0000000E+00  0.0000000E+00  0.0000000E+00   1.181264    
         365          12          31        2021 rtu088          ru      ru          136 tot   1.000000       484.8369      2.6968988E-07  5.3807503E-06  1.6142249E-05   18.78221      5.3807503E-06  0.0000000E+00  0.0000000E+00  0.0000000E+00  0.0000000E+00  0.0000000E+00  2.6969003E-04  2.6969003E-04  2.6969003E-04  2.6969003E-04  2.6969003E-04  0.0000000E+00   2.843180    
         365          12          31        2021 rtu088          ru      aqu           1 rhg   1.000000       59191.44      0.0000000E+00  0.0000000E+00  0.0000000E+00   2660.884      0.0000000E+00  0.0000000E+00  0.0000000E+00  0.0000000E+00  0.0000000E+00  0.0000000E+00  0.0000000E+00  0.0000000E+00  0.0000000E+00  0.0000000E+00  0.0000000E+00  0.0000000E+00   1.006041    
         365          12          31        2021 rtu089          ru      ru          126 tot   1.000000       43.02902      3.3082276E-07  1.0287001E-06  3.0860995E-06  0.2315816      1.0287001E-06  0.0000000E+00  0.0000000E+00  0.0000000E+00  0.0000000E+00  0.0000000E+00  3.3082304E-04  3.3082304E-04  3.3082304E-04  3.3082304E-04  3.3082304E-04  0.0000000E+00   60.09355    
         365          12          31        2021 rtu089          ru      aqu           1 rhg   1.000000       10874.39      0.0000000E+00  0.0000000E+00  0.0000000E+00   59.26499      0.0000000E+00  0.0000000E+00  0.0000000E+00  0.0000000E+00  0.0000000E+00  0.0000000E+00  0.0000000E+00  0.0000000E+00  0.0000000E+00  0.0000000E+00  0.0000000E+00  0.0000000E+00   1.024897    
         365          12          31        2021 rtu090          ru      ru          116 tot   1.000000       38.00360      3.3701650E-07  8.3575395E-07  2.5072613E-06  0.2024386      8.3575395E-07  0.0000000E+00  0.0000000E+00  0.0000000E+00  0.0000000E+00  0.0000000E+00  3.3701662E-04  3.3701662E-04  3.3701662E-04  3.3701662E-04  3.3701662E-04  0.0000000E+00   79.81285    
         365          12          31        2021 rtu090          ru      aqu           1 rhg   1.000000       8815.518      0.0000000E+00  0.0000000E+00  0.0000000E+00   47.53351      0.0000000E+00  0.0000000E+00  0.0000000E+00  0.0000000E+00  0.0000000E+00  0.0000000E+00  0.0000000E+00  0.0000000E+00  0.0000000E+00  0.0000000E+00  0.0000000E+00  0.0000000E+00   1.031130    
         365          12          31        2021 rtu114          ru      ru           93 tot   1.000000       1590.242      0.2207723       1.609548       1.433063       4.526960       2.049353      0.0000000E+00  0.0000000E+00  0.0000000E+00  0.0000000E+00  0.0000000E+00  0.2197811      2.5447835E-03  3.1610236E-03  2.8371921E-02  2.8066991E-02  0.0000000E+00   1.009341    
         365          12          31        2021 rtu114          ru      aqu           1 rhg   1.000000       11828.33      0.0000000E+00  0.0000000E+00  0.0000000E+00   646.4178      0.0000000E+00  0.0000000E+00  0.0000000E+00  0.0000000E+00  0.0000000E+00  0.0000000E+00  0.0000000E+00  0.0000000E+00  0.0000000E+00  0.0000000E+00  0.0000000E+00  0.0000000E+00   1.030918    
         365          12          31        2021 rtu124          ru      ru           79 tot  0.6698000       959.5502      0.1429244      0.9617797      0.6116793       3.558822      0.8390447      0.0000000E+00  0.0000000E+00  0.0000000E+00  0.0000000E+00  0.0000000E+00  0.1249364      2.3185385E-03  2.7275407E-03  2.5136398E-02  2.3920741E-02  0.0000000E+00   1.007478    
         365          12          31        2021 rtu124          ru      ru          181 tot  0.3302000       473.0420      7.0459262E-02  0.4741410      0.3015475       1.754439      0.4136347      0.0000000E+00  0.0000000E+00  0.0000000E+00  0.0000000E+00  0.0000000E+00  6.1591513E-02  1.1430002E-03  1.3446313E-03  1.2391815E-02  1.1792515E-02  0.0000000E+00   1.012444    
         365          12          31        2021 rtu124          ru      aqu           1 rhg   1.000000       31264.24      0.0000000E+00  0.0000000E+00  0.0000000E+00   1178.779      0.0000000E+00  0.0000000E+00  0.0000000E+00  0.0000000E+00  0.0000000E+00  0.0000000E+00  0.0000000E+00  0.0000000E+00  0.0000000E+00  0.0000000E+00  0.0000000E+00  0.0000000E+00   1.008289    
         365          12          31        2021 rtu151          ru      ru           31 tot  0.4021000       9359.913       2.694659       18.91567       12.36530       10.42325       8.356470      0.0000000E+00  0.0000000E+00  0.0000000E+00  0.0000000E+00  0.0000000E+00   2.451959      4.1050501E-02  4.9093384E-02  0.4897061      0.4658036      0.0000000E+00   1.000633    
         365          12          31        2021 rtu151          ru      ru           96 tot  0.5979000       13917.66       4.006806       28.12654       18.38650       15.49878       12.42560      0.0000000E+00  0.0000000E+00  0.0000000E+00  0.0000000E+00  0.0000000E+00   3.645924      6.1039783E-02  7.2999090E-02  0.7281653      0.6926235      0.0000000E+00   1.000473    
         365          12          31        2021 rtu151          ru      aqu           1 rhg   1.000000       305754.3      0.0000000E+00  0.0000000E+00  0.0000000E+00   11696.14      0.0000000E+00  0.0000000E+00  0.0000000E+00  0.0000000E+00  0.0000000E+00  0.0000000E+00  0.0000000E+00  0.0000000E+00  0.0000000E+00  0.0000000E+00  0.0000000E+00  0.0000000E+00   1.000934    
         365          12          31        2021 rtu173          ru      ru          111 tot   1.000000       266.2166      3.7294302E-02  0.1832618      8.7451264E-02  0.3135966      6.0664289E-02  0.0000000E+00  0.0000000E+00  0.0000000E+00  0.0000000E+00  0.0000000E+00  3.2105476E-02  8.8243425E-04  9.8657759E-04  6.6922624E-03  6.3827205E-03  0.0000000E+00   1.031105    
         365          12          31        2021 rtu173          ru      aqu           1 rhg   1.000000       6068.138      0.0000000E+00  0.0000000E+00  0.0000000E+00   42.15255      0.0000000E+00  0.0000000E+00  0.0000000E+00  0.0000000E+00  0.0000000E+00  0.0000000E+00  0.0000000E+00  0.0000000E+00  0.0000000E+00  0.0000000E+00  0.0000000E+00  0.0000000E+00   1.043047    
         365          12          31        2021 rtu180          ru      ru          222 tot   1.000000       8055.971      0.5903599       2.592643       1.312871       27.67968       1.695308      0.0000000E+00  0.0000000E+00  0.0000000E+00  0.0000000E+00  0.0000000E+00  0.5832660      6.1535090E-03  7.7905999E-03  7.4766889E-02  7.3956810E-02  0.0000000E+00   1.007896    
         365          12          31        2021 rtu180          ru      aqu           1 rhg   1.000000       257803.6      0.0000000E+00  0.0000000E+00  0.0000000E+00   2190.283      0.0000000E+00  0.0000000E+00  0.0000000E+00  0.0000000E+00  0.0000000E+00  0.0000000E+00  0.0000000E+00  0.0000000E+00  0.0000000E+00  0.0000000E+00  0.0000000E+00  0.0000000E+00   1.004202    
         365          12          31        2021 rtu193          ru      ru          154 tot   1.000000       546.1256      3.5742588E-02  0.1808213      8.5201457E-02  0.9214629      0.1537454      0.0000000E+00  0.0000000E+00  0.0000000E+00  0.0000000E+00  0.0000000E+00  3.0724434E-02  8.6578267E-04  9.6534903E-04  6.4215749E-03  6.1255582E-03  0.0000000E+00   1.015506    
         365          12          31        2021 rtu193          ru      aqu           1 rhg   1.000000       7925.480      0.0000000E+00  0.0000000E+00  0.0000000E+00   50.33027      0.0000000E+00  0.0000000E+00  0.0000000E+00  0.0000000E+00  0.0000000E+00  0.0000000E+00  0.0000000E+00  0.0000000E+00  0.0000000E+00  0.0000000E+00  0.0000000E+00  0.0000000E+00   1.044708    
         365          12          31        2021 rtu201          ru      ru          150 tot   1.000000       1173.507      0.1303649      0.6864405      0.5190819       28.92995      0.4990248      0.0000000E+00  0.0000000E+00  0.0000000E+00  0.0000000E+00  0.0000000E+00  0.1188913      1.5409185E-03  1.8737953E-03  1.5492614E-02  1.5327889E-02  0.0000000E+00   1.692155    
         365          12          31        2021 rtu201          ru      aqu           1 rhg   1.000000       71420.57      0.0000000E+00  0.0000000E+00  0.0000000E+00   2388.358      0.0000000E+00  0.0000000E+00  0.0000000E+00  0.0000000E+00  0.0000000E+00  0.0000000E+00  0.0000000E+00  0.0000000E+00  0.0000000E+00  0.0000000E+00  0.0000000E+00  0.0000000E+00   1.003827    
         365          12          31        2021 rtu212          ru      ru          174 tot   1.000000       571.3903      2.0011267E-02  0.1187630      4.4486202E-02   2.060175      0.1234700      0.0000000E+00  0.0000000E+00  0.0000000E+00  0.0000000E+00  0.0000000E+00  1.7454812E-02  6.4432988E-04  7.0038537E-04  3.7720236E-03  3.6053702E-03  0.0000000E+00   1.013844    
         365          12          31        2021 rtu212          ru      aqu           1 rhg   1.000000       13194.41      0.0000000E+00  0.0000000E+00  0.0000000E+00   126.2795      0.0000000E+00  0.0000000E+00  0.0000000E+00  0.0000000E+00  0.0000000E+00  0.0000000E+00  0.0000000E+00  0.0000000E+00  0.0000000E+00  0.0000000E+00  0.0000000E+00  0.0000000E+00   1.024794    
         365          12          31        2021 rtu220          ru      ru          188 tot   1.000000       4373.862      0.4982109       2.662179       1.438515       4.708644       1.661507      0.0000000E+00  0.0000000E+00  0.0000000E+00  0.0000000E+00  0.0000000E+00  0.4186512      1.1791037E-02  1.2537008E-02  0.1224137      0.1145133      0.0000000E+00   1.005908    
         365          12          31        2021 rtu220          ru      aqu           1 rhg   1.000000       2620.756      0.0000000E+00  0.0000000E+00  0.0000000E+00   152.4130      0.0000000E+00  0.0000000E+00  0.0000000E+00  0.0000000E+00  0.0000000E+00  0.0000000E+00  0.0000000E+00  0.0000000E+00  0.0000000E+00  0.0000000E+00  0.0000000E+00  0.0000000E+00   1.144663    
         365          12          31        2021 rtu221          ru      sdc           1 tot   1.000000       795.9420      2.1139486E-02   1.083425      0.1742157       7.207297      0.1921252      0.0000000E+00  0.0000000E+00  0.0000000E+00  0.0000000E+00  0.0000000E+00  1.8673742E-02  5.3594855E-04  5.8732211E-04  2.6917707E-03  2.6663127E-03  0.0000000E+00  4.0846316E+07
         365          12          31        2021 rtu221          ru      aqu           1 rhg   1.000000       52471.65      0.0000000E+00  0.0000000E+00  0.0000000E+00   1251.696      0.0000000E+00  0.0000000E+00  0.0000000E+00  0.0000000E+00  0.0000000E+00  0.0000000E+00  0.0000000E+00  0.0000000E+00  0.0000000E+00  0.0000000E+00  0.0000000E+00  0.0000000E+00  1.5452396E-02
         365          12          31        2021 rtu223          ru      ru          121 tot   1.000000       544.9081      8.1967860E-02  0.7541839      0.5572639       1.788067      0.8591200      0.0000000E+00  0.0000000E+00  0.0000000E+00  0.0000000E+00  0.0000000E+00  7.0983373E-02  1.5368046E-03  1.7684203E-03  1.4459441E-02  1.3770937E-02  0.0000000E+00   1.014552    
         365          12          31        2021 rtu223          ru      aqu           1 rhg   1.000000       13003.13      0.0000000E+00  0.0000000E+00  0.0000000E+00   882.9796      0.0000000E+00  0.0000000E+00  0.0000000E+00  0.0000000E+00  0.0000000E+00  0.0000000E+00  0.0000000E+00  0.0000000E+00  0.0000000E+00  0.0000000E+00  0.0000000E+00  0.0000000E+00   1.021564    
         365          12          31        2021 rtu225          ru      ru          147 tot  0.5265900       1186.275      0.2713329       1.570676      0.9408152       2.942094      0.5512305      0.0000000E+00  0.0000000E+00  0.0000000E+00  0.0000000E+00  0.0000000E+00  0.2432899      4.2433389E-03  5.0407560E-03  4.8727941E-02  4.6357963E-02  0.0000000E+00   1.004582    
         365          12          31        2021 rtu225          ru      ru          227 tot  0.4734100       1066.474      0.2439311       1.412054      0.8458029       2.644974      0.4955621      0.0000000E+00  0.0000000E+00  0.0000000E+00  0.0000000E+00  0.0000000E+00  0.2187202      3.8148076E-03  4.5316960E-03  4.3806933E-02  4.1676283E-02  0.0000000E+00   1.004959    
         365          12          31        2021 rtu225          ru      aqu           1 rhg   1.000000       25020.40      0.0000000E+00  0.0000000E+00  0.0000000E+00   721.9916      0.0000000E+00  0.0000000E+00  0.0000000E+00  0.0000000E+00  0.0000000E+00  0.0000000E+00  0.0000000E+00  0.0000000E+00  0.0000000E+00  0.0000000E+00  0.0000000E+00  0.0000000E+00   1.016636    
         365          12          31        2021 rtu226          ru      ru          148 tot   1.000000       11719.82       4.520402       26.38398       16.57478       60.72435       7.096856      0.0000000E+00  0.0000000E+00  0.0000000E+00  0.0000000E+00  0.0000000E+00   3.542169      9.7336195E-02  0.1036532       1.033988      0.9670960      0.0000000E+00   1.001875    
         365          12          31        2021 rtu226          ru      aqu           1 rhg   1.000000       2959.451      0.0000000E+00  0.0000000E+00  0.0000000E+00   282.5737      0.0000000E+00  0.0000000E+00  0.0000000E+00  0.0000000E+00  0.0000000E+00  0.0000000E+00  0.0000000E+00  0.0000000E+00  0.0000000E+00  0.0000000E+00  0.0000000E+00  0.0000000E+00   1.124828    
         365          12          31        2021 rtu235          ru      ru          260 tot   1.000000       8721.408       3.230182       15.91080       7.911917       19.05963       2.299856      0.0000000E+00  0.0000000E+00  0.0000000E+00  0.0000000E+00  0.0000000E+00   2.506092      6.8949260E-02  7.3418468E-02  0.7316121      0.6842878      0.0000000E+00   1.002292    
         365          12          31        2021 rtu235          ru      aqu           1 rhg   1.000000       1879.347      0.0000000E+00  0.0000000E+00  0.0000000E+00   45.37419      0.0000000E+00  0.0000000E+00  0.0000000E+00  0.0000000E+00  0.0000000E+00  0.0000000E+00  0.0000000E+00  0.0000000E+00  0.0000000E+00  0.0000000E+00  0.0000000E+00  0.0000000E+00   1.213012    
         365          12          31        2021 rtu242          ru      ru           16 tot   1.000000       2078.433      1.4351141E-02  0.1960948      7.2358303E-02   3.022725      0.5374856      0.0000000E+00  0.0000000E+00  0.0000000E+00  0.0000000E+00  0.0000000E+00  7.5902729E-03  1.2988163E-03  1.4420752E-03  1.2789735E-02  6.4407452E-03  0.0000000E+00   93411.09    
         365          12          31        2021 rtu242          ru      aqu           1 rhg   1.000000       68644.84      0.0000000E+00  0.0000000E+00  0.0000000E+00   309.9360      0.0000000E+00  0.0000000E+00  0.0000000E+00  0.0000000E+00  0.0000000E+00  0.0000000E+00  0.0000000E+00  0.0000000E+00  0.0000000E+00  0.0000000E+00  0.0000000E+00  0.0000000E+00  1.5619308E-02
         365          12          31        2021 rtu247          ru      ru          209 tot   1.000000       139365.3       55.69417       372.4186       239.8117       759.8041       110.7091      0.0000000E+00  0.0000000E+00  0.0000000E+00  0.0000000E+00  0.0000000E+00   43.38029       1.188915       1.266285       12.66084       11.84156      0.0000000E+00   1.000184    
         365          12          31        2021 rtu247          ru      aqu           1 rhg   1.000000       33137.50      0.0000000E+00  0.0000000E+00  0.0000000E+00   3781.184      0.0000000E+00  0.0000000E+00  0.0000000E+00  0.0000000E+00  0.0000000E+00  0.0000000E+00  0.0000000E+00  0.0000000E+00  0.0000000E+00  0.0000000E+00  0.0000000E+00  0.0000000E+00   1.009189    
         365          12          31        2021 rtu248          ru      ru          271 tot   1.000000       142549.5       16.64585       113.4130       68.48824       134.6552       91.21308      0.0000000E+00  0.0000000E+00  0.0000000E+00  0.0000000E+00  0.0000000E+00   14.60997      0.4006067      0.4266637       4.264160       3.988243      0.0000000E+00   1.000195    
         365          12          31        2021 rtu248          ru      aqu           1 rhg   1.000000       98018.12      0.0000000E+00  0.0000000E+00  0.0000000E+00   13594.63      0.0000000E+00  0.0000000E+00  0.0000000E+00  0.0000000E+00  0.0000000E+00  0.0000000E+00  0.0000000E+00  0.0000000E+00  0.0000000E+00  0.0000000E+00  0.0000000E+00  0.0000000E+00   1.003406    
         365          12          31        2021 rtu258          ru      ru          308 tot   1.000000       3685.491      2.9873721E-02  0.4076727      0.1508389       9.464536      0.6203759      0.0000000E+00  0.0000000E+00  0.0000000E+00  0.0000000E+00  0.0000000E+00  1.5607830E-02  2.4900823E-03  2.7888059E-03  2.6448442E-02  1.3211117E-02  0.0000000E+00   6282.793    
         365          12          31        2021 rtu258          ru      aqu           1 rhg   1.000000       164566.8      0.0000000E+00  0.0000000E+00  0.0000000E+00   765.7066      0.0000000E+00  0.0000000E+00  0.0000000E+00  0.0000000E+00  0.0000000E+00  0.0000000E+00  0.0000000E+00  0.0000000E+00  0.0000000E+00  0.0000000E+00  0.0000000E+00  0.0000000E+00  1.6504226E-02
         365          12          31        2021 rtu277          ru      ru           86 tot   1.000000       241908.0       37.97168       267.5032       169.7428       934.4944       194.0160      0.0000000E+00  0.0000000E+00  0.0000000E+00  0.0000000E+00  0.0000000E+00   30.42494      0.8338879      0.8881516       8.879750       8.305152      0.0000000E+00   1.000105    
         365          12          31        2021 rtu277          ru      aqu           1 rhg   1.000000       57198.06      0.0000000E+00  0.0000000E+00  0.0000000E+00   6339.616      0.0000000E+00  0.0000000E+00  0.0000000E+00  0.0000000E+00  0.0000000E+00  0.0000000E+00  0.0000000E+00  0.0000000E+00  0.0000000E+00  0.0000000E+00  0.0000000E+00  0.0000000E+00   1.005310    
         365          12          31        2021 rtu279          ru      ru          291 sur   1.000000       25.11400      3.7831556E-05  2.7254791E-04  1.2739343E-04  8.8627890E-02   96.02503      0.0000000E+00  0.0000000E+00  0.0000000E+00  0.0000000E+00  0.0000000E+00  2.7226197E-04  2.2544574E-04  2.2556167E-04  2.3087244E-04  2.3080710E-04  0.0000000E+00  1.1603121E+07
         365          12          31        2021 rtu279          ru      ru          291 lat   1.000000       133.9067      0.0000000E+00  0.0000000E+00  0.0000000E+00  0.3443345      0.0000000E+00  0.0000000E+00  0.0000000E+00  0.0000000E+00  0.0000000E+00  0.0000000E+00  0.0000000E+00  0.0000000E+00  0.0000000E+00  0.0000000E+00  0.0000000E+00  0.0000000E+00   3.563923    
         365          12          31        2021 rtu279          ru      sdc           5 til   1.000000       24512.38      0.0000000E+00  0.0000000E+00  0.0000000E+00   53.02148      0.0000000E+00  0.0000000E+00  0.0000000E+00  0.0000000E+00  0.0000000E+00  0.0000000E+00  0.0000000E+00  0.0000000E+00  0.0000000E+00  0.0000000E+00  0.0000000E+00  0.0000000E+00  1.3349587E-02
         365          12          31        2021 rtu279          ru      aqu           1 rhg   1.000000       4473.084      0.0000000E+00  0.0000000E+00  0.0000000E+00   11.06834      0.0000000E+00  0.0000000E+00  0.0000000E+00  0.0000000E+00  0.0000000E+00  0.0000000E+00  0.0000000E+00  0.0000000E+00  0.0000000E+00  0.0000000E+00  0.0000000E+00  0.0000000E+00   1.065212    
         365          12          31        2021 rtu294          ru      ru          310 sur   1.000000       10921.84       1.939679       8.397582       3.226522      0.4822428       20.63095      0.0000000E+00  0.0000000E+00  0.0000000E+00  0.0000000E+00  0.0000000E+00   1.487333      4.1015457E-02  4.3667704E-02  0.4342716      0.4061870      0.0000000E+00   1.001224    
         365          12          31        2021 rtu294          ru      ru          310 lat   1.000000       1.432225      0.0000000E+00  0.0000000E+00  0.0000000E+00  5.4251528E-03  0.0000000E+00  0.0000000E+00  0.0000000E+00  0.0000000E+00  0.0000000E+00  0.0000000E+00  0.0000000E+00  0.0000000E+00  0.0000000E+00  0.0000000E+00  0.0000000E+00  0.0000000E+00   32997.55    
         365          12          31        2021 rtu294          ru      sdc           2 til   1.000000       8904.436      0.0000000E+00  0.0000000E+00  0.0000000E+00   23.41043      0.0000000E+00  0.0000000E+00  0.0000000E+00  0.0000000E+00  0.0000000E+00  0.0000000E+00  0.0000000E+00  0.0000000E+00  0.0000000E+00  0.0000000E+00  0.0000000E+00  0.0000000E+00   1.933353    
         365          12          31        2021 rtu294          ru      aqu           1 rhg   1.000000       91.44566      0.0000000E+00  0.0000000E+00  0.0000000E+00  0.5676632      0.0000000E+00  0.0000000E+00  0.0000000E+00  0.0000000E+00  0.0000000E+00  0.0000000E+00  0.0000000E+00  0.0000000E+00  0.0000000E+00  0.0000000E+00  0.0000000E+00  0.0000000E+00   11.31644    
         365          12          31        2021 rtu301          ru      sdc           5 sur   1.000000       45.55523      3.4522587E-03  0.1860439      2.8030144E-02  9.9048205E-02   30.58774      0.0000000E+00  0.0000000E+00  0.0000000E+00  0.0000000E+00  0.0000000E+00  3.3891518E-03  3.9044191E-04  3.9894693E-04  7.4687833E-04  7.4267009E-04  0.0000000E+00  8.4138976E+07
         365          12          31        2021 rtu301          ru      sdc           5 lat   1.000000       9.506081      0.0000000E+00  0.0000000E+00  0.0000000E+00  0.6714777      0.0000000E+00  0.0000000E+00  0.0000000E+00  0.0000000E+00  0.0000000E+00  0.0000000E+00  0.0000000E+00  0.0000000E+00  0.0000000E+00  0.0000000E+00  0.0000000E+00  0.0000000E+00   2183.217    
         365          12          31        2021 rtu301          ru      sdc           5 til   1.000000       5956.142      0.0000000E+00  0.0000000E+00  0.0000000E+00   277.7668      0.0000000E+00  0.0000000E+00  0.0000000E+00  0.0000000E+00  0.0000000E+00  0.0000000E+00  0.0000000E+00  0.0000000E+00  0.0000000E+00  0.0000000E+00  0.0000000E+00  0.0000000E+00   1.750670    
         365          12          31        2021 rtu301          ru      aqu           1 rhg   1.000000       41.60196      0.0000000E+00  0.0000000E+00  0.0000000E+00   3.986787      0.0000000E+00  0.0000000E+00  0.0000000E+00  0.0000000E+00  0.0000000E+00  0.0000000E+00  0.0000000E+00  0.0000000E+00  0.0000000E+00  0.0000000E+00  0.0000000E+00  0.0000000E+00   153.2139    
         365          12          31        2021 rtu016          ru      ru          198 tot   1.000000       494.2050      1.4402053E-02  0.1378947      5.8469962E-02  0.2681473      0.1384014      0.0000000E+00  0.0000000E+00  0.0000000E+00  0.0000000E+00  0.0000000E+00  1.9504478E-02  5.8930455E-04  6.5237435E-04  4.1089817E-03  3.9214510E-03  0.0000000E+00   114.6205    
         365          12          31        2021 rtu016          ru      aqu           1 rhg   1.000000       11341.34      0.0000000E+00  0.0000000E+00  0.0000000E+00   35.39662      0.0000000E+00  0.0000000E+00  0.0000000E+00  0.0000000E+00  0.0000000E+00  0.0000000E+00  0.0000000E+00  0.0000000E+00  0.0000000E+00  0.0000000E+00  0.0000000E+00  0.0000000E+00   1.027839    
         365          12          31        2021 rtu031          ru      ru          207 tot   1.000000       858.5926      1.4573531E-03  8.0424901E-03  3.7504421E-03  0.8084089      0.1870057      0.0000000E+00  0.0000000E+00  0.0000000E+00  0.0000000E+00  0.0000000E+00  1.7556127E-03  2.9596325E-04  3.0009609E-04  4.6938870E-04  4.6734040E-04  0.0000000E+00   10.42972    
         365          12          31        2021 rtu031          ru      aqu           1 rhg   1.000000       27654.07      0.0000000E+00  0.0000000E+00  0.0000000E+00   68.68859      0.0000000E+00  0.0000000E+00  0.0000000E+00  0.0000000E+00  0.0000000E+00  0.0000000E+00  0.0000000E+00  0.0000000E+00  0.0000000E+00  0.0000000E+00  0.0000000E+00  0.0000000E+00   1.016879    
         365          12          31        2021 rtu044          ru      ru          210 tot   1.000000       7482.847       4.368255       12.60736       5.610965       10.54045       2.252439      0.0000000E+00  0.0000000E+00  0.0000000E+00  0.0000000E+00  0.0000000E+00  3.3895316E-04  0.1126545      0.1347108      3.3895316E-04  3.3895316E-04  0.0000000E+00   1.020972    
         365          12          31        2021 rtu044          ru      aqu           1 rhg   1.000000       3584.427      0.0000000E+00  0.0000000E+00  0.0000000E+00   6.531579      0.0000000E+00  0.0000000E+00  0.0000000E+00  0.0000000E+00  0.0000000E+00  0.0000000E+00  0.0000000E+00  0.0000000E+00  0.0000000E+00  0.0000000E+00  0.0000000E+00  0.0000000E+00  1.0022084E-02
         365          12          31        2021 rtu079          ru      ru          166 tot   1.000000       68.35462      1.9803853E-03  5.8235773E-03  3.4627595E-03  3.6880974E-02  9.3157077E-03  0.0000000E+00  0.0000000E+00  0.0000000E+00  0.0000000E+00  0.0000000E+00  1.9034904E-03  3.0640219E-04  3.1092664E-04  4.9622037E-04  4.9397844E-04  0.0000000E+00   5525.655    
         365          12          31        2021 rtu079          ru      aqu           1 rhg   1.000000       2875.787      0.0000000E+00  0.0000000E+00  0.0000000E+00   10.85654      0.0000000E+00  0.0000000E+00  0.0000000E+00  0.0000000E+00  0.0000000E+00  0.0000000E+00  0.0000000E+00  0.0000000E+00  0.0000000E+00  0.0000000E+00  0.0000000E+00  0.0000000E+00   1.148372    
         365          12          31        2021 rtu086          ru      ru          289 tot  0.4089700       57186.70       7.179703       35.18798       15.52423       2.253677       2.720887      0.0000000E+00  0.0000000E+00  0.0000000E+00  0.0000000E+00  0.0000000E+00   7.558291      0.1262260      0.1510196       1.509289       1.435605      0.0000000E+00   1.000308    
         365          12          31        2021 rtu086          ru      ru          306 tot  0.5910300       82644.35       10.37587       50.85250       22.43512       3.256940       3.932136      0.0000000E+00  0.0000000E+00  0.0000000E+00  0.0000000E+00  0.0000000E+00   10.92299      0.1824176      0.2182485       2.181174       2.074688      0.0000000E+00   1.000217    
         365          12          31        2021 rtu086          ru      aqu           1 rhg   1.000000       132958.1      0.0000000E+00  0.0000000E+00  0.0000000E+00   316.3934      0.0000000E+00  0.0000000E+00  0.0000000E+00  0.0000000E+00  0.0000000E+00  0.0000000E+00  0.0000000E+00  0.0000000E+00  0.0000000E+00  0.0000000E+00  0.0000000E+00  0.0000000E+00   1.002066    
         365          12          31        2021 rtu096          ru      sdc           1 tot   1.000000       5555.783      0.3500593       21.17002       3.200240       18.40395      0.9595936      0.0000000E+00  0.0000000E+00  0.0000000E+00  0.0000000E+00  0.0000000E+00  0.3527249      3.8202500E-03  4.8100320E-03  4.5302194E-02  4.4812441E-02  0.0000000E+00   3.207535    
         365          12          31        2021 rtu096          ru      aqu           1 rhg   1.000000       40316.85      0.0000000E+00  0.0000000E+00  0.0000000E+00   1426.438      0.0000000E+00  0.0000000E+00  0.0000000E+00  0.0000000E+00  0.0000000E+00  0.0000000E+00  0.0000000E+00  0.0000000E+00  0.0000000E+00  0.0000000E+00  0.0000000E+00  0.0000000E+00   1.012123    
         365          12          31        2021 rtu116          ru      ru          146 tot   1.000000       295.7049      1.7512603E-02  6.4542852E-02  3.5473254E-02   1.040378      4.3519743E-02  0.0000000E+00  0.0000000E+00  0.0000000E+00  0.0000000E+00  0.0000000E+00  1.6555831E-02  5.2296009E-04  5.6840351E-04  2.4287812E-03  2.4062772E-03  0.0000000E+00   13.80424    
         365          12          31        2021 rtu116          ru      aqu           1 rhg   1.000000       21973.89      0.0000000E+00  0.0000000E+00  0.0000000E+00   153.8487      0.0000000E+00  0.0000000E+00  0.0000000E+00  0.0000000E+00  0.0000000E+00  0.0000000E+00  0.0000000E+00  0.0000000E+00  0.0000000E+00  0.0000000E+00  0.0000000E+00  0.0000000E+00   1.013294    
         365          12          31        2021 rtu121          ru      ru           99 tot   1.000000       1493.651      0.2711347       2.577795       1.864764       2.549922       2.325205      0.0000000E+00  0.0000000E+00  0.0000000E+00  0.0000000E+00  0.0000000E+00  0.2387439      4.3343701E-03  5.1162792E-03  4.7955893E-02  4.5631882E-02  0.0000000E+00   1.005739    
         365          12          31        2021 rtu121          ru      aqu           1 rhg   1.000000       26864.39      0.0000000E+00  0.0000000E+00  0.0000000E+00   1874.752      0.0000000E+00  0.0000000E+00  0.0000000E+00  0.0000000E+00  0.0000000E+00  0.0000000E+00  0.0000000E+00  0.0000000E+00  0.0000000E+00  0.0000000E+00  0.0000000E+00  0.0000000E+00   1.010800    
         365          12          31        2021 rtu136          ru      ru           83 tot   1.000000       23.04834      2.4629320E-04  1.4070939E-02  2.0746700E-03  0.3254657      3.0641677E-03  0.0000000E+00  0.0000000E+00  0.0000000E+00  0.0000000E+00  0.0000000E+00  5.1690161E-04  2.9235674E-04  2.9297534E-04  3.1903724E-04  3.1872198E-04  0.0000000E+00   8376.928    
         365          12          31        2021 rtu136          ru      aqu           1 rhg   1.000000       1563.655      0.0000000E+00  0.0000000E+00  0.0000000E+00   68.49155      0.0000000E+00  0.0000000E+00  0.0000000E+00  0.0000000E+00  0.0000000E+00  0.0000000E+00  0.0000000E+00  0.0000000E+00  0.0000000E+00  0.0000000E+00  0.0000000E+00  0.0000000E+00   1.237083    
         365          12          31        2021 rtu147          ru      aqu           1 rhg   1.000000       5833.277      0.0000000E+00  0.0000000E+00  0.0000000E+00   39.07164      0.0000000E+00  0.0000000E+00  0.0000000E+00  0.0000000E+00  0.0000000E+00  0.0000000E+00  0.0000000E+00  0.0000000E+00  0.0000000E+00  0.0000000E+00  0.0000000E+00  0.0000000E+00   1.068697    
         365          12          31        2021 rtu148          ru      ru          191 tot   1.000000       15174.51       6.995679       30.84510       16.29949       27.23458       3.943631      0.0000000E+00  0.0000000E+00  0.0000000E+00  0.0000000E+00  0.0000000E+00   5.456367      0.1497841      0.1595152       1.592653       1.489610      0.0000000E+00   1.001398    
         365          12          31        2021 rtu148          ru      aqu           1 rhg   1.000000       1772.128      0.0000000E+00  0.0000000E+00  0.0000000E+00   51.20586      0.0000000E+00  0.0000000E+00  0.0000000E+00  0.0000000E+00  0.0000000E+00  0.0000000E+00  0.0000000E+00  0.0000000E+00  0.0000000E+00  0.0000000E+00  0.0000000E+00  0.0000000E+00   1.218783    
         365          12          31        2021 rtu150          ru      ru          272 tot  0.2891500       2209.850      0.2539868      0.8988633      0.5948092       10.28111      0.6668631      0.0000000E+00  0.0000000E+00  0.0000000E+00  0.0000000E+00  0.0000000E+00  0.2476189      2.5646100E-03  3.2597445E-03  3.1699315E-02  3.1355333E-02  0.0000000E+00   1.002911    
         365          12          31        2021 rtu150          ru      ru          273 tot  0.7108500       5432.722      0.6244043       2.209776       1.462286       25.27521       1.639425      0.0000000E+00  0.0000000E+00  0.0000000E+00  0.0000000E+00  0.0000000E+00  0.6087495      6.3048699E-03  8.0137970E-03  7.7929981E-02  7.7084333E-02  0.0000000E+00   1.001466    
         365          12          31        2021 rtu150          ru      aqu           1 rhg   1.000000       141757.7      0.0000000E+00  0.0000000E+00  0.0000000E+00   887.4747      0.0000000E+00  0.0000000E+00  0.0000000E+00  0.0000000E+00  0.0000000E+00  0.0000000E+00  0.0000000E+00  0.0000000E+00  0.0000000E+00  0.0000000E+00  0.0000000E+00  0.0000000E+00   1.002534    
         365          12          31        2021 rtu154          ru      ru          105 tot  0.2584100       16451.25       1.570010       14.62625       10.55828       23.52404       24.07045      0.0000000E+00  0.0000000E+00  0.0000000E+00  0.0000000E+00  0.0000000E+00   1.343665      3.6892988E-02  3.9289296E-02  0.3922065      0.3668315      0.0000000E+00   1.001100    
         365          12          31        2021 rtu154          ru      ru          149 tot  0.4804500       30587.06       2.919049       27.19393       19.63054       43.73719       44.75309      0.0000000E+00  0.0000000E+00  0.0000000E+00  0.0000000E+00  0.0000000E+00   2.498216      6.8593465E-02  7.3048823E-02  0.7292114      0.6820333      0.0000000E+00   1.000678    
         365          12          31        2021 rtu154          ru      ru          211 tot  0.2611400       16625.05       1.586597       14.78077       10.66983       23.77256       24.32475      0.0000000E+00  0.0000000E+00  0.0000000E+00  0.0000000E+00  0.0000000E+00   1.357861      3.7282739E-02  3.9704368E-02  0.3963499      0.3707069      0.0000000E+00   1.001090    
         365          12          31        2021 rtu154          ru      aqu           1 rhg   1.000000       39133.55      0.0000000E+00  0.0000000E+00  0.0000000E+00   8325.126      0.0000000E+00  0.0000000E+00  0.0000000E+00  0.0000000E+00  0.0000000E+00  0.0000000E+00  0.0000000E+00  0.0000000E+00  0.0000000E+00  0.0000000E+00  0.0000000E+00  0.0000000E+00   1.008502    
         365          12          31        2021 rtu174          ru      ru          135 tot  0.3081900       270.2881      1.9439539E-02  0.1128427      4.4390161E-02  0.5368851      6.4012028E-02  0.0000000E+00  0.0000000E+00  0.0000000E+00  0.0000000E+00  0.0000000E+00  1.6825221E-02  3.8961746E-04  4.4443668E-04  3.4479948E-03  3.2850504E-03  0.0000000E+00   1.022794    
         365          12          31        2021 rtu174          ru      ru          239 tot  0.6918100       606.7297      4.3636922E-02  0.2533038      9.9644914E-02   1.205174      0.1436911      0.0000000E+00  0.0000000E+00  0.0000000E+00  0.0000000E+00  0.0000000E+00  3.7768453E-02  8.7459432E-04  9.9764985E-04  7.7398899E-03  7.3741195E-03  0.0000000E+00   1.012687    
         365          12          31        2021 rtu174          ru      aqu           1 rhg   1.000000       11970.55      0.0000000E+00  0.0000000E+00  0.0000000E+00   127.4029      0.0000000E+00  0.0000000E+00  0.0000000E+00  0.0000000E+00  0.0000000E+00  0.0000000E+00  0.0000000E+00  0.0000000E+00  0.0000000E+00  0.0000000E+00  0.0000000E+00  0.0000000E+00   1.034610    
         365          12          31        2021 rtu181          ru      ru          175 tot   1.000000       685.8723      0.1088987      0.7821299      0.4969414       2.462686      0.6333999      0.0000000E+00  0.0000000E+00  0.0000000E+00  0.0000000E+00  0.0000000E+00  9.6539944E-02  1.9634019E-03  2.2788532E-03  1.9562678E-02  1.8625027E-02  0.0000000E+00   1.014449    
         365          12          31        2021 rtu181          ru      aqu           1 rhg   1.000000       8630.599      0.0000000E+00  0.0000000E+00  0.0000000E+00   338.8469      0.0000000E+00  0.0000000E+00  0.0000000E+00  0.0000000E+00  0.0000000E+00  0.0000000E+00  0.0000000E+00  0.0000000E+00  0.0000000E+00  0.0000000E+00  0.0000000E+00  0.0000000E+00   1.030803    
         365          12          31        2021 rtu188          ru      ru          132 tot  0.5872300       5930.729      0.9061068       4.654111       2.280038       5.687070       1.602430      0.0000000E+00  0.0000000E+00  0.0000000E+00  0.0000000E+00  0.0000000E+00  0.7321304      2.0222418E-02  2.1527797E-02  0.2137872      0.1999635      0.0000000E+00   1.003184    
         365          12          31        2021 rtu188          ru      ru          189 tot  0.4127700       4168.770      0.6369119       3.271422       1.602662       3.997500       1.126364      0.0000000E+00  0.0000000E+00  0.0000000E+00  0.0000000E+00  0.0000000E+00  0.5146220      1.4214547E-02  1.5132108E-02  0.1502732      0.1405564      0.0000000E+00   1.003985    
         365          12          31        2021 rtu188          ru      aqu           1 rhg   1.000000       2198.511      0.0000000E+00  0.0000000E+00  0.0000000E+00   43.65443      0.0000000E+00  0.0000000E+00  0.0000000E+00  0.0000000E+00  0.0000000E+00  0.0000000E+00  0.0000000E+00  0.0000000E+00  0.0000000E+00  0.0000000E+00  0.0000000E+00  0.0000000E+00   1.169333    
         365          12          31        2021 rtu194          ru      ru          251 tot   1.000000       45230.16       6.257654       33.14279       14.63746       49.00043       10.86457      0.0000000E+00  0.0000000E+00  0.0000000E+00  0.0000000E+00  0.0000000E+00   5.498691      9.2059016E-02  0.1100953       1.098196       1.044593      0.0000000E+00   1.000278    
         365          12          31        2021 rtu194          ru      aqu           1 rhg   1.000000       76743.71      0.0000000E+00  0.0000000E+00  0.0000000E+00   798.0400      0.0000000E+00  0.0000000E+00  0.0000000E+00  0.0000000E+00  0.0000000E+00  0.0000000E+00  0.0000000E+00  0.0000000E+00  0.0000000E+00  0.0000000E+00  0.0000000E+00  0.0000000E+00   1.004081    
         365          12          31        2021 rtu209          ru      ru          275 tot   1.000000       30003.99       3.011980       14.95673       6.287340       33.38662       5.034833      0.0000000E+00  0.0000000E+00  0.0000000E+00  0.0000000E+00  0.0000000E+00   2.497118      4.1995328E-02  5.0185528E-02  0.4988771      0.4745363      0.0000000E+00   1.000260    
         365          12          31        2021 rtu209          ru      aqu           1 rhg   1.000000       299540.9      0.0000000E+00  0.0000000E+00  0.0000000E+00   2492.171      0.0000000E+00  0.0000000E+00  0.0000000E+00  0.0000000E+00  0.0000000E+00  0.0000000E+00  0.0000000E+00  0.0000000E+00  0.0000000E+00  0.0000000E+00  0.0000000E+00  0.0000000E+00   1.001565    
         365          12          31        2021 rtu222          ru      ru            9 tot   1.000000       6289.078      0.9684794       5.026462       2.319815       2.610988       1.725189      0.0000000E+00  0.0000000E+00  0.0000000E+00  0.0000000E+00  0.0000000E+00  0.8333127      1.4257107E-02  1.6989458E-02  0.1666780      0.1585576      0.0000000E+00   1.007162    
         365          12          31        2021 rtu222          ru      aqu           1 rhg   1.000000       17381.99      0.0000000E+00  0.0000000E+00  0.0000000E+00   135.4505      0.0000000E+00  0.0000000E+00  0.0000000E+00  0.0000000E+00  0.0000000E+00  0.0000000E+00  0.0000000E+00  0.0000000E+00  0.0000000E+00  0.0000000E+00  0.0000000E+00  0.0000000E+00   1.044369    
         365          12          31        2021 rtu227          ru      ru            9 tot   1.000000       2683.613      0.4332991       2.068716       1.012645       2.340222      0.6891042      0.0000000E+00  0.0000000E+00  0.0000000E+00  0.0000000E+00  0.0000000E+00  0.3645236      6.4330157E-03  7.6275389E-03  7.3070668E-02  6.9520429E-02  0.0000000E+00   1.002635    
         365          12          31        2021 rtu227          ru      aqu           1 rhg   1.000000       27369.55      0.0000000E+00  0.0000000E+00  0.0000000E+00   158.0328      0.0000000E+00  0.0000000E+00  0.0000000E+00  0.0000000E+00  0.0000000E+00  0.0000000E+00  0.0000000E+00  0.0000000E+00  0.0000000E+00  0.0000000E+00  0.0000000E+00  0.0000000E+00   1.014387    
         365          12          31        2021 rtu241          ru      sdc           4 tot   1.000000       15081.99      0.1408823       1.930149      0.7102958       25.64931       3.383564      0.0000000E+00  0.0000000E+00  0.0000000E+00  0.0000000E+00  0.0000000E+00  7.3001407E-02  1.1138536E-02  1.2547321E-02  0.1241254      6.1698608E-02  0.0000000E+00   5.404679    
         365          12          31        2021 rtu241          ru      aqu           1 rhg   1.000000       330895.6      0.0000000E+00  0.0000000E+00  0.0000000E+00   1466.727      0.0000000E+00  0.0000000E+00  0.0000000E+00  0.0000000E+00  0.0000000E+00  0.0000000E+00  0.0000000E+00  0.0000000E+00  0.0000000E+00  0.0000000E+00  0.0000000E+00  0.0000000E+00   1.025088    
         365          12          31        2021 rtu260          ru      ru          310 tot   1.000000       28386.34      0.8934526       7.291897       2.900127       24.53792       7.276877      0.0000000E+00  0.0000000E+00  0.0000000E+00  0.0000000E+00  0.0000000E+00  0.8989600      2.4770230E-02  2.6372669E-02  0.2624503      0.2454753      0.0000000E+00   1.001896    
         365          12          31        2021 rtu260          ru      aqu           1 rhg   1.000000       8844.132      0.0000000E+00  0.0000000E+00  0.0000000E+00   100.5030      0.0000000E+00  0.0000000E+00  0.0000000E+00  0.0000000E+00  0.0000000E+00  0.0000000E+00  0.0000000E+00  0.0000000E+00  0.0000000E+00  0.0000000E+00  0.0000000E+00  0.0000000E+00   1.042467    
         365          12          31        2021 rtu291          ru      ru          297 sur   1.000000       71.95396      6.3514495E-03  2.1365382E-02  1.2424627E-02  5.2395299E-02   63.60063      0.0000000E+00  0.0000000E+00  0.0000000E+00  0.0000000E+00  0.0000000E+00  6.1386884E-03  3.9652167E-04  4.1278097E-04  1.0788227E-03  1.0707631E-03  0.0000000E+00  1.0320668E+10
         365          12          31        2021 rtu291          ru      ru          297 lat   1.000000       51.77415      0.0000000E+00  0.0000000E+00  0.0000000E+00  0.1549421      0.0000000E+00  0.0000000E+00  0.0000000E+00  0.0000000E+00  0.0000000E+00  0.0000000E+00  0.0000000E+00  0.0000000E+00  0.0000000E+00  0.0000000E+00  0.0000000E+00  0.0000000E+00   10.83467    
         365          12          31        2021 rtu291          ru      sdc           5 til   1.000000       20275.39      0.0000000E+00  0.0000000E+00  0.0000000E+00   35.06125      0.0000000E+00  0.0000000E+00  0.0000000E+00  0.0000000E+00  0.0000000E+00  0.0000000E+00  0.0000000E+00  0.0000000E+00  0.0000000E+00  0.0000000E+00  0.0000000E+00  0.0000000E+00   1.189136    
         365          12          31        2021 rtu291          ru      aqu           1 rhg   1.000000       1500.282      0.0000000E+00  0.0000000E+00  0.0000000E+00   4.864645      0.0000000E+00  0.0000000E+00  0.0000000E+00  0.0000000E+00  0.0000000E+00  0.0000000E+00  0.0000000E+00  0.0000000E+00  0.0000000E+00  0.0000000E+00  0.0000000E+00  0.0000000E+00   1.245370    
         365          12          31        2021 rtu308          ru      ru          307 sur   1.000000       1721.768      3.6153484E-02  0.2070194      0.1334025      0.1729989       15.05214      0.0000000E+00  0.0000000E+00  0.0000000E+00  0.0000000E+00  0.0000000E+00  3.6605436E-02  2.7709447E-03  1.8650217E-03  1.6395181E-02  1.5690759E-02  0.0000000E+00   6.016102    
         365          12          31        2021 rtu308          ru      ru          307 lat   1.000000      0.7850294      0.0000000E+00  0.0000000E+00  0.0000000E+00  1.2544683E-03  0.0000000E+00  0.0000000E+00  0.0000000E+00  0.0000000E+00  0.0000000E+00  0.0000000E+00  0.0000000E+00  0.0000000E+00  0.0000000E+00  0.0000000E+00  0.0000000E+00  0.0000000E+00   91051.73    
         365          12          31        2021 rtu308          ru      sdc           2 til   1.000000       4304.382      0.0000000E+00  0.0000000E+00  0.0000000E+00   4.831022      0.0000000E+00  0.0000000E+00  0.0000000E+00  0.0000000E+00  0.0000000E+00  0.0000000E+00  0.0000000E+00  0.0000000E+00  0.0000000E+00  0.0000000E+00  0.0000000E+00  0.0000000E+00   1.060868    
         365          12          31        2021 rtu308          ru      aqu           1 rhg   1.000000       104.9022      0.0000000E+00  0.0000000E+00  0.0000000E+00  0.1745785      0.0000000E+00  0.0000000E+00  0.0000000E+00  0.0000000E+00  0.0000000E+00  0.0000000E+00  0.0000000E+00  0.0000000E+00  0.0000000E+00  0.0000000E+00  0.0000000E+00  0.0000000E+00   4.253850    
         365          12          31        2021 rtu099          ru      sdc           6 tot   1.000000       1488.880      0.5601689       2.349133       1.080023      0.2958394      0.1194119      0.0000000E+00  0.0000000E+00  0.0000000E+00  0.0000000E+00  0.0000000E+00  0.4881739      8.4294286E-03  1.0029693E-02  9.7705148E-02  9.2948794E-02  0.0000000E+00   1.008722    
         365          12          31        2021 rtu099          ru      aqu           1 rhg   1.000000       1805.225      0.0000000E+00  0.0000000E+00  0.0000000E+00   11.63064      0.0000000E+00  0.0000000E+00  0.0000000E+00  0.0000000E+00  0.0000000E+00  0.0000000E+00  0.0000000E+00  0.0000000E+00  0.0000000E+00  0.0000000E+00  0.0000000E+00  0.0000000E+00   1.164335    
         365          12          31        2021 rtu132          ru      ru          107 tot   1.000000       11741.07       1.547081       7.988225       4.282908       6.382375       4.167847      0.0000000E+00  0.0000000E+00  0.0000000E+00  0.0000000E+00  0.0000000E+00   1.279465      3.5365507E-02  3.7646778E-02  0.3736352      0.3494772      0.0000000E+00   1.002227    
         365          12          31        2021 rtu132          ru      aqu           1 rhg   1.000000       3926.873      0.0000000E+00  0.0000000E+00  0.0000000E+00   238.9943      0.0000000E+00  0.0000000E+00  0.0000000E+00  0.0000000E+00  0.0000000E+00  0.0000000E+00  0.0000000E+00  0.0000000E+00  0.0000000E+00  0.0000000E+00  0.0000000E+00  0.0000000E+00   1.093165    
         365          12          31        2021 rtu135          ru      ru           46 tot   1.000000       345.6051      7.5793182E-03  4.5191228E-02  1.6624803E-02   1.186202      7.7890113E-02  0.0000000E+00  0.0000000E+00  0.0000000E+00  0.0000000E+00  0.0000000E+00  6.5056724E-03  4.3929968E-04  4.5953694E-04  1.5681904E-03  1.5080476E-03  0.0000000E+00   1.028743    
         365          12          31        2021 rtu135          ru      aqu           1 rhg   1.000000       4387.418      0.0000000E+00  0.0000000E+00  0.0000000E+00   118.0888      0.0000000E+00  0.0000000E+00  0.0000000E+00  0.0000000E+00  0.0000000E+00  0.0000000E+00  0.0000000E+00  0.0000000E+00  0.0000000E+00  0.0000000E+00  0.0000000E+00  0.0000000E+00   1.068348    
         365          12          31        2021 rtu146          ru      ru          297 tot   1.000000       855.9512      0.1298244      0.6279966      0.3275441      0.9660796      0.3031265      0.0000000E+00  0.0000000E+00  0.0000000E+00  0.0000000E+00  0.0000000E+00  0.1085035      2.1626051E-03  2.5172851E-03  2.1951035E-02  2.0896740E-02  0.0000000E+00   1.010111    
         365          12          31        2021 rtu146          ru      aqu           1 rhg   1.000000       17460.91      0.0000000E+00  0.0000000E+00  0.0000000E+00   161.9279      0.0000000E+00  0.0000000E+00  0.0000000E+00  0.0000000E+00  0.0000000E+00  0.0000000E+00  0.0000000E+00  0.0000000E+00  0.0000000E+00  0.0000000E+00  0.0000000E+00  0.0000000E+00   1.016994    
         365          12          31        2021 rtu175          ru      ru          122 tot   1.000000       1460.528      0.2313529       1.649459       1.097339       4.104393       1.398152      0.0000000E+00  0.0000000E+00  0.0000000E+00  0.0000000E+00  0.0000000E+00  0.2034435      3.7452148E-03  4.4113337E-03  4.0907111E-02  3.8927238E-02  0.0000000E+00   1.006697    
         365          12          31        2021 rtu175          ru      aqu           1 rhg   1.000000       22159.84      0.0000000E+00  0.0000000E+00  0.0000000E+00   819.5494      0.0000000E+00  0.0000000E+00  0.0000000E+00  0.0000000E+00  0.0000000E+00  0.0000000E+00  0.0000000E+00  0.0000000E+00  0.0000000E+00  0.0000000E+00  0.0000000E+00  0.0000000E+00   1.012072    
         365          12          31        2021 rtu191          ru      ru          192 tot   1.000000       17480.56       8.164775       31.99346       16.23131       16.40623       3.386678      0.0000000E+00  0.0000000E+00  0.0000000E+00  0.0000000E+00  0.0000000E+00   6.310301      0.1731680      0.1844223       1.841867       1.722696      0.0000000E+00   1.001196    
         365          12          31        2021 rtu191          ru      aqu           1 rhg   1.000000       1270.048      0.0000000E+00  0.0000000E+00  0.0000000E+00   35.66391      0.0000000E+00  0.0000000E+00  0.0000000E+00  0.0000000E+00  0.0000000E+00  0.0000000E+00  0.0000000E+00  0.0000000E+00  0.0000000E+00  0.0000000E+00  0.0000000E+00  0.0000000E+00   1.296359    
         365          12          31        2021 rtu207          ru      ru          161 tot   1.000000       954.9385      0.1140360      0.6046146      0.4548286       4.785909      0.6531121      0.0000000E+00  0.0000000E+00  0.0000000E+00  0.0000000E+00  0.0000000E+00  0.1194077      1.5456319E-03  1.8799278E-03  1.5557947E-02  1.5392506E-02  0.0000000E+00   1.071306    
         365          12          31        2021 rtu207          ru      aqu           1 rhg   1.000000       27856.39      0.0000000E+00  0.0000000E+00  0.0000000E+00   944.5527      0.0000000E+00  0.0000000E+00  0.0000000E+00  0.0000000E+00  0.0000000E+00  0.0000000E+00  0.0000000E+00  0.0000000E+00  0.0000000E+00  0.0000000E+00  0.0000000E+00  0.0000000E+00   1.010930    
         365          12          31        2021 rtu210          ru      ru          217 tot   1.000000       1073.181      0.1815545      0.9188427      0.4050883       1.664895      0.2216146      0.0000000E+00  0.0000000E+00  0.0000000E+00  0.0000000E+00  0.0000000E+00  0.1592168      3.0081135E-03  3.5291845E-03  3.2076862E-02  3.0528167E-02  0.0000000E+00   1.007881    
         365          12          31        2021 rtu210          ru      aqu           1 rhg   1.000000       20823.14      0.0000000E+00  0.0000000E+00  0.0000000E+00   153.3074      0.0000000E+00  0.0000000E+00  0.0000000E+00  0.0000000E+00  0.0000000E+00  0.0000000E+00  0.0000000E+00  0.0000000E+00  0.0000000E+00  0.0000000E+00  0.0000000E+00  0.0000000E+00   1.025729    
         365          12          31        2021 rtu211          ru      ru          105 tot   1.000000       8506.483      0.6698681       3.366090       1.544366       6.114700       1.953505      0.0000000E+00  0.0000000E+00  0.0000000E+00  0.0000000E+00  0.0000000E+00  0.5922055      1.0222593E-02  1.2163967E-02  0.1185242      0.1127543      0.0000000E+00   1.002047    
         365          12          31        2021 rtu211          ru      aqu           1 rhg   1.000000       36247.09      0.0000000E+00  0.0000000E+00  0.0000000E+00   241.0128      0.0000000E+00  0.0000000E+00  0.0000000E+00  0.0000000E+00  0.0000000E+00  0.0000000E+00  0.0000000E+00  0.0000000E+00  0.0000000E+00  0.0000000E+00  0.0000000E+00  0.0000000E+00   1.018965    
         365          12          31        2021 rtu239          ru      ru          304 tot   1.000000       121.0064      2.4017473E-04  1.9483094E-03  7.8071328E-04  0.2548600      2.6944855E-02  0.0000000E+00  0.0000000E+00  0.0000000E+00  0.0000000E+00  0.0000000E+00  5.1783759E-04  2.6728088E-04  2.6808036E-04  3.1354671E-04  3.1106413E-04  0.0000000E+00   117.8688    
         365          12          31        2021 rtu239          ru      aqu           1 rhg   1.000000       10660.24      0.0000000E+00  0.0000000E+00  0.0000000E+00   35.70417      0.0000000E+00  0.0000000E+00  0.0000000E+00  0.0000000E+00  0.0000000E+00  0.0000000E+00  0.0000000E+00  0.0000000E+00  0.0000000E+00  0.0000000E+00  0.0000000E+00  0.0000000E+00   1.025337    
         365          12          31        2021 rtu272          ru      ru          273 tot   1.000000       42559.97      0.2355332       1.906946      0.9237709       59.93427       8.093229      0.0000000E+00  0.0000000E+00  0.0000000E+00  0.0000000E+00  0.0000000E+00  0.3691046      3.8305966E-03  4.8661754E-03  4.7253683E-02  4.6740964E-02  0.0000000E+00   1.004162    
         365          12          31        2021 rtu272          ru      aqu           1 rhg   1.000000       316867.2      0.0000000E+00  0.0000000E+00  0.0000000E+00   764.0853      0.0000000E+00  0.0000000E+00  0.0000000E+00  0.0000000E+00  0.0000000E+00  0.0000000E+00  0.0000000E+00  0.0000000E+00  0.0000000E+00  0.0000000E+00  0.0000000E+00  0.0000000E+00   1.000832    
         365          12          31        2021 rtu275          ru      ru          274 tot   1.000000       161590.3       25.02788       178.2195       115.6405       680.9120       135.0595      0.0000000E+00  0.0000000E+00  0.0000000E+00  0.0000000E+00  0.0000000E+00   19.63366      0.5381973      0.5732140       5.730285       5.359490      0.0000000E+00   1.000117    
         365          12          31        2021 rtu275          ru      aqu           1 rhg   1.000000       45575.57      0.0000000E+00  0.0000000E+00  0.0000000E+00   5227.827      0.0000000E+00  0.0000000E+00  0.0000000E+00  0.0000000E+00  0.0000000E+00  0.0000000E+00  0.0000000E+00  0.0000000E+00  0.0000000E+00  0.0000000E+00  0.0000000E+00  0.0000000E+00   1.006848    
         365          12          31        2021 rtu306          ru      ru          283 sur   1.000000       51222.23      5.2847791E-02  0.6621259      0.2207658       3.514582       194.8551      0.0000000E+00  0.0000000E+00  0.0000000E+00  0.0000000E+00  0.0000000E+00  2.5032995E-02  3.9685639E-03  4.4481829E-03  4.2441685E-02  2.1184213E-02  0.0000000E+00  1.7527822E+07
         365          12          31        2021 rtu306          ru      ru          283 lat   1.000000       462.3567      0.0000000E+00  0.0000000E+00  0.0000000E+00   1.406011      0.0000000E+00  0.0000000E+00  0.0000000E+00  0.0000000E+00  0.0000000E+00  0.0000000E+00  0.0000000E+00  0.0000000E+00  0.0000000E+00  0.0000000E+00  0.0000000E+00  0.0000000E+00   2.290595    
         365          12          31        2021 rtu306          ru      sdc           2 til   1.000000       50709.32      0.0000000E+00  0.0000000E+00  0.0000000E+00   112.5516      0.0000000E+00  0.0000000E+00  0.0000000E+00  0.0000000E+00  0.0000000E+00  0.0000000E+00  0.0000000E+00  0.0000000E+00  0.0000000E+00  0.0000000E+00  0.0000000E+00  0.0000000E+00   1.006786    
         365          12          31        2021 rtu306          ru      aqu           1 rhg   1.000000       1728.034      0.0000000E+00  0.0000000E+00  0.0000000E+00   6.706725      0.0000000E+00  0.0000000E+00  0.0000000E+00  0.0000000E+00  0.0000000E+00  0.0000000E+00  0.0000000E+00  0.0000000E+00  0.0000000E+00  0.0000000E+00  0.0000000E+00  0.0000000E+00   1.223219    
         365          12          31        2021 rtu310          ru      ru          311 sur   1.000000       9256.751      8.7868199E-02  0.8402151      0.3379279       6.057907       557.9778      0.0000000E+00  0.0000000E+00  0.0000000E+00  0.0000000E+00  0.0000000E+00  9.7481169E-02  2.8646730E-03  3.0380720E-03  2.8588602E-02  2.6751339E-02  0.0000000E+00   1.004743    
         365          12          31        2021 rtu310          ru      ru          311 lat   1.000000       66.64721      0.0000000E+00  0.0000000E+00  0.0000000E+00  0.1624090      0.0000000E+00  0.0000000E+00  0.0000000E+00  0.0000000E+00  0.0000000E+00  0.0000000E+00  0.0000000E+00  0.0000000E+00  0.0000000E+00  0.0000000E+00  0.0000000E+00  0.0000000E+00   14.56618    
         365          12          31        2021 rtu310          ru      sdc           2 til   1.000000       152295.2      0.0000000E+00  0.0000000E+00  0.0000000E+00   284.9584      0.0000000E+00  0.0000000E+00  0.0000000E+00  0.0000000E+00  0.0000000E+00  0.0000000E+00  0.0000000E+00  0.0000000E+00  0.0000000E+00  0.0000000E+00  0.0000000E+00  0.0000000E+00   1.001668    
         365          12          31        2021 rtu310          ru      aqu           1 rhg   1.000000       3641.736      0.0000000E+00  0.0000000E+00  0.0000000E+00   8.610171      0.0000000E+00  0.0000000E+00  0.0000000E+00  0.0000000E+00  0.0000000E+00  0.0000000E+00  0.0000000E+00  0.0000000E+00  0.0000000E+00  0.0000000E+00  0.0000000E+00  0.0000000E+00   1.076789    
         365          12          31        2021 rtu046          ru      ru          165 tot   1.000000       15095.80      2.5114287E-03  1.2392150E-02  2.6056178E-02   28.81537       4.198616      0.0000000E+00  0.0000000E+00  0.0000000E+00  0.0000000E+00  0.0000000E+00  3.6379331E-04  3.8218158E-04  3.8726890E-04  3.6379331E-04  3.6379331E-04  0.0000000E+00   1.010422    
         365          12          31        2021 rtu046          ru      aqu           1 rhg   1.000000      0.0000000E+00  0.0000000E+00  0.0000000E+00  0.0000000E+00  0.0000000E+00  0.0000000E+00  0.0000000E+00  0.0000000E+00  0.0000000E+00  0.0000000E+00  0.0000000E+00  0.0000000E+00  0.0000000E+00  0.0000000E+00  0.0000000E+00  0.0000000E+00  0.0000000E+00  0.0000000E+00
         365          12          31        2021 rtu105          ru      ru           18 tot  0.3403700       2910.811      0.2102211      0.7923859      0.4442871      0.5470373      0.6307015      0.0000000E+00  0.0000000E+00  0.0000000E+00  0.0000000E+00  0.0000000E+00  0.2044501      2.1554895E-03  2.7293321E-03  2.6206482E-02  2.5922526E-02  0.0000000E+00   1.009074    
         365          12          31        2021 rtu105          ru      ru          169 tot  0.6596300       5641.092      0.4074042       1.535627      0.8610191       1.060147       1.222286      0.0000000E+00  0.0000000E+00  0.0000000E+00  0.0000000E+00  0.0000000E+00  0.3962201      4.1772933E-03  5.2893893E-03  5.0787609E-02  5.0237305E-02  0.0000000E+00   1.005635    
         365          12          31        2021 rtu105          ru      aqu           1 rhg   1.000000       33311.88      0.0000000E+00  0.0000000E+00  0.0000000E+00   149.2153      0.0000000E+00  0.0000000E+00  0.0000000E+00  0.0000000E+00  0.0000000E+00  0.0000000E+00  0.0000000E+00  0.0000000E+00  0.0000000E+00  0.0000000E+00  0.0000000E+00  0.0000000E+00   1.016927    
         365          12          31        2021 rtu107          ru      ru          189 tot   1.000000       15598.99       2.234934       11.38061       5.651435       2.846539       3.421971      0.0000000E+00  0.0000000E+00  0.0000000E+00  0.0000000E+00  0.0000000E+00   1.869645      5.1540703E-02  5.4874610E-02  0.5458848      0.5105810      0.0000000E+00   1.001884    
         365          12          31        2021 rtu107          ru      aqu           1 rhg   1.000000       3548.751      0.0000000E+00  0.0000000E+00  0.0000000E+00   149.2419      0.0000000E+00  0.0000000E+00  0.0000000E+00  0.0000000E+00  0.0000000E+00  0.0000000E+00  0.0000000E+00  0.0000000E+00  0.0000000E+00  0.0000000E+00  0.0000000E+00  0.0000000E+00   1.100301    
         365          12          31        2021 rtu122          ru      ru          176 tot   1.000000       1720.579      0.2621254       1.621998       1.006145       6.435252       1.325843      0.0000000E+00  0.0000000E+00  0.0000000E+00  0.0000000E+00  0.0000000E+00  0.2177517      3.9851656E-03  4.6982314E-03  4.3765042E-02  4.1645698E-02  0.0000000E+00   1.006362    
         365          12          31        2021 rtu122          ru      aqu           1 rhg   1.000000       15389.87      0.0000000E+00  0.0000000E+00  0.0000000E+00   548.7875      0.0000000E+00  0.0000000E+00  0.0000000E+00  0.0000000E+00  0.0000000E+00  0.0000000E+00  0.0000000E+00  0.0000000E+00  0.0000000E+00  0.0000000E+00  0.0000000E+00  0.0000000E+00   1.017846    
         365          12          31        2021 rtu161          ru      sdc           1 tot   1.000000       633.1850      5.3698212E-02  0.4183279      0.4257054       13.82702      0.9491093      0.0000000E+00  0.0000000E+00  0.0000000E+00  0.0000000E+00  0.0000000E+00  5.5301405E-02  9.0851606E-04  1.0627632E-03  7.3750350E-03  7.2986851E-03  0.0000000E+00   38.27151    
         365          12          31        2021 rtu161          ru      aqu           1 rhg   1.000000       20293.87      0.0000000E+00  0.0000000E+00  0.0000000E+00   3001.294      0.0000000E+00  0.0000000E+00  0.0000000E+00  0.0000000E+00  0.0000000E+00  0.0000000E+00  0.0000000E+00  0.0000000E+00  0.0000000E+00  0.0000000E+00  0.0000000E+00  0.0000000E+00   1.021883    
         365          12          31        2021 rtu192          ru      ru           62 tot   1.000000       21260.74       11.93549       49.23732       26.08735       29.25868       5.406441      0.0000000E+00  0.0000000E+00  0.0000000E+00  0.0000000E+00  0.0000000E+00   9.215175      0.2527801      0.2692151       2.689672       2.515640      0.0000000E+00   1.000975    
         365          12          31        2021 rtu192          ru      aqu           1 rhg   1.000000       1894.564      0.0000000E+00  0.0000000E+00  0.0000000E+00   63.27868      0.0000000E+00  0.0000000E+00  0.0000000E+00  0.0000000E+00  0.0000000E+00  0.0000000E+00  0.0000000E+00  0.0000000E+00  0.0000000E+00  0.0000000E+00  0.0000000E+00  0.0000000E+00   1.204517    
         365          12          31        2021 rtu217          ru      ru          251 tot   1.000000       1159.508      0.1385127      0.7082563      0.3079330       1.371013      0.1914918      0.0000000E+00  0.0000000E+00  0.0000000E+00  0.0000000E+00  0.0000000E+00  0.1222224      2.3922629E-03  2.7919819E-03  2.4691369E-02  2.3503343E-02  0.0000000E+00   1.008462    
         365          12          31        2021 rtu217          ru      aqu           1 rhg   1.000000       10815.22      0.0000000E+00  0.0000000E+00  0.0000000E+00   98.10682      0.0000000E+00  0.0000000E+00  0.0000000E+00  0.0000000E+00  0.0000000E+00  0.0000000E+00  0.0000000E+00  0.0000000E+00  0.0000000E+00  0.0000000E+00  0.0000000E+00  0.0000000E+00   1.130782    
         365          12          31        2021 rtu273          ru      ru          271 tot   1.000000       2703.908      4.0762299E-03  3.4717336E-02  1.6120359E-02   4.612756      0.7101421      0.0000000E+00  0.0000000E+00  0.0000000E+00  0.0000000E+00  0.0000000E+00  6.5393331E-03  2.1942279E-04  2.3724935E-04  9.6995814E-04  9.6108869E-04  0.0000000E+00   2.489563    
         365          12          31        2021 rtu273          ru      aqu           1 rhg   1.000000       266918.2      0.0000000E+00  0.0000000E+00  0.0000000E+00   706.7197      0.0000000E+00  0.0000000E+00  0.0000000E+00  0.0000000E+00  0.0000000E+00  0.0000000E+00  0.0000000E+00  0.0000000E+00  0.0000000E+00  0.0000000E+00  0.0000000E+00  0.0000000E+00   1.001209    
         365          12          31        2021 rtu274          ru      ru          268 tot  0.4915600       132555.2       34.49292       236.6649       152.7181       444.4402       106.7265      0.0000000E+00  0.0000000E+00  0.0000000E+00  0.0000000E+00  0.0000000E+00   27.14707      0.7439753      0.7923932       7.923030       7.410336      0.0000000E+00   1.000110    
         365          12          31        2021 rtu274          ru      ru          269 tot  0.5084400       137107.1       35.67740       244.7918       157.9623       459.7021       110.3914      0.0000000E+00  0.0000000E+00  0.0000000E+00  0.0000000E+00  0.0000000E+00   28.07928      0.7695232      0.8196036       8.195105       7.664805      0.0000000E+00   1.000108    
         365          12          31        2021 rtu274          ru      aqu           1 rhg   1.000000       45940.01      0.0000000E+00  0.0000000E+00  0.0000000E+00   5293.926      0.0000000E+00  0.0000000E+00  0.0000000E+00  0.0000000E+00  0.0000000E+00  0.0000000E+00  0.0000000E+00  0.0000000E+00  0.0000000E+00  0.0000000E+00  0.0000000E+00  0.0000000E+00   1.006779    
         365          12          31        2021 rtu297          ru      ru          303 sur   1.000000       975.6475      0.1360285      0.4785704      0.3130805      0.4519122       33.20789      0.0000000E+00  0.0000000E+00  0.0000000E+00  0.0000000E+00  0.0000000E+00  0.1253258      1.6034096E-03  1.9543585E-03  1.6312541E-02  1.6138878E-02  0.0000000E+00   1.010715    
         365          12          31        2021 rtu297          ru      ru          303 lat   1.000000       32.03611      0.0000000E+00  0.0000000E+00  0.0000000E+00  0.2094670      0.0000000E+00  0.0000000E+00  0.0000000E+00  0.0000000E+00  0.0000000E+00  0.0000000E+00  0.0000000E+00  0.0000000E+00  0.0000000E+00  0.0000000E+00  0.0000000E+00  0.0000000E+00   13.37465    
         365          12          31        2021 rtu297          ru      sdc           5 til   1.000000       8002.871      0.0000000E+00  0.0000000E+00  0.0000000E+00   32.15026      0.0000000E+00  0.0000000E+00  0.0000000E+00  0.0000000E+00  0.0000000E+00  0.0000000E+00  0.0000000E+00  0.0000000E+00  0.0000000E+00  0.0000000E+00  0.0000000E+00  0.0000000E+00   1.743838    
         365          12          31        2021 rtu297          ru      aqu           1 rhg   1.000000       707.8211      0.0000000E+00  0.0000000E+00  0.0000000E+00   4.573072      0.0000000E+00  0.0000000E+00  0.0000000E+00  0.0000000E+00  0.0000000E+00  0.0000000E+00  0.0000000E+00  0.0000000E+00  0.0000000E+00  0.0000000E+00  0.0000000E+00  0.0000000E+00   1.397435    
         365          12          31        2021 rtu304          ru      sdc           4 sur  0.6985700       79.76518      2.2853819E-04  2.1665678E-03  7.7340589E-04  0.1802427       49.13451      0.0000000E+00  0.0000000E+00  0.0000000E+00  0.0000000E+00  0.0000000E+00  2.6875333E-04  2.0171443E-04  2.0323928E-04  3.2418643E-04  2.5650091E-04  0.0000000E+00  3.5747551E+09
         365          12          31        2021 rtu304          ru      sdc           4 lat  0.6985700       217.1682      0.0000000E+00  0.0000000E+00  0.0000000E+00  0.9542331      0.0000000E+00  0.0000000E+00  0.0000000E+00  0.0000000E+00  0.0000000E+00  0.0000000E+00  0.0000000E+00  0.0000000E+00  0.0000000E+00  0.0000000E+00  0.0000000E+00  0.0000000E+00   2.491732    
         365          12          31        2021 rtu304          ru      ru          283 sur  0.3014300       34.41832      9.8613287E-05  9.3486463E-04  3.3372111E-04  7.7773981E-02   21.20134      0.0000000E+00  0.0000000E+00  0.0000000E+00  0.0000000E+00  0.0000000E+00  1.1596588E-04  8.7038869E-05  8.7696841E-05  1.3988506E-04  1.1067899E-04  0.0000000E+00  1.9109544E+10
         365          12          31        2021 rtu304          ru      ru          283 lat  0.3014300       93.70717      0.0000000E+00  0.0000000E+00  0.0000000E+00  0.4117475      0.0000000E+00  0.0000000E+00  0.0000000E+00  0.0000000E+00  0.0000000E+00  0.0000000E+00  0.0000000E+00  0.0000000E+00  0.0000000E+00  0.0000000E+00  0.0000000E+00  0.0000000E+00   2.828624    
         365          12          31        2021 rtu304          ru      sdc           4 til   1.000000       14641.28      0.0000000E+00  0.0000000E+00  0.0000000E+00   50.27786      0.0000000E+00  0.0000000E+00  0.0000000E+00  0.0000000E+00  0.0000000E+00  0.0000000E+00  0.0000000E+00  0.0000000E+00  0.0000000E+00  0.0000000E+00  0.0000000E+00  0.0000000E+00   1.025936    
         365          12          31        2021 rtu304          ru      aqu           1 rhg   1.000000       817.0441      0.0000000E+00  0.0000000E+00  0.0000000E+00   3.510805      0.0000000E+00  0.0000000E+00  0.0000000E+00  0.0000000E+00  0.0000000E+00  0.0000000E+00  0.0000000E+00  0.0000000E+00  0.0000000E+00  0.0000000E+00  0.0000000E+00  0.0000000E+00   1.462649    
         365          12          31        2021 rtu311          ru      res           1 sur  0.3887700       2120.836      3.2476189E-03  4.5991950E-02  1.6159019E-02   1.534417       155.0915      0.0000000E+00  0.0000000E+00  0.0000000E+00  0.0000000E+00  0.0000000E+00  1.7363095E-03  3.2552239E-04  3.5764574E-04  2.9022649E-03  1.4785377E-03  0.0000000E+00  2.5319043E+08
         365          12          31        2021 rtu311          ru      res           1 lat  0.3887700       469.8702      0.0000000E+00  0.0000000E+00  0.0000000E+00   1.994979      0.0000000E+00  0.0000000E+00  0.0000000E+00  0.0000000E+00  0.0000000E+00  0.0000000E+00  0.0000000E+00  0.0000000E+00  0.0000000E+00  0.0000000E+00  0.0000000E+00  0.0000000E+00   1.899784    
         365          12          31        2021 rtu311          ru      ru          264 sur  0.6112300       3334.409      5.1059560E-03  7.2309196E-02  2.5405446E-02   2.412435       243.8372      0.0000000E+00  0.0000000E+00  0.0000000E+00  0.0000000E+00  0.0000000E+00  2.7298522E-03  5.1179127E-04  5.6229613E-04  4.5629819E-03  2.3245791E-03  0.0000000E+00  1.0351523E+08
         365          12          31        2021 rtu311          ru      ru          264 lat  0.6112300       738.7369      0.0000000E+00  0.0000000E+00  0.0000000E+00   3.136536      0.0000000E+00  0.0000000E+00  0.0000000E+00  0.0000000E+00  0.0000000E+00  0.0000000E+00  0.0000000E+00  0.0000000E+00  0.0000000E+00  0.0000000E+00  0.0000000E+00  0.0000000E+00   1.841098    
         365          12          31        2021 rtu311          ru      sdc           2 til   1.000000       86190.87      0.0000000E+00  0.0000000E+00  0.0000000E+00   282.2547      0.0000000E+00  0.0000000E+00  0.0000000E+00  0.0000000E+00  0.0000000E+00  0.0000000E+00  0.0000000E+00  0.0000000E+00  0.0000000E+00  0.0000000E+00  0.0000000E+00  0.0000000E+00  1.7940205E-02
         365          12          31        2021 rtu311          ru      aqu           1 rhg   1.000000       4404.747      0.0000000E+00  0.0000000E+00  0.0000000E+00   18.91255      0.0000000E+00  0.0000000E+00  0.0000000E+00  0.0000000E+00  0.0000000E+00  0.0000000E+00  0.0000000E+00  0.0000000E+00  0.0000000E+00  0.0000000E+00  0.0000000E+00  0.0000000E+00   1.190961    
         365          12          31        2021 rtu018          ru      ru          149 tot   1.000000       1087.234      1.5643487E-02  8.8521294E-02  4.3803178E-02  9.5087908E-02  0.2733378      0.0000000E+00  0.0000000E+00  0.0000000E+00  0.0000000E+00  0.0000000E+00  1.7952407E-02  4.4065795E-04  4.9030181E-04  2.5223587E-03  2.4977780E-03  0.0000000E+00   11369.09    
         365          12          31        2021 rtu018          ru      aqu           1 rhg   1.000000       4543.167      0.0000000E+00  0.0000000E+00  0.0000000E+00   10.33868      0.0000000E+00  0.0000000E+00  0.0000000E+00  0.0000000E+00  0.0000000E+00  0.0000000E+00  0.0000000E+00  0.0000000E+00  0.0000000E+00  0.0000000E+00  0.0000000E+00  0.0000000E+00   1.161174    
         365          12          31        2021 rtu062          ru      sdc           4 tot   1.000000       10280.49       1.733682       6.053484       2.155092      0.2309246      0.2594932      0.0000000E+00  0.0000000E+00  0.0000000E+00  0.0000000E+00  0.0000000E+00   1.584817      2.6712524E-02  3.1910047E-02  0.3166628      0.3012153      0.0000000E+00   1.002142    
         365          12          31        2021 rtu062          ru      aqu           1 rhg   1.000000       12596.33      0.0000000E+00  0.0000000E+00  0.0000000E+00   14.33161      0.0000000E+00  0.0000000E+00  0.0000000E+00  0.0000000E+00  0.0000000E+00  0.0000000E+00  0.0000000E+00  0.0000000E+00  0.0000000E+00  0.0000000E+00  0.0000000E+00  0.0000000E+00   1.047131    
         365          12          31        2021 rtu165          ru      ru          296 tot   1.000000       139.3937      7.0497207E-03  3.6688156E-02  1.6889859E-02  0.2128130      8.4722657E-03  0.0000000E+00  0.0000000E+00  0.0000000E+00  0.0000000E+00  0.0000000E+00  6.7073279E-03  4.4780070E-04  4.6864443E-04  1.6123628E-03  1.5503035E-03  0.0000000E+00   17.50033    
         365          12          31        2021 rtu165          ru      aqu           1 rhg   1.000000       21234.35      0.0000000E+00  0.0000000E+00  0.0000000E+00   45.86609      0.0000000E+00  0.0000000E+00  0.0000000E+00  0.0000000E+00  0.0000000E+00  0.0000000E+00  0.0000000E+00  0.0000000E+00  0.0000000E+00  0.0000000E+00  0.0000000E+00  0.0000000E+00   1.014611    
         365          12          31        2021 rtu169          ru      ru           20 tot   1.000000       1612.524      0.1645178      0.8885080      0.4194246      0.5280163      0.3022199      0.0000000E+00  0.0000000E+00  0.0000000E+00  0.0000000E+00  0.0000000E+00  0.1557837      2.9098066E-03  3.4197413E-03  3.1358026E-02  2.9842386E-02  0.0000000E+00   97.34564    
         365          12          31        2021 rtu169          ru      aqu           1 rhg   1.000000       21326.93      0.0000000E+00  0.0000000E+00  0.0000000E+00   116.7145      0.0000000E+00  0.0000000E+00  0.0000000E+00  0.0000000E+00  0.0000000E+00  0.0000000E+00  0.0000000E+00  0.0000000E+00  0.0000000E+00  0.0000000E+00  0.0000000E+00  0.0000000E+00   1.017272    
         365          12          31        2021 rtu176          ru      ru           83 tot   1.000000       943.2196      0.1114223      0.6706037      0.5187960       2.100210      0.8755403      0.0000000E+00  0.0000000E+00  0.0000000E+00  0.0000000E+00  0.0000000E+00  0.1049202      1.4024763E-03  1.6960949E-03  1.3709431E-02  1.3564127E-02  0.0000000E+00   1.128399    
         365          12          31        2021 rtu176          ru      aqu           1 rhg   1.000000       11595.12      0.0000000E+00  0.0000000E+00  0.0000000E+00   362.6833      0.0000000E+00  0.0000000E+00  0.0000000E+00  0.0000000E+00  0.0000000E+00  0.0000000E+00  0.0000000E+00  0.0000000E+00  0.0000000E+00  0.0000000E+00  0.0000000E+00  0.0000000E+00   1.027066    
         365          12          31        2021 rtu189          ru      ru          125 tot   1.000000       24683.04       7.543311       34.49443       16.62933       18.27868       5.054087      0.0000000E+00  0.0000000E+00  0.0000000E+00  0.0000000E+00  0.0000000E+00   6.218225      0.1706582      0.1817480       1.815000       1.697569      0.0000000E+00   1.001096    
         365          12          31        2021 rtu189          ru      aqu           1 rhg   1.000000       2131.569      0.0000000E+00  0.0000000E+00  0.0000000E+00   55.52626      0.0000000E+00  0.0000000E+00  0.0000000E+00  0.0000000E+00  0.0000000E+00  0.0000000E+00  0.0000000E+00  0.0000000E+00  0.0000000E+00  0.0000000E+00  0.0000000E+00  0.0000000E+00   1.163049    
         365          12          31        2021 rtu251          ru      ru          254 tot   1.000000       12511.35      0.1161970       1.596361      0.5860782       23.25240       2.881752      0.0000000E+00  0.0000000E+00  0.0000000E+00  0.0000000E+00  0.0000000E+00  6.0259875E-02  9.2367902E-03  1.0398717E-02  0.1024258      5.0937578E-02  0.0000000E+00   1638.253    
         365          12          31        2021 rtu251          ru      aqu           1 rhg   1.000000       220631.8      0.0000000E+00  0.0000000E+00  0.0000000E+00   979.9142      0.0000000E+00  0.0000000E+00  0.0000000E+00  0.0000000E+00  0.0000000E+00  0.0000000E+00  0.0000000E+00  0.0000000E+00  0.0000000E+00  0.0000000E+00  0.0000000E+00  0.0000000E+00  1.5125478E-02
         365          12          31        2021 rtu264          ru      sdc           2 tot   1.000000       2983.384      4.2112931E-03  5.9257928E-02  2.0765612E-02   1.047318       1.001622      0.0000000E+00  0.0000000E+00  0.0000000E+00  0.0000000E+00  0.0000000E+00  2.4015445E-03  5.6825613E-04  6.0998858E-04  3.9167884E-03  2.0665531E-03  0.0000000E+00   7320988.    
         365          12          31        2021 rtu264          ru      aqu           1 rhg   1.000000       12026.04      0.0000000E+00  0.0000000E+00  0.0000000E+00   54.17552      0.0000000E+00  0.0000000E+00  0.0000000E+00  0.0000000E+00  0.0000000E+00  0.0000000E+00  0.0000000E+00  0.0000000E+00  0.0000000E+00  0.0000000E+00  0.0000000E+00  0.0000000E+00  1.5326318E-02
         365          12          31        2021 rtu268          ru      sdc           3 tot   1.000000       34348.51      0.4165772       5.778463       2.090604       31.13035       9.693665      0.0000000E+00  0.0000000E+00  0.0000000E+00  0.0000000E+00  0.0000000E+00  0.2155905      3.2666404E-02  3.6832109E-02  0.3667600      0.1821689      0.0000000E+00   1.083346    
         365          12          31        2021 rtu268          ru      aqu           1 rhg   1.000000       294012.8      0.0000000E+00  0.0000000E+00  0.0000000E+00   1144.368      0.0000000E+00  0.0000000E+00  0.0000000E+00  0.0000000E+00  0.0000000E+00  0.0000000E+00  0.0000000E+00  0.0000000E+00  0.0000000E+00  0.0000000E+00  0.0000000E+00  0.0000000E+00   1.001374    
         365          12          31        2021 rtu269          ru      res           1 tot   1.000000       34615.86      0.4853665       6.532609       2.363456       30.82335       9.685678      0.0000000E+00  0.0000000E+00  0.0000000E+00  0.0000000E+00  0.0000000E+00  0.2441412      3.6981490E-02  4.1699104E-02  0.4153391      0.2062917      0.0000000E+00   1.173341    
         365          12          31        2021 rtu269          ru      aqu           1 rhg   1.000000       265194.2      0.0000000E+00  0.0000000E+00  0.0000000E+00   1021.198      0.0000000E+00  0.0000000E+00  0.0000000E+00  0.0000000E+00  0.0000000E+00  0.0000000E+00  0.0000000E+00  0.0000000E+00  0.0000000E+00  0.0000000E+00  0.0000000E+00  0.0000000E+00   1.003209    
         365          12          31        2021 rtu271          ru      ru          126 tot   1.000000       6055.535      3.3754598E-02  0.2699646      0.1327616       7.344958       1.678037      0.0000000E+00  0.0000000E+00  0.0000000E+00  0.0000000E+00  0.0000000E+00  5.3034455E-02  6.8527641E-04  8.3363312E-04  6.9078552E-03  6.8343780E-03  0.0000000E+00   2.311803    
         365          12          31        2021 rtu271          ru      aqu           1 rhg   1.000000       352315.4      0.0000000E+00  0.0000000E+00  0.0000000E+00   808.9080      0.0000000E+00  0.0000000E+00  0.0000000E+00  0.0000000E+00  0.0000000E+00  0.0000000E+00  0.0000000E+00  0.0000000E+00  0.0000000E+00  0.0000000E+00  0.0000000E+00  0.0000000E+00   1.001141    
         365          12          31        2021 rtu283          ru      sdc           5 sur   1.000000       200670.8      2.0486647E-02  1.5880797E-02   5.122072       386.2445       57.93464      0.0000000E+00  0.0000000E+00  0.0000000E+00  0.0000000E+00  0.0000000E+00  3.5986720E-04  4.4124835E-04  4.5333823E-04  3.5986720E-04  3.5986720E-04  0.0000000E+00   1.000783    
         365          12          31        2021 rtu283          ru      sdc           5 lat   1.000000      0.0000000E+00  0.0000000E+00  0.0000000E+00  0.0000000E+00  0.0000000E+00  0.0000000E+00  0.0000000E+00  0.0000000E+00  0.0000000E+00  0.0000000E+00  0.0000000E+00  0.0000000E+00  0.0000000E+00  0.0000000E+00  0.0000000E+00  0.0000000E+00  0.0000000E+00  0.0000000E+00
         365          12          31        2021 rtu283          ru      sdc           2 til   1.000000      0.0000000E+00  0.0000000E+00  0.0000000E+00  0.0000000E+00  0.0000000E+00  0.0000000E+00  0.0000000E+00  0.0000000E+00  0.0000000E+00  0.0000000E+00  0.0000000E+00  0.0000000E+00  0.0000000E+00  0.0000000E+00  0.0000000E+00  0.0000000E+00  0.0000000E+00  0.0000000E+00
         365          12          31        2021 rtu283          ru      aqu           1 rhg   1.000000      0.0000000E+00  0.0000000E+00  0.0000000E+00  0.0000000E+00  0.0000000E+00  0.0000000E+00  0.0000000E+00  0.0000000E+00  0.0000000E+00  0.0000000E+00  0.0000000E+00  0.0000000E+00  0.0000000E+00  0.0000000E+00  0.0000000E+00  0.0000000E+00  0.0000000E+00  0.0000000E+00
         365          12          31        2021 rtu303          ru      ru          292 sur   1.000000       547.9067      1.5482651E-02  0.8547285      0.1305508      0.2478432       21.31180      0.0000000E+00  0.0000000E+00  0.0000000E+00  0.0000000E+00  0.0000000E+00  1.4375092E-02  4.8798462E-04  5.2735448E-04  2.1389530E-03  2.1194604E-03  0.0000000E+00   1.178534    
         365          12          31        2021 rtu303          ru      ru          292 lat   1.000000       102.1818      0.0000000E+00  0.0000000E+00  0.0000000E+00   4.759287      0.0000000E+00  0.0000000E+00  0.0000000E+00  0.0000000E+00  0.0000000E+00  0.0000000E+00  0.0000000E+00  0.0000000E+00  0.0000000E+00  0.0000000E+00  0.0000000E+00  0.0000000E+00   4.440899    
         365          12          31        2021 rtu303          ru      sdc           5 til   1.000000       4682.907      0.0000000E+00  0.0000000E+00  0.0000000E+00   121.8046      0.0000000E+00  0.0000000E+00  0.0000000E+00  0.0000000E+00  0.0000000E+00  0.0000000E+00  0.0000000E+00  0.0000000E+00  0.0000000E+00  0.0000000E+00  0.0000000E+00  0.0000000E+00   2.937237    
         365          12          31        2021 rtu303          ru      aqu           1 rhg   1.000000       403.4447      0.0000000E+00  0.0000000E+00  0.0000000E+00   20.81219      0.0000000E+00  0.0000000E+00  0.0000000E+00  0.0000000E+00  0.0000000E+00  0.0000000E+00  0.0000000E+00  0.0000000E+00  0.0000000E+00  0.0000000E+00  0.0000000E+00  0.0000000E+00   1.729157    
         365          12          31        2021 cha2            chandeg res           1 tot   1.000000       1687928.      0.2024870      5.9687421E-02  2.0912312E-02   1859.897       13.57494      0.0000000E+00  3.5278914E-05  0.0000000E+00  0.0000000E+00   1.687554      0.0000000E+00  0.0000000E+00  0.0000000E+00  0.0000000E+00  0.0000000E+00  0.0000000E+00   8.513073    
         365          12          31        2021 rtu083          ru      ru          289 tot   1.000000       81.99309      2.9239285E-07  2.4799674E-06  7.4399018E-06  0.4492185      2.4799674E-06  0.0000000E+00  0.0000000E+00  0.0000000E+00  0.0000000E+00  0.0000000E+00  2.9239274E-04  2.9239274E-04  2.9239274E-04  2.9239274E-04  2.9239274E-04  0.0000000E+00   19.81803    
         365          12          31        2021 rtu083          ru      aqu           1 rhg   1.000000       30539.49      0.0000000E+00  0.0000000E+00  0.0000000E+00   169.4202      0.0000000E+00  0.0000000E+00  0.0000000E+00  0.0000000E+00  0.0000000E+00  0.0000000E+00  0.0000000E+00  0.0000000E+00  0.0000000E+00  0.0000000E+00  0.0000000E+00  0.0000000E+00   1.009546    
         365          12          31        2021 rtu125          ru      ru          127 tot   1.000000       35448.15       6.964479       34.03956       16.85548       26.37857       8.403983      0.0000000E+00  0.0000000E+00  0.0000000E+00  0.0000000E+00  0.0000000E+00   5.635617      0.1546836      0.1647342       1.644954       1.538525      0.0000000E+00   1.000715    
         365          12          31        2021 rtu125          ru      aqu           1 rhg   1.000000       3482.916      0.0000000E+00  0.0000000E+00  0.0000000E+00   93.32399      0.0000000E+00  0.0000000E+00  0.0000000E+00  0.0000000E+00  0.0000000E+00  0.0000000E+00  0.0000000E+00  0.0000000E+00  0.0000000E+00  0.0000000E+00  0.0000000E+00  0.0000000E+00   1.103971    
         365          12          31        2021 rtu126          ru      ru          171 tot   1.000000       2660.109      0.1464708      0.6165172      0.3377910       4.850462      0.5070348      0.0000000E+00  0.0000000E+00  0.0000000E+00  0.0000000E+00  0.0000000E+00  0.1545403      1.8901953E-03  2.3231767E-03  2.0038597E-02  1.9824324E-02  0.0000000E+00   3.427287    
         365          12          31        2021 rtu126          ru      aqu           1 rhg   1.000000       110537.0      0.0000000E+00  0.0000000E+00  0.0000000E+00   672.7656      0.0000000E+00  0.0000000E+00  0.0000000E+00  0.0000000E+00  0.0000000E+00  0.0000000E+00  0.0000000E+00  0.0000000E+00  0.0000000E+00  0.0000000E+00  0.0000000E+00  0.0000000E+00   1.004788    
         365          12          31        2021 rtu149          ru      ru           20 tot   1.000000       5397.007      0.6455967       2.397678       1.560790       2.444828       1.477131      0.0000000E+00  0.0000000E+00  0.0000000E+00  0.0000000E+00  0.0000000E+00  0.6707593      7.0311190E-03  8.9139156E-03  8.5942574E-02  8.5010894E-02  0.0000000E+00   1.007935    
         365          12          31        2021 rtu149          ru      aqu           1 rhg   1.000000       59748.31      0.0000000E+00  0.0000000E+00  0.0000000E+00   238.3598      0.0000000E+00  0.0000000E+00  0.0000000E+00  0.0000000E+00  0.0000000E+00  0.0000000E+00  0.0000000E+00  0.0000000E+00  0.0000000E+00  0.0000000E+00  0.0000000E+00  0.0000000E+00   1.016168    
         365          12          31        2021 rtu254          ru      ru          252 tot   1.000000       9531.918      0.1270970       1.741470      0.6406717       20.84958       1.942161      0.0000000E+00  0.0000000E+00  0.0000000E+00  0.0000000E+00  0.0000000E+00  6.5903433E-02  1.0093555E-02  1.1364511E-02  0.1120249      5.5706576E-02  0.0000000E+00   1435.858    
         365          12          31        2021 rtu254          ru      aqu           1 rhg   1.000000       189372.9      0.0000000E+00  0.0000000E+00  0.0000000E+00   883.6516      0.0000000E+00  0.0000000E+00  0.0000000E+00  0.0000000E+00  0.0000000E+00  0.0000000E+00  0.0000000E+00  0.0000000E+00  0.0000000E+00  0.0000000E+00  0.0000000E+00  0.0000000E+00  1.4876112E-02
         365          12          31        2021 rtu292          ru      sdc           5 sur  0.6694500       6.173733      2.0149763E-07  2.6640421E-06  7.9921283E-06  1.5296915E-02   115.0472      0.0000000E+00  0.0000000E+00  0.0000000E+00  0.0000000E+00  0.0000000E+00  2.0149763E-04  2.0149763E-04  2.0149763E-04  2.0149763E-04  2.0149763E-04  0.0000000E+00  1.5585662E+08
         365          12          31        2021 rtu292          ru      sdc           5 lat  0.6694500       608.1251      0.0000000E+00  0.0000000E+00  0.0000000E+00   48.30221      0.0000000E+00  0.0000000E+00  0.0000000E+00  0.0000000E+00  0.0000000E+00  0.0000000E+00  0.0000000E+00  0.0000000E+00  0.0000000E+00  0.0000000E+00  0.0000000E+00  0.0000000E+00   1.376818    
         365          12          31        2021 rtu292          ru      ru          299 sur  0.3305500       3.048363      9.9492247E-08  1.3154080E-06  3.9462229E-06  7.5530610E-03   56.80610      0.0000000E+00  0.0000000E+00  0.0000000E+00  0.0000000E+00  0.0000000E+00  9.9492208E-05  9.9492208E-05  9.9492208E-05  9.9492208E-05  9.9492208E-05  0.0000000E+00  6.3484160E+08
         365          12          31        2021 rtu292          ru      ru          299 lat  0.3305500       300.2699      0.0000000E+00  0.0000000E+00  0.0000000E+00   23.84987      0.0000000E+00  0.0000000E+00  0.0000000E+00  0.0000000E+00  0.0000000E+00  0.0000000E+00  0.0000000E+00  0.0000000E+00  0.0000000E+00  0.0000000E+00  0.0000000E+00  0.0000000E+00   1.403263    
         365          12          31        2021 rtu292          ru      sdc           5 til   1.000000       35943.26      0.0000000E+00  0.0000000E+00  0.0000000E+00   1435.327      0.0000000E+00  0.0000000E+00  0.0000000E+00  0.0000000E+00  0.0000000E+00  0.0000000E+00  0.0000000E+00  0.0000000E+00  0.0000000E+00  0.0000000E+00  0.0000000E+00  0.0000000E+00   1.139212    
         365          12          31        2021 rtu292          ru      aqu           1 rhg   1.000000       3694.590      0.0000000E+00  0.0000000E+00  0.0000000E+00   309.0441      0.0000000E+00  0.0000000E+00  0.0000000E+00  0.0000000E+00  0.0000000E+00  0.0000000E+00  0.0000000E+00  0.0000000E+00  0.0000000E+00  0.0000000E+00  0.0000000E+00  0.0000000E+00   1.084461    
         365          12          31        2021 rtu296          ru      ru          288 sur   1.000000       52.92261      8.5973004E-03  6.1375357E-02  2.2314271E-02  0.1441500       23.65945      0.0000000E+00  0.0000000E+00  0.0000000E+00  0.0000000E+00  0.0000000E+00  2.8926956E-03  7.3386537E-04  7.8302657E-04  4.6768906E-03  2.4982472E-03  0.0000000E+00  1.2902181E+08
         365          12          31        2021 rtu296          ru      ru          288 lat   1.000000       11.58046      0.0000000E+00  0.0000000E+00  0.0000000E+00  0.3393382      0.0000000E+00  0.0000000E+00  0.0000000E+00  0.0000000E+00  0.0000000E+00  0.0000000E+00  0.0000000E+00  0.0000000E+00  0.0000000E+00  0.0000000E+00  0.0000000E+00  0.0000000E+00   1317.321    
         365          12          31        2021 rtu296          ru      sdc           5 til   1.000000       5065.584      0.0000000E+00  0.0000000E+00  0.0000000E+00   93.92520      0.0000000E+00  0.0000000E+00  0.0000000E+00  0.0000000E+00  0.0000000E+00  0.0000000E+00  0.0000000E+00  0.0000000E+00  0.0000000E+00  0.0000000E+00  0.0000000E+00  0.0000000E+00   1.947225    
         365          12          31        2021 rtu296          ru      aqu           1 rhg   1.000000       41.91601      0.0000000E+00  0.0000000E+00  0.0000000E+00   1.565753      0.0000000E+00  0.0000000E+00  0.0000000E+00  0.0000000E+00  0.0000000E+00  0.0000000E+00  0.0000000E+00  0.0000000E+00  0.0000000E+00  0.0000000E+00  0.0000000E+00  0.0000000E+00   158.0927    
         365          12          31        2021 res1            res     sdc           3 tot   1.000000       1722024.      4.4907829E-05   4.854738       2.098623       984.0235       136.1583       26.47604      1.3456164E-05  0.0000000E+00  0.0000000E+00  0.0000000E+00  0.0000000E+00  1.7220244E-06  1.7220244E-06  0.0000000E+00  0.0000000E+00  0.0000000E+00  1.4928915E-02
         365          12          31        2021 cha3            chandeg sdc           5 tot   1.000000       2749068.       4.780137       10.80060       4.250766       1824.986       148.9281       26.47486      7.8336510E-05  0.0000000E+00  0.0000000E+00   2.747902      0.0000000E+00  0.0000000E+00  0.0000000E+00  0.0000000E+00  0.0000000E+00  0.0000000E+00   10.10765    
         365          12          31        2021 rtu020          ru      ru          143 tot  0.5319000       1256.114      2.9870789E-02  0.1921575      9.5300660E-02  0.2315542      0.3628372      0.0000000E+00  0.0000000E+00  0.0000000E+00  0.0000000E+00  0.0000000E+00  3.8495842E-02  5.2785093E-04  6.3554599E-04  5.0418391E-03  4.9885451E-03  0.0000000E+00   212.1741    
         365          12          31        2021 rtu020          ru      ru          208 tot  0.4681000       1105.447      2.6287876E-02  0.1691088      8.3869569E-02  0.2037799      0.3193155      0.0000000E+00  0.0000000E+00  0.0000000E+00  0.0000000E+00  0.0000000E+00  3.3878356E-02  4.6453750E-04  5.5931485E-04  4.4370843E-03  4.3901820E-03  0.0000000E+00   227.9351    
         365          12          31        2021 rtu020          ru      aqu           1 rhg   1.000000       16560.63      0.0000000E+00  0.0000000E+00  0.0000000E+00   40.50786      0.0000000E+00  0.0000000E+00  0.0000000E+00  0.0000000E+00  0.0000000E+00  0.0000000E+00  0.0000000E+00  0.0000000E+00  0.0000000E+00  0.0000000E+00  0.0000000E+00  0.0000000E+00   1.045892    
         365          12          31        2021 rtu127          ru      ru          186 tot   1.000000       41007.99       8.930301       37.20028       17.17490       17.47877       6.244150      0.0000000E+00  0.0000000E+00  0.0000000E+00  0.0000000E+00  0.0000000E+00   7.231663      0.1984169      0.2113143       2.110766       1.974195      0.0000000E+00   1.000604    
         365          12          31        2021 rtu127          ru      aqu           1 rhg   1.000000       1753.347      0.0000000E+00  0.0000000E+00  0.0000000E+00   56.58976      0.0000000E+00  0.0000000E+00  0.0000000E+00  0.0000000E+00  0.0000000E+00  0.0000000E+00  0.0000000E+00  0.0000000E+00  0.0000000E+00  0.0000000E+00  0.0000000E+00  0.0000000E+00   1.195423    
         365          12          31        2021 rtu171          ru      ru           81 tot  0.7104600       2218.952      0.2856021       1.105075      0.6436036       2.428712      0.4026858      0.0000000E+00  0.0000000E+00  0.0000000E+00  0.0000000E+00  0.0000000E+00  0.2913690      3.1511632E-03  3.9687492E-03  3.7417691E-02  3.7013125E-02  0.0000000E+00   10.69222    
         365          12          31        2021 rtu171          ru      ru           93 tot  0.2895400       904.3092      0.1163938      0.4503609      0.2622934      0.9897944      0.1641101      0.0000000E+00  0.0000000E+00  0.0000000E+00  0.0000000E+00  0.0000000E+00  0.1187441      1.2842207E-03  1.6174190E-03  1.5249164E-02  1.5084284E-02  0.0000000E+00   16.24455    
         365          12          31        2021 rtu171          ru      aqu           1 rhg   1.000000       116790.6      0.0000000E+00  0.0000000E+00  0.0000000E+00   275.9911      0.0000000E+00  0.0000000E+00  0.0000000E+00  0.0000000E+00  0.0000000E+00  0.0000000E+00  0.0000000E+00  0.0000000E+00  0.0000000E+00  0.0000000E+00  0.0000000E+00  0.0000000E+00  1.8202482E-02
         365          12          31        2021 rtu252          ru      ru          253 tot   1.000000       7273.111      8.7321870E-02   1.032668      0.2790266      0.6072437      0.6522947      0.0000000E+00  0.0000000E+00  0.0000000E+00  0.0000000E+00  0.0000000E+00  4.4923499E-02  6.9679078E-03  7.8321062E-03  7.6292016E-02  3.7988465E-02  0.0000000E+00   31376.37    
         365          12          31        2021 rtu252          ru      aqu           1 rhg   1.000000       3459.729      0.0000000E+00  0.0000000E+00  0.0000000E+00   8.564789      0.0000000E+00  0.0000000E+00  0.0000000E+00  0.0000000E+00  0.0000000E+00  0.0000000E+00  0.0000000E+00  0.0000000E+00  0.0000000E+00  0.0000000E+00  0.0000000E+00  0.0000000E+00   1.572184    
         365          12          31        2021 rtu288          ru      ru          278 sur   1.000000       25.56409      1.2469994E-03  1.0336204E-02  4.1651255E-03  7.0134392E-03   4.531000      0.0000000E+00  0.0000000E+00  0.0000000E+00  0.0000000E+00  0.0000000E+00  7.6184800E-04  3.5680353E-04  3.6602601E-04  1.0965894E-03  6.8784098E-04  0.0000000E+00  1.3455133E+12
         365          12          31        2021 rtu288          ru      ru          278 lat   1.000000       20.85756      0.0000000E+00  0.0000000E+00  0.0000000E+00  0.2502347      0.0000000E+00  0.0000000E+00  0.0000000E+00  0.0000000E+00  0.0000000E+00  0.0000000E+00  0.0000000E+00  0.0000000E+00  0.0000000E+00  0.0000000E+00  0.0000000E+00  0.0000000E+00   29.75956    
         365          12          31        2021 rtu288          ru      sdc           5 til   1.000000       1235.526      0.0000000E+00  0.0000000E+00  0.0000000E+00   7.797821      0.0000000E+00  0.0000000E+00  0.0000000E+00  0.0000000E+00  0.0000000E+00  0.0000000E+00  0.0000000E+00  0.0000000E+00  0.0000000E+00  0.0000000E+00  0.0000000E+00  0.0000000E+00   5.246563    
         365          12          31        2021 rtu288          ru      aqu           1 rhg   1.000000       80.79083      0.0000000E+00  0.0000000E+00  0.0000000E+00   1.290454      0.0000000E+00  0.0000000E+00  0.0000000E+00  0.0000000E+00  0.0000000E+00  0.0000000E+00  0.0000000E+00  0.0000000E+00  0.0000000E+00  0.0000000E+00  0.0000000E+00  0.0000000E+00   5.833060    
         365          12          31        2021 rtu299          ru      ru          164 sur   1.000000      4.3963399E-03  3.2474097E-07  4.0930030E-07  1.2279014E-06  4.0930030E-07   16.29641      0.0000000E+00  0.0000000E+00  0.0000000E+00  0.0000000E+00  0.0000000E+00  3.2474101E-04  3.2474101E-04  3.2474101E-04  3.2474101E-04  3.2474101E-04  0.0000000E+00  4.8751414E+11
         365          12          31        2021 rtu299          ru      ru          164 lat   1.000000       89.48423      0.0000000E+00  0.0000000E+00  0.0000000E+00   6.270653      0.0000000E+00  0.0000000E+00  0.0000000E+00  0.0000000E+00  0.0000000E+00  0.0000000E+00  0.0000000E+00  0.0000000E+00  0.0000000E+00  0.0000000E+00  0.0000000E+00  0.0000000E+00   5.301631    
         365          12          31        2021 rtu299          ru      sdc           5 til   1.000000       3669.959      0.0000000E+00  0.0000000E+00  0.0000000E+00   128.9496      0.0000000E+00  0.0000000E+00  0.0000000E+00  0.0000000E+00  0.0000000E+00  0.0000000E+00  0.0000000E+00  0.0000000E+00  0.0000000E+00  0.0000000E+00  0.0000000E+00  0.0000000E+00   2.227293    
         365          12          31        2021 rtu299          ru      aqu           1 rhg   1.000000       361.3611      0.0000000E+00  0.0000000E+00  0.0000000E+00   28.63259      0.0000000E+00  0.0000000E+00  0.0000000E+00  0.0000000E+00  0.0000000E+00  0.0000000E+00  0.0000000E+00  0.0000000E+00  0.0000000E+00  0.0000000E+00  0.0000000E+00  0.0000000E+00   1.907647    
         365          12          31        2021 rtu081          ru      ru          137 tot   1.000000       221.5653      7.3425315E-04  2.3372639E-03  1.3927378E-03  0.2411518      3.3558622E-02  0.0000000E+00  0.0000000E+00  0.0000000E+00  0.0000000E+00  0.0000000E+00  9.6921320E-04  3.3071989E-04  3.3252913E-04  4.0660304E-04  4.0570679E-04  0.0000000E+00   70.19881    
         365          12          31        2021 rtu081          ru      aqu           1 rhg   1.000000       13995.28      0.0000000E+00  0.0000000E+00  0.0000000E+00   66.03092      0.0000000E+00  0.0000000E+00  0.0000000E+00  0.0000000E+00  0.0000000E+00  0.0000000E+00  0.0000000E+00  0.0000000E+00  0.0000000E+00  0.0000000E+00  0.0000000E+00  0.0000000E+00   1.023238    
         365          12          31        2021 rtu164          ru      sdc           1 tot   1.000000       378.3312      3.3784667E-07  2.0262216E-06  6.0786633E-06   14.82426      2.0262216E-06  0.0000000E+00  0.0000000E+00  0.0000000E+00  0.0000000E+00  0.0000000E+00  3.3784684E-04  3.3784684E-04  3.3784684E-04  3.3784684E-04  3.3784684E-04  0.0000000E+00   4.761271    
         365          12          31        2021 rtu164          ru      aqu           1 rhg   1.000000       17297.96      0.0000000E+00  0.0000000E+00  0.0000000E+00   785.0907      0.0000000E+00  0.0000000E+00  0.0000000E+00  0.0000000E+00  0.0000000E+00  0.0000000E+00  0.0000000E+00  0.0000000E+00  0.0000000E+00  0.0000000E+00  0.0000000E+00  0.0000000E+00   1.025663    
         365          12          31        2021 rtu186          ru      ru          155 tot   1.000000       49253.25       8.701447       39.53102       18.60927       24.02094       7.908734      0.0000000E+00  0.0000000E+00  0.0000000E+00  0.0000000E+00  0.0000000E+00   6.976850      0.1914334      0.2038763       2.036396       1.904637      0.0000000E+00   1.000494    
         365          12          31        2021 rtu186          ru      aqu           1 rhg   1.000000       2945.522      0.0000000E+00  0.0000000E+00  0.0000000E+00   65.94151      0.0000000E+00  0.0000000E+00  0.0000000E+00  0.0000000E+00  0.0000000E+00  0.0000000E+00  0.0000000E+00  0.0000000E+00  0.0000000E+00  0.0000000E+00  0.0000000E+00  0.0000000E+00   1.114476    
         365          12          31        2021 rtu208          ru      ru          141 tot   1.000000       1003.110      5.6038752E-02  0.3154887      0.1458431       1.237199      0.2450546      0.0000000E+00  0.0000000E+00  0.0000000E+00  0.0000000E+00  0.0000000E+00  5.3847831E-02  1.2507654E-03  1.4261970E-03  1.1037964E-02  1.0516508E-02  0.0000000E+00   1.016749    
         365          12          31        2021 rtu208          ru      aqu           1 rhg   1.000000       11109.92      0.0000000E+00  0.0000000E+00  0.0000000E+00   81.15923      0.0000000E+00  0.0000000E+00  0.0000000E+00  0.0000000E+00  0.0000000E+00  0.0000000E+00  0.0000000E+00  0.0000000E+00  0.0000000E+00  0.0000000E+00  0.0000000E+00  0.0000000E+00   1.042233    
         365          12          31        2021 rtu253          ru      ru          307 tot   1.000000       8431.882      0.1156420       1.579471      0.5830334       14.86328       2.017338      0.0000000E+00  0.0000000E+00  0.0000000E+00  0.0000000E+00  0.0000000E+00  5.9970614E-02  9.1908686E-03  1.0347262E-02  0.1019353      5.0692789E-02  0.0000000E+00   3028.328    
         365          12          31        2021 rtu253          ru      aqu           1 rhg   1.000000       171516.9      0.0000000E+00  0.0000000E+00  0.0000000E+00   797.6991      0.0000000E+00  0.0000000E+00  0.0000000E+00  0.0000000E+00  0.0000000E+00  0.0000000E+00  0.0000000E+00  0.0000000E+00  0.0000000E+00  0.0000000E+00  0.0000000E+00  0.0000000E+00  1.6259398E-02
         365          12          31        2021 rtu278          ru      ru          289 sur   1.000000       198.7895      4.9345993E-04  5.0539365E-03  1.8037735E-03  0.4040302       110.5705      0.0000000E+00  0.0000000E+00  0.0000000E+00  0.0000000E+00  0.0000000E+00  4.3569761E-04  2.7918167E-04  2.8274281E-04  5.6509452E-04  4.0709265E-04  0.0000000E+00  6.0229664E+08
         365          12          31        2021 rtu278          ru      ru          289 lat   1.000000       434.6070      0.0000000E+00  0.0000000E+00  0.0000000E+00   1.902127      0.0000000E+00  0.0000000E+00  0.0000000E+00  0.0000000E+00  0.0000000E+00  0.0000000E+00  0.0000000E+00  0.0000000E+00  0.0000000E+00  0.0000000E+00  0.0000000E+00  0.0000000E+00   1.868924    
         365          12          31        2021 rtu278          ru      sdc           5 til   1.000000       23099.98      0.0000000E+00  0.0000000E+00  0.0000000E+00   78.98856      0.0000000E+00  0.0000000E+00  0.0000000E+00  0.0000000E+00  0.0000000E+00  0.0000000E+00  0.0000000E+00  0.0000000E+00  0.0000000E+00  0.0000000E+00  0.0000000E+00  0.0000000E+00   1.009951    
         365          12          31        2021 rtu278          ru      aqu           1 rhg   1.000000       1275.561      0.0000000E+00  0.0000000E+00  0.0000000E+00   5.457246      0.0000000E+00  0.0000000E+00  0.0000000E+00  0.0000000E+00  0.0000000E+00  0.0000000E+00  0.0000000E+00  0.0000000E+00  0.0000000E+00  0.0000000E+00  0.0000000E+00  0.0000000E+00   1.258280    
         365          12          31        2021 rtu137          ru      ru           82 tot   1.000000       309.7729      6.2760249E-02  0.2371642      0.1186943       1.963977      4.9296979E-02  0.0000000E+00  0.0000000E+00  0.0000000E+00  0.0000000E+00  0.0000000E+00  5.4786265E-02  9.0416771E-04  1.0570170E-03  7.3100785E-03  7.2344472E-03  0.0000000E+00   18.64351    
         365          12          31        2021 rtu137          ru      aqu           1 rhg   1.000000       14553.00      0.0000000E+00  0.0000000E+00  0.0000000E+00   257.2538      0.0000000E+00  0.0000000E+00  0.0000000E+00  0.0000000E+00  0.0000000E+00  0.0000000E+00  0.0000000E+00  0.0000000E+00  0.0000000E+00  0.0000000E+00  0.0000000E+00  0.0000000E+00   1.020317    
         365          12          31        2021 rtu141          ru      ru          130 tot   1.000000       1135.626      5.0920315E-02  0.2895307      0.1318264      0.9104176      0.2984290      0.0000000E+00  0.0000000E+00  0.0000000E+00  0.0000000E+00  0.0000000E+00  4.8335034E-02  1.1573028E-03  1.3146148E-03  9.9357255E-03  9.4679901E-03  0.0000000E+00   1.008822    
         365          12          31        2021 rtu141          ru      aqu           1 rhg   1.000000       16191.75      0.0000000E+00  0.0000000E+00  0.0000000E+00   123.5894      0.0000000E+00  0.0000000E+00  0.0000000E+00  0.0000000E+00  0.0000000E+00  0.0000000E+00  0.0000000E+00  0.0000000E+00  0.0000000E+00  0.0000000E+00  0.0000000E+00  0.0000000E+00   1.019694    
         365          12          31        2021 rtu155          ru      ru          184 tot   1.000000       51976.65       10.53057       42.61797       20.73337       21.93864       9.408989      0.0000000E+00  0.0000000E+00  0.0000000E+00  0.0000000E+00  0.0000000E+00   8.500245      0.2331733      0.2483332       2.481002       2.320472      0.0000000E+00   1.000461    
         365          12          31        2021 rtu155          ru      aqu           1 rhg   1.000000       1652.381      0.0000000E+00  0.0000000E+00  0.0000000E+00   57.61800      0.0000000E+00  0.0000000E+00  0.0000000E+00  0.0000000E+00  0.0000000E+00  0.0000000E+00  0.0000000E+00  0.0000000E+00  0.0000000E+00  0.0000000E+00  0.0000000E+00  0.0000000E+00   1.197976    
         365          12          31        2021 rtu289          ru      sdc           5 sur  0.3842900       4470.926      0.1617133       1.574893      0.6303860       1.307451       228.2286      0.0000000E+00  0.0000000E+00  0.0000000E+00  0.0000000E+00  0.0000000E+00  7.3031478E-02  1.1096053E-02  1.2506508E-02  0.1242151      6.1715458E-02  0.0000000E+00  4.6598196E+07
         365          12          31        2021 rtu289          ru      sdc           5 lat  0.3842900       507.6198      0.0000000E+00  0.0000000E+00  0.0000000E+00   6.216501      0.0000000E+00  0.0000000E+00  0.0000000E+00  0.0000000E+00  0.0000000E+00  0.0000000E+00  0.0000000E+00  0.0000000E+00  0.0000000E+00  0.0000000E+00  0.0000000E+00  0.0000000E+00   1.342347    
         365          12          31        2021 rtu289          ru      ru           87 sur  0.6157100       7163.323      0.2590972       2.523295       1.010005       2.094799       365.6682      0.0000000E+00  0.0000000E+00  0.0000000E+00  0.0000000E+00  0.0000000E+00  0.1170112      1.7778110E-02  2.0037932E-02  0.1990176      9.8880604E-02  0.0000000E+00  1.8505068E+07
         365          12          31        2021 rtu289          ru      ru           87 lat  0.6157100       813.3090      0.0000000E+00  0.0000000E+00  0.0000000E+00   9.960087      0.0000000E+00  0.0000000E+00  0.0000000E+00  0.0000000E+00  0.0000000E+00  0.0000000E+00  0.0000000E+00  0.0000000E+00  0.0000000E+00  0.0000000E+00  0.0000000E+00  0.0000000E+00   1.328933    
         365          12          31        2021 rtu289          ru      sdc           5 til   1.000000       145859.6      0.0000000E+00  0.0000000E+00  0.0000000E+00   876.9520      0.0000000E+00  0.0000000E+00  0.0000000E+00  0.0000000E+00  0.0000000E+00  0.0000000E+00  0.0000000E+00  0.0000000E+00  0.0000000E+00  0.0000000E+00  0.0000000E+00  0.0000000E+00   1.050405    
         365          12          31        2021 rtu289          ru      aqu           1 rhg   1.000000       7515.865      0.0000000E+00  0.0000000E+00  0.0000000E+00   101.9721      0.0000000E+00  0.0000000E+00  0.0000000E+00  0.0000000E+00  0.0000000E+00  0.0000000E+00  0.0000000E+00  0.0000000E+00  0.0000000E+00  0.0000000E+00  0.0000000E+00  0.0000000E+00   1.049577    
         365          12          31        2021 rtu307          ru      sdc           4 sur   1.000000       5947.984      9.7916618E-02  0.5730557      0.3732347       1.309216       100.9004      0.0000000E+00  0.0000000E+00  0.0000000E+00  0.0000000E+00  0.0000000E+00  9.8835923E-02  7.0591625E-03  4.6019494E-03  4.4014916E-02  4.2104151E-02  0.0000000E+00   1.272349    
         365          12          31        2021 rtu307          ru      sdc           4 lat   1.000000       5.947662      0.0000000E+00  0.0000000E+00  0.0000000E+00  1.2338774E-02  0.0000000E+00  0.0000000E+00  0.0000000E+00  0.0000000E+00  0.0000000E+00  0.0000000E+00  0.0000000E+00  0.0000000E+00  0.0000000E+00  0.0000000E+00  0.0000000E+00  0.0000000E+00   751.7413    
         365          12          31        2021 rtu307          ru      sdc           4 til   1.000000       23843.74      0.0000000E+00  0.0000000E+00  0.0000000E+00   38.11568      0.0000000E+00  0.0000000E+00  0.0000000E+00  0.0000000E+00  0.0000000E+00  0.0000000E+00  0.0000000E+00  0.0000000E+00  0.0000000E+00  0.0000000E+00  0.0000000E+00  0.0000000E+00   1.011023    
         365          12          31        2021 rtu307          ru      aqu           1 rhg   1.000000       795.1987      0.0000000E+00  0.0000000E+00  0.0000000E+00   1.483810      0.0000000E+00  0.0000000E+00  0.0000000E+00  0.0000000E+00  0.0000000E+00  0.0000000E+00  0.0000000E+00  0.0000000E+00  0.0000000E+00  0.0000000E+00  0.0000000E+00  0.0000000E+00   1.389778    
         365          12          31        2021 rtu087          ru      ru           19 tot   1.000000       6768.930      0.4045768       3.546710       1.406533      0.7271661       1.101206      0.0000000E+00  0.0000000E+00  0.0000000E+00  0.0000000E+00  0.0000000E+00  0.1699723      2.5905320E-02  2.9186158E-02  0.2890300      0.1436502      0.0000000E+00   106.4468    
         365          12          31        2021 rtu087          ru      aqu           1 rhg   1.000000       8974.566      0.0000000E+00  0.0000000E+00  0.0000000E+00   67.21065      0.0000000E+00  0.0000000E+00  0.0000000E+00  0.0000000E+00  0.0000000E+00  0.0000000E+00  0.0000000E+00  0.0000000E+00  0.0000000E+00  0.0000000E+00  0.0000000E+00  0.0000000E+00   1.038955    
         365          12          31        2021 rtu130          ru      ru          143 tot   1.000000       1228.062      7.8309737E-02  0.3861574      0.1760317      0.8374131      0.3153682      0.0000000E+00  0.0000000E+00  0.0000000E+00  0.0000000E+00  0.0000000E+00  6.7415506E-02  1.4773906E-03  1.6972990E-03  1.3747307E-02  1.3093580E-02  0.0000000E+00   1.009547    
         365          12          31        2021 rtu130          ru      aqu           1 rhg   1.000000       9456.053      0.0000000E+00  0.0000000E+00  0.0000000E+00   59.06410      0.0000000E+00  0.0000000E+00  0.0000000E+00  0.0000000E+00  0.0000000E+00  0.0000000E+00  0.0000000E+00  0.0000000E+00  0.0000000E+00  0.0000000E+00  0.0000000E+00  0.0000000E+00   1.066578    
         365          12          31        2021 rtu184          ru      ru            9 tot   1.000000       66042.66       33.46502       145.5118       70.83505       77.55968       13.04363      0.0000000E+00  0.0000000E+00  0.0000000E+00  0.0000000E+00  0.0000000E+00   26.33479      0.7218699      0.7688385       7.686074       7.188723      0.0000000E+00   1.000379    
         365          12          31        2021 rtu184          ru      aqu           1 rhg   1.000000       3424.038      0.0000000E+00  0.0000000E+00  0.0000000E+00   35.00636      0.0000000E+00  0.0000000E+00  0.0000000E+00  0.0000000E+00  0.0000000E+00  0.0000000E+00  0.0000000E+00  0.0000000E+00  0.0000000E+00  0.0000000E+00  0.0000000E+00  0.0000000E+00   1.153141    
         365          12          31        2021 rtu009          ru      sdc           4 tot   1.000000       10707.24      8.5267492E-02  0.8704423      0.3631568       5.354644       3.286015      0.0000000E+00  0.0000000E+00  0.0000000E+00  0.0000000E+00  0.0000000E+00  0.1197312      2.1619208E-03  2.5540034E-03  2.4039490E-02  2.2873878E-02  0.0000000E+00   108.9953    
         365          12          31        2021 rtu009          ru      aqu           1 rhg   1.000000       218656.2      0.0000000E+00  0.0000000E+00  0.0000000E+00   785.5172      0.0000000E+00  0.0000000E+00  0.0000000E+00  0.0000000E+00  0.0000000E+00  0.0000000E+00  0.0000000E+00  0.0000000E+00  0.0000000E+00  0.0000000E+00  0.0000000E+00  0.0000000E+00   1.004946    
         365          12          31        2021 rtu019          ru      sdc           5 tot   1.000000       6069.276      5.0805330E-02  0.6638422      0.2416035       1.885653       1.982967      0.0000000E+00  0.0000000E+00  0.0000000E+00  0.0000000E+00  0.0000000E+00  2.5231546E-02  4.0110708E-03  4.4943038E-03  4.2768463E-02  2.1354379E-02  0.0000000E+00   872505.8    
         365          12          31        2021 rtu019          ru      aqu           1 rhg   1.000000       18666.86      0.0000000E+00  0.0000000E+00  0.0000000E+00   83.55292      0.0000000E+00  0.0000000E+00  0.0000000E+00  0.0000000E+00  0.0000000E+00  0.0000000E+00  0.0000000E+00  0.0000000E+00  0.0000000E+00  0.0000000E+00  0.0000000E+00  0.0000000E+00  1.5648950E-02
         365          12          31        2021 rtu143          ru      ru          167 tot   1.000000       2026.710      0.1580575      0.8874383      0.4137422      0.8585509      0.5545023      0.0000000E+00  0.0000000E+00  0.0000000E+00  0.0000000E+00  0.0000000E+00  0.1491541      2.8406777E-03  3.3287317E-03  3.0067910E-02  2.8617319E-02  0.0000000E+00   1.008989    
         365          12          31        2021 rtu143          ru      aqu           1 rhg   1.000000       12784.61      0.0000000E+00  0.0000000E+00  0.0000000E+00   104.1567      0.0000000E+00  0.0000000E+00  0.0000000E+00  0.0000000E+00  0.0000000E+00  0.0000000E+00  0.0000000E+00  0.0000000E+00  0.0000000E+00  0.0000000E+00  0.0000000E+00  0.0000000E+00   1.025141    
         365          12          31        2021 cha4            chandeg sdc           5 tot   1.000000       2076263.       1.250844       9.425596       3.600709       1690.908       157.3240      0.0000000E+00  8.3018953E-05  0.0000000E+00  0.0000000E+00   2.074565      0.0000000E+00  0.0000000E+00  0.0000000E+00  0.0000000E+00  0.0000000E+00  0.0000000E+00   8.624597    
         365          12          31        2021 cha5            chandeg sdc           6 tot   1.000000       7471313.       4.658071       23.89629       14.43393       9345.334       747.9353       26.47320      1.9370981E-04  0.0000000E+00  0.0000000E+00   7.468380      0.0000000E+00  0.0000000E+00  0.0000000E+00  0.0000000E+00  0.0000000E+00  0.0000000E+00   9.163189    
         365          12          31        2021 rtu167          ru      ru           78 tot   1.000000       114.0855      5.1745386E-03  1.6245730E-02  9.6835569E-03  0.3573237      8.0572749E-03  0.0000000E+00  0.0000000E+00  0.0000000E+00  0.0000000E+00  0.0000000E+00  4.8154253E-03  3.7330389E-04  3.8590492E-04  9.0141356E-04  8.9517812E-04  0.0000000E+00   28.92440    
         365          12          31        2021 rtu167          ru      aqu           1 rhg   1.000000       16021.37      0.0000000E+00  0.0000000E+00  0.0000000E+00   77.49213      0.0000000E+00  0.0000000E+00  0.0000000E+00  0.0000000E+00  0.0000000E+00  0.0000000E+00  0.0000000E+00  0.0000000E+00  0.0000000E+00  0.0000000E+00  0.0000000E+00  0.0000000E+00   1.019617    
         365          12          31        2021 rtu078          ru      ru          198 tot   1.000000       108.3914      3.1569454E-07  2.2031029E-06  6.6093107E-06  0.5814814      2.2031029E-06  0.0000000E+00  0.0000000E+00  0.0000000E+00  0.0000000E+00  0.0000000E+00  3.1569472E-04  3.1569472E-04  3.1569472E-04  3.1569472E-04  3.1569472E-04  0.0000000E+00   10.74442    
         365          12          31        2021 rtu078          ru      aqu           1 rhg   1.000000       24466.44      0.0000000E+00  0.0000000E+00  0.0000000E+00   132.8850      0.0000000E+00  0.0000000E+00  0.0000000E+00  0.0000000E+00  0.0000000E+00  0.0000000E+00  0.0000000E+00  0.0000000E+00  0.0000000E+00  0.0000000E+00  0.0000000E+00  0.0000000E+00   1.011028    
         365          12          31        2021 rtu198          ru      ru           77 tot   1.000000       182.8838      7.8371400E-03  2.8380640E-02  1.8239895E-02  0.5474221      3.5439007E-02  0.0000000E+00  0.0000000E+00  0.0000000E+00  0.0000000E+00  0.0000000E+00  7.9192109E-03  4.3751081E-04  4.5871182E-04  1.3268461E-03  1.3163452E-03  0.0000000E+00   66.98930    
         365          12          31        2021 rtu198          ru      aqu           1 rhg   1.000000       14167.54      0.0000000E+00  0.0000000E+00  0.0000000E+00   75.65023      0.0000000E+00  0.0000000E+00  0.0000000E+00  0.0000000E+00  0.0000000E+00  0.0000000E+00  0.0000000E+00  0.0000000E+00  0.0000000E+00  0.0000000E+00  0.0000000E+00  0.0000000E+00   1.033938    
         365          12          31        2021 rtu077          ru      ru          172 tot   1.000000       101.9999      3.2792107E-07  1.7660985E-06  5.2982932E-06  0.5518451      1.7660985E-06  0.0000000E+00  0.0000000E+00  0.0000000E+00  0.0000000E+00  0.0000000E+00  3.2792095E-04  3.2792095E-04  3.2792095E-04  3.2792095E-04  3.2792095E-04  0.0000000E+00   12.04798    
         365          12          31        2021 rtu077          ru      aqu           1 rhg   1.000000       18872.74      0.0000000E+00  0.0000000E+00  0.0000000E+00   103.3718      0.0000000E+00  0.0000000E+00  0.0000000E+00  0.0000000E+00  0.0000000E+00  0.0000000E+00  0.0000000E+00  0.0000000E+00  0.0000000E+00  0.0000000E+00  0.0000000E+00  0.0000000E+00   1.014424    
         365          12          31        2021 rtu172          ru      ru          103 tot   1.000000       77.18182      5.9626168E-03  2.0175448E-02  1.3188102E-02  0.1236138      1.6240167E-02  0.0000000E+00  0.0000000E+00  0.0000000E+00  0.0000000E+00  0.0000000E+00  5.8429535E-03  4.1700547E-04  4.3239177E-04  1.0620581E-03  1.0544423E-03  0.0000000E+00  7.9988947E+08
         365          12          31        2021 rtu172          ru      aqu           1 rhg   1.000000       6031.000      0.0000000E+00  0.0000000E+00  0.0000000E+00   15.47169      0.0000000E+00  0.0000000E+00  0.0000000E+00  0.0000000E+00  0.0000000E+00  0.0000000E+00  0.0000000E+00  0.0000000E+00  0.0000000E+00  0.0000000E+00  0.0000000E+00  0.0000000E+00  1.8133041E-02
         365          12          31        2021 rtu103          ru      ru          111 tot   1.000000       74.32307      4.1183243E-03  1.6061597E-02  7.9555307E-03  0.2660358      1.0025537E-02  0.0000000E+00  0.0000000E+00  0.0000000E+00  0.0000000E+00  0.0000000E+00  4.0884516E-03  3.8152517E-04  3.9204131E-04  8.2224683E-04  8.1704353E-04  0.0000000E+00   389.0637    
         365          12          31        2021 rtu103          ru      aqu           1 rhg   1.000000       4826.648      0.0000000E+00  0.0000000E+00  0.0000000E+00   44.05613      0.0000000E+00  0.0000000E+00  0.0000000E+00  0.0000000E+00  0.0000000E+00  0.0000000E+00  0.0000000E+00  0.0000000E+00  0.0000000E+00  0.0000000E+00  0.0000000E+00  0.0000000E+00   1.062632    
         365          12          31        2021 rtu111          ru      ru          166 tot   1.000000       962.7776      7.8037590E-02  0.3997546      0.1815636       1.146516      0.2101000      0.0000000E+00  0.0000000E+00  0.0000000E+00  0.0000000E+00  0.0000000E+00  6.8300284E-02  1.4916975E-03  1.7145040E-03  1.3923400E-02  1.3261051E-02  0.0000000E+00   1.009741    
         365          12          31        2021 rtu111          ru      aqu           1 rhg   1.000000       14794.44      0.0000000E+00  0.0000000E+00  0.0000000E+00   116.4682      0.0000000E+00  0.0000000E+00  0.0000000E+00  0.0000000E+00  0.0000000E+00  0.0000000E+00  0.0000000E+00  0.0000000E+00  0.0000000E+00  0.0000000E+00  0.0000000E+00  0.0000000E+00   1.019307    
         365          12          31        2021 rtu166          ru      ru           41 tot   1.000000       120.8155      3.0745191E-03  1.0649075E-02  6.3264170E-03  4.1115750E-02  1.7844990E-02  0.0000000E+00  0.0000000E+00  0.0000000E+00  0.0000000E+00  0.0000000E+00  3.2469325E-03  3.2411554E-04  3.3239747E-04  6.7155733E-04  6.6745462E-04  0.0000000E+00   3838.104    
         365          12          31        2021 rtu166          ru      aqu           1 rhg   1.000000       3207.454      0.0000000E+00  0.0000000E+00  0.0000000E+00   12.68735      0.0000000E+00  0.0000000E+00  0.0000000E+00  0.0000000E+00  0.0000000E+00  0.0000000E+00  0.0000000E+00  0.0000000E+00  0.0000000E+00  0.0000000E+00  0.0000000E+00  0.0000000E+00   1.123346    
         365          12          31        2021 rtu041          ru      ru           82 tot   1.000000       10840.53      0.2987404       1.267643      0.6839362       4.125874       2.426216      0.0000000E+00  0.0000000E+00  0.0000000E+00  0.0000000E+00  0.0000000E+00  0.3114307      3.3203317E-03  4.1910168E-03  3.9923575E-02  3.9491124E-02  0.0000000E+00   1.005093    
         365          12          31        2021 rtu041          ru      aqu           1 rhg   1.000000       33815.82      0.0000000E+00  0.0000000E+00  0.0000000E+00   35.92472      0.0000000E+00  0.0000000E+00  0.0000000E+00  0.0000000E+00  0.0000000E+00  0.0000000E+00  0.0000000E+00  0.0000000E+00  0.0000000E+00  0.0000000E+00  0.0000000E+00  0.0000000E+00   1.007547    
         365          12          31        2021 rtu082          ru      ru           93 tot   1.000000       160.0475      2.9745905E-07  2.9873217E-06  8.9619716E-06  0.6633405      2.9873217E-06  0.0000000E+00  0.0000000E+00  0.0000000E+00  0.0000000E+00  0.0000000E+00  2.9745925E-04  2.9745925E-04  2.9745925E-04  2.9745925E-04  2.9745925E-04  0.0000000E+00   6.899390    
         365          12          31        2021 rtu082          ru      aqu           1 rhg   1.000000       45036.50      0.0000000E+00  0.0000000E+00  0.0000000E+00   188.8588      0.0000000E+00  0.0000000E+00  0.0000000E+00  0.0000000E+00  0.0000000E+00  0.0000000E+00  0.0000000E+00  0.0000000E+00  0.0000000E+00  0.0000000E+00  0.0000000E+00  0.0000000E+00   1.006739    
         365          12          31        2021 rtu093          ru      sdc           1 tot   1.000000       388.5156      2.6219405E-07  7.5933372E-06  2.2780017E-05   2.049510      7.5933372E-06  0.0000000E+00  0.0000000E+00  0.0000000E+00  0.0000000E+00  0.0000000E+00  2.6219408E-04  2.6219408E-04  2.6219408E-04  2.6219408E-04  2.6219408E-04  0.0000000E+00   2.208469    
         365          12          31        2021 rtu093          ru      aqu           1 rhg   1.000000       102184.9      0.0000000E+00  0.0000000E+00  0.0000000E+00   545.8243      0.0000000E+00  0.0000000E+00  0.0000000E+00  0.0000000E+00  0.0000000E+00  0.0000000E+00  0.0000000E+00  0.0000000E+00  0.0000000E+00  0.0000000E+00  0.0000000E+00  0.0000000E+00   1.002677    
         365          12          31        2021 cha1            chandeg sdc           6 tot   1.000000       455352.2      0.6750899       22.67781       3.804220       923.4893       2.119784      0.0000000E+00  7.7027165E-05  0.0000000E+00  0.0000000E+00  0.4547927      0.0000000E+00  0.0000000E+00  0.0000000E+00  0.0000000E+00  0.0000000E+00  0.0000000E+00   10.30251    
