 Mini_CREATE               SWAT+ Jan 11 2024        MODULAR Rev 2024.61.0                                 
  jday   mon   day    yr    unit  gis_id  name            grzn        grzp        lab_min_p   act_sta_p       fertn            fertp            fixn             denit            act_nit_n        act_sta_n        org_lab_p        rsd_nitorg_n     rsd_laborg_p    no3atmo          nh4atmo          nuptake          puptake                gwsoiln          gwsoilp
                                                          kgha        kgha        kgha        kgha             kgha             kgha             kgha             kgha             kgha             kgha             kgha             kgha             kgha             kgha             kgha             kgha             kgha                    kgha             kgha
   365    12    31  2021       1       0  rtu001                 0.000       0.000     -15.458     -27.635            0.000            0.000            0.000            7.856           15.767           -6.493            2.654           30.066            2.330            6.578            5.606           26.436            2.472            0.000            0.000
   365    12    31  2021       2       0  rtu002                 0.000       0.000     -15.114     -27.233            0.000            0.000            0.000            7.995           15.634           -6.309            2.630           30.465            2.356            6.578            5.606           27.017            2.530            0.000            0.000
   365    12    31  2021       3       0  rtu003                 0.000       0.000     -25.945     -38.266            0.000            0.000            0.000            0.079           10.117            2.281            1.649           51.679            5.348            6.578            5.606           63.015            7.843            0.000            0.000
   365    12    31  2021       4       0  rtu004                 0.000       0.000     -22.321     -36.156            0.000            0.000            0.000            0.000           17.307           -3.055            2.891           54.477            5.562            6.545            5.575           67.791            8.325            0.000            0.000
   365    12    31  2021       5       0  rtu005                 0.000       0.000     -28.560     -39.587            0.000            0.000            0.000            0.002           17.451           -3.151            2.915           54.614            5.543            6.545            5.575           67.958            8.301            0.000            0.000
   365    12    31  2021       6       0  rtu006                 0.000       0.000     -23.349     -36.720            0.000            0.000            0.000            0.000           17.329           -3.067            2.895           54.517            5.562            6.545            5.575           67.849            8.326            0.000            0.000
   365    12    31  2021       7       0  rtu007                 0.000       0.000     -28.664     -39.644            0.000            0.000            0.000            0.002           17.453           -3.153            2.915           54.614            5.542            6.545            5.575           67.957            8.299            0.000            0.000
   365    12    31  2021       8       0  rtu008                 0.000       0.000     -22.142     -36.058            0.000            0.000            0.000            0.000           17.303           -3.054            2.890           54.468            5.562            6.545            5.575           67.778            8.324            0.000            0.000
   365    12    31  2021       9       0  rtu009                 0.000       0.000     -36.716     -46.252            0.000            0.000            0.000            0.027           14.689           -1.717            2.445           50.034            5.074            6.545            5.575           59.570            7.326            0.000            0.000
   365    12    31  2021      10       0  rtu010                 0.000       0.000     -28.408     -39.452            0.000            0.000            0.000            0.002           17.430           -3.074            2.911           54.775            5.558            6.514            5.547           68.381            8.330            0.000            0.000
   365    12    31  2021      11       0  rtu011                 0.000       0.000     -29.002     -39.921            0.000            0.000            0.000            0.002           17.420           -3.189            2.910           54.433            5.518            6.578            5.606           67.673            8.267            0.000            0.000
   365    12    31  2021      12       0  rtu012                 0.000       0.000     -29.115     -39.983            0.000            0.000            0.000            0.002           17.423           -3.190            2.911           54.433            5.517            6.578            5.606           67.673            8.266            0.000            0.000
   365    12    31  2021      13       0  rtu013                 0.000       0.000     -28.957     -39.897            0.000            0.000            0.000            0.002           17.419           -3.188            2.910           54.432            5.518            6.578            5.606           67.672            8.267            0.000            0.000
   365    12    31  2021      14       0  rtu014                 0.000       0.000     -28.978     -39.908            0.000            0.000            0.000            0.002           17.420           -3.188            2.910           54.432            5.518            6.578            5.606           67.672            8.267            0.000            0.000
   365    12    31  2021      15       0  rtu015                 0.000       0.000     -28.880     -39.854            0.000            0.000            0.000            0.002           17.417           -3.187            2.910           54.431            5.519            6.578            5.606           67.671            8.268            0.000            0.000
   365    12    31  2021      16       0  rtu016                 0.000       0.000     -30.392     -42.163            0.000            0.000            0.000            0.344           13.949           -1.017            2.321           50.994            5.283            6.578            5.606           62.646            7.701            0.000            0.000
   365    12    31  2021      17       0  rtu017                 0.000       0.000     -25.533     -37.979            0.000            0.000            0.000            0.066           10.196            2.335            1.661           52.170            5.391            6.545            5.575           63.847            7.942            0.000            0.000
   365    12    31  2021      18       0  rtu018                 0.000       0.000     -29.691     -40.571            0.000            0.000            0.000            0.126           10.151            1.762            1.660           48.962            5.095            6.578            5.606           57.311            7.279            0.000            0.000
   365    12    31  2021      19       0  rtu019                 0.000       0.000     -30.041     -40.632            0.000            0.000            0.000            0.005           17.431           -3.254            2.912           54.187            5.489            6.578            5.606           67.195            8.211            0.000            0.000
   365    12    31  2021      20       0  rtu020                 0.000       0.000     -28.290     -39.737            0.000            0.000            0.000            0.118           10.136            1.945            1.656           49.964            5.190            6.578            5.606           59.552            7.505            0.000            0.000
   365    12    31  2021      21       0  rtu021                 0.000       0.000     -25.897     -38.239            0.000            0.000            0.000            0.078           10.114            2.288            1.649           51.708            5.350            6.578            5.606           63.078            7.849            0.000            0.000
   365    12    31  2021      22       0  rtu022                 0.000       0.000     -25.902     -38.242            0.000            0.000            0.000            0.078           10.114            2.287            1.649           51.708            5.350            6.578            5.606           63.079            7.850            0.000            0.000
   365    12    31  2021      23       0  rtu023                 0.000       0.000     -16.829     -30.551            0.000            0.000            0.000            0.000          125.981          -84.348           21.457          100.248            7.555            6.578            5.606          174.399           13.291            0.000            0.000
   365    12    31  2021      24       0  rtu024                 0.000       0.000     -16.848     -30.561            0.000            0.000            0.000            0.000          125.983          -84.352           21.457          100.243            7.555            6.578            5.606          174.389           13.290            0.000            0.000
   365    12    31  2021      25       0  rtu025                 0.000       0.000     -25.857     -38.217            0.000            0.000            0.000            0.078           10.113            2.288            1.649           51.704            5.350            6.578            5.606           63.070            7.849            0.000            0.000
   365    12    31  2021      26       0  rtu026                 0.000       0.000     -25.908     -38.246            0.000            0.000            0.000            0.078           10.115            2.287            1.649           51.705            5.350            6.578            5.606           63.072            7.849            0.000            0.000
   365    12    31  2021      27       0  rtu027                 0.000       0.000     -29.277     -40.595            0.000            0.000            0.000            0.223           10.055            2.075            1.643           50.385            5.238            6.578            5.606           61.270            7.593            0.000            0.000
   365    12    31  2021      28       0  rtu028                 0.000       0.000     -25.849     -38.212            0.000            0.000            0.000            0.077           10.113            2.288            1.649           51.703            5.350            6.578            5.606           63.068            7.848            0.000            0.000
   365    12    31  2021      29       0  rtu029                 0.000       0.000     -16.559     -33.596            0.000            0.000            0.000            0.363           10.284            2.080            1.679           51.536            5.339            6.578            5.606           63.469            7.833            0.000            0.000
   365    12    31  2021      30       0  rtu030                 0.000       0.000     -16.562     -31.328            0.000            0.000            0.000            0.015           15.026           -1.074            2.494           55.612            5.460            6.578            5.606           71.577            8.333            0.000            0.000
   365    12    31  2021      31       0  rtu031                 0.000       0.000     -28.491     -39.815            0.000            0.000            0.000            0.118           10.179            1.807            1.664           49.341            5.134            6.578            5.606           58.418            7.391            0.000            0.000
   365    12    31  2021      32       0  rtu032                 0.000       0.000     -14.588     -28.683            0.000            0.000            0.000            6.514           13.721           -9.894            2.342            6.870            1.256            6.545            5.575           12.400            2.200            0.000            0.000
   365    12    31  2021      33       0  rtu033                 0.000       0.000     -25.503     -38.280            0.000            0.000            0.000            0.040            8.748           -5.093            1.491           10.829            1.987            6.578            5.606           23.271            4.036            0.000            0.000
   365    12    31  2021      34       0  rtu034                 0.000       0.000     -35.756     -45.088            0.000            0.000            0.000            0.064           13.571           -8.102            2.311           15.195            2.436            6.578            5.606           34.964            6.248            0.000            0.000
   365    12    31  2021      35       0  rtu035                 0.000       0.000     -32.153     -41.749            0.000            0.000            0.000            0.023            9.440           -4.927            1.604           14.019            2.306            6.578            5.606           31.253            5.875            0.000            0.000
   365    12    31  2021      36       0  rtu036                 0.000       0.000     -32.228     -41.776            0.000            0.000            0.000            0.024            9.443           -4.926            1.605           14.020            2.306            6.578            5.606           31.256            5.875            0.000            0.000
   365    12    31  2021      37       0  rtu037                 0.000       0.000     -39.776     -47.790            0.000            0.000            0.000            0.005           13.986           -8.443            2.381           14.759            2.321            6.578            5.606           33.396            5.887            0.000            0.000
   365    12    31  2021      38       0  rtu038                 0.000       0.000     -32.190     -41.760            0.000            0.000            0.000            0.023            9.442           -4.926            1.605           14.020            2.306            6.578            5.606           31.255            5.875            0.000            0.000
   365    12    31  2021      39       0  rtu039                 0.000       0.000     -32.141     -41.746            0.000            0.000            0.000            0.023            9.440           -4.927            1.604           14.019            2.306            6.578            5.606           31.253            5.875            0.000            0.000
   365    12    31  2021      40       0  rtu040                 0.000       0.000     -15.517     -28.842            0.000            0.000            0.000            6.077           14.534          -10.203            2.479            8.551            1.202            6.545            5.575           13.408            1.886            0.000            0.000
   365    12    31  2021      41       0  rtu041                 0.000       0.000     -30.296     -40.719            0.000            0.000            0.000            0.013            9.387           -4.808            1.595           14.406            2.363            6.578            5.606           31.881            5.955            0.000            0.000
   365    12    31  2021      42       0  rtu042                 0.000       0.000     -36.326     -45.890            0.000            0.000            0.000            0.004           13.797           -8.300            2.350           14.821            2.357            6.578            5.606           33.902            5.981            0.000            0.000
   365    12    31  2021      43       0  rtu043                 0.000       0.000     -11.567     -32.442            0.000            0.000            0.000            0.000            6.170           -1.050            1.047           17.593            2.935            6.545            5.575           22.647            3.721            0.000            0.000
   365    12    31  2021      44       0  rtu044                 0.000       0.000     -31.668     -43.193            0.000            0.000            0.000            0.005           12.316           -3.052            2.087           33.417            6.952            6.545            5.575           46.575           10.864            0.000            0.000
   365    12    31  2021      45       0  rtu045                 0.000       0.000     -11.216     -31.333            0.000            0.000            0.000            0.000            5.958           -0.886            1.011           17.515            2.922            6.578            5.606           22.438            3.685            0.000            0.000
   365    12    31  2021      46       0  rtu046                 0.000       0.000     -11.318     -31.777            0.000            0.000            0.000            0.000            6.224           -1.105            1.057           17.535            2.925            6.578            5.606           22.481            3.692            0.000            0.000
   365    12    31  2021      47       0  rtu047                 0.000       0.000     -11.674     -31.593            0.000            0.000            0.000            0.000            3.075            1.533            0.513           17.822            2.974            6.578            5.606           22.902            3.765            0.000            0.000
   365    12    31  2021      48       0  rtu048                 0.000       0.000      -4.059     -24.386            0.000            0.000            0.000            0.000           48.974          -35.854            8.383           17.714            2.957            6.578            5.606           22.617            3.716            0.000            0.000
   365    12    31  2021      49       0  rtu049                 0.000       0.000     -10.810     -29.990            0.000            0.000            0.000            0.000            7.155           -1.670            1.217           18.486            3.088            6.545            5.575           24.077            3.969            0.000            0.000
   365    12    31  2021      50       0  rtu050                 0.000       0.000     -10.810     -30.000            0.000            0.000            0.000            0.000            7.147           -1.667            1.215           18.439            3.080            6.578            5.606           23.930            3.942            0.000            0.000
   365    12    31  2021      51       0  rtu051                 0.000       0.000     -10.810     -29.999            0.000            0.000            0.000            0.000            7.147           -1.667            1.215           18.436            3.080            6.578            5.606           23.926            3.942            0.000            0.000
   365    12    31  2021      52       0  rtu052                 0.000       0.000     -10.801     -29.993            0.000            0.000            0.000            0.000            7.338           -1.806            1.248           18.570            3.102            6.578            5.606           24.149            3.980            0.000            0.000
   365    12    31  2021      53       0  rtu053                 0.000       0.000     -11.898     -30.477            0.000            0.000            0.000            0.000           10.134           -1.856            1.719           30.606            5.237            6.578            5.606           45.063            7.723            0.000            0.000
   365    12    31  2021      54       0  rtu054                 0.000       0.000     -10.810     -30.000            0.000            0.000            0.000            0.000            7.147           -1.667            1.215           18.439            3.080            6.578            5.606           23.930            3.942            0.000            0.000
   365    12    31  2021      55       0  rtu055                 0.000       0.000     -13.369     -30.974            0.000            0.000            0.000            6.339           13.225          -10.545            2.260            0.813            0.128            6.545            5.575            1.253            0.197            0.000            0.000
   365    12    31  2021      56       0  rtu056                 0.000       0.000     -26.557     -38.637            0.000            0.000            0.000            0.000           16.030          -12.774            2.740            0.818            0.129            6.545            5.575            2.117            0.336            0.000            0.000
   365    12    31  2021      57       0  rtu057                 0.000       0.000     -14.374     -29.219            0.000            0.000            0.000            7.947           13.902          -11.152            2.375            0.488            0.079            6.545            5.575            0.704            0.114            0.000            0.000
   365    12    31  2021      58       0  rtu058                 0.000       0.000     -13.296     -30.893            0.000            0.000            0.000            6.075           13.469          -10.751            2.301            0.808            0.127            6.545            5.575            1.215            0.192            0.000            0.000
   365    12    31  2021      59       0  rtu059                 0.000       0.000     -14.424     -28.953            0.000            0.000            0.000            8.417           13.965          -11.132            2.386            0.577            0.094            6.545            5.575            0.760            0.125            0.000            0.000
   365    12    31  2021      60       0  rtu060                 0.000       0.000     -14.448     -32.726            0.000            0.000            0.000            0.010           13.389          -10.694            2.288            0.855            0.135            6.545            5.575            1.616            0.256            0.000            0.000
   365    12    31  2021      61       0  rtu061                 0.000       0.000     -27.967     -40.897            0.000            0.000            0.000            0.571           12.866          -10.205            2.199            0.846            0.133            6.545            5.575            2.272            0.365            0.000            0.000
   365    12    31  2021      62       0  rtu062                 0.000       0.000     -56.779     -58.478            0.000            0.000            0.000            0.509           14.657          -11.770            2.504            0.765            0.122            6.545            5.575            1.161            0.184            0.000            0.000
   365    12    31  2021      63       0  rtu063                 0.000       0.000     -32.097     -43.550            0.000            0.000            0.000            0.005           13.129          -10.438            2.244            0.790            0.125            6.545            5.575            1.876            0.299            0.000            0.000
   365    12    31  2021      64       0  rtu064                 0.000       0.000     -20.230     -35.182            0.000            0.000            0.000            0.000           15.958          -12.720            2.727            0.766            0.121            6.545            5.575            2.099            0.335            0.000            0.000
   365    12    31  2021      65       0  rtu065                 0.000       0.000     -20.722     -35.427            0.000            0.000            0.000            0.000           15.968          -12.710            2.729            0.820            0.129            6.545            5.575            2.097            0.339            0.000            0.000
   365    12    31  2021      66       0  rtu066                 0.000       0.000     -19.381     -34.722            0.000            0.000            0.000            0.000           15.920          -12.683            2.721            0.801            0.126            6.545            5.575            2.162            0.350            0.000            0.000
   365    12    31  2021      67       0  rtu067                 0.000       0.000     -22.821     -36.632            0.000            0.000            0.000            0.028            8.763           -6.900            1.497            0.810            0.127            6.545            5.575            2.115            0.340            0.000            0.000
   365    12    31  2021      68       0  rtu068                 0.000       0.000     -27.195     -39.044            0.000            0.000            0.000            0.001           16.092          -12.820            2.750            0.862            0.135            6.578            5.606            2.006            0.320            0.000            0.000
   365    12    31  2021      69       0  rtu069                 0.000       0.000     -26.993     -38.996            0.000            0.000            0.000            0.001           15.988          -12.759            2.732            0.786            0.124            6.578            5.606            2.112            0.337            0.000            0.000
   365    12    31  2021      70       0  rtu070                 0.000       0.000     -26.955     -38.967            0.000            0.000            0.000            0.001           16.005          -12.761            2.735            0.863            0.136            6.578            5.606            2.038            0.325            0.000            0.000
   365    12    31  2021      71       0  rtu071                 0.000       0.000     -27.280     -39.098            0.000            0.000            0.000            0.001           16.074          -12.813            2.747            0.822            0.130            6.578            5.606            1.925            0.307            0.000            0.000
   365    12    31  2021      72       0  rtu072                 0.000       0.000     -27.294     -39.103            0.000            0.000            0.000            0.001           16.095          -12.830            2.751            0.844            0.133            6.578            5.606            2.042            0.325            0.000            0.000
   365    12    31  2021      73       0  rtu073                 0.000       0.000     -16.674     -27.933            0.000            0.000            0.000            6.912           15.296          -12.407            2.612            0.165            0.046            6.578            5.606            0.080            0.054            0.000            0.000
   365    12    31  2021      74       0  rtu074                 0.000       0.000     -14.201     -28.926            0.000            0.000            0.000            8.286           13.823          -11.086            2.361            0.438            0.071            6.578            5.606            0.595            0.096            0.000            0.000
   365    12    31  2021      75       0  rtu075                 0.000       0.000     -14.636     -29.276            0.000            0.000            0.000            8.155           14.013          -11.208            2.394            0.514            0.086            6.578            5.606            0.688            0.112            0.000            0.000
   365    12    31  2021      76       0  rtu076                 0.000       0.000     -28.061     -41.080            0.000            0.000            0.000            0.562           12.917          -10.268            2.207            0.863            0.136            6.578            5.606            2.299            0.366            0.000            0.000
   365    12    31  2021      77       0  rtu077                 0.000       0.000     -25.278     -38.051            0.000            0.000            0.000            0.076            8.747           -6.881            1.495            0.828            0.130            6.578            5.606            2.207            0.350            0.000            0.000
   365    12    31  2021      78       0  rtu078                 0.000       0.000     -25.329     -38.084            0.000            0.000            0.000            0.072            8.746           -6.885            1.495            0.846            0.133            6.578            5.606            2.336            0.369            0.000            0.000
   365    12    31  2021      79       0  rtu079                 0.000       0.000     -28.508     -39.995            0.000            0.000            0.000            0.144            8.838           -6.969            1.510            0.863            0.136            6.578            5.606            2.088            0.331            0.000            0.000
   365    12    31  2021      80       0  rtu080                 0.000       0.000     -25.173     -38.009            0.000            0.000            0.000            0.068            8.721           -6.866            1.490            0.838            0.132            6.578            5.606            2.338            0.372            0.000            0.000
   365    12    31  2021      81       0  rtu081                 0.000       0.000     -26.577     -38.808            0.000            0.000            0.000            0.096            8.772           -6.903            1.499            0.849            0.134            6.578            5.606            2.273            0.362            0.000            0.000
   365    12    31  2021      82       0  rtu082                 0.000       0.000     -28.170     -39.726            0.000            0.000            0.000            0.125            8.865           -6.991            1.515            0.768            0.121            6.578            5.606            2.053            0.327            0.000            0.000
   365    12    31  2021      83       0  rtu083                 0.000       0.000     -25.550     -38.148            0.000            0.000            0.000            0.080            8.749           -6.864            1.495            0.878            0.138            6.578            5.606            2.413            0.383            0.000            0.000
   365    12    31  2021      84       0  rtu084                 0.000       0.000     -25.319     -38.088            0.000            0.000            0.000            0.075            8.753           -6.893            1.496            0.807            0.127            6.578            5.606            2.172            0.345            0.000            0.000
   365    12    31  2021      85       0  rtu085                 0.000       0.000     -25.018     -37.930            0.000            0.000            0.000            0.071            8.701           -6.847            1.487            0.830            0.132            6.578            5.606            2.566            0.412            0.000            0.000
   365    12    31  2021      86       0  rtu086                 0.000       0.000     -59.242     -59.538            0.000            0.000            0.000            0.049           14.706          -11.833            2.512            0.390            0.067            6.578            5.606            0.486            0.087            0.000            0.000
   365    12    31  2021      87       0  rtu087                 0.000       0.000     -29.727     -40.795            0.000            0.000            0.000            0.003           16.089          -12.843            2.749            0.795            0.125            6.578            5.606            1.889            0.299            0.000            0.000
   365    12    31  2021      88       0  rtu088                 0.000       0.000     -11.522     -28.451            0.000            0.000            0.000            0.006          124.411         -100.909           21.264            0.785            0.124            6.578            5.606            2.164            0.345            0.000            0.000
   365    12    31  2021      89       0  rtu089                 0.000       0.000     -25.213     -38.063            0.000            0.000            0.000            0.079            8.705           -6.854            1.488            0.844            0.133            6.578            5.606            2.271            0.361            0.000            0.000
   365    12    31  2021      90       0  rtu090                 0.000       0.000     -25.469     -38.189            0.000            0.000            0.000            0.074            8.734           -6.890            1.492            0.771            0.122            6.578            5.606            2.130            0.339            0.000            0.000
   365    12    31  2021      91       0  rtu091                 0.000       0.000     -11.373     -28.380            0.000            0.000            0.000            0.006          124.447         -100.947           21.270            0.800            0.126            6.578            5.606            2.201            0.359            0.000            0.000
   365    12    31  2021      92       0  rtu092                 0.000       0.000     -38.878     -47.442            0.000            0.000            0.000            0.013           13.533          -10.787            2.312            0.848            0.134            6.578            5.606            1.645            0.262            0.000            0.000
   365    12    31  2021      93       0  rtu093                 0.000       0.000     -25.342     -38.133            0.000            0.000            0.000            0.077            8.704           -6.864            1.487            0.791            0.124            6.578            5.606            2.455            0.390            0.000            0.000
   365    12    31  2021      94       0  rtu094                 0.000       0.000     -11.441     -28.399            0.000            0.000            0.000            0.006          124.465         -100.942           21.274            0.845            0.133            6.578            5.606            2.316            0.375            0.000            0.000
   365    12    31  2021      95       0  rtu095                 0.000       0.000     -15.633     -31.978            0.000            0.000            0.000            0.011           13.522          -10.801            2.310            0.736            0.117            6.578            5.606            1.428            0.227            0.000            0.000
   365    12    31  2021      96       0  rtu096                 0.000       0.000     -15.101     -30.517            0.000            0.000            0.000            0.064          125.220         -101.677           21.402            0.791            0.126            6.578            5.606            1.866            0.299            0.000            0.000
   365    12    31  2021      97       0  rtu097                 0.000       0.000     -11.418     -28.381            0.000            0.000            0.000            0.004          124.674         -101.100           21.309            0.780            0.123            6.578            5.606            2.146            0.348            0.000            0.000
   365    12    31  2021      98       0  rtu098                 0.000       0.000     -14.905     -31.820            0.000            0.000            0.000            0.008           13.357          -10.654            2.282            0.771            0.121            6.578            5.606            1.768            0.279            0.000            0.000
   365    12    31  2021      99       0  rtu099                 0.000       0.000     -31.475     -44.385            0.000            0.000            0.000            0.005           12.976          -10.342            2.217            0.846            0.133            6.578            5.606            2.310            0.374            0.000            0.000
   365    12    31  2021     100       0  rtu100                 0.000       0.000     -32.804     -44.121            0.000            0.000            0.000            0.005           13.155          -10.483            2.248            0.799            0.126            6.578            5.606            1.830            0.291            0.000            0.000
   365    12    31  2021     101       0  rtu101                 0.000       0.000     -25.040     -37.959            0.000            0.000            0.000            0.073            8.690           -6.846            1.485            0.796            0.125            6.578            5.606            2.420            0.387            0.000            0.000
   365    12    31  2021     102       0  rtu102                 0.000       0.000     -32.968     -44.236            0.000            0.000           94.495            0.011           14.795           -1.943            2.481           45.173            2.019            6.545            5.575          122.253            5.861            0.000            0.000
   365    12    31  2021     103       0  rtu103                 0.000       0.000     -27.969     -39.651            0.000            0.000           88.588            0.169           10.521            1.622            1.741           45.495            2.031            6.578            5.606          123.517            5.919            0.000            0.000
   365    12    31  2021     104       0  rtu104                 0.000       0.000     -35.281     -45.674           22.995            1.533           76.992            0.012           14.694           -2.204            2.472           39.474            2.791            6.578            5.606          124.609           10.569            0.000            0.000
   365    12    31  2021     105       0  rtu105                 0.000       0.000     -32.693     -42.241           18.204            3.258           62.687            0.277           10.034           -0.759            1.687           29.152            2.259            6.578            5.606          101.456            8.949            0.000            0.000
   365    12    31  2021     106       0  rtu106                 0.000       0.000     -15.846     -31.484           11.497            1.533           69.471            5.980           14.842           -3.860            2.501           35.527            1.516            6.545            5.575          120.168            5.787            0.000            0.000
   365    12    31  2021     107       0  rtu107                 0.000       0.000     -10.777     -25.360           59.403            8.048            1.556           18.434           14.943          -10.389            2.547            7.019            0.603            6.545            5.575           27.605            2.593            0.000            0.000
   365    12    31  2021     108       0  rtu108                 0.000       0.000      66.270      24.605          548.037          174.375           19.033            0.032           27.567           59.000            5.366            9.219            1.695            6.578            5.606           97.579           14.347            0.000            0.000
   365    12    31  2021     109       0  rtu109                 0.000       0.000      17.122      -7.680          307.552           90.445           20.613            3.417           20.589           28.642            3.756            8.170            1.105            6.578            5.606          127.286           18.719            0.000            0.000
   365    12    31  2021     110       0  rtu110                 0.000       0.000     -35.185     -45.204           43.306            2.491           43.015            0.767           13.597           -5.211            2.311           18.502            2.310            6.578            5.606           99.873           15.041            0.000            0.000
   365    12    31  2021     111       0  rtu111                 0.000       0.000     -34.097     -44.566           50.971            4.982           23.163            0.697           13.396           -5.675            2.290           15.635            2.741            6.578            5.606           86.626           16.606            0.000            0.000
   365    12    31  2021     112       0  rtu112                 0.000       0.000      85.052      44.778          524.084          164.794            4.094           85.454           30.314           57.718            5.918            1.122            0.370            6.578            5.606           27.676            4.004            0.000            0.000
   365    12    31  2021     113       0  rtu113                 0.000       0.000     -24.575     -37.524           68.984           16.288           43.208            0.094            9.371           -2.999            1.576            7.819            2.734            6.578            5.606          121.874           20.213            0.000            0.000
   365    12    31  2021     114       0  rtu114                 0.000       0.000     100.584      58.196          590.193          208.484           74.333            2.512           28.416           86.739            5.866           41.414            2.170            6.578            5.606          190.575           12.875            0.000            0.000
   365    12    31  2021     115       0  rtu115                 0.000       0.000     -35.041     -45.490           77.798            8.048           22.180            0.008           13.804           -5.151            2.359           14.637            2.755            6.545            5.575          111.178           18.122            0.000            0.000
   365    12    31  2021     116       0  rtu116                 0.000       0.000     -32.376     -41.965           63.427            6.323           43.579            0.140            9.737           -1.298            1.645           18.688            2.751            6.578            5.606          121.170           18.657            0.000            0.000
   365    12    31  2021     117       0  rtu117                 0.000       0.000     -30.695     -40.958           71.091            8.815           23.590            0.117            9.531           -1.806            1.627           15.434            3.226            6.578            5.606          107.661           20.301            0.000            0.000
   365    12    31  2021     118       0  rtu118                 0.000       0.000     -30.617     -40.876           71.091            8.815           23.579            0.122            9.531           -1.755            1.625           15.661            3.206            6.578            5.606          107.756           20.290            0.000            0.000
   365    12    31  2021     119       0  rtu119                 0.000       0.000     -15.487     -31.009           70.900           10.539           51.906            7.939           14.570           -4.016            2.465           21.247            1.339            6.545            5.575          141.834           14.606            0.000            0.000
   365    12    31  2021     120       0  rtu120                 0.000       0.000     -22.539     -34.576           43.306            2.491           16.898            0.010          125.023          -94.841           21.348           19.982            3.093            6.578            5.606          127.862           18.632            0.000            0.000
   365    12    31  2021     121       0  rtu121                 0.000       0.000      64.473      23.293          544.204          173.417           37.388            0.031           27.546           58.998            5.279            7.903            1.617            6.578            5.606          110.313           14.793            0.000            0.000
   365    12    31  2021     122       0  rtu122                 0.000       0.000      16.930      -8.093          311.384           91.978           20.413            3.536           20.548           28.260            3.757            6.133            1.151            6.578            5.606          123.222           19.687            0.000            0.000
   365    12    31  2021     123       0  rtu123                 0.000       0.000      17.049      -7.586          305.444           86.881           18.968            0.583           16.667           31.567            3.137           13.289            2.698            6.578            5.606          122.730           18.876            0.000            0.000
   365    12    31  2021     124       0  rtu124                 0.000       0.000      24.418      -7.882          369.637          109.684            0.000            3.834           20.054           26.187            3.724            4.649            1.709            6.578            5.606          115.886           22.738            0.000            0.000
   365    12    31  2021     125       0  rtu125                 0.000       0.000     -12.474     -29.015           92.745           13.490           29.822           10.138           14.647           -5.554            2.487           19.404            2.484            6.545            5.575          128.151           13.332            0.000            0.000
   365    12    31  2021     126       0  rtu126                 0.000       0.000     -31.589     -41.248           62.085            5.442           43.709            0.125            9.733           -1.710            1.631           17.783            3.091            6.578            5.606          123.119           17.071            0.000            0.000
   365    12    31  2021     127       0  rtu127                 0.000       0.000     -13.377     -31.413           86.038           10.233            3.446           12.946           14.418           -7.780            2.449           13.487            2.033            6.545            5.575           75.705            9.297            0.000            0.000
   365    12    31  2021     128       0  rtu128                 0.000       0.000     -15.715     -32.912          112.865           15.981            0.000            0.006           13.957           -4.616            2.386           13.025            4.094            6.545            5.575          136.397           23.556            0.000            0.000
   365    12    31  2021     129       0  rtu129                 0.000       0.000      -9.148     -23.958          109.032           11.766            0.000           27.475           14.969           -9.696            2.551            7.713            1.007            6.545            5.575           45.444            5.574            0.000            0.000
   365    12    31  2021     130       0  rtu130                 0.000       0.000     -37.220     -46.175          109.224            8.508            0.000            0.198           13.333           -4.609            2.277           10.954            4.237            6.578            5.606          123.265           26.076            0.000            0.000
   365    12    31  2021     131       0  rtu131                 0.000       0.000     -36.735     -45.943          103.284           10.233            0.000            0.021           13.706           -5.932            2.350            8.833            3.416            6.545            5.575          108.627           22.040            0.000            0.000
   365    12    31  2021     132       0  rtu132                 0.000       0.000      -4.712     -20.670          104.242           16.556            0.417           27.066           15.215           -9.940            2.589            6.185            0.667            6.545            5.575           38.855            3.707            0.000            0.000
   365    12    31  2021     133       0  rtu133                 0.000       0.000     163.977     102.627         1021.149          325.833            0.000            2.250           37.907          133.086            8.773            4.084            0.827            6.578            5.606          133.106           20.141            0.000            0.000
   365    12    31  2021     134       0  rtu134                 0.000       0.000      33.710       5.379          328.630           91.097            0.000           47.512           21.113           28.135            3.871            4.637            1.017            6.578            5.606           89.279           14.205            0.000            0.000
   365    12    31  2021     135       0  rtu135                 0.000       0.000     -34.624     -44.808           22.995            1.533          198.346            2.696           18.586           18.484            2.941          169.382            9.144            6.578            5.606          316.725           19.376            0.000            0.000
   365    12    31  2021     136       0  rtu136                 0.000       0.000     -20.759     -33.202            0.000            0.000          143.895            0.354          129.576          -81.740           22.072          123.447            6.123            6.578            5.606          210.711           10.211            0.000            0.000
   365    12    31  2021     137       0  rtu137                 0.000       0.000     -26.835     -38.893            0.000            0.000           92.397            0.301           10.648            2.191            1.753           55.658            2.794            6.578            5.606          104.526            5.191            0.000            0.000
   365    12    31  2021     138       0  rtu138                 0.000       0.000     -12.135     -26.665           45.989            7.282           15.802           14.633           15.177           -8.814            2.584           13.487            1.193            6.545            5.575           48.115            4.426            0.000            0.000
   365    12    31  2021     139       0  rtu139                 0.000       0.000     -28.176     -39.508            0.000            0.000           67.712            0.002           17.402           -6.232            2.935           42.966            2.241            6.578            5.606           74.391            3.783            0.000            0.000
   365    12    31  2021     140       0  rtu140                 0.000       0.000     -26.209     -38.494            0.000            0.000           73.652            0.279           10.272            0.353            1.697           46.053            2.402            6.578            5.606           80.180            4.077            0.000            0.000
   365    12    31  2021     141       0  rtu141                 0.000       0.000     -30.807     -42.371           34.109            5.480           37.804            0.227           13.656           -4.986            2.315           22.731            3.717            6.578            5.606           93.637           14.064            0.000            0.000
   365    12    31  2021     142       0  rtu142                 0.000       0.000     -23.635     -36.923           72.433           16.786           18.419            0.094            9.354           -2.370            1.601           10.575            3.859            6.578            5.606          105.207           20.763            0.000            0.000
   365    12    31  2021     143       0  rtu143                 0.000       0.000     -31.836     -42.966           34.109            5.480           39.930            0.250           13.807           -4.268            2.347           26.746            3.635            6.578            5.606           96.885           14.674            0.000            0.000
   365    12    31  2021     144       0  rtu144                 0.000       0.000     -33.552     -44.315           34.109            5.480           40.514            0.010           13.946           -5.423            2.363           22.273            3.391            6.578            5.606           90.765           13.440            0.000            0.000
   365    12    31  2021     145       0  rtu145                 0.000       0.000     -33.018     -43.966           52.504            5.480           18.321            0.230           13.199           -6.246            2.248           11.698            2.914            6.578            5.606           81.703           16.675            0.000            0.000
   365    12    31  2021     146       0  rtu146                 0.000       0.000     -30.457     -42.072           53.271           12.570           41.045            0.010           13.788           -5.242            2.344           18.940            3.724            6.578            5.606          108.550           18.078            0.000            0.000
   365    12    31  2021     147       0  rtu147                 0.000       0.000     -41.817     -49.027           90.637            9.313            0.000            0.022           14.018           -6.298            2.399            9.746            3.869            6.545            5.575           95.988           21.321            0.000            0.000
   365    12    31  2021     148       0  rtu148                 0.000       0.000      -6.646     -26.491           94.852           21.653            6.855           11.609           14.056           -8.307            2.394            3.820            0.773            6.545            5.575           83.147           13.366            0.000            0.000
   365    12    31  2021     149       0  rtu149                 0.000       0.000     -26.994     -38.063           51.738           12.647            0.000            0.199            9.075           -5.281            1.547            2.665            0.574            6.578            5.606           51.366           11.076            0.000            0.000
   365    12    31  2021     150       0  rtu150                 0.000       0.000     -25.777     -38.741           74.732           18.396            0.000            0.381            8.804           -4.135            1.522            2.214            0.651            6.578            5.606           76.881           18.896            0.000            0.000
   365    12    31  2021     151       0  rtu151                 0.000       0.000      19.568     -11.384          333.421          103.667            0.000            0.029           19.837           24.415            3.650            2.672            0.880            6.578            5.606           74.182           16.539            0.000            0.000
   365    12    31  2021     152       0  rtu152                 0.000       0.000      14.222      -9.809          321.924           93.128           44.806            0.049           21.463           29.520            3.859            8.577            1.873            6.545            5.575          143.094           18.669            0.000            0.000
   365    12    31  2021     153       0  rtu153                 0.000       0.000      96.614      49.079          599.774          186.064            0.000           91.016           30.017           57.302            5.860            0.873            0.143            6.578            5.606           32.989            5.365            0.000            0.000
   365    12    31  2021     154       0  rtu154                 0.000       0.000      96.622      49.148          599.774          186.064            0.000           92.027           29.971           57.234            5.853            0.874            0.120            6.578            5.606           32.312            5.080            0.000            0.000
   365    12    31  2021     155       0  rtu155                 0.000       0.000      -7.374     -28.873           96.769           20.695            3.841           14.687           14.249           -8.547            2.426            5.869            0.825            6.545            5.575           69.272            9.265            0.000            0.000
   365    12    31  2021     156       0  rtu156                 0.000       0.000     -25.524     -37.538          105.392           21.270           59.208            0.159            9.628           -2.067            1.612            7.187            2.602            6.578            5.606          171.030           23.942            0.000            0.000
   365    12    31  2021     157       0  rtu157                 0.000       0.000      82.790      47.100          598.816          191.813            0.000            0.047           30.362           74.293            6.035            5.992            1.322            6.578            5.606          118.546           18.714            0.000            0.000
   365    12    31  2021     158       0  rtu158                 0.000       0.000      20.534      -7.484          341.086           98.877            0.000            0.033           20.542           29.157            3.821            8.461            1.497            6.578            5.606          129.579           22.993            0.000            0.000
   365    12    31  2021     159       0  rtu159                 0.000       0.000     -10.330     -27.491          125.512           19.545            0.000           12.482           14.446           -6.598            2.455           14.103            2.049            6.545            5.575          108.731           16.581            0.000            0.000
   365    12    31  2021     160       0  rtu160                 0.000       0.000      96.263      45.297          661.476          220.173           57.571            3.150           27.048           80.131            5.542           47.758            3.675            6.578            5.606          164.368           18.204            0.000            0.000
   365    12    31  2021     161       0  rtu161                 0.000       0.000     250.068     170.738         1238.256          440.345            0.000            2.165           44.895          168.653           10.654           14.455            3.117            6.578            5.606          201.208           24.686            0.000            0.000
   365    12    31  2021     162       0  rtu162                 0.000       0.000      20.638      -6.706          315.217           92.936            0.000            0.026           20.396           27.912            3.714           12.043            1.919            6.578            5.606          108.692           17.460            0.000            0.000
   365    12    31  2021     163       0  rtu163                 0.000       0.000     -25.459     -38.164            0.000            0.000            0.000            0.080            8.753           -6.885            1.496            0.842            0.132            6.578            5.606            2.230            0.355            0.000            0.000
   365    12    31  2021     164       0  rtu164                 0.000       0.000     -11.124     -28.276            0.000            0.000            0.000            0.006          124.183         -100.769           21.225            0.819            0.129            6.578            5.606            2.517            0.403            0.000            0.000
   365    12    31  2021     165       0  rtu165                 0.000       0.000     -45.129     -50.654            0.000            0.000            0.000            0.662           13.748          -10.994            2.349            0.825            0.130            6.578            5.606            2.257            0.359            0.000            0.000
   365    12    31  2021     166       0  rtu166                 0.000       0.000     -28.035     -39.722            0.000            0.000            0.000            0.135            8.782           -6.930            1.501            0.822            0.130            6.578            5.606            2.278            0.362            0.000            0.000
   365    12    31  2021     167       0  rtu167                 0.000       0.000     -26.194     -38.630            0.000            0.000            0.000            0.093            8.770           -6.904            1.499            0.837            0.132            6.578            5.606            2.264            0.365            0.000            0.000
   365    12    31  2021     168       0  rtu168                 0.000       0.000     -27.588     -40.881            0.000            0.000            0.000            0.179           12.689          -10.104            2.169            0.751            0.119            6.578            5.606            2.107            0.341            0.000            0.000
   365    12    31  2021     169       0  rtu169                 0.000       0.000     -29.656     -42.120            0.000            0.000            0.000            0.225           12.819          -10.196            2.191            0.847            0.133            6.578            5.606            1.996            0.318            0.000            0.000
   365    12    31  2021     170       0  rtu170                 0.000       0.000     -24.940     -37.922            0.000            0.000            0.000            0.072            8.675           -6.829            1.482            0.870            0.137            6.578            5.606            2.373            0.378            0.000            0.000
   365    12    31  2021     171       0  rtu171                 0.000       0.000     -29.291     -40.594           22.995            1.533            0.000            0.034            8.680           -4.960            1.478            4.775            1.640            6.578            5.606           41.037           10.412            0.000            0.000
   365    12    31  2021     172       0  rtu172                 0.000       0.000     -25.433     -38.668           22.995            5.749            0.000            0.036            8.536           -5.337            1.457            2.118            1.588            6.578            5.606           37.062           10.326            0.000            0.000
   365    12    31  2021     173       0  rtu173                 0.000       0.000     -29.859     -41.978           22.995            1.533            0.000            0.566           13.015           -8.994            2.222            4.524            1.385            6.578            5.606           27.569            5.969            0.000            0.000
   365    12    31  2021     174       0  rtu174                 0.000       0.000     -38.962     -46.883           45.989            3.066           63.415            0.764           14.539            0.773            2.427           55.952            5.460            6.578            5.606          158.342           23.867            0.000            0.000
   365    12    31  2021     175       0  rtu175                 0.000       0.000      22.310      -9.530          351.625          107.308            0.000            3.615           19.807           25.551            3.685            3.745            1.155            6.578            5.606           98.297           22.203            0.000            0.000
   365    12    31  2021     176       0  rtu176                 0.000       0.000      18.227      -6.813          298.929           88.721           44.564            0.693           16.710           32.629            3.067           16.119            2.830            6.578            5.606          146.414           18.640            0.000            0.000
   365    12    31  2021     177       0  rtu177                 0.000       0.000     -27.736     -40.929            0.000            0.000            0.000            0.186           12.753          -10.129            2.179            0.876            0.138            6.578            5.606            2.094            0.333            0.000            0.000
   365    12    31  2021     178       0  rtu178                 0.000       0.000     -27.442     -40.799            0.000            0.000            0.000            0.185           12.695          -10.098            2.170            0.814            0.128            6.578            5.606            2.203            0.354            0.000            0.000
   365    12    31  2021     179       0  rtu179                 0.000       0.000     -11.573     -28.464            0.000            0.000            0.000            0.006          124.680         -101.107           21.310            0.771            0.122            6.578            5.606            2.127            0.339            0.000            0.000
   365    12    31  2021     180       0  rtu180                 0.000       0.000     -32.489     -41.871           48.289            4.906          133.868            0.317           10.933            4.460            1.792           46.733            2.969            6.545            5.575          212.607           16.186            0.000            0.000
   365    12    31  2021     181       0  rtu181                 0.000       0.000      22.345      -9.438          361.589          107.614           53.252            4.022           20.463           27.975            3.737           13.126            1.501            6.578            5.606          161.163           22.457            0.000            0.000
   365    12    31  2021     182       0  rtu182                 0.000       0.000      25.256      -6.179          361.589          107.614           51.832            0.668           16.440           31.281            3.103           13.052            1.541            6.578            5.606          161.342           22.560            0.000            0.000
   365    12    31  2021     183       0  rtu183                 0.000       0.000     -25.275     -37.830          100.984           21.385           65.896            0.114            9.697           -0.239            1.653           14.155            2.652            6.578            5.606          179.631           26.985            0.000            0.000
   365    12    31  2021     184       0  rtu184                 0.000       0.000     -13.900     -34.999           84.697           18.127           80.538            3.388           13.464           -6.404            2.261            4.073            1.420            6.545            5.575          174.029           20.950            0.000            0.000
   365    12    31  2021     185       0  rtu185                 0.000       0.000     -29.096     -41.101          102.901           21.385           61.792            0.008           13.559           -5.741            2.300            3.536            1.386            6.545            5.575          170.782           25.552            0.000            0.000
   365    12    31  2021     186       0  rtu186                 0.000       0.000     -17.019     -32.299           58.253            5.864            8.057            8.824           14.582           -6.737            2.476           21.236            2.583            6.545            5.575           76.456           10.642            0.000            0.000
   365    12    31  2021     187       0  rtu187                 0.000       0.000     -14.193     -27.025           73.583            4.906            0.000           20.618           14.987           -9.683            2.553           10.436            0.961            6.545            5.575           36.696            4.710            0.000            0.000
   365    12    31  2021     188       0  rtu188                 0.000       0.000     -13.560     -28.753           82.205           11.612            7.383            7.441           14.327           -6.212            2.436           14.392            2.718            6.545            5.575          102.824           14.031            0.000            0.000
   365    12    31  2021     189       0  rtu189                 0.000       0.000     -14.658     -31.552           94.661           12.379            0.000           10.032           14.393           -6.403            2.454           16.860            3.000            6.545            5.575           97.063           15.644            0.000            0.000
   365    12    31  2021     190       0  rtu190                 0.000       0.000     -39.248     -47.465           52.504            4.331          124.653            0.018           16.678            6.246            2.735           91.319            6.491            6.545            5.575          217.229           22.113            0.000            0.000
   365    12    31  2021     191       0  rtu191                 0.000       0.000     -11.097     -30.609           76.457           13.337            8.243           11.558           14.061           -9.026            2.396            5.080            0.425            6.545            5.575           68.038            9.703            0.000            0.000
   365    12    31  2021     192       0  rtu192                 0.000       0.000      -8.584     -28.909          102.326           18.127            5.337           13.153           14.076           -8.083            2.398            7.504            1.139            6.545            5.575           86.361           12.607            0.000            0.000
   365    12    31  2021     193       0  rtu193                 0.000       0.000     -38.205     -46.967           73.583            4.906            0.000            0.006           13.467           -5.999            2.292           12.090            3.783            6.578            5.606           90.171           20.101            0.000            0.000
   365    12    31  2021     194       0  rtu194                 0.000       0.000     -40.303     -48.187           73.583            4.906           43.992            0.008           14.587           -2.880            2.464           31.730            4.277            6.545            5.575          137.237           20.141            0.000            0.000
   365    12    31  2021     195       0  rtu195                 0.000       0.000     -10.849     -25.036          114.781            9.696            0.000           30.666           15.033           -9.424            2.561            9.816            1.093            6.545            5.575           42.040            5.600            0.000            0.000
   365    12    31  2021     196       0  rtu196                 0.000       0.000     -18.829     -31.803          114.781            9.696            0.000           10.100           14.611           -4.103            2.477           24.511            3.975            6.545            5.575          127.617           20.449            0.000            0.000
   365    12    31  2021     197       0  rtu197                 0.000       0.000     -25.267     -35.417          119.572            7.971            0.000            0.009          124.476          -88.133           21.249           47.506            6.223            6.578            5.606          198.034           31.238            0.000            0.000
   365    12    31  2021     198       0  rtu198                 0.000       0.000     -34.585     -43.462          119.572           12.187            0.000            0.101            9.678           -0.718            1.652           14.276            5.244            6.578            5.606          135.649           30.097            0.000            0.000
   365    12    31  2021     199       0  rtu199                 0.000       0.000      -9.916     -24.616          122.446           11.229            0.000           31.736           15.076           -9.193            2.567           11.679            1.123            6.545            5.575           45.760            5.617            0.000            0.000
   365    12    31  2021     200       0  rtu200                 0.000       0.000     -10.007     -24.450          122.446           11.229            0.000           30.931           15.064           -9.164            2.565           11.505            1.151            6.545            5.575           47.748            5.925            0.000            0.000
   365    12    31  2021     201       0  rtu201                 0.000       0.000      14.136     -10.315          324.606           87.494            0.000            0.545           16.418           31.173            3.141            7.639            2.813            6.578            5.606          119.096           22.613            0.000            0.000
   365    12    31  2021     202       0  rtu202                 0.000       0.000     -27.359     -39.034           86.230            3.373           18.480            0.009           14.015           -5.463            2.383           12.560            3.041            6.545            5.575          120.757           23.445            0.000            0.000
   365    12    31  2021     203       0  rtu203                 0.000       0.000     -33.749     -41.985          110.949           12.379            0.000            0.079            9.317           -2.291            1.605            6.737            2.373            6.578            5.606          123.179           27.834            0.000            0.000
   365    12    31  2021     204       0  rtu204                 0.000       0.000     -23.888     -35.315          108.074            4.906            0.000            9.367           14.387           -5.941            2.446           14.622            2.609            6.545            5.575          111.150           20.129            0.000            0.000
   365    12    31  2021     205       0  rtu205                 0.000       0.000     -18.875     -34.689           81.822           14.372           16.980            0.517           13.453           -3.724            2.286           29.383            3.485            6.545            5.575          117.882           13.022            0.000            0.000
   365    12    31  2021     206       0  rtu206                 0.000       0.000     -23.709     -37.845           81.822           14.372           18.314            0.013           13.688           -4.728            2.330           24.000            3.036            6.545            5.575          113.404           12.862            0.000            0.000
   365    12    31  2021     207       0  rtu207                 0.000       0.000      21.961      -1.146          327.481           93.511           43.601            0.561           17.839           38.018            3.385           19.833            2.638            6.578            5.606          170.773           20.216            0.000            0.000
   365    12    31  2021     208       0  rtu208                 0.000       0.000     -34.629     -44.638           52.121            4.982           19.186            0.207           13.376           -5.786            2.288           14.555            2.741            6.578            5.606           86.566           17.601            0.000            0.000
   365    12    31  2021     209       0  rtu209                 0.000       0.000     -46.793     -51.626           59.786            1.533           40.688            0.032           14.268           -6.027            2.420           16.115            2.011            6.514            5.547          103.041           16.280            0.000            0.000
   365    12    31  2021     210       0  rtu210                 0.000       0.000     -44.977     -50.780           79.140            4.791           20.440            0.024           14.073           -6.462            2.396           10.309            2.816            6.545            5.575          101.364           18.926            0.000            0.000
   365    12    31  2021     211       0  rtu211                 0.000       0.000     -40.944     -48.402          101.942            9.581            0.000            0.023           13.822           -6.254            2.370            7.557            3.369            6.578            5.606          106.742           22.585            0.000            0.000
   365    12    31  2021     212       0  rtu212                 0.000       0.000     -40.571     -47.891           88.529            4.599           63.296            0.701           14.400           -1.614            2.389           36.666            5.128            6.578            5.606          183.123           26.553            0.000            0.000
   365    12    31  2021     213       0  rtu213                 0.000       0.000      -8.763     -24.220          114.398           13.605            0.000           27.536           14.922           -9.690            2.549            5.705            0.821            6.545            5.575           49.507            6.480            0.000            0.000
   365    12    31  2021     214       0  rtu214                 0.000       0.000     -40.721     -48.655           85.846            4.024            0.000            0.009           13.432           -6.674            2.300            6.411            2.380            6.545            5.575           86.639           21.425            0.000            0.000
   365    12    31  2021     215       0  rtu215                 0.000       0.000     -40.939     -48.777           85.846            4.024            0.000            0.009           13.393           -6.655            2.294            6.216            2.369            6.545            5.575           88.629           21.829            0.000            0.000
   365    12    31  2021     216       0  rtu216                 0.000       0.000      25.583      -1.588          367.338          108.266            0.000            0.009           22.409           36.260            4.161           13.646            2.602            6.545            5.575          135.239           22.908            0.000            0.000
   365    12    31  2021     217       0  rtu217                 0.000       0.000     -44.674     -50.763          100.026            3.066            0.000            0.009           13.475           -6.290            2.309            5.670            2.598            6.545            5.575          102.758           25.186            0.000            0.000
   365    12    31  2021     218       0  rtu218                 0.000       0.000     -37.338     -46.405           93.320            7.856           59.429            0.001           13.942           -3.477            2.360           15.949            2.910            6.545            5.575          166.221           25.866            0.000            0.000
   365    12    31  2021     219       0  rtu219                 0.000       0.000     -35.698     -44.961           83.930            9.581           19.476            0.008           13.594           -5.850            2.319            9.657            3.145            6.578            5.606          111.680           21.675            0.000            0.000
   365    12    31  2021     220       0  rtu220                 0.000       0.000      -2.602     -19.379          107.883           20.120           12.528           25.083           15.122           -8.857            2.574            9.812            1.035            6.545            5.575           67.911            6.197            0.000            0.000
   365    12    31  2021     221       0  rtu221                 0.000       0.000     -21.561     -32.520           72.433           15.330            0.000            0.006          121.453          -94.317           20.772            4.879            2.602            6.578            5.606          146.380           32.468            0.000            0.000
   365    12    31  2021     222       0  rtu222                 0.000       0.000     -33.874     -43.818           90.637           16.863          116.246            0.014           14.291           -3.738            2.381           12.871            3.030            6.545            5.575          219.144           25.009            0.000            0.000
   365    12    31  2021     223       0  rtu223                 0.000       0.000      63.536      23.119          578.313          177.441            0.000            0.031           27.374           59.513            5.384            6.545            2.764            6.578            5.606          104.185           21.362            0.000            0.000
   365    12    31  2021     224       0  rtu224                 0.000       0.000      22.932      -7.491          378.069          108.841            0.000            0.593           15.927           29.441            3.079            3.203            2.158            6.578            5.606          124.132           27.046            0.000            0.000
   365    12    31  2021     225       0  rtu225                 0.000       0.000      29.322       1.145          373.278          117.272            0.000            3.584           22.021           36.106            4.122            9.111            2.920            6.545            5.575          140.032           25.586            0.000            0.000
   365    12    31  2021     226       0  rtu226                 0.000       0.000      47.591      14.454          373.278          117.272            0.000           36.957           22.690           35.422            4.227            8.643            2.449            6.545            5.575          147.197           22.676            0.000            0.000
   365    12    31  2021     227       0  rtu227                 0.000       0.000     -38.890     -46.814           91.787            8.815            0.000            0.669           13.283           -6.082            2.282            7.185            3.377            6.545            5.575           98.916           24.748            0.000            0.000
   365    12    31  2021     228       0  rtu228                 0.000       0.000      20.800      -9.993          377.110          112.098            0.000            0.019           20.035           25.800            3.759            2.203            1.577            6.578            5.606          108.461           25.515            0.000            0.000
   365    12    31  2021     229       0  rtu229                 0.000       0.000      19.218      -5.131          326.331           94.278            0.000            0.561           16.389           31.201            3.206            5.753            2.675            6.578            5.606          120.714           24.371            0.000            0.000
   365    12    31  2021     230       0  rtu230                 0.000       0.000     -26.016     -38.101          120.338           24.911            0.000            0.524           12.744           -5.682            2.206            3.375            2.315            6.578            5.606          128.174           29.148            0.000            0.000
   365    12    31  2021     231       0  rtu231                 0.000       0.000      20.517     -10.276          378.835          107.308            0.000            0.019           20.331           26.419            3.744           11.026            1.901            6.578            5.606          115.446           20.726            0.000            0.000
   365    12    31  2021     232       0  rtu232                 0.000       0.000     -22.766     -35.434          105.775           20.120           59.388            0.078            9.698           -0.950            1.633           14.920            2.686            6.578            5.606          179.183           23.217            0.000            0.000
   365    12    31  2021     233       0  rtu233                 0.000       0.000     -23.328     -35.790          105.775           20.120           58.885            0.092            9.721           -0.753            1.638           14.750            2.717            6.578            5.606          178.724           23.979            0.000            0.000
   365    12    31  2021     234       0  rtu234                 0.000       0.000      65.745      30.669          542.671          165.369           41.903            1.104           23.903           66.705            4.778           13.201            1.201            6.578            5.606          170.265           20.256            0.000            0.000
   365    12    31  2021     235       0  rtu235                 0.000       0.000     -16.208     -30.784          117.272           13.605            0.000            8.772           14.187           -6.804            2.412           11.704            1.926            6.545            5.575          118.170           19.071            0.000            0.000
   365    12    31  2021     236       0  rtu236                 0.000       0.000     -16.869     -31.265          111.524           16.288            0.000            6.736           13.820           -6.995            2.371            3.925            1.444            6.545            5.575          113.777           22.327            0.000            0.000
   365    12    31  2021     237       0  rtu237                 0.000       0.000      28.278      -3.542          381.709          112.098            0.000            0.629           15.834           29.021            3.053            4.168            1.546            6.578            5.606          124.492           23.817            0.000            0.000
   365    12    31  2021     238       0  rtu238                 0.000       0.000      -8.795     -26.093          114.398           22.611           44.733            7.259           14.358           -4.847            2.421           14.840            2.714            6.578            5.606          173.504           20.201            0.000            0.000
   365    12    31  2021     239       0  rtu239                 0.000       0.000     -29.412     -41.554            0.000            0.000            0.000            0.344           13.892           -0.860            2.310           51.591            5.337            6.578            5.606           63.940            7.824            0.000            0.000
   365    12    31  2021     240       0  rtu240                 0.000       0.000     -25.871     -38.436            0.000            0.000            0.000            0.000           17.346           -3.547            2.901           52.633            5.385            6.578            5.606           63.708            7.918            0.000            0.000
   365    12    31  2021     241       0  rtu241                 0.000       0.000     -31.205     -41.201            0.000            0.000            0.000            0.004           17.509           -3.448            2.927           53.371            5.412            6.578            5.606           65.273            8.021            0.000            0.000
   365    12    31  2021     242       0  rtu242                 0.000       0.000     -30.176     -40.604            0.000            0.000            0.000            0.004           17.437           -3.300            2.914           53.878            5.462            6.578            5.606           66.486            8.143            0.000            0.000
   365    12    31  2021     243       0  rtu243                 0.000       0.000     -28.973     -41.287            0.000            0.000            0.000            0.337           13.880           -0.792            2.308           51.906            5.365            6.578            5.606           64.561            7.884            0.000            0.000
   365    12    31  2021     244       0  rtu244                 0.000       0.000     -29.043     -39.943            0.000            0.000            0.000            0.002           17.421           -3.189            2.910           54.433            5.518            6.578            5.606           67.673            8.266            0.000            0.000
   365    12    31  2021     245       0  rtu245                 0.000       0.000     -28.892     -39.861            0.000            0.000            0.000            0.002           17.418           -3.188            2.910           54.426            5.518            6.578            5.606           67.660            8.267            0.000            0.000
   365    12    31  2021     246       0  rtu246                 0.000       0.000     -22.775     -38.979            0.000            0.000            0.000            0.000           12.734           -7.451            2.169           14.914            2.367            6.578            5.606           36.028            6.346            0.000            0.000
   365    12    31  2021     247       0  rtu247                 0.000       0.000      39.992       8.394          343.002           99.835            0.000           47.081           20.936           26.339            3.809            3.680            0.547            6.578            5.606           94.228           14.411            0.000            0.000
   365    12    31  2021     248       0  rtu248                 0.000       0.000      39.406      13.360          320.774           88.721           14.299           62.622           23.651           28.132            4.326            6.555            0.480            6.578            5.606           47.865            4.725            0.000            0.000
   365    12    31  2021     249       0  rtu249                 0.000       0.000      39.633      13.685          320.774           88.721           15.167           62.232           23.671           28.355            4.330            6.944            0.516            6.578            5.606           47.870            4.740            0.000            0.000
   365    12    31  2021     250       0  rtu250                 0.000       0.000      39.559       9.535          345.301           97.727            0.000           48.559           20.784           26.866            3.759           12.733            1.682            6.578            5.606          111.542           14.638            0.000            0.000
   365    12    31  2021     251       0  rtu251                 0.000       0.000     -31.279     -41.164            0.000            0.000            0.000            0.004           17.496           -3.438            2.924           53.178            5.397            6.545            5.575           64.797            7.971            0.000            0.000
   365    12    31  2021     252       0  rtu252                 0.000       0.000     -52.944     -53.706            0.000            0.000            0.000            0.116           18.067           -5.759            3.032           44.935            4.307            6.578            5.606           49.376            5.909            0.000            0.000
   365    12    31  2021     253       0  rtu253                 0.000       0.000     -29.211     -40.054            0.000            0.000            0.000            0.003           17.422           -3.211            2.911           54.323            5.508            6.578            5.606           67.442            8.244            0.000            0.000
   365    12    31  2021     254       0  rtu254                 0.000       0.000     -29.322     -40.030            0.000            0.000            0.000            0.004           17.466           -3.214            2.918           54.317            5.513            6.545            5.575           67.267            8.230            0.000            0.000
   365    12    31  2021     255       0  rtu255                 0.000       0.000     -29.016     -39.929            0.000            0.000            0.000            0.002           17.421           -3.189            2.910           54.433            5.518            6.578            5.606           67.673            8.267            0.000            0.000
   365    12    31  2021     256       0  rtu256                 0.000       0.000     -15.345     -28.552            0.000            0.000            0.000            4.005           15.303           -3.554            2.557           44.143            3.622            6.545            5.575           53.937            5.121            0.000            0.000
   365    12    31  2021     257       0  rtu257                 0.000       0.000     -28.961     -39.898            0.000            0.000            0.000            0.002           17.419           -3.188            2.910           54.432            5.518            6.578            5.606           67.672            8.267            0.000            0.000
   365    12    31  2021     258       0  rtu258                 0.000       0.000     -29.272     -40.074            0.000            0.000            0.000            0.002           17.429           -3.208            2.912           54.360            5.510            6.578            5.606           67.509            8.249            0.000            0.000
   365    12    31  2021     259       0  rtu259                 0.000       0.000     -15.347     -28.547            0.000            0.000            0.000            4.021           15.305           -3.562            2.558           44.098            3.616            6.545            5.575           53.867            5.110            0.000            0.000
   365    12    31  2021     260       0  rtu260                 0.000       0.000     -15.647     -28.584            0.000            0.000            0.000            4.381           15.414           -4.202            2.581           41.392            3.265            6.545            5.575           49.349            4.432            0.000            0.000
   365    12    31  2021     261       0  rtu261                 0.000       0.000     -15.331     -28.576            0.000            0.000            0.000            3.918           15.296           -3.528            2.556           44.308            3.647            6.545            5.575           54.177            5.168            0.000            0.000
   365    12    31  2021     262       0  rtu262                 0.000       0.000     -28.587     -39.602            0.000            0.000            0.000            0.002           17.452           -3.151            2.915           54.614            5.543            6.545            5.575           67.958            8.300            0.000            0.000
   365    12    31  2021     263       0  rtu263                 0.000       0.000     -15.587     -28.653            0.000            0.000            0.000            4.349           15.392           -4.309            2.578           41.021            3.234            6.545            5.575           48.514            4.375            0.000            0.000
   365    12    31  2021     264       0  rtu264                 0.000       0.000     -30.513     -40.765            0.000            0.000            0.000            0.006           17.508           -3.306            2.925           53.985            5.480            6.545            5.575           66.639            8.166            0.000            0.000
   365    12    31  2021     265       0  rtu265                 0.000       0.000     -26.397     -38.429            0.000            0.000            0.000            0.000           17.381           -3.419            2.906           52.665            5.389            6.545            5.575           63.502            7.895            0.000            0.000
   365    12    31  2021     266       0  rtu266                 0.000       0.000     -28.867     -39.847            0.000            0.000            0.000            0.002           17.417           -3.186            2.910           54.431            5.519            6.578            5.606           67.671            8.268            0.000            0.000
   365    12    31  2021     267       0  rtu267                 0.000       0.000     -28.998     -39.919            0.000            0.000            0.000            0.002           17.420           -3.188            2.910           54.433            5.518            6.578            5.606           67.673            8.267            0.000            0.000
   365    12    31  2021     268       0  rtu268                 0.000       0.000     -36.838     -44.339            0.000            0.000            0.000            0.010           17.813           -4.010            2.980           51.376            5.183            6.578            5.606           60.660            7.501            0.000            0.000
   365    12    31  2021     269       0  rtu269                 0.000       0.000     -37.490     -44.625            0.000            0.000            0.000            0.011           17.884           -4.109            2.992           50.954            5.139            6.545            5.575           59.798            7.403            0.000            0.000
   365    12    31  2021     270       0  rtu270                 0.000       0.000     -24.426     -37.436            0.000            0.000            0.000            0.000           17.414           -3.375            2.911           53.327            5.449            6.578            5.606           65.123            8.060            0.000            0.000
   365    12    31  2021     271       0  rtu271                 0.000       0.000     -32.926     -42.795            0.000            0.000            0.000            0.236           10.132            1.559            1.660           47.825            4.997            6.578            5.606           55.832            7.051            0.000            0.000
   365    12    31  2021     272       0  rtu272                 0.000       0.000     -33.972     -43.319            0.000            0.000            0.000            0.311           10.342            1.449            1.695           48.021            5.024            6.578            5.606           56.189            7.087            0.000            0.000
   365    12    31  2021     273       0  rtu273                 0.000       0.000     -31.039     -41.644            0.000            0.000            0.000            0.244           10.106            1.877            1.653           49.489            5.156            6.578            5.606           59.438            7.412            0.000            0.000
   365    12    31  2021     274       0  rtu274                 0.000       0.000      39.118       7.846          343.002           99.835            0.000           47.749           21.078           26.348            3.844            2.906            0.454            6.545            5.575           91.843           14.096            0.000            0.000
   365    12    31  2021     275       0  rtu275                 0.000       0.000      39.345       9.027          343.002           99.835            0.000           47.495           21.114           27.316            3.849            3.088            0.436            6.578            5.606           95.852           14.919            0.000            0.000
   365    12    31  2021     276       0  rtu276                 0.000       0.000      38.902       9.036          345.301           97.727            0.000           47.099           20.707           26.775            3.751           10.095            1.432            6.578            5.606          111.747           15.052            0.000            0.000
   365    12    31  2021     277       0  rtu277                 0.000       0.000      39.249       9.217          345.301           97.727            0.000           47.788           20.831           26.050            3.769           10.436            1.391            6.578            5.606          105.119           13.598            0.000            0.000
   365    12    31  2021     278       0  rtu278                 0.000       0.000     -22.987     -36.414            0.000            0.000            0.000            0.000           17.713           -2.905            2.956           57.403            5.806            6.578            5.606           74.407            8.938            0.000            0.000
   365    12    31  2021     279       0  rtu279                 0.000       0.000     -22.668     -36.873            0.000            0.000            0.000            0.664           10.964            2.008            1.788           54.066            5.530            6.578            5.606           67.935            8.316            0.000            0.000
   365    12    31  2021     280       0  rtu280                 0.000       0.000     -22.665     -36.871            0.000            0.000            0.000            0.665           10.964            2.009            1.788           54.071            5.530            6.578            5.606           67.945            8.317            0.000            0.000
   365    12    31  2021     281       0  rtu281                 0.000       0.000     -28.902     -39.756            0.000            0.000            0.000            0.000           16.992          -10.715            2.895           15.816            2.434            6.578            5.606           39.198            6.521            0.000            0.000
   365    12    31  2021     282       0  rtu282                 0.000       0.000     -13.007     -28.896            0.000            0.000            0.000            0.005          130.886         -102.851           22.362           16.966            2.385            6.578            5.606           47.193            6.665            0.000            0.000
   365    12    31  2021     283       0  rtu283                 0.000       0.000     -11.685     -31.577            0.000            0.000            0.000            0.000            3.131            1.494            0.523           17.881            2.984            6.578            5.606           23.023            3.786            0.000            0.000
   365    12    31  2021     284       0  rtu284                 0.000       0.000     -11.198     -30.777            0.000            0.000            0.000            0.000            4.329            0.475            0.730           17.672            2.949            6.578            5.606           22.686            3.728            0.000            0.000
   365    12    31  2021     285       0  rtu285                 0.000       0.000     -11.552     -32.456            0.000            0.000            0.000            0.000            6.124           -1.015            1.040           17.576            2.932            6.545            5.575           22.619            3.717            0.000            0.000
   365    12    31  2021     286       0  rtu286                 0.000       0.000     -11.216     -31.323            0.000            0.000            0.000            0.000            5.958           -0.879            1.011           17.580            2.933            6.545            5.575           22.619            3.717            0.000            0.000
   365    12    31  2021     287       0  rtu287                 0.000       0.000     -11.674     -31.593            0.000            0.000            0.000            0.000            3.075            1.533            0.513           17.821            2.974            6.578            5.606           22.902            3.765            0.000            0.000
   365    12    31  2021     288       0  rtu288                 0.000       0.000     -20.619     -35.295            0.000            0.000            0.000            0.000           16.185          -12.893            2.766            0.840            0.133            6.578            5.606            2.301            0.366            0.000            0.000
   365    12    31  2021     289       0  rtu289                 0.000       0.000     -23.504     -36.928            0.000            0.000            0.000            0.000           16.217          -12.913            2.771            0.808            0.127            6.578            5.606            2.188            0.347            0.000            0.000
   365    12    31  2021     290       0  rtu290                 0.000       0.000     -19.855     -34.927            0.000            0.000            0.000            2.989            9.125           -7.193            1.559            0.815            0.128            6.578            5.606            2.152            0.342            0.000            0.000
   365    12    31  2021     291       0  rtu291                 0.000       0.000     -36.667     -44.779            0.000            0.000            0.000            1.172            9.688           -7.678            1.655            0.807            0.127            6.578            5.606            2.188            0.347            0.000            0.000
   365    12    31  2021     292       0  rtu292                 0.000       0.000      -4.459     -24.439            0.000            0.000            0.000            0.009          127.138         -102.993           21.729            0.870            0.137            6.578            5.606            2.320            0.371            0.000            0.000
   365    12    31  2021     293       0  rtu293                 0.000       0.000      -4.208     -24.314            0.000            0.000            0.000            0.007          126.806         -102.755           21.672            0.816            0.128            6.578            5.606            2.249            0.365            0.000            0.000
   365    12    31  2021     294       0  rtu294                 0.000       0.000     -52.846     -57.087           11.497            1.533          131.097            1.627           15.280           -2.633            2.563           45.911            2.000            6.545            5.575          153.327            7.452            0.000            0.000
   365    12    31  2021     295       0  rtu295                 0.000       0.000     -43.352     -53.023           70.900           10.539           77.876            1.173           14.289           -4.025            2.422           23.443            1.521            6.545            5.575          153.145           17.948            0.000            0.000
   365    12    31  2021     296       0  rtu296                 0.000       0.000     -21.478     -35.694            0.000            0.000           69.866            0.000           17.276           -5.330            2.908           46.176            2.396            6.578            5.606           80.351            4.064            0.000            0.000
   365    12    31  2021     297       0  rtu297                 0.000       0.000     -23.276     -36.581           53.271           12.570           38.039            1.774            9.983           -1.724            1.693           19.792            4.051            6.578            5.606          116.716           19.906            0.000            0.000
   365    12    31  2021     298       0  rtu298                 0.000       0.000     -29.547     -40.194            0.000            0.000          105.958            0.000           18.590            2.676            3.077           91.241            5.400            6.578            5.606          187.325           18.353            0.000            0.000
   365    12    31  2021     299       0  rtu299                 0.000       0.000      -5.180     -24.833            0.000            0.000            0.000            0.009          127.317         -103.173           21.759            0.794            0.126            6.578            5.606            2.074            0.334            0.000            0.000
   365    12    31  2021     300       0  rtu300                 0.000       0.000      24.689      -2.742          298.929           88.721           56.786            0.000           23.809           27.455            4.234           17.669            3.030            6.578            5.606          159.625           20.162            0.000            0.000
   365    12    31  2021     301       0  rtu301                 0.000       0.000      -5.674     -24.904            0.000            0.000           41.044            0.000          123.882          -92.854           21.155           41.671            2.185            6.578            5.606           68.730            3.530            0.000            0.000
   365    12    31  2021     302       0  rtu302                 0.000       0.000      -4.286     -24.330            0.000            0.000            0.000            0.007          126.831         -102.590           21.677            0.820            0.129            6.578            5.606            2.272            0.361            0.000            0.000
   365    12    31  2021     303       0  rtu303                 0.000       0.000     -18.947     -31.854          119.572            7.971            0.000            0.096          127.723          -89.096           21.796           55.326            6.205            6.578            5.606          212.727           31.160            0.000            0.000
   365    12    31  2021     304       0  rtu304                 0.000       0.000     -22.791     -36.311            0.000            0.000            0.000            0.000           17.686           -2.874            2.951           57.469            5.812            6.578            5.606           74.589            8.955            0.000            0.000
   365    12    31  2021     305       0  rtu305                 0.000       0.000     -22.908     -37.585            0.000            0.000            0.000            0.306            7.966            4.446            1.259           53.905            5.518            6.578            5.606           66.983            8.274            0.000            0.000
   365    12    31  2021     306       0  rtu306                 0.000       0.000     -35.484     -43.800            0.000            0.000            0.000            0.000           17.810           -3.921            2.980           51.884            5.261            6.578            5.606           61.663            7.639            0.000            0.000
   365    12    31  2021     307       0  rtu307                 0.000       0.000     -25.007     -38.887            0.000            0.000            0.000            0.297            7.974            4.268            1.262           52.993            5.433            6.578            5.606           65.020            8.081            0.000            0.000
   365    12    31  2021     308       0  rtu308                 0.000       0.000     -30.629     -42.104            0.000            0.000            0.000            0.278            8.012            4.055            1.271           52.122            5.337            6.578            5.606           62.848            7.845            0.000            0.000
   365    12    31  2021     309       0  rtu309                 0.000       0.000     -22.865     -36.347            0.000            0.000            0.000            0.000           17.692           -2.870            2.952           57.521            5.816            6.578            5.606           74.704            8.965            0.000            0.000
   365    12    31  2021     310       0  rtu310                 0.000       0.000     -29.233     -41.065            0.000            0.000            0.000            0.825           14.719           -1.076            2.442           53.627            5.445            6.545            5.575           66.473            8.127            0.000            0.000
   365    12    31  2021     311       0  rtu311                 0.000       0.000     -24.306     -37.119            0.000            0.000            0.000            0.000           17.771           -3.072            2.966           56.550            5.734            6.545            5.575           72.455            8.758            0.000            0.000
   365    12    31  2021     312       0  rtu312                 0.000       0.000     -22.906     -37.584            0.000            0.000            0.000            0.306            7.966            4.446            1.259           53.904            5.518            6.578            5.606           66.981            8.274            0.000            0.000
   365    12    31  2021     313       0  rtu313                 0.000       0.000     -22.454     -36.077            0.000            0.000            0.000            0.000           17.693           -2.856            2.952           57.474            5.817            6.545            5.575           74.611            8.957            0.000            0.000
   365    12    31  2021     314       0  rtu314                 0.000       0.000      28.635      -1.500          345.301           97.727            0.000            0.000           20.207           28.274            3.676           14.249            2.075            6.578            5.606          141.644           20.796            0.000            0.000
