 Mini_CREATE               SWAT+ Jan 11 2024        MODULAR Rev 2024.61.0                                 
  jday   mon   day    yr    unit  gis_id  name                  precip     snofall      snomlt    surq_gen        latq    wateryld        perc          et     ecanopy      eplant       esoil   surq_cont          cn     sw_init    sw_final      sw_ave      sw_300    sno_init   sno_final     snopack         pet       qtile         irr  surq_runon  latq_runon    overbank    surq_cha    surq_res     surq_ls    latq_cha    latq_res     latq_ls     gwsoilq       satex  satex_chan   sw_change     lagsurf     laglatq    lagsatex    wet_evap
                                                                  mm            mm          mm          mm          mm          mm          mm          mm          mm          mm          mm          mm         ---          mm          mm          mm          mm          mm          mm          mm          mm          mm          mm          mm          mm          mm          mm          mm          mm          mm          mm          mm          mm          mm          mm          mm          mm          mm          mm          mm
    365    12    31  2021      1       0  rtu001               833.765      79.048      79.527     144.683       0.444     145.126     111.970     575.315      85.857     415.479      73.979     144.683      68.296     321.519     376.794     402.650      56.863      19.995       0.000       1.529     628.185       0.000       0.000       0.000       0.000       0.000       0.000       0.000     144.683       0.000       0.000       0.444       0.000       0.000       0.000       2.118      52.546      27.469       0.000       0.000
    365    12    31  2021      2       0  rtu002               833.765      79.048      79.527     150.092       0.430     150.522     107.569     574.191      85.857     415.585      72.748     150.093      68.520     323.579     382.248     402.092      56.757      19.995       0.000       1.529     628.185       0.000       0.000       0.000       0.000       0.000       0.000       0.000     150.093       0.000       0.000       0.430       0.000       0.000       0.000       2.248      63.706      26.632       0.000       0.000
    365    12    31  2021      3       0  rtu003               833.765      79.047      79.535       0.000       2.093       2.093     327.213     507.888      85.860     407.257      14.771       0.000      16.736     233.396     225.960     189.496      28.709      19.995       0.000       1.529     628.167       0.000       0.000       0.000       2.377       0.000       0.000       0.000       0.000       0.000       0.000       2.093       0.000       0.000       0.000      -0.285       0.000       6.683       0.000       0.000
    365    12    31  2021      4       0  rtu004               826.870      77.583      78.018       2.035     131.773     133.808     174.230     520.422      89.484     416.934      14.005       2.035      30.559     274.500     250.213     227.791      45.893      16.974       0.000       1.442     630.001       0.000       0.000       0.000       0.000       0.000       0.000       0.000       2.035       0.000       0.000     131.773       0.000       0.000       0.000      -0.931       0.251     348.758       0.000       0.000
    365    12    31  2021      5       0  rtu005               826.870      77.582      78.018       0.611       6.422       7.033     300.695     520.701      89.485     417.104      14.111       0.611      16.891     281.092     257.392     239.453      46.281      16.974       0.000       1.442     629.994       0.000       0.000       0.000       0.000       0.000       0.000       0.000       0.611       0.000       0.000       6.422       0.000       0.000       0.000      -0.908       0.147      16.998       0.000       0.000
    365    12    31  2021      6       0  rtu006               826.870      77.581      78.017       2.605     112.022     114.627     193.396     520.424      89.487     416.930      14.006       2.605      31.660     275.463     251.524     229.585      45.906      16.974       0.000       1.442     629.985       0.000       0.000       0.000       0.000       0.000       0.000       0.000       2.605       0.000       0.000     112.022       0.000       0.000       0.000      -0.917       0.165     296.484       0.000       0.000
    365    12    31  2021      7       0  rtu007               826.870      77.582      78.018       0.672       4.098       4.770     302.948     520.712      89.485     417.112      14.116       0.672      16.897     281.207     257.504     239.661      46.295      16.974       0.000       1.442     629.996       0.000       0.000       0.000       0.000       0.000       0.000       0.000       0.672       0.000       0.000       4.098       0.000       0.000       0.000      -0.908       0.127      10.845       0.000       0.000
    365    12    31  2021      8       0  rtu008               826.870      77.583      78.018       1.951     135.107     137.058     170.984     520.420      89.484     416.930      14.006       1.951      30.372     274.347     249.979     227.486      45.891      16.974       0.000       1.442     630.001       0.000       0.000       0.000       0.000       0.000       0.000       0.000       1.951       0.000       0.000     135.107       0.000       0.000       0.000      -0.934       0.125     357.582       0.000       0.000
    365    12    31  2021      9       0  rtu009               826.870      77.580      78.013      21.294       0.634      21.929     443.050     520.846      89.489     413.907      17.450      21.294      44.479     254.858     235.960     241.871      32.697      16.974       0.000       1.442     629.969       0.000       0.000     149.679       7.900       0.000      21.294       0.000       0.000       0.634       0.000       0.000       0.000       0.000       0.000      -0.724      23.789       9.582       0.000       0.000
    365    12    31  2021     10       0  rtu010               820.551      76.600      76.988       0.882       3.830       4.712     296.777     520.665      89.302     417.283      14.080       0.881      16.903     277.076     250.989     238.275      46.157      15.724       0.000       1.392     630.407       0.000       0.000       0.000       0.000       0.000       0.000       0.000       0.881       0.000       0.000       3.830       0.000       0.000       0.000      -1.000       0.138      10.137       0.000       0.000
    365    12    31  2021     11       0  rtu011               833.765      79.046      79.535       1.771       4.216       5.987     311.266     518.029      85.860     418.025      14.144       1.771      16.962     287.196     267.619     240.590      46.463      19.995       0.000       1.529     628.160       0.000       0.000       0.000       0.000       0.000       0.000       0.000       1.771       0.000       0.000       4.216       0.000       0.000       0.000      -0.750       0.210      11.158       0.000       0.000
    365    12    31  2021     12       0  rtu012               833.765      79.045      79.534       1.850       1.712       3.562     313.699     518.024      85.862     418.012      14.150       1.850      16.967     287.388     267.746     240.819      46.480      19.994       0.000       1.529     628.145       0.000       0.000       0.000       0.000       0.000       0.000       0.000       1.850       0.000       0.000       1.712       0.000       0.000       0.000      -0.753       0.523       4.531       0.000       0.000
    365    12    31  2021     13       0  rtu013               833.765      79.046      79.534       1.737       5.249       6.985     310.284     518.013      85.862     418.008      14.143       1.736      16.960     287.122     267.577     240.505      46.457      19.994       0.000       1.529     628.151       0.000       0.000       0.000       0.000       0.000       0.000       0.000       1.736       0.000       0.000       5.249       0.000       0.000       0.000      -0.749       0.411      13.891       0.000       0.000
    365    12    31  2021     14       0  rtu014               833.765      79.046      79.534       1.752       4.785       6.537     310.731     518.014      85.862     418.008      14.144       1.752      16.961     287.157     267.600     240.546      46.460      19.994       0.000       1.529     628.150       0.000       0.000       0.000       0.000       0.000       0.000       0.000       1.752       0.000       0.000       4.785       0.000       0.000       0.000      -0.750       0.222      12.664       0.000       0.000
    365    12    31  2021     15       0  rtu015               833.765      79.047      79.536       1.680       6.935       8.615     308.635     518.031      85.859     418.034      14.138       1.679      16.957     286.987     267.482     240.345      46.445      19.995       0.000       1.529     628.173       0.000       0.000       0.000       0.000       0.000       0.000       0.000       1.679       0.000       0.000       6.935       0.000       0.000       0.000      -0.747       0.988      18.355       0.000       0.000
    365    12    31  2021     16       0  rtu016               833.765      79.047      79.535      16.083       1.595      17.677     405.818     495.893      85.859     394.783      15.251      16.082      44.120     185.118     193.475     151.322      28.692      19.995       0.000       1.529     628.168       0.000       0.000      63.339      21.839       0.000       0.000       0.000      16.082       0.000       0.000       1.595       0.000       0.000       0.000       0.320       5.638       5.456       0.000       0.000
    365    12    31  2021     17       0  rtu017               826.870      77.581      78.015       0.000       2.833       2.833     312.587     512.457      89.488     408.371      14.598       0.000      16.730     229.552     220.253     189.715      30.670      16.974       0.000       1.442     629.979       0.000       0.000       0.000       0.000       0.000       0.000       0.000       0.000       0.000       0.000       2.833       0.000       0.000       0.000      -0.356       0.000       8.472       0.000       0.000
    365    12    31  2021     18       0  rtu018               833.765      79.047      79.535     131.519       2.708     134.228     543.560     509.844      85.859     407.024      16.961     131.519      17.199     234.764     240.858     208.490      30.337      19.995       0.000       1.529     628.175       0.000       0.000     347.447       5.887       0.000       0.000       0.000     131.519       0.000       0.000       2.708       0.000       0.000       0.000       0.234      25.461       8.649       0.000       0.000
    365    12    31  2021     19       0  rtu019               833.765      79.045      79.533     101.660       3.767     105.426     328.761     518.188      85.863     417.979      14.346     101.660      17.537     287.366     267.714     242.185      46.815      19.994       0.000       1.529     628.140       0.000       0.000     116.183       0.907       0.000     101.660       0.000       0.000       3.767       0.000       0.000       0.000       0.000       0.000      -0.753      49.698       9.969       0.000       0.000
    365    12    31  2021     20       0  rtu020               833.765      79.047      79.535      57.291       2.937      60.227     449.006     508.959      85.859     407.164      15.936      57.290      16.983     235.421     231.454     200.573      29.633      19.995       0.000       1.529     628.173       0.000       0.000     174.258       9.250       0.000       0.000       0.000      57.290       0.000       0.000       2.937       0.000       0.000       0.000      -0.152      18.384       9.378       0.000       0.000
    365    12    31  2021     21       0  rtu021               833.765      79.047      79.535       0.000       1.279       1.279     325.704     507.834      85.860     407.233      14.742       0.000      16.736     233.136     225.689     189.311      28.699      19.995       0.000       1.529     628.166       0.000       0.000       0.000       0.000       0.000       0.000       0.000       0.000       0.000       0.000       1.279       0.000       0.000       0.000      -0.285       0.000       4.084       0.000       0.000
    365    12    31  2021     22       0  rtu022               833.765      79.046      79.534       0.000       1.140       1.140     325.847     507.831      85.860     407.229      14.742       0.000      16.736     233.149     225.691     189.326      28.699      19.995       0.000       1.529     628.161       0.000       0.000       0.000       0.000       0.000       0.000       0.000       0.000       0.000       0.000       1.140       0.000       0.000       0.000      -0.286       0.000       3.639       0.000       0.000
    365    12    31  2021     23       0  rtu023               833.765      79.045      79.536       0.000       2.044       2.045     319.608     513.304      85.863     420.225       7.217       0.000      16.699     308.944     297.852     268.969      69.371      19.994       0.000       1.529     628.143       0.000       0.000       0.000       0.000       0.000       0.000       0.000       0.000       0.000       0.000       2.044       0.000       0.000       0.000      -0.425       0.000       1.645       0.000       0.000
    365    12    31  2021     24       0  rtu024               833.765      79.045      79.536       0.000       1.652       1.652     319.999     513.305      85.863     420.225       7.218       0.000      16.699     308.965     297.867     269.004      69.375      19.994       0.000       1.529     628.143       0.000       0.000       0.000       0.000       0.000       0.000       0.000       0.000       0.000       0.000       1.652       0.000       0.000       0.000      -0.425       0.000       1.330       0.000       0.000
    365    12    31  2021     25       0  rtu025               833.765      79.046      79.535       0.000       2.681       2.681     324.314     507.819      85.860     407.214      14.745       0.000      16.736     233.010     225.654     189.177      28.699      19.995       0.000       1.529     628.164       0.000       0.000       0.000       0.000       0.000       0.000       0.000       0.000       0.000       0.000       2.681       0.000       0.000       0.000      -0.282       0.000       8.560       0.000       0.000
    365    12    31  2021     26       0  rtu026               833.765      79.045      79.533       0.000       1.178       1.178     326.079     507.815      85.863     407.206      14.747       0.000      16.736     233.166     225.698     189.357      28.701      19.994       0.000       1.529     628.143       0.000       0.000       0.143       0.112       0.000       0.000       0.000       0.000       0.000       0.000       1.178       0.000       0.000       0.000      -0.286       0.000       3.762       0.000       0.000
    365    12    31  2021     27       0  rtu027               833.765      79.045      79.533       0.276       0.546       0.822     335.056     498.427      85.863     396.896      15.669       0.276      44.033     191.445     197.374     151.823      30.691      19.994       0.000       1.529     628.142       0.000       0.000       0.000       0.000       0.000       0.126       0.000       0.149       0.250       0.000       0.296       0.000       0.000       0.000       0.227       0.207       3.141       0.000       0.000
    365    12    31  2021     28       0  rtu028               833.765      79.048      79.537       0.000       2.877       2.878     324.081     507.855      85.855     407.258      14.741       0.000      16.736     232.989     225.656     189.140      28.698      19.995       0.000       1.529     628.201       0.000       0.000       0.000       0.000       0.000       0.000       0.000       0.000       0.000       0.000       2.877       0.000       0.000       0.000      -0.281       0.000       9.188       0.000       0.000
    365    12    31  2021     29       0  rtu029               833.765      79.045      79.532      52.930     213.650     266.580      74.304     501.844      85.864     401.114      14.866      52.931      78.738     207.383     205.614     167.858      30.239      19.994       0.000       1.529     628.133       0.000       0.000       7.909       0.209       0.000      52.931       0.000       0.000     213.650       0.000       0.000       0.000       0.000       0.000      -0.068       3.083    1229.202       0.000       0.000
    365    12    31  2021     30       0  rtu030               833.765      79.045      79.533     115.126     125.948     241.074      76.863     517.176      85.863     417.075      14.238     115.128      86.302     283.792     269.373     257.002      29.584      19.994       0.000       1.529     628.136       0.000       0.000       0.000       0.000       0.000       0.000       0.000     115.128       0.000       0.000     125.948       0.000       0.000       0.000      -0.552       7.106    1902.489       0.000       0.000
    365    12    31  2021     31       0  rtu031               833.765      79.046      79.533       7.339       5.000      12.338     464.430     510.127      85.862     407.700      16.566       7.338      16.767     249.260     258.130     204.655      31.790      19.994       0.000       1.529     628.150       0.000       0.000     148.561       4.143       0.000       0.000       0.000       7.338       0.000       0.000       5.000       0.000       0.000       0.000       0.340       2.143      14.953       0.000       0.000
    365    12    31  2021     32       0  rtu032               826.870      76.740      77.197     165.058      14.298     179.355      86.942     560.204      93.612     375.566      91.026     165.062      92.032     265.041     291.167     321.270      32.261      16.900       0.000       1.426     630.040       0.000       0.000       0.000       0.000       0.000       0.000       0.000     165.062       0.000       0.000      14.298       0.000       0.000       0.000       1.001      13.126     885.043       0.000       0.000
    365    12    31  2021     33       0  rtu033               833.765      78.206      78.723       0.000       1.920       1.920     317.882     514.941      89.978     373.331      51.632       0.000      24.677     232.200     226.612     193.335      28.766      19.927       0.000       1.514     628.210       0.000       0.000       0.000       0.000       0.000       0.000       0.000       0.000       0.000       0.000       1.920       0.000       0.000       0.000      -0.214       0.000       6.130       0.000       0.000
    365    12    31  2021     34       0  rtu034               833.765      81.955      82.254      45.483       1.304      46.787     448.770     338.292      38.389     124.735     175.168      45.483      59.490     230.635     248.735     221.246      35.561      20.318       0.000       1.598     628.094       0.000       0.000       0.000       0.000       0.000       0.000       0.000      45.483       0.000       0.000       1.304       0.000       0.000       0.000       0.694       0.178       9.532       0.000       0.000
    365    12    31  2021     35       0  rtu035               833.765      81.955      82.252      39.627       3.489      43.116     446.431     344.335      38.386     124.385     181.564      39.627      42.880     233.336     250.601     223.645      32.338      20.318       0.000       1.598     628.096       0.000       0.000       0.000       0.000       0.000       0.000       0.000      39.627       0.000       0.000       3.489       0.000       0.000       0.000       0.662       0.132      11.140       0.000       0.000
    365    12    31  2021     36       0  rtu036               833.765      81.954      82.251      39.626       0.766      40.392     449.160     344.326      38.388     124.376     181.562      39.627      42.880     233.551     250.879     223.884      32.339      20.318       0.000       1.598     628.074       0.000       0.000       0.000       0.000       0.000       0.000       0.000      39.627       0.000       0.000       0.766       0.000       0.000       0.000       0.664       1.258       2.447       0.000       0.000
    365    12    31  2021     37       0  rtu037               833.765      81.954      82.251      45.062       0.362      45.424     444.989     343.208      38.387     124.385     180.437      45.062      59.358     260.353     284.438     257.357      33.115      20.318       0.000       1.598     628.070       0.000       0.000       0.000       0.000       0.000       0.000       0.000      45.062       0.000       0.000       0.362       0.000       0.000       0.000       0.923       0.218       5.463       0.000       0.000
    365    12    31  2021     38       0  rtu038               833.765      81.954      82.251      39.627       2.196      41.823     447.737     344.321      38.389     124.373     181.559      39.627      42.880     233.437     250.730     223.762      32.339      20.318       0.000       1.598     628.065       0.000       0.000       0.000       0.000       0.000      22.152       0.000      17.475       1.227       0.000       0.968       0.000       0.000       0.000       0.663       0.208       7.011       0.000       0.000
    365    12    31  2021     39       0  rtu039               833.765      81.954      82.251      39.627       3.938      43.565     445.992     344.325      38.389     124.373     181.564      39.627      42.880     233.299     250.550     223.610      32.339      20.318       0.000       1.598     628.066       0.000       0.000       0.000       0.000       0.000       0.000       0.000      39.627       0.000       0.000       3.938       0.000       0.000       0.000       0.661       0.112      12.575       0.000       0.000
    365    12    31  2021     40       0  rtu040               826.870      80.609      80.838     567.948      12.854     580.802     102.075     455.101      39.788     124.217     291.097     567.949      96.283     262.622     362.165     367.206      41.168      17.328       0.000       1.513     629.882       0.000       0.000     289.241      25.055       0.000       0.000       0.000     567.949       0.000       0.000      12.854       0.000       0.000       0.000       3.815       1.632     795.695       0.000       0.000
    365    12    31  2021     41       0  rtu041               833.765      81.955      82.252     119.523       1.561     121.084     377.863     338.493      38.387     124.315     175.791     119.530      42.886     228.004     245.202     216.202      31.893      20.318       0.000       1.598     628.078       0.000       0.000       3.337       0.224       0.000       0.000       0.000     119.530       0.000       0.000       1.561       0.000       0.000       0.000       0.659       9.852       4.983       0.000       0.000
    365    12    31  2021     42       0  rtu042               833.765      81.954      82.250     122.698       0.218     122.916     373.553     336.949      38.386     124.143     174.419     122.700      59.403     244.621     273.934     243.485      32.039      20.318       0.000       1.598     628.072       0.000       0.000       0.000       0.000       0.000       0.000       0.000     122.700       0.000       0.000       0.218       0.000       0.000       0.000       1.123       3.089       3.294       0.000       0.000
    365    12    31  2021     43       0  rtu043               826.870      78.126      78.446     538.594       0.001     538.595       0.000     568.714      41.814      79.799     447.101     538.594       0.000      18.486      11.969      10.272      10.179      17.024       0.000       1.450     629.994       0.000       0.000       0.000       0.412       0.000       0.000       0.000     538.594       0.000       0.000       0.001       0.000       0.000       0.000      -0.250       0.003       0.023       0.000     232.872
    365    12    31  2021     44       0  rtu044               826.870      78.127      78.446     624.735       0.327     625.062     299.938     744.832      55.833     316.034     372.965     624.735       0.000     147.548      79.454     182.702      20.948      17.024       0.000       1.450     629.999       0.000       0.000       0.000     552.252       0.000       0.000       0.000     624.735       0.000       0.000       0.327       0.000       0.000       0.000      -2.609       0.063       4.936       0.000     177.410
    365    12    31  2021     45       0  rtu045               833.765      79.589      79.982     541.315       0.000     541.315       0.000     562.285      40.169      79.109     443.007     541.315       0.000      18.717      11.904      10.196      10.082      20.045       0.000       1.537     628.158       0.000       0.000       0.000       0.000       0.000       0.000       0.000     541.315       0.000       0.000       0.000       0.000       0.000       0.000      -0.261       0.043       0.022       0.000     229.367
    365    12    31  2021     46       0  rtu046               833.765      79.588      79.981     541.930       0.000     541.930       0.000     562.914      40.215      79.630     443.069     541.930       0.000      18.817      11.923      10.218      10.092      20.044       0.000       1.537     628.140       0.000       0.000       0.000       0.584       0.000       0.000       0.000     541.930       0.000       0.000       0.000       0.000       0.000       0.000      -0.264       0.256       0.002       0.000     229.562
    365    12    31  2021     47       0  rtu047               833.765      79.588      79.980     543.136       0.000     543.136       0.000     559.529      40.851      79.262     439.415     543.136       0.000      19.016      12.200      10.610      10.609      20.044       0.000       1.537     628.128       0.000       0.000       0.000       0.000       0.000     543.136       0.000       0.000       0.000       0.000       0.000       0.000       0.000       0.000      -0.261       0.719       0.032       0.000     227.750
    365    12    31  2021     48       0  rtu048               833.765      79.587      79.979     544.797       0.000     544.797       0.000     556.374      41.289      79.153     435.932     544.796       0.000      20.515      13.699      12.038      12.038      20.044       0.000       1.537     628.121       0.000       0.000       0.000       0.000       0.000       0.000     544.796       0.000       0.000       0.000       0.000       0.000       0.000       0.000      -0.261       0.269       0.000       0.000     225.817
    365    12    31  2021     49       0  rtu049               826.870      78.124      78.444     541.924       0.000     541.924       0.000     552.120      44.062      79.298     428.761     541.924       0.000      19.902      13.380      11.785      11.784      17.024       0.000       1.450     629.966       0.000       0.000       0.000       0.000       0.000     541.924       0.000       0.000       0.000       0.000       0.000       0.000       0.000       0.000      -0.250       0.005       0.001       0.000     222.841
    365    12    31  2021     50       0  rtu050               833.765      79.588      79.981     547.953       0.001     547.954       0.000     549.133      42.135      79.004     427.994     547.953       0.000      20.132      13.312      11.723      11.721      20.044       0.000       1.537     628.138       0.000       0.000       0.000       0.000       0.000       0.000       0.000     547.953       0.000       0.000       0.001       0.000       0.000       0.000      -0.261       0.000       0.003       0.000     220.887
    365    12    31  2021     51       0  rtu051               833.765      79.589      79.982     547.956       0.000     547.956       0.000     549.116      42.131      79.000     427.984     547.956       0.000      20.133      13.317      11.725      11.723      20.045       0.000       1.537     628.163       0.000       0.000       0.000       0.000       0.000       0.000       0.000     547.956       0.000       0.000       0.000       0.000       0.000       0.000      -0.261       0.282       0.001       0.000     220.877
    365    12    31  2021     52       0  rtu052               833.765      79.590      79.983     548.828       0.000     548.828       0.000     550.510      42.344      81.638     426.528     548.828       0.000      20.448      13.326      11.921      11.824      20.045       0.000       1.537     628.172       0.000       0.000       0.000       2.660       0.000       0.000       0.000     548.828       0.000       0.000       0.000       0.000       0.000       0.000      -0.273       0.356       0.001       0.000     220.163
    365    12    31  2021     53       0  rtu053               833.765      79.588      79.981     575.777       0.000     575.777       0.000     581.960      52.112     159.441     370.407     575.777       0.000      33.659      14.381      37.149      15.765      20.044       0.000       1.537     628.137       0.000       0.000       0.000      79.163       0.000       0.000       0.000     575.777       0.000       0.000       0.000       0.000       0.000       0.000      -0.739       1.152       0.002       0.000     191.374
    365    12    31  2021     54       0  rtu054               833.765      79.588      79.980     547.953       0.000     547.953       0.000     549.137      42.136      79.005     427.996     547.953       0.000      20.131      13.312      11.723      11.721      20.044       0.000       1.537     628.136       0.000       0.000       0.000       0.000       0.000       0.000       0.000     547.953       0.000       0.000       0.000       0.000       0.000       0.000      -0.261       0.360       0.001       0.000     220.890
    365    12    31  2021     55       0  rtu055               826.870      80.570      80.752     203.617      63.535     267.151      76.395     483.265      14.083      33.563     435.619     203.621      94.649     291.905     309.124     289.212      29.670      17.388       0.000       1.521     629.981       0.000       0.000       0.000       0.000       0.000       0.000       0.000     203.621       0.000       0.000      63.535       0.000       0.000       0.000       0.660       3.161    3932.867       0.000       0.000
    365    12    31  2021     56       0  rtu056               826.870      80.592      80.765       0.476       7.206       7.682     297.204     522.304      12.764      35.996     473.544       0.476      12.480     287.111     296.163     251.978      47.770      17.388       0.000       1.521     629.977       0.000       0.000       0.000       0.000       0.000       0.000       0.000       0.476       0.000       0.000       7.206       0.000       0.000       0.000       0.347       0.025      19.072       0.000       0.000
    365    12    31  2021     57       0  rtu057               826.870      80.581      80.764     174.166      13.486     187.652      95.232     543.854      12.120      27.586     504.149     174.173      92.466     339.145     359.378     343.693      35.332      17.388       0.000       1.521     629.999       0.000       0.000       0.000       0.000       0.000       0.000       0.000     174.173       0.000       0.000      13.486       0.000       0.000       0.000       0.775       3.737     834.775       0.000       0.000
    365    12    31  2021     58       0  rtu058               826.870      80.584      80.766     505.731      69.851     575.582      83.382     514.957      14.030      40.054     460.874     505.733      95.321     308.781     328.523     309.512      31.459      17.388       0.000       1.521     630.000       0.000       0.000     339.522       7.684       0.000       0.000       0.000     505.733       0.000       0.000      69.851       0.000       0.000       0.000       0.756       2.326    4323.860       0.000       0.000
    365    12    31  2021     59       0  rtu059               826.870      80.555      80.738     175.045       8.890     183.935      95.062     547.706      13.939      40.264     493.503     175.051      92.368     340.081     361.411     343.379      35.321      17.388       0.000       1.521     629.995       0.000       0.000       0.000       0.000       0.000       0.000       0.000     175.051       0.000       0.000       8.890       0.000       0.000       0.000       0.817       3.522     550.293       0.000       0.000
    365    12    31  2021     60       0  rtu060               826.870      80.583      80.765     250.915     259.976     510.890      82.935     518.521      15.058      45.988     457.474     250.918      88.648     305.662     299.479     271.553      31.571      17.388       0.000       1.521     629.985       0.000       0.000     192.279      92.304       0.000       0.000       0.000     250.918       0.000       0.000     259.976       0.000       0.000       0.000      -0.236       1.660    3927.024       0.000       0.000
    365    12    31  2021     61       0  rtu061               826.870      80.499      80.688       1.425       1.167       2.591     353.299     486.133      15.000      47.460     423.673       1.424      42.480     184.439     199.303     159.580      29.691      17.388       0.000       1.521     629.955       0.000       0.000      14.568       0.488       0.000       0.000       0.000       1.424       0.000       0.000       1.167       0.000       0.000       0.000       0.570       0.058       3.991       0.000       0.000
    365    12    31  2021     62       0  rtu062               826.870      80.488      80.676    1722.093      11.416    1733.510    2120.141     556.639      15.324      47.110     494.206    1722.149      45.842     359.979     390.026     317.982      42.750      17.388       0.000       1.521     629.951       0.000       0.000    3522.876      61.083       0.000    1722.149       0.000       0.000      11.416       0.000       0.000       0.000       0.000       0.000       1.152      35.563      39.057       0.000       0.000
    365    12    31  2021     63       0  rtu063               826.870      80.590      80.766       3.199       0.251       3.451     357.434     492.579      15.039      44.565     432.975       3.199      42.408     261.883     272.554     235.657      30.966      17.388       0.000       1.521     629.977       0.000       0.000      25.897       0.439       0.000       0.000       0.000       3.199       0.000       0.000       0.251       0.000       0.000       0.000       0.409       0.187       3.798       0.000       0.000
    365    12    31  2021     64       0  rtu064               826.870      80.559      80.741       1.371     132.569     133.940     170.881     522.330      16.155      39.889     466.285       1.371      23.396     275.982     285.712     241.359      47.499      17.388       0.000       1.521     629.986       0.000       0.000       0.000       0.000       0.000       0.000       0.000       1.371       0.000       0.000     132.569       0.000       0.000       0.000       0.373       0.008     350.865       0.000       0.000
    365    12    31  2021     65       0  rtu065               826.870      80.575      80.750       1.583     124.012     125.595     178.840     522.709      14.993      40.674     467.043       1.582      23.829     276.651     286.594     241.858      47.465      17.388       0.000       1.521     629.984       0.000       0.000       0.000       0.000       0.000       0.000       0.000       1.582       0.000       0.000     124.012       0.000       0.000       0.000       0.381       0.015     328.219       0.000       0.000
    365    12    31  2021     66       0  rtu066               826.870      80.560      80.743       1.030     145.682     146.713     153.217     527.262      18.120      58.863     450.279       1.030      22.425     274.820     283.505     238.287      47.129      17.388       0.000       1.521     629.981       0.000       0.000       0.000       0.000       0.000       0.000       0.000       1.030       0.000       0.000     145.682       0.000       0.000       0.000       0.333       0.004     385.572       0.000       0.000
    365    12    31  2021     67       0  rtu067               826.870      80.565      80.746       0.000      64.862      64.863     270.783     491.373      14.628      40.136     436.608       0.000      19.778     227.660     240.920     203.782      32.221      17.388       0.000       1.521     629.971       0.000       0.000       0.000       0.000       0.000       0.000       0.000       0.000       0.000       0.000      64.862       0.000       0.000       0.000       0.508       0.000     193.982       0.000       0.000
    365    12    31  2021     68       0  rtu068               833.765      81.812      82.085       1.470       5.642       7.113     307.350     519.725      14.811      41.355     463.559       1.470      12.537     290.003     299.368     253.677      48.091      20.378       0.000       1.605     628.148       0.000       0.000       0.000       0.000       0.000       0.000       0.000       1.470       0.000       0.000       5.642       0.000       0.000       0.000       0.359       0.019      14.933       0.000       0.000
    365    12    31  2021     69       0  rtu069               833.765      81.871      82.134       1.575       3.869       5.444     312.992     515.739      10.969      26.795     477.975       1.574      12.539     290.187     299.867     254.589      48.280      20.378       0.000       1.605     628.145       0.000       0.000       0.000       0.000       0.000       0.000       0.000       1.574       0.000       0.000       3.869       0.000       0.000       0.000       0.371       0.031      10.240       0.000       0.000
    365    12    31  2021     70       0  rtu070               833.765      81.861      82.121       1.655       2.727       4.382     310.123     519.681      15.537      44.005     460.140       1.654      12.540     290.289     299.688     253.239      47.917      20.378       0.000       1.605     628.142       0.000       0.000       0.000       0.000       0.000       0.000       0.000       1.654       0.000       0.000       2.727       0.000       0.000       0.000       0.360       0.043       7.218       0.000       0.000
    365    12    31  2021     71       0  rtu071               833.765      81.891      82.150       1.774       2.221       3.996     306.436     523.744      14.457      52.896     456.391       1.774      12.541     290.339     300.009     251.280      47.574      20.378       0.000       1.605     628.146       0.000       0.000       0.000       0.000       0.000       0.000       0.000       1.774       0.000       0.000       2.221       0.000       0.000       0.000       0.371       0.070       5.879       0.000       0.000
    365    12    31  2021     72       0  rtu072               833.765      81.876      82.135       1.701       4.296       5.997     310.917     517.378      13.548      35.276     468.554       1.701      12.540     290.135     296.757     254.121      48.141      20.378       0.000       1.605     628.142       0.000       0.000       0.000       0.000       0.000       0.000       0.000       1.701       0.000       0.000       4.296       0.000       0.000       0.000       0.254       0.033      11.370       0.000       0.000
    365    12    31  2021     73       0  rtu073               833.765      81.891      82.150     632.076       0.542     632.619     127.987     615.069      15.248      47.319     552.501     632.099      79.071     506.874     507.582     461.647      83.272      20.378       0.000       1.605     628.156       0.000       0.000     541.179       0.000       0.000       0.000       0.000     632.099       0.000       0.000       0.542       0.000       0.000       0.000       0.027      27.901      33.568       0.000       0.000
    365    12    31  2021     74       0  rtu074               833.765      81.869      82.132     188.468       8.711     197.179      91.446     545.243      17.663      59.652     467.929     188.477      92.367     353.637     370.823     345.923      34.363      20.378       0.000       1.605     628.174       0.000       0.000       0.000       0.000       0.000       0.000       0.000     188.477       0.000       0.000       8.711       0.000       0.000       0.000       0.659       5.375     539.237       0.000       0.000
    365    12    31  2021     75       0  rtu075               833.765      81.846      82.111     316.803      10.036     326.840      97.929     547.108      12.350      32.040     502.718     316.821      92.909     351.675     361.297     353.436      38.965      20.378       0.000       1.605     628.170       0.000       0.000     137.303       0.421       0.000       0.000       0.000     316.821       0.000       0.000      10.036       0.000       0.000       0.000       0.368      18.098     621.262       0.000       0.000
    365    12    31  2021     76       0  rtu076               833.765      81.891      82.150       0.460       0.825       1.286     354.961     483.984      16.848      52.135     415.000       0.460      42.517     185.541     198.681     159.396      29.599      20.378       0.000       1.605     628.159       0.000       0.000       5.508       0.680       0.000       0.000       0.000       0.460       0.000       0.000       0.825       0.000       0.000       0.000       0.504       0.068       2.824       0.000       0.000
    365    12    31  2021     77       0  rtu077               833.765      81.901      82.162       0.000       1.877       1.878     347.292     488.291      15.706      49.290     423.295       0.000      12.357     235.487     248.171     207.343      30.001      20.378       0.000       1.605     628.143       0.000       0.000       2.016       1.384       0.000       0.000       0.000       0.000       0.000       0.000       1.877       0.000       0.000       0.000       0.486       0.000       5.994       0.000       0.000
    365    12    31  2021     78       0  rtu078               833.765      81.862      82.126       0.000       1.551       1.551     350.057     483.535      11.241      32.907     439.387       0.000      12.358     235.458     248.141     208.464      30.267      20.378       0.000       1.605     628.149       0.000       0.000       0.044       1.039       0.000       0.000       0.000       0.000       0.000       0.000       1.551       0.000       0.000       0.000       0.486       0.000       4.952       0.000       0.000
    365    12    31  2021     79       0  rtu079               833.765      81.865      82.124      10.294       1.674      11.968     504.807     485.190      14.315      38.155     432.721      10.293      12.417     250.893     283.484     223.485      31.640      20.378       0.000       1.605     628.134       0.000       0.000     157.357      11.311       0.000       0.000       0.000      10.293       0.000       0.000       1.674       0.000       0.000       0.000       1.249       0.413       5.347       0.000       0.000
    365    12    31  2021     80       0  rtu080               833.765      81.896      82.160       0.000       3.102       3.103     341.952     489.002      14.786      49.131     425.086       0.000      12.357     235.160     247.931     206.245      30.048      20.378       0.000       1.605     628.149       0.000       0.000       0.000       0.000       0.000       0.000       0.000       0.000       0.000       0.000       3.102       0.000       0.000       0.000       0.489       0.000       9.906       0.000       0.000
    365    12    31  2021     81       0  rtu081               833.765      81.884      82.142       3.726       1.371       5.098     404.070     487.018      15.024      44.351     427.643       3.726      12.378     235.279     248.332     212.941      30.302      20.378       0.000       1.605     628.152       0.000       0.000      47.802      14.338       0.000       0.000       0.000       3.726       0.000       0.000       1.371       0.000       0.000       0.000       0.500       0.454       4.379       0.000       0.000
    365    12    31  2021     82       0  rtu082               833.765      81.852      82.116       0.000       1.566       1.566     440.614     503.824      15.299      52.788     435.737       0.000      12.359     241.708     256.512     217.280      30.732      20.378       0.000       1.605     628.132       0.000       0.000     109.497       2.528       0.000       0.000       0.000       0.000       0.000       0.000       1.566       0.000       0.000       0.000       0.567       0.000       5.001       0.000       0.000
    365    12    31  2021     83       0  rtu083               833.765      81.812      82.078       0.000       0.967       0.967     360.292     485.835      16.360      47.897     421.579       0.000      12.359     235.590     247.215     209.279      30.112      20.378       0.000       1.605     628.128       0.000       0.000      10.790       2.204       0.000       0.000       0.000       0.000       0.000       0.000       0.967       0.000       0.000       0.000       0.445       0.000       3.088       0.000       0.000
    365    12    31  2021     84       0  rtu084               833.765      81.923      82.180       0.000       1.010       1.010     351.607     482.488      11.074      33.817     437.597       0.000      12.360     235.474     248.280     209.266      30.219      20.378       0.000       1.605     628.130       0.000       0.000       0.277       0.773       0.000       0.000       0.000       0.000       0.000       0.000       1.010       0.000       0.000       0.000       0.491       0.000       3.224       0.000       0.000
    365    12    31  2021     85       0  rtu085               833.765      81.895      82.154       0.000       1.398       1.398     344.440     488.217      15.483      49.634     423.099       0.000      12.358     235.353     248.165     207.065      29.989      20.378       0.000       1.605     628.128       0.000       0.000       0.000       0.000       0.000       0.000       0.000       0.000       0.738       0.000       0.660       0.000       0.000       0.000       0.491       0.000       4.464       0.000       0.000
    365    12    31  2021     86       0  rtu086               833.765      81.883      82.142    1113.147       1.940    1115.088    1060.998     586.513      13.858      41.913     530.742    1113.593      51.525     437.260     464.153     371.630      59.017      20.378       0.000       1.605     628.132       0.000       0.000    1891.416      38.114       0.000       0.000       0.000    1113.593       0.000       0.000       1.940       0.000       0.000       0.000       1.031     220.113      29.307       0.000       0.000
    365    12    31  2021     87       0  rtu087               833.765      81.818      82.085     261.969       2.046     264.014     361.175     520.604      13.128      34.572     472.903     261.968      13.476     293.410     302.549     259.494      48.941      20.378       0.000       1.605     628.124       0.000       0.000     278.994      32.603       0.000       0.000       0.000     261.968       0.000       0.000       2.046       0.000       0.000       0.000       0.350      36.995       5.415       0.000       0.000
    365    12    31  2021     88       0  rtu088               833.765      81.895      82.154       0.000       2.435       2.436     296.789     536.642      12.966      38.846     484.831       0.000      12.349     316.948     323.221     273.948      72.914      20.378       0.000       1.605     628.129       0.000       0.000       0.757       0.804       0.000       0.000       0.000       0.000       0.000       0.000       2.435       0.000       0.000       0.000       0.240       0.000       1.960       0.000       0.000
    365    12    31  2021     89       0  rtu089               833.765      81.884      82.149       0.000       1.413       1.413     357.374     483.149      13.268      39.567     430.314       0.000      12.357     236.002     248.279     209.991      30.265      20.378       0.000       1.605     628.147       0.000       0.000       3.014       4.847       0.000       0.000       0.000       0.000       0.000       0.000       1.413       0.000       0.000       0.000       0.470       0.000       4.512       0.000       0.000
    365    12    31  2021     90       0  rtu090               833.765      81.869      82.129       0.000       1.542       1.543     357.869     481.436      10.828      26.581     444.027       0.000      12.358     235.780     248.292     210.231      30.449      20.378       0.000       1.605     628.124       0.000       0.000       3.453       3.328       0.000       0.000       0.000       0.000       0.000       0.000       1.542       0.000       0.000       0.000       0.479       0.000       4.925       0.000       0.000
    365    12    31  2021     91       0  rtu091               833.765      81.878      82.142       0.000       1.484       1.485     296.851     535.975      14.461      41.752     479.762       0.000      12.348     316.898     323.058     274.443      72.890      20.378       0.000       1.605     628.129       0.000       0.000       0.000       0.000       0.000       0.000       0.000       0.000       0.000       0.000       1.484       0.000       0.000       0.000       0.236       0.000       1.194       0.000       0.000
    365    12    31  2021     92       0  rtu092               833.765      81.882      82.143       6.602       0.835       7.438     498.795     512.330      11.890      33.789     466.652       6.602      42.749     297.432     297.330     264.402      34.156      20.378       0.000       1.605     628.127       0.000       0.000     183.622       0.391       0.000       0.000       0.000       6.602       0.000       0.000       0.835       0.000       0.000       0.000      -0.004       0.085      12.620       0.000       0.000
    365    12    31  2021     93       0  rtu093               833.765      81.837      82.096       0.000       1.352       1.352     355.783     486.761      15.175      45.434     426.153       0.000      12.358     235.686     248.918     208.798      30.140      20.378       0.000       1.605     628.129       0.000       0.000       8.300       1.558       0.000       0.000       0.000       0.000       1.352       0.000       0.000       0.000       0.000       0.000       0.507       0.000       4.318       0.000       0.000
    365    12    31  2021     94       0  rtu094               833.765      81.865      82.124       0.000       1.771       1.771     298.320     534.220      14.375      40.328     479.517       0.000      12.347     316.865     322.978     275.421      73.380      20.378       0.000       1.605     628.129       0.000       0.000       0.000       0.000       0.000       0.000       0.000       0.000       0.000       0.000       1.771       0.000       0.000       0.000       0.234       0.000       1.425       0.000       0.000
    365    12    31  2021     95       0  rtu095               833.765      81.830      82.098     147.339     126.655     273.994      88.606     518.023      18.100      67.333     432.590     147.340      88.864     314.630     312.585     276.486      31.048      20.378       0.000       1.605     628.119       0.000       0.000      13.303      32.747       0.000     147.340       0.000       0.000     126.655       0.000       0.000       0.000       0.000       0.000      -0.078       0.916    1913.166       0.000       0.000
    365    12    31  2021     96       0  rtu096               833.765      81.843      82.103      41.136       5.998      47.134     372.395     543.276      18.356      64.369     460.551      41.136      12.745     322.113     349.497     281.710      76.001      20.378       0.000       1.605     628.122       0.000       0.000     125.607       3.701       0.000      41.136       0.000       0.000       5.998       0.000       0.000       0.000       0.000       0.000       1.049       6.753       4.826       0.000       0.000
    365    12    31  2021     97       0  rtu097               833.765      81.838      82.105       0.000       6.682       6.682     290.978     536.761      13.287      42.242     481.232       0.000      12.349     316.457     319.725     273.308      72.789      20.378       0.000       1.605     628.120       0.000       0.000       0.000       0.000       0.000       0.000       0.000       0.000       0.000       0.000       6.682       0.000       0.000       0.000       0.125       0.000       5.377       0.000       0.000
    365    12    31  2021     98       0  rtu098               833.765      81.822      82.088     125.089     132.102     257.191      80.299     506.309      19.057      63.254     423.998     125.090      87.827     304.676     306.484     265.653      30.338      20.378       0.000       1.605     628.118       0.000       0.000       9.139       0.241       0.000     125.090       0.000       0.000     132.102       0.000       0.000       0.000       0.000       0.000       0.070       0.442    1995.439       0.000       0.000
    365    12    31  2021     99       0  rtu099               833.765      81.869      82.128     273.667      11.431     285.098     348.896     485.275      13.262      37.042     434.971     273.674      67.027     273.840     293.355     235.381      31.013      20.378       0.000       1.605     628.118       0.000       0.000     281.055       4.422       0.000     273.674       0.000       0.000      11.431       0.000       0.000       0.000       0.000       0.000       0.748       2.641     172.670       0.000       0.000
    365    12    31  2021    100       0  rtu100               833.765      81.852      82.110       1.969       0.471       2.441     373.954     495.073      17.953      60.438     416.683       1.969      42.496     270.015     273.938     239.175      31.172      20.378       0.000       1.605     628.118       0.000       0.000      20.923      16.149       0.000       1.969       0.000       0.000       0.471       0.000       0.000       0.000       0.000       0.000       0.150       0.203       7.122       0.000       0.000
    365    12    31  2021    101       0  rtu101               833.765      81.880      82.143       0.000       2.588       2.588     354.512     481.686      13.209      33.921     434.556       0.000      12.358     233.014     248.436     209.946      30.392      20.378       0.000       1.605     628.192       0.000       0.000       2.274       2.557       0.000       0.000       0.000       0.000       0.000       0.000       2.588       0.000       0.000       0.000       0.591       0.000       8.263       0.000       0.000
    365    12    31  2021    102       0  rtu102               826.870      81.598      81.728      12.794       0.159      12.952     324.318     490.357      18.779      71.870     399.708      12.793      64.762     260.608     258.246     229.118      30.120      17.388       0.000       1.528     629.832       0.000       0.000       0.000       0.000       0.000       0.000       0.000      12.793       0.000       0.000       0.159       0.000       0.000       0.000      -0.090       0.006       2.401       0.000       0.000
    365    12    31  2021    103       0  rtu103               833.765      82.951      83.171       3.723       1.532       5.256     347.603     486.565      17.958      71.827     396.780       3.723      52.528     235.930     245.139     206.061      30.018      20.378       0.000       1.612     628.028       0.000       0.000       3.245       1.986       0.000       0.000       0.000       3.723       0.000       0.000       1.532       0.000       0.000       0.000       0.353       0.001       4.893       0.000       0.000
    365    12    31  2021    104       0  rtu104               833.765      82.951      83.172      13.609       0.135      13.743     332.574     488.362       9.875      96.557     381.931      13.608      64.753     267.842     264.377     229.537      30.206      20.378       0.000       1.612     628.047       0.000       0.000       0.000       0.000       0.000       0.000       0.000      13.608       0.000       0.000       0.135       0.000       0.000       0.000      -0.133       0.028       2.039       0.000       0.000
    365    12    31  2021    105       0  rtu105               833.765      78.131      78.684     167.370       2.836     170.205     816.306     334.709      43.218     135.605     155.886     167.370      52.774     251.716     283.945     254.300      35.815      19.914       0.000       1.508     628.231       0.000       0.000     486.911       1.017       0.000       0.000       0.000     167.370       0.000       0.000       2.836       0.000       0.000       0.000       1.235       0.425       9.055       0.000       0.000
    365    12    31  2021    106       0  rtu106               826.870      81.598      81.727     286.189      13.516     299.705      84.222     515.890       8.703      96.279     410.909     286.190      95.275     307.328     322.131     309.692      30.805      17.388       0.000       1.528     629.832       0.000       0.000      69.438       3.419       0.000       0.000       0.000     286.190       0.000       0.000      13.516       0.000       0.000       0.000       0.567       0.712     836.648       0.000       0.000
    365    12    31  2021    107       0  rtu107               826.870      81.598      81.726     495.436       0.318     495.754     112.835     591.197       8.617     133.981     448.599     495.437      79.321     372.254     386.795     406.730      56.724      17.388       0.000       1.528     629.832       0.000       0.000     372.404       0.404       0.000       0.000       0.000     495.437       0.000       0.000       0.318       0.000       0.000       0.000       0.557       1.160      19.676       0.000       0.000
    365    12    31  2021    108       0  rtu108               833.765      82.951      83.171      14.073       0.455      14.528     340.646     479.270       5.527     103.725     370.018      14.073      64.849     265.455     268.144     232.251      29.833      20.378       0.000       1.612     628.006       0.000       0.000       0.000       0.000       0.000       0.000       0.000      14.073       0.000       0.000       0.455       0.000       0.000       0.000       0.103       0.001       6.870       0.000       0.000
    365    12    31  2021    109       0  rtu109               833.765      82.019      82.341      13.770       0.691      14.461     340.658     479.091      10.130     175.298     293.662      13.770      64.878     184.226     192.909     156.488      27.952      20.378       0.000       1.591     628.081       0.000       0.000       0.000       0.000       0.000       0.000       0.000      13.770       0.000       0.000       0.691       0.000       0.000       0.000       0.333       0.032       2.364       0.000       0.000
    365    12    31  2021    110       0  rtu110               833.765      82.647      82.892      13.661       0.924      14.585     326.373     493.332      10.057     130.219     353.056      13.661      64.861     185.063     191.726     150.802      28.983      20.378       0.000       1.609     628.047       0.000       0.000       0.000       0.000       0.000       0.000       0.000      13.661       0.000       0.000       0.924       0.000       0.000       0.000       0.256       0.031       3.160       0.000       0.000
    365    12    31  2021    111       0  rtu111               833.765      82.653      82.892      20.082       1.084      21.166     328.700     495.477       9.378     134.687     351.412      20.082      64.838     185.683     191.180     150.369      29.067      20.378       0.000       1.608     628.028       0.000       0.000       9.904       1.109       0.000       0.000       0.000      20.082       0.000       0.000       1.084       0.000       0.000       0.000       0.211       0.032       3.708       0.000       0.000
    365    12    31  2021    112       0  rtu112               833.765      82.417      82.696     172.494       0.291     172.785     112.595     585.313       8.993     169.625     406.695     172.511      78.821     390.669     399.038     404.307      54.663      20.378       0.000       1.603     628.058       0.000       0.000      36.186       0.301       0.000       0.000       0.000     172.511       0.000       0.000       0.291       0.000       0.000       0.000       0.321      14.366      18.026       0.000       0.000
    365    12    31  2021    113       0  rtu113               833.765      81.940      82.229       2.503       2.055       4.557     318.818     510.886      14.097     181.514     315.275       2.502      52.525     236.478     243.859     195.230      29.319      20.378       0.000       1.594     628.066       0.000       0.000       0.000       0.000       0.000       0.000       0.000       2.502       0.000       0.000       2.055       0.000       0.000       0.000       0.283       0.012       6.561       0.000       0.000
    365    12    31  2021    114       0  rtu114               833.765      82.951      83.171      63.995       3.128      67.124     497.300     497.852       8.102     131.771     357.979      63.995      52.454     254.516     278.359     217.893      31.168      20.378       0.000       1.612     628.015       0.000       0.000     212.570      16.073       0.000       0.000       0.000      63.995       0.000       0.000       3.128       0.000       0.000       0.000       0.914       0.010       9.990       0.000       0.000
    365    12    31  2021    115       0  rtu115               826.870      81.444      81.584      21.899       0.251      22.150     312.574     507.455       8.286     160.134     339.036      21.899      64.765     261.397     258.183     221.322      29.676      17.388       0.000       1.526     629.839       0.000       0.000      14.138       0.383       0.000       0.000       0.000      21.899       0.000       0.000       0.251       0.000       0.000       0.000      -0.123       0.022       3.795       0.000       0.000
    365    12    31  2021    116       0  rtu116               833.765      82.525      82.768       2.899       1.714       4.612     343.296     503.587       7.811     158.018     337.758       2.898      52.514     236.991     244.300     199.587      29.645      20.378       0.000       1.605     628.017       0.000       0.000      16.416       0.817       0.000       0.000       0.000       2.898       0.000       0.000       1.714       0.000       0.000       0.000       0.280       0.004       5.472       0.000       0.000
    365    12    31  2021    117       0  rtu117               833.765      82.705      82.946       2.403       1.890       4.293     326.742     503.189       6.344     166.343     330.502       2.403      52.465     235.976     244.370     196.541      29.492      20.378       0.000       1.609     628.014       0.000       0.000       0.000       0.000       0.000       0.000       0.000       2.403       0.000       0.000       1.890       0.000       0.000       0.000       0.322       0.000       6.034       0.000       0.000
    365    12    31  2021    118       0  rtu118               833.765      82.585      82.826       2.399       1.817       4.216     324.636     505.421       7.206     175.173     323.042       2.399      52.468     235.866     242.923     195.680      29.409      20.378       0.000       1.606     628.041       0.000       0.000       0.000       0.000       0.000       0.000       0.000       2.399       0.000       0.000       1.817       0.000       0.000       0.000       0.270       0.001       5.801       0.000       0.000
    365    12    31  2021    119       0  rtu119               826.870      80.950      81.149     211.125      12.567     223.692      77.873     524.964       8.555     176.916     339.493     211.125      94.653     292.604     318.514     294.400      29.388      17.388       0.000       1.520     629.903       0.000       0.000       0.000       0.000       0.000       0.000       0.000     211.125       0.000       0.000      12.567       0.000       0.000       0.000       0.993       0.033     777.938       0.000       0.000
    365    12    31  2021    120       0  rtu120               833.765      82.368      82.642       2.357       0.977       3.334     307.983     525.998      11.194     136.518     378.286       2.357      52.293     318.923     320.047     272.873      71.226      20.378       0.000       1.603     628.047       0.000       0.000       0.001       2.816       0.000       0.000       0.000       2.357       0.000       0.000       0.977       0.000       0.000       0.000       0.043       0.011       0.787       0.000       0.000
    365    12    31  2021    121       0  rtu121               833.765      82.773      83.017      18.951       0.298      19.249     346.038     476.941       7.794     110.230     358.917      18.951      64.819     266.426     269.078     233.244      29.868      20.378       0.000       1.609     628.008       0.000       0.000       7.638       0.145       0.000       0.000       0.000      18.951       0.000       0.000       0.298       0.000       0.000       0.000       0.102       0.044       4.504       0.000       0.000
    365    12    31  2021    122       0  rtu122               833.765      82.034      82.366      38.094       1.410      39.504     354.528     477.862      10.290     180.517     287.054      38.094      64.878     186.131     196.608     158.033      28.189      20.378       0.000       1.594     628.069       0.000       0.000      34.969       2.783       0.000       0.000       0.000      38.094       0.000       0.000       1.410       0.000       0.000       0.000       0.402       0.038       4.823       0.000       0.000
    365    12    31  2021    123       0  rtu123               833.765      82.747      82.977       2.402       0.684       3.085     357.372     473.578       5.376     129.356     338.846       2.401      52.532     235.907     249.225     208.550      29.332      20.378       0.000       1.608     628.012       0.000       0.000       0.000       0.000       0.000       0.000       0.000       2.401       0.000       0.000       0.684       0.000       0.000       0.000       0.510       0.019       2.183       0.000       0.000
    365    12    31  2021    124       0  rtu124               833.765      82.081      82.364      14.505       1.043      15.547     338.983     480.040       9.646     164.765     305.629      14.505      64.954     183.876     195.258     157.024      28.157      20.378       0.000       1.598     628.073       0.000       0.000       0.246       0.214       0.000       0.000       0.000      14.505       0.000       0.000       1.043       0.000       0.000       0.000       0.436       0.075       3.567       0.000       0.000
    365    12    31  2021    125       0  rtu125               826.870      81.598      81.727     931.133       6.544     937.677      88.440     551.549       9.153     175.937     366.459     931.135      95.545     313.026     315.682     326.692      34.529      17.388       0.000       1.528     629.835       0.000       0.000     743.346       6.888       0.000       0.000       0.000     931.135       0.000       0.000       6.544       0.000       0.000       0.000       0.102       1.033     405.086       0.000       0.000
    365    12    31  2021    126       0  rtu126               833.765      82.893      83.117       6.892       1.619       8.511     355.666     492.099       6.346     136.381     349.372       6.892      52.451     235.811     237.790     203.561      29.825      20.378       0.000       1.611     628.038       0.000       0.000      19.201       2.605       0.000       0.000       0.000       6.892       0.000       0.000       1.619       0.000       0.000       0.000       0.076       0.118       5.170       0.000       0.000
    365    12    31  2021    127       0  rtu127               826.870      81.598      81.727    2320.193       7.617    2327.810      95.811     561.231       9.987     156.699     394.544    2320.194      96.192     339.028     338.302     348.014      37.851      17.388       0.000       1.528     629.831       0.000       0.000    2142.912      14.376       0.000       0.000       0.000    2320.194       0.000       0.000       7.617       0.000       0.000       0.000      -0.028       0.695     471.504       0.000       0.000
    365    12    31  2021    128       0  rtu128               826.870      81.061      81.219     178.572      90.330     268.902      58.200     514.066      13.472     209.620     290.975     178.571      92.544     266.626     252.333     234.265      28.088      17.388       0.000       1.516     629.842       0.000       0.000      12.786       0.284       0.000       0.000       0.000     178.571       0.000       0.000      90.330       0.000       0.000       0.000      -0.547       0.000    1364.472       0.000       0.000
    365    12    31  2021    129       0  rtu129               826.870      81.597      81.726     125.507       0.373     125.881     109.932     591.948      14.021     175.543     402.385     125.507      78.445     362.075     356.209     397.141      53.283      17.388       0.000       1.528     629.836       0.000       0.000       0.000       0.000       0.000       0.000       0.000     125.507       0.000       0.000       0.373       0.000       0.000       0.000      -0.225       0.049      23.117       0.000       0.000
    365    12    31  2021    130       0  rtu130               833.765      82.774      83.009      40.544       0.495      41.038     322.892     508.830      10.344     185.743     312.743      40.544      64.739     232.863     228.689     190.961      32.161      20.378       0.000       1.609     628.038       0.000       0.000      37.216       0.843       0.000       0.000       0.000      40.544       0.000       0.000       0.495       0.000       0.000       0.000      -0.160       0.065       3.615       0.000       0.000
    365    12    31  2021    131       0  rtu131               826.870      81.493      81.629      19.699       0.276      19.975     334.529     515.383       9.796     177.373     328.215      19.699      64.841     259.261     236.653     224.792      30.566      17.388       0.000       1.526     629.833       0.000       0.000      41.354       0.130       0.000       0.000       0.000      19.699       0.000       0.000       0.276       0.000       0.000       0.000      -0.866       0.009       4.174       0.000       0.000
    365    12    31  2021    132       0  rtu132               826.870      81.147      81.317     346.867       0.376     347.243     116.236     599.520       8.474     232.650     358.396     346.868      80.412     370.850     387.740     418.049      60.754      17.388       0.000       1.522     629.860       0.000       0.000     233.458       2.652       0.000       0.000       0.000     346.868       0.000       0.000       0.376       0.000       0.000       0.000       0.647       0.739      23.271       0.000       0.000
    365    12    31  2021    133       0  rtu133               833.765      82.951      83.171       2.558       1.148       3.707     347.430     482.926      10.202     110.936     361.788       2.558      52.644     235.391     248.036     207.519      29.397      20.378       0.000       1.612     628.016       0.000       0.000       0.000       0.000       0.000       0.000       0.000       2.558       0.000       0.000       1.148       0.000       0.000       0.000       0.485       0.000       3.667       0.000       0.000
    365    12    31  2021    134       0  rtu134               833.765      82.200      82.481     245.694       5.483     251.177      86.483     495.379       8.762     184.620     301.998     245.707      95.408     299.656     338.368     310.259      28.955      20.378       0.000       1.602     628.068       0.000       0.000       0.000       0.000       0.000       0.000       0.000     245.707       0.000       0.000       5.483       0.000       0.000       0.000       1.484       9.913     339.399       0.000       0.000
    365    12    31  2021    135       0  rtu135               833.765      82.951      83.173      26.560       1.332      27.892     359.104     469.080      13.369     154.021     301.690      26.560      64.540     186.072     195.038     154.211      29.378      20.378       0.000       1.612     628.025       0.000       0.000      20.202       1.672       0.000       0.000       0.000      26.560       0.000       0.000       1.332       0.000       0.000       0.000       0.344       0.004       4.558       0.000       0.000
    365    12    31  2021    136       0  rtu136               833.765      77.345      77.926       3.700       3.676       7.377     543.732     420.633      54.585     215.095     150.953       3.700      52.390     323.599     346.097     302.343      77.808      19.912       0.000       1.493     628.211       0.000       0.000       0.015     138.060       0.000       0.000       0.000       3.700       0.000       0.000       3.676       0.000       0.000       0.000       0.862       0.000       2.958       0.000       0.000
    365    12    31  2021    137       0  rtu137               833.765      78.184      78.734       3.955       2.504       6.459     389.931     442.075      42.607     258.919     140.549       3.955      52.468     233.354     254.243     205.993      30.025      19.914       0.000       1.508     628.212       0.000       0.000       3.182       1.555       0.000       0.000       0.000       3.955       0.000       0.000       2.504       0.000       0.000       0.000       0.801       0.002       7.997       0.000       0.000
    365    12    31  2021    138       0  rtu138               826.870      78.507      78.882     338.125       0.645     338.770     134.388     353.074      28.515     183.454     141.105     338.125      91.018     473.892     507.477     483.033      91.927      17.076       0.000       1.460     629.968       0.000       0.000       0.000       0.000       0.000       0.000       0.000     338.125       0.000       0.000       0.645       0.000       0.000       0.000       1.287       0.091      39.912       0.000       0.000
    365    12    31  2021    139       0  rtu139               833.765      77.419      77.991       4.448       2.726       7.174     312.029     514.388      50.765     319.570     144.053       4.448      52.835     286.337     310.789     239.054      45.641      19.912       0.000       1.493     628.218       0.000       0.000       0.000       0.000       0.000       0.000       0.000       4.448       0.000       0.000       2.726       0.000       0.000       0.000       0.937       0.001       7.214       0.000       0.000
    365    12    31  2021    140       0  rtu140               833.765      77.427      78.000       2.796       1.259       4.056     332.723     499.148      50.606     314.827     133.715       2.796      52.482     233.324     253.678     191.489      28.438      19.912       0.000       1.493     628.220       0.000       0.000       1.504       0.675       0.000       0.000       0.000       2.796       0.000       0.000       1.259       0.000       0.000       0.000       0.780       0.000       4.022       0.000       0.000
    365    12    31  2021    141       0  rtu141               833.765      82.778      83.007      22.618       0.438      23.056     331.350     499.654       8.886     123.024     367.744      22.618      64.729     233.144     240.108     197.046      32.490      20.378       0.000       1.611     628.042       0.000       0.000      19.343       0.439       0.000       0.000       0.000      22.618       0.000       0.000       0.438       0.000       0.000       0.000       0.267       0.095       3.206       0.000       0.000
    365    12    31  2021    142       0  rtu142               833.765      82.485      82.746       2.387       2.560       4.947     318.542     510.866      10.467     184.264     316.134       2.387      52.514     236.319     241.287     193.415      29.251      20.378       0.000       1.605     628.047       0.000       0.000       0.000       0.000       0.000       0.000       0.000       2.387       0.000       0.000       2.560       0.000       0.000       0.000       0.190       0.000       8.174       0.000       0.000
    365    12    31  2021    143       0  rtu143               833.765      82.884      83.108      53.661       0.794      54.455     348.965     496.110       7.803     116.819     371.488      53.661      64.786     232.638     241.087     199.365      32.664      20.378       0.000       1.611     628.039       0.000       0.000      63.339       1.968       0.000       0.000       0.000      53.661       0.000       0.000       0.794       0.000       0.000       0.000       0.324       0.052       5.802       0.000       0.000
    365    12    31  2021    144       0  rtu144               833.765      82.825      83.053      15.230       0.179      15.408     326.842     496.284       7.639     121.719     366.925      15.230      64.680     266.678     265.036     225.826      30.090      20.378       0.000       1.610     628.048       0.000       0.000       3.886       0.039       0.000       0.000       0.000      15.230       0.000       0.000       0.179       0.000       0.000       0.000      -0.063       0.018       2.699       0.000       0.000
    365    12    31  2021    145       0  rtu145               833.765      82.652      82.887      15.848       0.339      16.186     312.045     509.941      10.189     141.733     358.019      15.848      64.772     232.872     233.798     191.556      32.263      20.378       0.000       1.609     628.076       0.000       0.000       3.633       0.036       0.000       0.000       0.000      15.848       0.000       0.000       0.339       0.000       0.000       0.000       0.036       0.063       2.476       0.000       0.000
    365    12    31  2021    146       0  rtu146               833.765      82.508      82.754      15.296       0.314      15.610     319.411     504.974      11.139     156.271     337.564      15.296      64.703     267.052     264.940     221.425      29.766      20.378       0.000       1.606     628.016       0.000       0.000       3.373       1.994       0.000       0.000       0.000      15.296       0.000       0.000       0.314       0.000       0.000       0.000      -0.081       0.016       4.739       0.000       0.000
    365    12    31  2021    147       0  rtu147               826.870      81.517      81.654     113.748       0.668     114.416     437.483     518.994       7.752     172.598     338.644     113.747      65.035     286.104     281.526     247.373      33.195      17.388       0.000       1.527     629.810       0.000       0.000     215.758      27.423       0.000       0.000       0.000       0.000       0.000       0.000       0.000       0.000       0.000       0.000      -0.175       0.005      10.096       0.000       0.000
    365    12    31  2021    148       0  rtu148               826.870      78.344      78.658     750.627      14.991     765.617      90.372     559.967      26.144     229.299     304.525     750.626      95.765     320.373     344.970     329.197      33.251      16.844       0.000       1.449     629.937       0.000       0.000     566.070      23.334       0.000       0.000       0.000     750.626       0.000       0.000      14.991       0.000       0.000       0.000       0.943       0.022     927.965       0.000       0.000
    365    12    31  2021    149       0  rtu149               833.765      76.368      76.988      48.090       2.930      51.021     632.270     468.054      56.852     278.202     133.000      48.090      52.567     243.559     270.695     225.922      31.335      19.913       0.000       1.476     628.307       0.000       0.000     317.117       0.729       0.000       0.000       0.000      48.090       0.000       0.000       2.930       0.000       0.000       0.000       1.040       0.185       9.358       0.000       0.000
    365    12    31  2021    150       0  rtu150               833.765      78.035      78.595      15.597       0.655      16.252     399.332     424.070      39.962     260.469     123.640      15.598      64.875     195.456     210.116     168.905      32.610      19.914       0.000       1.507     628.215       0.000       0.000       2.856       2.827       0.000       0.000       0.000      15.598       0.000       0.000       0.655       0.000       0.000       0.000       0.562       0.403       3.767       0.000       0.000
    365    12    31  2021    151       0  rtu151               833.765      79.717      80.190      25.279       0.705      25.984     474.438     380.234      27.078     229.383     123.773      25.282      64.871     287.324     297.362     261.347      32.607      19.983       0.000       1.541     628.143       0.000       0.000      42.996       3.513       0.000       0.000       0.000      25.282       0.000       0.000       0.705       0.000       0.000       0.000       0.385       0.790      10.649       0.000       0.000
    365    12    31  2021    152       0  rtu152               826.870      80.514      80.715      43.099       0.458      43.557     386.244     490.289       8.988     171.573     309.728      43.099      64.879     263.572     271.907     240.312      30.727      17.008       0.000       1.497     629.883       0.000       0.000      85.821       7.061       0.000       0.000       0.000      43.099       0.000       0.000       0.458       0.000       0.000       0.000       0.319       0.001       6.919       0.000       0.000
    365    12    31  2021    153       0  rtu153               833.765      81.361      81.670     157.815       0.287     158.102     111.820     586.967      14.567     211.878     360.523     157.820      78.669     366.570     398.843     401.205      53.564      20.247       0.000       1.583     628.103       0.000       0.000      23.266       0.322       0.000       0.000       0.000     157.820       0.000       0.000       0.287       0.000       0.000       0.000       1.237       4.883      17.769       0.000       0.000
    365    12    31  2021    154       0  rtu154               833.765      81.214      81.529     181.067       0.296     181.363     111.567     586.981      16.175     231.178     339.628     181.076      78.572     362.336     399.243     400.101      53.117      20.223       0.000       1.581     628.084       0.000       0.000      46.682       0.111       0.000       0.000       0.000     181.076       0.000       0.000       0.296       0.000       0.000       0.000       1.414       7.894      18.352       0.000       0.000
    365    12    31  2021    155       0  rtu155               826.870      79.421      79.677    3155.008       7.225    3162.233      97.826     568.739      17.767     235.011     315.961    3155.009      96.366     340.908     357.063     351.966      37.404      16.970       0.000       1.472     629.927       0.000       0.000    2988.404      13.503       0.000       0.000       0.000    3155.009       0.000       0.000       7.225       0.000       0.000       0.000       0.619       1.019     447.228       0.000       0.000
    365    12    31  2021    156       0  rtu156               833.765      81.709      82.029      23.545       4.762      28.307     424.826     523.136      11.437     248.291     263.409      23.545      52.465     248.388     270.307     203.699      29.701      20.095       0.000       1.582     628.087       0.000       0.000     130.759      11.812       0.000       0.000       0.000      23.545       0.000       0.000       4.762       0.000       0.000       0.000       0.840       0.000      15.206       0.000       0.000
    365    12    31  2021    157       0  rtu157               833.765      82.372      82.619      13.225       0.262      13.487     337.747     482.788       7.996     171.078     303.715      13.226      64.819     257.407     270.983     230.817      29.093      20.286       0.000       1.600     628.046       0.000       0.000       0.000       0.000       0.000       0.000       0.000      13.226       0.000       0.000       0.262       0.000       0.000       0.000       0.520       0.244       3.955       0.000       0.000
    365    12    31  2021    158       0  rtu158               833.765      81.427      81.755      80.716       6.626      87.341     266.200     480.861      14.512     235.192     231.157      80.716      83.756     249.693     253.119     215.935      26.795      20.009       0.000       1.576     628.118       0.000       0.000       0.000       0.000       0.000       0.000       0.000      80.715       0.000       0.000       6.626       0.000       0.000       0.000       0.132       0.313     100.087       0.000       0.000
    365    12    31  2021    159       0  rtu159               826.870      79.317      79.566     546.463      13.173     559.637      86.691     557.708      20.897     265.659     271.152     546.463      95.441     312.196     347.142     320.406      32.093      16.918       0.000       1.471     629.931       0.000       0.000     360.205      17.668       0.000       0.000       0.000     546.463       0.000       0.000      13.173       0.000       0.000       0.000       1.339       0.020     815.439       0.000       0.000
    365    12    31  2021    160       0  rtu160               833.765      82.951      83.172      48.596       2.603      51.199     553.193     471.915       4.916     130.939     336.059      48.596      52.388     259.145     283.353     226.722      31.167      20.378       0.000       1.612     628.016       0.000       0.000     224.277      18.411       0.000       0.000       0.000      48.596       0.000       0.000       2.603       0.000       0.000       0.000       0.928       0.017       8.312       0.000       0.000
    365    12    31  2021    161       0  rtu161               833.765      82.451      82.714       8.286       1.485       9.771     328.687     510.787      14.222     190.117     306.447       8.285      52.503     236.713     237.513     196.193      29.567      20.378       0.000       1.603     628.048       0.000       0.000      12.621       2.117       0.000       8.285       0.000       0.000       1.485       0.000       0.000       0.000       0.000       0.000       0.031       0.015       4.744       0.000       0.000
    365    12    31  2021    162       0  rtu162               833.765      79.279      79.843     102.022       9.777     111.800     370.523     355.768      31.501     208.630     115.637     102.024      87.341     260.866     252.846     243.921      30.705      20.084       0.000       1.535     628.176       0.000       0.000       1.678       1.570       0.000       0.000       0.000     102.024       0.000       0.000       9.777       0.000       0.000       0.000      -0.307       0.657     147.689       0.000       0.000
    365    12    31  2021    163       0  rtu163               833.765      81.869      82.129       0.000       1.119       1.119     356.410     485.169      13.358      39.561     432.250       0.000      12.358     236.035     249.972     208.968      30.231      20.378       0.000       1.605     628.132       0.000       0.000       8.271       0.415       0.000       0.000       0.000       0.000       0.000       0.000       1.119       0.000       0.000       0.000       0.534       0.000       3.572       0.000       0.000
    365    12    31  2021    164       0  rtu164               833.765      81.898      82.155       0.000       6.509       6.509     298.275     532.059      10.771      29.328     491.960       0.000      12.349     316.253     323.361     275.971      73.608      20.378       0.000       1.605     628.123       0.000       0.000       0.840       1.729       0.000       0.000       0.000       0.000       6.509       0.000       0.000       0.000       0.000       0.000       0.273       0.000       5.238       0.000       0.000
    365    12    31  2021    165       0  rtu165               833.765      81.776      82.043       2.379       4.530       6.909    1051.067     520.596      15.313      46.283     459.000       2.379      42.474     258.385     261.459     226.342      34.608      20.378       0.000       1.605     628.139       0.000       0.000     744.143       0.000       0.000       0.000       0.000       2.379       0.000       0.000       4.530       0.000       0.000       0.000       0.118       0.147      15.498       0.000       0.000
    365    12    31  2021    166       0  rtu166               833.765      81.885      82.144      15.782       1.533      17.315     484.261     484.987      12.422      35.227     437.339      15.781      12.426     241.949     271.334     221.271      31.428      20.378       0.000       1.605     628.134       0.000       0.000     144.395       8.748       0.000       0.000       0.000      15.781       0.000       0.000       1.533       0.000       0.000       0.000       1.126       0.734       4.896       0.000       0.000
    365    12    31  2021    167       0  rtu167               833.765      81.865      82.130       0.075       1.787       1.862     396.223     484.763      13.712      40.500     430.551       0.075      12.380     237.065     252.988     212.894      30.521      20.378       0.000       1.605     628.151       0.000       0.000      48.200       0.713       0.000       0.000       0.000       0.075       0.000       0.000       1.787       0.000       0.000       0.000       0.610       0.008       5.706       0.000       0.000
    365    12    31  2021    168       0  rtu168               833.765      81.898      82.158       0.154       0.527       0.681     337.440     495.958      14.598      49.754     431.605       0.154      42.498     232.642     244.826     201.852      32.826      20.378       0.000       1.605     628.157       0.000       0.000       0.000       0.000       0.000       0.000       0.000       0.154       0.000       0.000       0.527       0.000       0.000       0.000       0.467       0.008       3.852       0.000       0.000
    365    12    31  2021    169       0  rtu169               833.765      81.865      82.126      31.389       0.919      32.308     419.563     495.932      14.689      47.075     434.169      31.388      42.560     233.116     250.008     209.424      33.608      20.378       0.000       1.605     628.160       0.000       0.000     112.007       1.898       0.000       0.000       0.000      31.388       0.000       0.000       0.919       0.000       0.000       0.000       0.647       4.359       6.719       0.000       0.000
    365    12    31  2021    170       0  rtu170               833.765      81.835      82.099       0.000       2.156       2.157     344.298     487.601      15.202      50.648     421.751       0.000      12.357     235.270     248.069     207.210      29.998      20.378       0.000       1.604     628.151       0.000       0.000       0.000       0.000       0.000       0.000       0.000       0.000       0.000       0.000       2.156       0.000       0.000       0.000       0.490       0.000       6.885       0.000       0.000
    365    12    31  2021    171       0  rtu171               833.765      77.109      77.689       6.173       1.852       8.025     325.710     520.615      53.858     329.626     137.131       6.173      52.539     239.557     212.922     187.843      28.807      19.913       0.000       1.486     628.283       0.000       0.000      16.081       2.719       0.000       0.000       0.000       6.173       0.000       0.000       1.852       0.000       0.000       0.000      -1.021       0.097       5.913       0.000       0.000
    365    12    31  2021    172       0  rtu172               833.765      77.972      78.531       2.210       1.352       3.562     312.004     525.080      43.735     351.045     130.301       2.209      52.535     239.241     209.006     185.401      28.427      19.915       0.000       1.502     628.215       0.000       0.000       0.001       4.965       0.000       0.000       0.000       2.209       0.000       0.000       1.352       0.000       0.000       0.000      -1.159       0.001       4.318       0.000       0.000
    365    12    31  2021    173       0  rtu173               833.765      77.036      77.621      12.932       0.986      13.918     321.155     500.333      55.584     309.466     135.283      12.932      64.838     181.692     180.253     145.235      28.088      19.913       0.000       1.486     628.283       0.000       0.000       0.294       0.528       0.000       0.000       0.000      12.932       0.000       0.000       0.986       0.000       0.000       0.000      -0.055       0.006       3.374       0.000       0.000
    365    12    31  2021    174       0  rtu174               833.765      78.615      79.144      21.794       1.804      23.598     418.936     407.633      39.862     225.667     142.104      21.794      64.729     188.324     186.216     167.102      30.780      19.939       0.000       1.516     628.206       0.000       0.000      14.404       1.153       0.000       0.000       0.000      21.794       0.000       0.000       1.804       0.000       0.000       0.000      -0.081       0.014       6.171       0.000       0.000
    365    12    31  2021    175       0  rtu175               833.765      79.575      80.102      20.395       1.673      22.068     469.972     352.566      29.630     206.904     116.032      20.395      64.905     187.746     197.284     177.158      30.987      20.104       0.000       1.543     628.187       0.000       0.000      10.011       0.424       0.000       0.000       0.000      20.395       0.000       0.000       1.673       0.000       0.000       0.000       0.366       0.049       5.723       0.000       0.000
    365    12    31  2021    176       0  rtu176               833.765      80.382      80.885      28.472       2.633      31.106     514.254     346.869      23.110     203.399     120.360      28.472      52.486     242.843     256.182     231.746      32.402      20.144       0.000       1.556     628.111       0.000       0.000      55.459       2.745       0.000       0.000       0.000      28.472       0.000       0.000       2.633       0.000       0.000       0.000       0.511       0.012       8.409       0.000       0.000
    365    12    31  2021    177       0  rtu177               833.765      81.839      82.097       0.161       0.752       0.913     337.257     496.058      14.139      47.349     434.570       0.160      42.508     232.631     245.080     202.128      32.922      20.378       0.000       1.605     628.150       0.000       0.000       0.040       0.119       0.000       0.000       0.000       0.160       0.000       0.000       0.752       0.000       0.000       0.000       0.477       0.013       5.499       0.000       0.000
    365    12    31  2021    178       0  rtu178               833.765      81.851      82.120       0.154       0.463       0.617     337.481     495.974      16.768      50.401     428.804       0.154      42.467     232.652     245.026     202.408      32.900      20.378       0.000       1.605     628.154       0.000       0.000       0.000       0.000       0.000       0.000       0.000       0.154       0.000       0.000       0.463       0.000       0.000       0.000       0.474       0.008       3.383       0.000       0.000
    365    12    31  2021    179       0  rtu179               833.765      81.885      82.147       0.000       2.808       2.808     293.433     538.077      12.230      41.924     483.922       0.000      12.350     316.805     322.756     273.330      73.073      20.378       0.000       1.605     628.125       0.000       0.000       0.000       0.000       0.000       0.000       0.000       0.000       0.000       0.000       2.808       0.000       0.000       0.000       0.228       0.000       2.260       0.000       0.000
    365    12    31  2021    180       0  rtu180               826.870      77.773      78.178      10.883       3.381      14.263     602.392     348.478      36.122     167.995     144.361      10.883      52.342     241.884     263.372     235.822      35.724      16.989       0.000       1.443     629.996       0.000       0.000     137.695       0.741       0.000       0.000       0.000      10.883       0.000       0.000       3.381       0.000       0.000       0.000       0.823       0.290      10.110       0.000       0.000
    365    12    31  2021    181       0  rtu181               833.765      82.185      82.482      26.370       1.117      27.487     345.821     480.317       8.296     171.025     300.996      26.369      64.924     185.257     197.360     157.637      28.222      20.378       0.000       1.600     628.038       0.000       0.000      18.090       1.452       0.000       0.000       0.000      26.369       0.000       0.000       1.117       0.000       0.000       0.000       0.464       0.018       3.821       0.000       0.000
    365    12    31  2021    182       0  rtu182               833.765      82.266      82.559       2.541       1.259       3.800     346.543     483.736       8.301     176.517     298.919       2.541      52.574     235.626     247.815     206.594      28.714      20.378       0.000       1.601     628.020       0.000       0.000       0.000       0.000       0.000       0.000       0.000       2.541       0.000       0.000       1.259       0.000       0.000       0.000       0.467       0.000       4.020       0.000       0.000
    365    12    31  2021    183       0  rtu183               833.765      82.045      82.333       2.406       1.079       3.486     306.028     525.291      12.050     234.020     279.221       2.406      52.549     236.389     229.637     189.590      28.803      20.378       0.000       1.597     628.027       0.000       0.000       0.000       0.000       0.000       0.000       0.000       2.406       0.000       0.000       1.079       0.000       0.000       0.000      -0.259       0.000       3.447       0.000       0.000
    365    12    31  2021    184       0  rtu184               826.870      80.246      80.474    1159.557      48.397    1207.954      61.197     518.850      14.202     228.263     276.385    1159.557      96.291     253.212     240.904     256.498      27.668      17.388       0.000       1.506     629.835       0.000       0.000     957.776       2.193       0.000       0.000       0.000    1159.557       0.000       0.000      48.397       0.000       0.000       0.000      -0.472       0.150    2995.816       0.000       0.000
    365    12    31  2021    185       0  rtu185               826.870      80.068      80.342      11.582       0.313      11.896     283.467     533.681      15.602     251.443     266.635      11.582      64.706     259.310     219.815     210.551      28.654      17.388       0.000       1.496     629.865       0.000       0.000       0.000       0.000       0.000       0.000       0.000      11.582       0.000       0.000       0.313       0.000       0.000       0.000      -1.513       0.008       4.733       0.000       0.000
    365    12    31  2021    186       0  rtu186               826.870      81.598      81.728    1592.418       7.195    1599.614      92.589     550.550       8.782     138.902     402.865    1592.420      95.925     330.715     334.424     338.141      36.162      17.388       0.000       1.528     629.828       0.000       0.000    1410.769       4.590       0.000       0.000       0.000    1592.420       0.000       0.000       7.195       0.000       0.000       0.000       0.142       1.157     445.410       0.000       0.000
    365    12    31  2021    187       0  rtu187               826.870      81.597      81.727     126.106       0.340     126.446     110.091     591.310      14.494     142.481     434.334     126.105      78.458     367.443     359.340     397.875      53.550      17.388       0.000       1.528     629.831       0.000       0.000       0.000       0.000       0.000       0.000       0.000     126.105       0.000       0.000       0.340       0.000       0.000       0.000      -0.311       0.104      21.074       0.000       0.000
    365    12    31  2021    188       0  rtu188               826.870      81.598      81.727     376.300       5.376     381.676      83.223     527.131      10.051     149.357     367.723     376.300      95.109     300.114     302.576     309.367      31.679      17.388       0.000       1.528     629.835       0.000       0.000     164.298       0.291       0.000       0.000       0.000     376.300       0.000       0.000       5.376       0.000       0.000       0.000       0.094       0.247     332.810       0.000       0.000
    365    12    31  2021    189       0  rtu189               826.870      81.598      81.727     994.826      10.196    1005.022      86.732     540.362      10.194     168.291     361.877     994.826      95.371     308.851     315.962     321.312      34.226      17.388       0.000       1.528     629.833       0.000       0.000     802.053       2.800       0.000       0.000       0.000     994.826       0.000       0.000      10.196       0.000       0.000       0.000       0.272       0.137     631.119       0.000       0.000
    365    12    31  2021    190       0  rtu190               826.870      81.524      81.662     136.345      10.257     146.602     322.961     495.173       7.894     166.690     320.590     136.345      84.937     257.983     251.635     227.286      29.262      17.388       0.000       1.528     629.820       0.000       0.000     104.384      32.571       0.000       0.000       0.000     136.345       0.000       0.000      10.257       0.000       0.000       0.000      -0.243       0.000     154.939       0.000       0.000
    365    12    31  2021    191       0  rtu191               826.870      79.901      80.156    1266.706      15.956    1282.662      93.526     564.656      19.191     179.410     366.055    1266.705      96.039     337.348     331.206     339.563      35.257      17.388       0.000       1.496     629.839       0.000       0.000    1091.284      21.794       0.000       0.000       0.000    1266.705       0.000       0.000      15.956       0.000       0.000       0.000      -0.235       0.017     987.706       0.000       0.000
    365    12    31  2021    192       0  rtu192               826.870      79.944      80.196     983.046      17.045    1000.091      89.166     561.019      16.507     223.140     321.372     983.046      95.664     326.310     316.628     327.692      33.415      17.388       0.000       1.501     629.841       0.000       0.000     812.142      10.230       0.000       0.000       0.000     983.046       0.000       0.000      17.045       0.000       0.000       0.000      -0.371       0.021    1055.099       0.000       0.000
    365    12    31  2021    193       0  rtu193               833.765      77.058      77.638      20.262       0.219      20.481     407.115     420.403      58.479     221.952     139.971      20.262      64.652     280.132     290.340     243.652      32.213      19.914       0.000       1.486     628.299       0.000       0.000      13.571       0.290       0.000       0.000       0.000      20.262       0.000       0.000       0.219       0.000       0.000       0.000       0.391       0.027       3.304       0.000       0.000
    365    12    31  2021    194       0  rtu194               826.870      81.598      81.729     190.812      10.172     200.984     340.869     500.049      14.911     138.810     346.328     190.814      85.353     259.455     253.276     231.189      29.572      17.388       0.000       1.528     629.821       0.000       0.000     205.291       8.837       0.000       0.000       0.000     190.814       0.000       0.000      10.172       0.000       0.000       0.000      -0.236       0.695     153.654       0.000       0.000
    365    12    31  2021    195       0  rtu195               826.870      81.597      81.726     126.069       0.398     126.467     110.230     591.052      14.233     179.983     396.837     126.069      78.501     364.482     358.938     397.966      53.467      17.388       0.000       1.528     629.835       0.000       0.000       0.000       0.000       0.000       0.000       0.000     126.069       0.000       0.000       0.398       0.000       0.000       0.000      -0.213       0.058      24.616       0.000       0.000
    365    12    31  2021    196       0  rtu196               826.870      81.597      81.728     212.990      10.424     223.414      78.126     525.898      13.861     179.680     332.357     212.989      94.674     297.707     300.291     297.429      30.016      17.388       0.000       1.528     629.834       0.000       0.000       0.000       0.000       0.000       0.000       0.000     212.989       0.000       0.000      10.424       0.000       0.000       0.000       0.099       0.053     645.258       0.000       0.000
    365    12    31  2021    197       0  rtu197               833.765      82.950      83.172       2.249       5.536       7.786     303.560     523.314      27.539     175.987     319.788       2.249      52.089     318.490     315.551     267.474      70.896      20.378       0.000       1.612     628.006       0.000       0.000       0.000       0.000       0.000       0.785       0.000       1.464       1.931       0.000       3.605       0.000       0.000       0.000      -0.113       0.001       4.455       0.000       0.000
    365    12    31  2021    198       0  rtu198               833.765      82.664      82.909       2.615       1.795       4.409     342.065     502.682      13.921     198.495     290.267       2.614      52.381     236.755     233.669     195.571      29.573      20.378       0.000       1.608     628.065       0.000       0.000      10.823       3.678       0.000       0.000       0.000       2.614       0.000       0.000       1.795       0.000       0.000       0.000      -0.118       0.002       5.732       0.000       0.000
    365    12    31  2021    199       0  rtu199               826.870      81.064      81.236     516.286       0.515     516.801     120.700     602.984      18.380     211.042     373.562     516.286      83.363     366.681     506.857     433.741      69.214      17.388       0.000       1.522     629.887       0.000       0.000     417.527       0.796       0.000       0.000       0.000     516.286       0.000       0.000       0.515       0.000       0.000       0.000       5.372       0.097      31.872       0.000       0.000
    365    12    31  2021    200       0  rtu200               826.870      80.963      81.143     230.681       0.380     231.061     110.508     592.348      19.139     215.036     358.173     230.681      78.638     364.330     365.084     398.936      53.810      17.388       0.000       1.521     629.915       0.000       0.000     106.093       0.316       0.000       0.000       0.000     230.681       0.000       0.000       0.380       0.000       0.000       0.000       0.029       0.064      23.539       0.000       0.000
    365    12    31  2021    201       0  rtu201               833.765      82.815      83.051       2.745       3.128       5.872     356.812     473.670       6.024     148.129     319.517       2.745      52.542     236.473     247.513     208.212      29.169      20.378       0.000       1.610     628.060       0.000       0.000       0.964       1.269       0.000       0.000       0.000       2.745       0.000       0.000       3.128       0.000       0.000       0.000       0.423       0.008       9.987       0.000       0.000
    365    12    31  2021    202       0  rtu202               826.870      81.213      81.378     173.672      82.392     256.064      63.542     508.646      11.969     167.164     329.513     173.672      93.093     278.082     260.002     242.197      28.642      17.388       0.000       1.522     629.852       0.000       0.000       0.000       0.000       0.000       0.000       0.000     173.672       0.000       0.000      82.392       0.000       0.000       0.000      -0.693       0.003    1244.566       0.000       0.000
    365    12    31  2021    203       0  rtu203               833.765      82.051      82.370       2.404       3.179       5.583     315.878     514.928      11.409     203.075     300.445       2.404      52.447     235.480     226.778     193.142      29.128      20.378       0.000       1.591     628.087       0.000       0.000       0.231       1.284       0.000       0.000       0.000       2.404       0.000       0.000       3.179       0.000       0.000       0.000      -0.333       0.003      10.151       0.000       0.000
    365    12    31  2021    204       0  rtu204               826.870      81.175      81.347     270.670      13.811     284.481      81.905     539.910      16.464     184.022     339.424     270.670      95.020     307.561     317.126     307.025      30.848      17.388       0.000       1.522     629.844       0.000       0.000      60.311      18.819       0.000       0.000       0.000     270.670       0.000       0.000      13.811       0.000       0.000       0.000       0.366       0.010     854.908       0.000       0.000
    365    12    31  2021    205       0  rtu205               826.870      75.674      76.202      48.657      58.287     106.943     339.898     380.164      56.072     211.699     112.393      48.656      81.671     171.217     184.303     160.276      30.442      16.843       0.000       1.402     630.064       0.000       0.000       0.000       0.000       0.000       0.000       0.000      48.656       0.000       0.000      58.287       0.000       0.000       0.000       0.502       0.000     199.419       0.000       0.000
    365    12    31  2021    206       0  rtu206               826.870      75.676      76.200      11.835       0.397      12.231     428.018     385.728      56.101     217.219     112.408      11.834      64.735     240.891     281.094     250.250      32.345      16.843       0.000       1.403     630.049       0.000       0.000       0.000       0.000       0.000       0.000       0.000      11.834       0.000       0.000       0.397       0.000       0.000       0.000       1.541       0.001       5.991       0.000       0.000
    365    12    31  2021    207       0  rtu207               833.765      82.308      82.590      11.262       1.889      13.151     403.696     479.530      10.953     207.668     260.910      11.262      52.532     240.891     256.171     211.178      28.898      20.378       0.000       1.602     628.056       0.000       0.000      54.189       8.229       0.000       0.000       0.000      11.262       0.000       0.000       1.889       0.000       0.000       0.000       0.586       0.022       6.032       0.000       0.000
    365    12    31  2021    208       0  rtu208               833.765      82.537      82.774      27.957       0.634      28.591     329.815     507.147      10.591     139.787     356.769      27.957      64.801     232.116     227.468     195.234      32.338      20.320       0.000       1.605     628.044       0.000       0.000      29.327       1.503       0.000       0.000       0.000      27.957       0.000       0.000       0.634       0.000       0.000       0.000      -0.178       0.035       4.634       0.000       0.000
    365    12    31  2021    209       0  rtu209               820.551      79.673      79.811      45.842       0.471      46.313     462.574     528.426      11.965     152.347     364.114      45.850      65.061     279.377     257.978     252.817      33.117      15.966       0.000       1.459     630.189       0.000       0.000     207.807       7.528       0.000       0.000       0.000      45.850       0.000       0.000       0.471       0.000       0.000       0.000      -0.820       1.849       7.117       0.000       0.000
    365    12    31  2021    210       0  rtu210               826.870      80.981      81.136      22.239       0.576      22.816     443.587     531.504      10.174     176.160     345.170      22.239      64.894     287.753     249.757     249.825      33.209      17.160       0.000       1.513     629.883       0.000       0.000     168.708       0.215       0.000       0.000       0.000      22.239       0.000       0.000       0.576       0.000       0.000       0.000      -1.456       0.014       8.706       0.000       0.000
    365    12    31  2021    211       0  rtu211               833.765      82.254      82.512      96.880       0.287      97.167     413.633     519.514      11.596     188.150     319.768      96.881      65.691     272.255     238.573     240.039      33.861      20.332       0.000       1.598     628.088       0.000       0.000     194.116       0.363       0.000       0.000       0.000      96.881       0.000       0.000       0.287       0.000       0.000       0.000      -1.291       0.707       4.334       0.000       0.000
    365    12    31  2021    212       0  rtu212               833.765      82.868      83.092      13.399       1.072      14.471     333.630     487.187       9.369     172.771     305.047      13.399      64.682     185.032     188.841     149.878      29.017      20.342       0.000       1.610     628.037       0.000       0.000       0.239       0.650       0.000       0.000       0.000      13.399       0.000       0.000       1.072       0.000       0.000       0.000       0.146       0.019       3.668       0.000       0.000
    365    12    31  2021    213       0  rtu213               826.870      80.831      81.014     129.991       0.355     130.345     109.742     592.068      11.555     240.429     340.084     129.991      78.427     353.326     349.554     396.151      52.777      17.233       0.000       1.513     629.910       0.000       0.000       4.384       0.097       0.000       0.000       0.000     129.991       0.000       0.000       0.355       0.000       0.000       0.000      -0.145       0.101      21.959       0.000       0.000
    365    12    31  2021    214       0  rtu214               826.870      80.866      81.025      12.437       0.211      12.648     300.346     515.697      11.852     174.256     329.589      12.437      64.732     258.560     228.164     218.171      29.624      17.126       0.000       1.508     629.871       0.000       0.000       0.000       0.000       0.000       0.000       0.000      12.437       0.000       0.000       0.211       0.000       0.000       0.000      -1.165       0.014       3.182       0.000       0.000
    365    12    31  2021    215       0  rtu215               826.870      81.132      81.281      12.490       0.178      12.668     299.589     516.403      11.028     170.284     335.091      12.490      64.732     258.628     229.249     217.679      29.650      17.330       0.000       1.520     629.837       0.000       0.000       0.000       0.000       0.000       0.000       0.000      12.490       0.000       0.000       0.178       0.000       0.000       0.000      -1.126       0.014       2.686       0.000       0.000
    365    12    31  2021    216       0  rtu216               826.870      81.417      81.559      12.802       0.285      13.086     303.110     512.244       8.029     178.362     325.853      12.801      64.812     259.107     235.554     219.373      29.566      17.376       0.000       1.525     629.844       0.000       0.000       0.000       0.000       0.000       0.000       0.000      12.801       0.000       0.000       0.285       0.000       0.000       0.000      -0.903       0.004       4.300       0.000       0.000
    365    12    31  2021    217       0  rtu217               826.870      80.553      80.749      32.715       0.318      33.033     308.726     518.705      17.692     179.525     321.488      32.714      64.721     260.299     228.380     218.727      29.887      17.333       0.000       1.505     629.846       0.000       0.000      30.845       0.860       0.000       0.000       0.000      32.714       0.000       0.000       0.318       0.000       0.000       0.000      -1.223       0.014       4.809       0.000       0.000
    365    12    31  2021    218       0  rtu218               826.870      80.931      81.111      70.888       5.832      76.720     236.781     515.330      10.347     209.985     294.998      70.888      82.232     247.313     213.685     203.933      27.956      17.276       0.000       1.515     629.889       0.000       0.000       0.000       0.000       0.000       0.000       0.000      70.888       0.000       0.000       5.832       0.000       0.000       0.000      -1.289       0.001      88.096       0.000       0.000
    365    12    31  2021    219       0  rtu219               833.765      82.501      82.724      13.291       0.152      13.443     308.988     513.063       7.421     185.301     320.341      13.291      64.796     264.119     239.314     218.198      29.583      20.253       0.000       1.601     628.061       0.000       0.000       0.000       0.000       0.000       0.000       0.000      13.291       0.000       0.000       0.152       0.000       0.000       0.000      -0.951       0.042       2.291       0.000       0.000
    365    12    31  2021    220       0  rtu220               826.870      80.607      80.796     181.664       0.322     181.985     109.374     594.067      12.282     263.438     318.347     181.664      78.478     343.045     355.669     395.277      52.684      17.329       0.000       1.506     629.840       0.000       0.000      58.219       0.159       0.000       0.000       0.000     181.664       0.000       0.000       0.322       0.000       0.000       0.000       0.484       0.254      19.908       0.000       0.000
    365    12    31  2021    221       0  rtu221               833.765      78.484      79.025       2.435       2.339       4.774     395.156     435.672      40.006     274.049     121.617       2.435      52.307     324.612     335.203     288.803      74.417      19.960       0.000       1.513     628.135       0.000       0.000       1.206       0.279       0.000       2.435       0.000       0.000       2.339       0.000       0.000       0.000       0.000       0.000       0.406       0.057       1.882       0.000       0.000
    365    12    31  2021    222       0  rtu222               826.870      80.435      80.636     118.005       0.248     118.252     341.086     531.061      12.230     230.088     288.743     118.005      64.727     262.610     242.907     223.931      30.017      17.263       0.000       1.505     629.852       0.000       0.000     123.688      38.423       0.000       0.000       0.000     118.005       0.000       0.000       0.248       0.000       0.000       0.000      -0.755       0.255       3.741       0.000       0.000
    365    12    31  2021    223       0  rtu223               833.765      82.570      82.800      14.280       0.260      14.540     347.409     475.953       7.627     142.126     326.200      14.280      64.767     264.442     270.569     233.185      29.553      20.329       0.000       1.604     628.019       0.000       0.000       3.463       0.129       0.000       0.000       0.000      14.280       0.000       0.000       0.260       0.000       0.000       0.000       0.235       0.014       3.931       0.000       0.000
    365    12    31  2021    224       0  rtu224               833.765      81.693      82.004       2.514       2.234       4.748     348.530     480.747      12.644     195.592     272.511       2.513      52.528     235.057     248.634     206.666      28.518      20.332       0.000       1.591     628.082       0.000       0.000       0.000       0.000       0.000       0.000       0.000       2.513       0.000       0.000       2.234       0.000       0.000       0.000       0.520       0.027       7.133       0.000       0.000
    365    12    31  2021    225       0  rtu225               826.870      80.931      81.104      38.203       2.474      40.677     452.548     522.942      11.392     212.049     299.501      38.203      64.881     191.065     196.611     162.239      29.440      17.337       0.000       1.515     629.819       0.000       0.000     179.795       9.052       0.000       0.000       0.000      38.203       0.000       0.000       2.474       0.000       0.000       0.000       0.213       0.027       8.464       0.000       0.000
    365    12    31  2021    226       0  rtu226               826.870      80.922      81.099     299.231      12.334     311.566      78.642     542.525      11.437     221.746     309.341     299.231      94.711     302.812     295.191     299.496      30.216      17.326       0.000       1.514     629.837       0.000       0.000     102.710       2.192       0.000       0.000       0.000     299.231       0.000       0.000      12.334       0.000       0.000       0.000      -0.292       0.031     763.515       0.000       0.000
    365    12    31  2021    227       0  rtu227               826.870      81.008      81.166      37.479       2.382      39.861     398.123     515.387       9.715     191.859     313.812      37.479      64.782     187.531     195.912     156.117      29.442      17.187       0.000       1.512     629.854       0.000       0.000     122.493       3.667       0.000       0.000       0.000      37.479       0.000       0.000       2.382       0.000       0.000       0.000       0.321       0.032       8.149       0.000       0.000
    365    12    31  2021    228       0  rtu228               833.765      81.353      81.667      13.467       0.355      13.822     337.621     482.849      16.185     200.550     266.113      13.467      64.865     262.841     269.389     230.255      28.601      20.236       0.000       1.581     628.071       0.000       0.000       0.000       0.000       0.000       0.000       0.000      13.467       0.000       0.000       0.355       0.000       0.000       0.000       0.251       0.001       5.369       0.000       0.000
    365    12    31  2021    229       0  rtu229               833.765      82.226      82.478       2.526       1.324       3.850     354.175     475.983      11.953     172.310     291.720       2.525      52.612     235.258     249.258     207.533      28.855      20.290       0.000       1.597     628.028       0.000       0.000       0.000       0.000       0.000       0.000       0.000       2.525       0.000       0.000       1.324       0.000       0.000       0.000       0.536       0.001       4.229       0.000       0.000
    365    12    31  2021    230       0  rtu230               833.765      80.900      81.256      13.628       0.836      14.463     301.033     519.148      20.541     257.173     241.434      13.627      64.865     183.597     180.670     142.132      27.733      20.209       0.000       1.571     628.090       0.000       0.000       0.000       0.000       0.000       0.000       0.000      13.627       0.000       0.000       0.836       0.000       0.000       0.000      -0.112       0.005       2.859       0.000       0.000
    365    12    31  2021    231       0  rtu231               833.765      81.917      82.210      30.626       0.368      30.994     345.213     484.238       9.784     190.504     283.950      30.626      64.859     266.673     271.552     232.083      29.028      20.326       0.000       1.591     628.046       0.000       0.000      25.580       0.506       0.000       0.000       0.000      30.626       0.000       0.000       0.368       0.000       0.000       0.000       0.187       0.144       5.552       0.000       0.000
    365    12    31  2021    232       0  rtu232               833.765      81.957      82.283       2.254       1.760       4.014     305.023     525.706      11.492     251.829     262.385       2.254      52.444     234.971     229.793     189.289      28.652      20.304       0.000       1.594     628.106       0.000       0.000       0.000       0.000       0.000       0.000       0.000       2.254       0.000       0.000       1.760       0.000       0.000       0.000      -0.198       0.000       5.620       0.000       0.000
    365    12    31  2021    233       0  rtu233               833.765      81.984      82.299       2.336       1.544       3.880     304.284     526.560      11.373     254.313     260.874       2.335      52.451     234.773     230.072     189.203      28.592      20.279       0.000       1.593     628.099       0.000       0.000       0.000       0.000       0.000       0.000       0.000       2.335       0.000       0.000       1.544       0.000       0.000       0.000      -0.180       0.000       4.930       0.000       0.000
    365    12    31  2021    234       0  rtu234               833.765      82.135      82.408       2.339       2.629       4.967     344.319     484.718      10.398     173.690     300.629       2.338      52.542     234.993     249.052     206.441      28.701      20.275       0.000       1.594     628.100       0.000       0.000       0.000       0.000       0.000       0.000       0.000       2.338       0.000       0.000       2.629       0.000       0.000       0.000       0.539       0.001       8.394       0.000       0.000
    365    12    31  2021    235       0  rtu235               826.870      80.344      80.566     356.018      13.087     369.105      79.785     549.806      14.603     250.716     284.487     356.018      94.773     302.858     288.105     301.663      30.161      17.225       0.000       1.501     629.895       0.000       0.000     163.155       7.432       0.000       0.000       0.000     356.018       0.000       0.000      13.087       0.000       0.000       0.000      -0.565       0.012     810.113       0.000       0.000
    365    12    31  2021    236       0  rtu236               826.870      80.133      80.366     200.383       9.047     209.430      74.350     544.834      14.835     255.546     274.453     200.383      94.225     297.068     269.128     287.144      28.747      17.263       0.000       1.498     629.899       0.000       0.000       0.000       0.000       0.000       0.000       0.000     200.383       0.000       0.000       9.047       0.000       0.000       0.000      -1.071       0.113     560.017       0.000       0.000
    365    12    31  2021    237       0  rtu237               833.765      81.759      82.075       2.458       2.272       4.729     344.515     484.811      13.293     213.044     258.474       2.457      52.598     235.077     247.854     206.021      28.332      20.304       0.000       1.591     628.107       0.000       0.000       0.000       0.000       0.000       0.000       0.000       2.457       0.000       0.000       2.272       0.000       0.000       0.000       0.490       0.020       7.254       0.000       0.000
    365    12    31  2021    238       0  rtu238               833.765      81.327      81.661     214.060       6.790     220.850      73.697     541.061      15.871     290.917     234.273     214.060      94.101     295.036     267.363     286.230      28.572      20.188       0.000       1.580     628.110       0.000       0.000       0.000       0.000       0.000       0.000       0.000     214.060       0.000       0.000       6.790       0.000       0.000       0.000      -1.060       0.038     420.295       0.000       0.000
    365    12    31  2021    239       0  rtu239               833.765      79.046      79.534       2.673       1.276       3.948     355.274     494.893      85.861     394.280      14.752       2.673      44.030     184.057     194.627     146.803      28.428      19.995       0.000       1.529     628.156       0.000       0.000      18.461       1.528       0.000       0.000       0.000       2.673       0.000       0.000       1.276       0.000       0.000       0.000       0.405       1.017       4.365       0.000       0.000
    365    12    31  2021    240       0  rtu240               833.765      79.046      79.534      39.322     224.556     263.877     238.955     519.456      85.862     418.247      15.347      39.321      34.750     282.704     263.622     236.524      46.689      19.994       0.000       1.529     628.151       0.000       0.000      36.458     150.537       0.000       0.000       0.000      39.321       0.000       0.000     224.556       0.000       0.000       0.000      -0.731       2.402     594.323       0.000       0.000
    365    12    31  2021    241       0  rtu241               833.765      79.047      79.535      10.227       6.228      16.455     361.097     519.227      85.860     418.358      15.009      10.227      17.289     292.393     278.655     246.945      47.650      19.995       0.000       1.529     628.167       0.000       0.000      61.639       0.082       0.000      10.227       0.000       0.000       6.228       0.000       0.000       0.000       0.000       0.000      -0.526      14.212      16.485       0.000       0.000
    365    12    31  2021    242       0  rtu242               833.765      79.047      79.536       7.375       2.929      10.303     339.908     518.421      85.858     418.031      14.532       7.375      17.191     288.623     269.711     243.165      46.979      19.995       0.000       1.529     628.181       0.000       0.000      33.315       0.061       0.000       0.000       0.000       7.375       0.000       0.000       2.929       0.000       0.000       0.000      -0.725       7.322       7.751       0.000       0.000
    365    12    31  2021    243       0  rtu243               833.765      79.047      79.536       0.276       0.904       1.180     338.373     494.666      85.858     394.270      14.537       0.276      44.043     183.003     191.167     145.099      28.258      19.995       0.000       1.529     628.177       0.000       0.000       0.000       0.000       0.000       0.000       0.000       0.276       0.000       0.000       0.904       0.000       0.000       0.000       0.313       0.130       3.094       0.000       0.000
    365    12    31  2021    244       0  rtu244               833.765      79.047      79.536       1.801       3.275       5.076     312.151     518.057      85.858     418.056      14.143       1.800      16.964     287.259     267.649     240.661      46.467      19.995       0.000       1.529     628.179       0.000       0.000       0.000       0.000       0.000       0.000       0.000       1.800       0.000       0.000       3.275       0.000       0.000       0.000      -0.751       0.680       8.668       0.000       0.000
    365    12    31  2021    245       0  rtu245               833.765      79.046      79.534       1.727       7.066       8.793     308.864     518.005      85.862     417.999      14.144       1.727      16.958     286.995     267.511     240.380      46.449      19.994       0.000       1.529     628.150       0.000       0.000       0.383       0.002       0.000       0.000       0.000       1.727       0.000       0.000       7.066       0.000       0.000       0.000      -0.747       0.661      18.700       0.000       0.000
    365    12    31  2021    246       0  rtu246               833.765      81.955      82.256     374.842       2.792     377.634     135.708     318.560      38.380     123.525     156.655     374.842      53.097      91.863     160.809     185.649      28.298      20.318       0.000       1.598     628.088       0.000       0.000       0.000       0.000       0.000       0.000       0.000     374.842       0.000       0.000       2.792       0.000       0.000       0.000       2.642       0.001      42.173       0.000       0.000
    365    12    31  2021    247       0  rtu247               833.765      80.121      80.518     356.538      12.916     369.455      88.130     512.922      20.259     233.185     259.478     356.542      95.560     299.508     343.552     316.258      29.532      19.969       0.000       1.551     628.168       0.000       0.000     134.492       3.199       0.000       0.000       0.000     356.542       0.000       0.000      12.916       0.000       0.000       0.000       1.688       2.713     799.536       0.000       0.000
    365    12    31  2021    248       0  rtu248               833.765      82.741      82.985     162.873       0.386     163.259     112.317     582.834       6.985     197.861     377.988     162.887      78.761     355.440     402.239     403.045      54.098      20.378       0.000       1.608     628.078       0.000       0.000      25.399       0.275       0.000       0.000       0.000     162.887       0.000       0.000       0.386       0.000       0.000       0.000       1.793      13.021      23.914       0.000       0.000
    365    12    31  2021    249       0  rtu249               833.765      82.690      82.933     137.704       0.349     138.053     111.862     582.712       6.937     197.154     378.621     137.706      78.618     349.577     399.521     401.444      53.508      20.378       0.000       1.605     628.087       0.000       0.000       0.000       0.000       0.000       0.000       0.000     137.706       0.000       0.000       0.349       0.000       0.000       0.000       1.914       1.874      21.584       0.000       0.000
    365    12    31  2021    250       0  rtu250               833.765      80.837      81.227     241.618       6.341     247.960      86.230     498.420      19.292     240.338     238.790     241.618      95.370     289.275     339.171     308.993      28.298      20.170       0.000       1.568     628.127       0.000       0.000       0.000       0.000       0.000       0.000       0.000     241.618       0.000       0.000       6.341       0.000       0.000       0.000       1.912       0.089     392.541       0.000       0.000
    365    12    31  2021    251       0  rtu251               826.870      77.582      78.016      13.107       7.517      20.623     363.896     521.835      89.487     417.143      15.206      13.107      17.385     290.092     267.807     245.845      47.294      16.974       0.000       1.442     629.986       0.000       0.000      73.847       4.133       0.000       0.000       0.000      13.107       0.000       0.000       7.517       0.000       0.000       0.000      -0.854      13.940      19.894       0.000       0.000
    365    12    31  2021    252       0  rtu252               833.765      79.046      79.532    1883.932       9.082    1893.015     900.953     531.190      85.861     419.086      26.243    1883.932      39.812     336.552     288.082     303.669      62.284      19.994       0.000       1.529     628.154       0.000       0.000    1406.753    1082.015       0.000       0.000       0.000    1883.932       0.000       0.000       9.082       0.000       0.000       0.000      -1.858     368.801      24.038       0.000       0.000
    365    12    31  2021    253       0  rtu253               833.765      79.046      79.534      10.394       5.120      15.515     315.742     518.090      85.861     418.012      14.218      10.394      17.120     287.193     267.565     241.038      46.606      19.995       0.000       1.529     628.156       0.000       0.000      13.513       0.549       0.000       0.000       0.000      10.394       0.000       0.000       5.120       0.000       0.000       0.000      -0.752      11.580      13.552       0.000       0.000
    365    12    31  2021    254       0  rtu254               826.870      77.581      78.017       9.041       6.929      15.970     317.423     520.934      89.487     417.104      14.343       9.041      17.094     282.077     258.266     241.224      46.572      16.974       0.000       1.442     629.985       0.000       0.000      13.411      12.483       0.000       0.000       0.000       9.041       0.000       0.000       6.929       0.000       0.000       0.000      -0.913       9.104      18.340       0.000       0.000
    365    12    31  2021    255       0  rtu255               833.765      79.046      79.534       1.781       3.918       5.699     311.561     518.022      85.861     418.016      14.145       1.781      16.962     287.221     267.638     240.620      46.465      19.994       0.000       1.529     628.153       0.000       0.000       0.000       0.000       0.000       0.000       0.000       1.781       0.000       0.000       3.918       0.000       0.000       0.000      -0.751       0.491      10.370       0.000       0.000
    365    12    31  2021    256       0  rtu256               826.870      77.583      78.009     175.216      15.426     190.642      93.028     542.488      89.483     415.975      37.029     175.225      91.977     281.311     316.327     339.205      35.121      16.974       0.000       1.442     630.006       0.000       0.000       0.000       0.000       0.000       0.000       0.000     175.225       0.000       0.000      15.426       0.000       0.000       0.000       1.342      25.312     954.891       0.000       0.000
    365    12    31  2021    257       0  rtu257               833.765      79.047      79.536       1.741       5.134       6.874     310.367     518.040      85.859     418.041      14.141       1.740      16.960     287.122     267.566     240.502      46.456      19.995       0.000       1.529     628.174       0.000       0.000       0.000       0.000       0.000       0.000       0.000       1.740       0.000       0.000       5.134       0.000       0.000       0.000      -0.749       1.874      13.587       0.000       0.000
    365    12    31  2021    258       0  rtu258               833.765      79.046      79.534       3.382       3.720       7.101     317.091     518.122      85.862     418.051      14.209       3.381      16.996     287.691     267.901     241.243      46.543      19.994       0.000       1.529     628.151       0.000       0.000       1.804       5.220       0.000       0.000       0.000       3.381       0.000       0.000       3.720       0.000       0.000       0.000      -0.758       4.276       9.845       0.000       0.000
    365    12    31  2021    259       0  rtu259               826.870      77.582      78.008     175.515      14.920     190.435      93.099     542.615      89.485     415.978      37.152     175.531      91.990     281.398     316.502     339.409      35.158      16.974       0.000       1.442     629.994       0.000       0.000       0.000       0.000       0.000       0.000       0.000     175.531       0.000       0.000      14.920       0.000       0.000       0.000       1.345      37.922     923.590       0.000       0.000
    365    12    31  2021    260       0  rtu260               826.870      77.583      78.005     298.215      15.128     313.343      97.734     550.339      89.484     415.904      44.951     298.305      92.867     300.543     332.131     353.279      37.707      16.974       0.000       1.442     630.002       0.000       0.000     127.760       7.444       0.000       0.000       0.000     298.305       0.000       0.000      15.128       0.000       0.000       0.000       1.211     131.881     936.435       0.000       0.000
    365    12    31  2021    261       0  rtu261               826.870      77.582      78.008     174.299      19.047     193.346      92.707     542.001      89.485     415.967      36.549     174.340      91.913     281.294     315.214     338.355      35.021      16.974       0.000       1.442     629.998       0.000       0.000       0.117       1.770       0.000       0.000       0.000     174.340       0.000       0.000      19.047       0.000       0.000       0.000       1.300      87.564    1179.046       0.000       0.000
    365    12    31  2021    262       0  rtu262               826.870      77.582      78.017       0.627       5.818       6.444     301.284     520.701      89.486     417.103      14.113       0.626      16.893     281.123     257.423     239.509      46.285      16.974       0.000       1.442     629.993       0.000       0.000       0.000       0.000       0.000       0.000       0.410       0.216       0.000       3.809       2.009       0.000       0.000       0.000      -0.908       0.329      15.397       0.000       0.000
    365    12    31  2021    263       0  rtu263               826.870      77.582      78.004     309.245      21.771     331.015      97.508     551.076      89.485     415.861      45.731     309.270      92.810     284.797     324.796     353.204      38.322      16.974       0.000       1.442     629.997       0.000       0.000     141.447      12.208       0.000       0.000       0.000     309.270       0.000       0.000      21.771       0.000       0.000       0.000       1.533      65.212    1347.646       0.000       0.000
    365    12    31  2021    264       0  rtu264               826.870      77.581      78.016      81.118       2.621      83.739     337.599     521.356      89.487     417.215      14.654      81.118      17.473     282.760     260.883     243.946      46.938      16.974       0.000       1.442     629.985       0.000       0.000      93.597      20.738       0.000      81.118       0.000       0.000       2.621       0.000       0.000       0.000       0.000       0.000      -0.838      39.603       6.938       0.000       0.000
    365    12    31  2021    265       0  rtu265               826.870      77.582      78.016       6.907     185.359     192.267     251.374     521.897      89.486     417.013      15.398       6.907      35.516     281.437     261.256     236.117      46.357      16.974       0.000       1.442     629.989       0.000       0.000       1.461     135.762       0.000       6.907       0.000       0.000     185.359       0.000       0.000       0.000       0.000       0.000      -0.773       0.704     490.584       0.000       0.000
    365    12    31  2021    266       0  rtu266               833.765      79.047      79.536       1.669       7.236       8.906     308.346     518.028      85.859     418.031      14.138       1.669      16.957     286.965     267.469     240.319      46.443      19.995       0.000       1.529     628.172       0.000       0.000       0.000       0.000       0.000       1.669       0.000       0.000       7.236       0.000       0.000       0.000       0.000       0.000      -0.747       0.614      19.152       0.000       0.000
    365    12    31  2021    267       0  rtu267               833.765      79.048      79.536       1.769       4.279       6.049     311.177     518.057      85.857     418.059      14.141       1.769      16.962     287.182     267.599     240.570      46.461      19.995       0.000       1.529     628.184       0.000       0.000       0.000       0.000       0.000       0.000       0.000       1.769       0.000       0.000       4.279       0.000       0.000       0.000      -0.750       0.286      11.326       0.000       0.000
    365    12    31  2021    268       0  rtu268               833.765      79.047      79.535      45.075      11.406      56.481     484.336     522.435      85.859     419.529      17.047      45.074      18.028     302.994     309.114     264.413      50.112      19.995       0.000       1.529     628.173       0.000       0.000     224.666       4.289       0.000      45.074       0.000       0.000      11.406       0.000       0.000       0.000       0.000       0.000       0.235      46.175      30.188       0.000       0.000
    365    12    31  2021    269       0  rtu269               826.870      77.583      78.016      51.898      13.346      65.244     500.635     525.416      89.485     418.270      17.662      51.898      18.267     299.903     310.410     266.940      50.546      16.974       0.000       1.442     629.998       0.000       0.000     254.072      10.105       0.000       0.000      51.898       0.000       0.000      13.346       0.000       0.000       0.000       0.000       0.403      47.229      35.323       0.000       0.000
    365    12    31  2021    270       0  rtu270               833.765      79.047      79.536       4.865     153.992     158.857     211.446     519.171      85.858     418.425      14.889       4.865      33.173     281.467     278.296     235.589      47.135      19.995       0.000       1.529     628.181       0.000       0.000      54.807       0.000       0.000       0.000       0.000       4.865       0.000       0.000     153.992       0.000       0.000       0.000      -0.122       1.325     407.565       0.000       0.000
    365    12    31  2021    271       0  rtu271               833.765      79.047      79.534       8.291       1.164       9.456     550.808     500.867      85.859     397.194      17.814       8.291      44.005     199.109     210.808     171.602      31.707      19.995       0.000       1.529     628.171       0.000       0.000     225.750       1.299       0.000       0.000       0.000       8.291       0.000       0.000       1.164       0.000       0.000       0.000       0.448      10.304       6.700       0.000       0.000
    365    12    31  2021    272       0  rtu272               833.765      79.047      79.535      39.781      26.365      66.146     492.479     506.773      85.858     402.774      18.141      39.791      61.641     206.460     222.386     173.035      32.079      19.995       0.000       1.529     628.180       0.000       0.000     226.375       5.117       0.000       0.000       0.000      39.791       0.000       0.000      26.365       0.000       0.000       0.000       0.610      43.310     151.689       0.000       0.000
    365    12    31  2021    273       0  rtu273               833.765      79.047      79.535       3.303       0.745       4.048     403.411     499.924      85.859     397.606      16.458       3.303      44.001     195.333     201.367     158.766      31.076      19.995       0.000       1.529     628.171       0.000       0.000      46.844      26.239       0.000       0.000       0.000       3.303       0.000       0.000       0.745       0.000       0.000       0.000       0.231       4.322       4.288       0.000       0.000
    365    12    31  2021    274       0  rtu274               826.870      79.070      79.363     502.872       9.865     512.737      87.266     532.494      19.814     245.483     267.197     502.889      95.796     305.638     352.295     328.178      30.197      16.936       0.000       1.471     630.006       0.000       0.000     300.281       6.518       0.000       0.000       0.000     502.889       0.000       0.000       9.865       0.000       0.000       0.000       1.788       9.704     610.650       0.000       0.000
    365    12    31  2021    275       0  rtu275               833.765      80.281      80.673     307.978       6.685     314.664      88.746     511.754      19.960     238.840     252.954     307.995      95.569     289.847     337.432     317.475      29.990      20.022       0.000       1.555     628.187       0.000       0.000      58.324      24.162       0.000       0.000       0.000     307.995       0.000       0.000       6.685       0.000       0.000       0.000       1.824       9.331     413.826       0.000       0.000
    365    12    31  2021    276       0  rtu276               833.765      80.917      81.278     251.006       6.433     257.439      86.572     499.964      19.079     246.619     234.267     251.016      95.395     297.544     340.132     309.911      28.317      20.137       0.000       1.570     628.119       0.000       0.000      10.811       0.284       0.000       0.000       0.000     251.016       0.000       0.000       6.433       0.000       0.000       0.000       1.632       7.896     398.191       0.000       0.000
    365    12    31  2021    277       0  rtu277               833.765      81.040      81.413     369.160       7.439     376.599      89.045     512.587      17.827     238.041     256.719     369.177      95.640     301.119     348.270     318.849      29.789      20.196       0.000       1.571     628.105       0.000       0.000     141.828       3.705       0.000       0.000       0.000     369.177       0.000       0.000       7.439       0.000       0.000       0.000       1.807      12.497     460.476       0.000       0.000
    365    12    31  2021    278       0  rtu278               833.765      79.045      79.534       2.690       5.661     309.219      16.614     517.742      85.863     419.502      12.377       2.689      16.834     302.355     293.655     249.908      46.176      19.994       0.000       1.529     628.141     300.868       0.000       7.517       1.368       0.000       0.000       0.000       2.689       0.000       0.000       5.661       0.000       0.000       0.000      -0.333       1.200      14.982       0.000       0.000
    365    12    31  2021    279       0  rtu279               833.765      79.045      79.533       0.276       1.470     270.904      49.116     515.176      85.863     415.830      13.483       0.276      43.946     280.330     271.209     226.858      30.479      19.994       0.000       1.529     628.141     269.158       0.000       0.000       0.315       0.000       0.000       0.000       0.276       0.000       0.000       1.470       0.000       0.000       0.000      -0.349       0.170       8.459       0.000       0.000
    365    12    31  2021    280       0  rtu280               833.765      79.045      79.533       0.276       1.240     270.584      49.121     515.174      85.863     415.832      13.479       0.276      43.946     280.317     271.256     226.865      30.478      19.994       0.000       1.529     628.143     269.069       0.000       0.000       0.000       0.000       0.000       0.000       0.276       0.000       0.000       1.240       0.000       0.000       0.000      -0.347       0.180       7.131       0.000       0.000
    365    12    31  2021    281       0  rtu281               833.765      81.954      82.256      40.618       6.252     457.057      19.909     357.259      38.391     124.917     193.951      40.618      43.187     301.317     309.490     277.272      51.675      20.318       0.000       1.598     628.077     410.186       0.000       0.000       0.000       0.000       0.000       0.000      40.618       0.000       0.000       6.252       0.000       0.000       0.000       0.313       0.397      16.547       0.000       0.000
    365    12    31  2021    282       0  rtu282               833.765      81.954      82.248      39.627      10.546     439.281      28.934     366.051      38.392     124.898     202.762      39.627      42.690     346.165     345.439     319.888      76.942      20.318       0.000       1.598     628.066     389.108       0.000       0.000       0.000       0.000       0.000       0.000      39.626       0.000       0.000      10.546       0.000       0.000       0.000      -0.028       0.119       8.486       0.000       0.000
    365    12    31  2021    283       0  rtu283               833.765      79.588      79.980     544.225       0.000     544.225       0.000     560.229      40.937      80.839     438.453     544.227       0.000      19.308      12.215      10.697      10.665      20.044       0.000       1.537     628.131       0.000       0.000       0.000       1.650       0.000     544.227       0.000       0.000       0.000       0.000       0.000       0.000       0.000       0.000      -0.272       6.198       0.003       0.000     227.401
    365    12    31  2021    284       0  rtu284               833.765      79.588      79.980     542.498       0.000     542.498       0.000     560.322      40.514      79.153     440.655     542.498       0.000      18.815      11.999      10.360      10.326      20.044       0.000       1.537     628.124       0.000       0.000       0.000       0.000       0.000       0.000       0.000     542.498       0.000       0.000       0.000       0.000       0.000       0.000      -0.261       1.021       0.002       0.000     228.242
    365    12    31  2021    285       0  rtu285               826.870      78.126      78.446     533.359       0.000     533.360       0.000     568.587      41.777      79.430     447.380     533.359       0.000      18.467      11.962      10.250      10.163      17.024       0.000       1.450     629.994       0.000       0.000       0.000       0.000       0.000       0.000       0.000     533.359       0.000       0.000       0.000       0.000       0.000       0.000      -0.249       0.027       0.006       0.000     233.029
    365    12    31  2021    286       0  rtu286               826.870      78.126      78.446     533.365       0.000     533.365       0.000     568.580      41.781      79.430     447.370     533.365       0.000      18.467      11.962      10.250      10.165      17.024       0.000       1.450     629.993       0.000       0.000       0.000       0.000       0.000       0.000       0.000     533.365       0.000       0.000       0.000       0.000       0.000       0.000      -0.249       0.009       0.023       0.000     233.024
    365    12    31  2021    287       0  rtu287               833.765      79.588      79.980     543.137       0.000     543.137       0.000     559.526      40.851      79.262     439.414     543.137       0.000      19.016      12.200      10.610      10.609      20.044       0.000       1.537     628.130       0.000       0.000       0.000       0.000       0.000       0.000       0.000     543.137       0.000       0.000       0.000       0.000       0.000       0.000      -0.261       0.001       0.002       0.000     227.748
    365    12    31  2021    288       0  rtu288               833.765      81.918      82.175       7.671       5.123     312.252      19.876     523.813      16.948      56.597     450.267       7.670      12.499     306.076     311.091     263.679      47.302      20.378       0.000       1.605     628.132     299.459       0.000      13.849       7.743       0.000       0.000       0.000       7.670       0.000       0.000       5.123       0.000       0.000       0.000       0.193       0.146      13.558       0.000       0.000
    365    12    31  2021    289       0  rtu289               833.765      81.902      82.160      32.902       3.845     461.789      21.898     519.318      11.659      35.806     471.853      32.901      13.105     318.003     321.350     268.839      48.155      20.378       0.000       1.605     628.128     425.043       0.000     166.196       2.398       0.000      12.644       0.000      20.258       1.478       0.000       2.367       0.000       0.000       0.000       0.129      15.192      10.176       0.000       0.000
    365    12    31  2021    290       0  rtu290               833.765      81.883      82.142       0.000       2.947     288.712      55.161     490.261      15.548      51.413     423.300       0.000      12.354     315.015     325.640     282.169      29.740      20.378       0.000       1.605     628.128     285.765       0.000       0.000       0.000       0.000       0.000       0.000       0.000       0.000       0.000       2.947       0.000       0.000       0.000       0.407       0.000       9.411       0.000       0.000
    365    12    31  2021    291       0  rtu291               833.765      81.789      82.056       2.933       2.370     930.029      68.647     528.450      17.762      53.177     457.510       2.932      42.572     332.902     302.410     276.390      36.994      20.378       0.000       1.605     628.121     924.726       0.000     685.337       6.101       0.000       0.000       0.000       2.932       0.000       0.000       2.370       0.000       0.000       0.000      -1.168       0.205      13.636       0.000       0.000
    365    12    31  2021    292       0  rtu292               833.765      81.901      82.159       0.070       6.755     273.790      27.446     539.743      14.706      51.876     473.162       0.070      12.351     347.039     357.027     300.021      71.895      20.378       0.000       1.605     628.122     266.965       0.000       4.774       2.047       0.000       0.047       0.000       0.023       4.522       0.000       2.233       0.000       0.000       0.000       0.383       0.015       5.436       0.000       0.000
    365    12    31  2021    293       0  rtu293               833.765      81.864      82.123       0.000       4.815     272.679      27.876     533.614      13.682      36.763     483.169       0.000      12.349     347.211     356.922     302.037      72.823      20.378       0.000       1.605     628.119     267.864       0.000       0.000       0.000       0.000       0.000       0.000       0.000       0.000       4.815       0.000       0.000       0.000       0.000       0.372       0.000       3.874       0.000       0.000
    365    12    31  2021    294       0  rtu294               826.870      81.598      81.728    2233.366       0.293    4056.914      18.712     555.390       8.761      97.129     449.500    2233.366      74.554     318.414     239.650     282.951      38.295      17.388       0.000       1.528     629.828    1823.254       0.000    3629.094     171.391       0.000       0.000       0.000    2233.366       0.000       0.000       0.293       0.000       0.000       0.000      -3.019       0.048      18.146       0.000       0.000
    365    12    31  2021    295       0  rtu295               826.870      80.811      81.033     765.735       0.629    2025.226      13.908     552.207       9.621     188.236     354.350     765.735      73.758     259.123     237.653     244.690      33.460      17.388       0.000       1.518     629.887    1258.862       0.000    1663.949      99.048       0.000       0.000       0.000     765.735       0.000       0.000       0.629       0.000       0.000       0.000      -0.823       0.000      38.941       0.000       0.000
    365    12    31  2021    296       0  rtu296               833.765      77.411      77.983       3.590       2.008     321.231       9.391     514.957      50.392     320.193     144.373       3.590      52.685     310.213     292.970     232.468      44.941      19.912       0.000       1.493     628.215     315.633       0.000       4.013       6.384       0.000       0.000       0.000       3.590       0.000       0.000       2.008       0.000       0.000       0.000      -0.660       0.001       5.313       0.000       0.000
    365    12    31  2021    297       0  rtu297               833.765      82.382      82.638      36.858       1.210     340.861      26.737     503.356      11.919     158.439     332.999      36.857      64.769     224.586     234.156     183.245      31.243      20.378       0.000       1.605     628.013     302.794       0.000      34.163       2.617       0.000       0.000       0.000      36.857       0.000       0.000       1.210       0.000       0.000       0.000       0.367       0.007       6.962       0.000       0.000
    365    12    31  2021    298       0  rtu298               833.765      77.465      78.034       3.244       2.017     346.717       9.381     481.003      51.477     277.589     151.936       3.244      52.541     285.570     218.455     240.490      47.811      19.912       0.000       1.493     628.214     341.456       0.000       0.000       0.000       0.000       0.000       0.000       3.244       0.000       0.000       2.017       0.000       0.000       0.000      -2.572       0.002       5.337       0.000       0.000
    365    12    31  2021    299       0  rtu299               833.765      81.884      82.146       0.000       7.162     296.135      28.951     541.589      16.263      55.026     470.300       0.000      12.350     349.088     357.845     303.837      72.006      20.378       0.000       1.605     628.121     288.972       0.000       7.197      25.274       0.000       0.000       0.000       0.000       0.000       0.000       7.162       0.000       0.000       0.000       0.336       0.000       5.763       0.000       0.000
    365    12    31  2021    300       0  rtu300               833.765      80.405      80.909       2.874       0.812     472.710       3.946     358.939      23.357     212.058     123.524       2.874      52.697     302.601     274.712     249.327      51.373      20.144       0.000       1.557     628.095     469.024       0.000       0.000       0.000       0.000       0.000       0.000       2.874       0.000       0.000       0.812       0.000       0.000       0.000      -1.068       0.001       2.149       0.000       0.000
    365    12    31  2021    301       0  rtu301               833.765      77.403      77.979       2.125       2.360     298.556      14.765     527.897      50.028     320.826     157.044       2.124      52.352     336.723     265.710     269.129      67.588      19.912       0.000       1.493     628.208     294.072       0.000       0.000       3.968       0.000       2.124       0.000       0.000       2.360       0.000       0.000       0.000       0.000       0.000      -2.721       0.001       1.899       0.000       0.000
    365    12    31  2021    302       0  rtu302               833.765      81.885      82.144       0.000       5.982     273.085      27.770     536.038      12.439      42.402     481.196       0.000      12.348     347.173     356.961     301.210      72.195      20.378       0.000       1.605     628.124     267.104       0.000       0.000       2.727       0.000       0.000       0.000       0.000       0.000       0.000       5.982       0.000       0.000       0.000       0.375       0.000       4.813       0.000       0.000
    365    12    31  2021    303       0  rtu303               833.765      82.951      83.172      35.849       6.670     348.930      26.337     524.510      27.293     175.642     321.575      35.848      52.078     349.204     366.999     295.625      71.100      20.378       0.000       1.612     628.006     306.411       0.000      63.821       2.095       0.000       0.000       0.000      35.848       0.000       0.000       6.670       0.000       0.000       0.000       0.682       0.005       5.367       0.000       0.000
    365    12    31  2021    304       0  rtu304               833.765      79.045      79.534       2.264       6.257     303.201      16.445     517.543      85.862     419.371      12.310       2.263      16.888     302.172     292.293     248.984      46.055      19.994       0.000       1.529     628.146     294.681       0.000       1.613       0.770       0.000       1.581       0.000       0.682       4.371       0.000       1.886       0.000       0.000       0.000      -0.378       0.766      16.560       0.000       0.000
    365    12    31  2021    305       0  rtu305               833.765      79.045      79.534       5.498       0.028     306.366      11.768     516.604      85.862     416.947      13.795       5.500      58.278     285.545     275.957     232.703      35.404      19.994       0.000       1.529     628.146     300.840       0.000       0.000       0.000       0.000       0.000       0.000       5.500       0.000       0.000       0.028       0.000       0.000       0.000      -0.367       3.137       3.453       0.000       0.000
    365    12    31  2021    306       0  rtu306               833.765      79.045      79.533     771.823       6.975    1544.213      26.065     521.208      85.862     419.128      16.218     771.823      19.738     368.374     367.050     269.325      49.351      19.994       0.000       1.529     628.145     765.415       0.000    1246.280      10.921       0.000       0.000       0.000     771.823       0.000       0.000       6.975       0.000       0.000       0.000      -0.050     421.442      18.461       0.000       0.000
    365    12    31  2021    307       0  rtu307               833.765      79.045      79.533      92.294       0.092     462.593      12.347     517.471      85.862     417.105      14.503      92.295      58.434     288.838     276.554     237.862      35.901      19.994       0.000       1.529     628.145     370.207       0.000     114.400      43.199       0.000      92.295       0.000       0.000       0.092       0.000       0.000       0.000       0.000       0.000      -0.471      55.876      11.387       0.000       0.000
    365    12    31  2021    308       0  rtu308               833.765      79.045      79.533     222.437       0.101     778.631      13.552     519.073      85.862     417.795      15.415     222.437      58.502     304.559     281.373     247.747      36.590      19.994       0.000       1.529     628.145     556.092       0.000     226.727     249.406       0.000       0.000       0.000     222.437       0.000       0.000       0.101       0.000       0.000       0.000      -0.888      53.492      12.506       0.000       0.000
    365    12    31  2021    309       0  rtu309               833.765      79.045      79.534       2.161       2.920     301.741      16.578     517.536      85.862     419.388      12.286       2.161      16.831     302.455     292.506     249.296      46.050      19.994       0.000       1.529     628.146     296.660       0.000       0.284       0.775       0.000       0.000       0.000       2.161       0.000       0.000       2.920       0.000       0.000       0.000      -0.381       0.676       7.727       0.000       0.000
    365    12    31  2021    310       0  rtu310               826.870      77.582      78.017      36.322       0.262     634.371      14.296     520.932      89.486     416.717      14.729      36.343      58.239     292.611     291.659     246.409      29.566      16.974       0.000       1.442     629.989     597.787       0.000     323.942      18.425       0.000       0.000       0.000      36.343       0.000       0.000       0.262       0.000       0.000       0.000      -0.037      26.356      16.195       0.000       0.000
    365    12    31  2021    311       0  rtu311               826.870      77.582      78.018      21.904       4.853     372.845      17.687     520.756      89.486     418.329      12.941      21.904      17.229     305.601     292.238     252.646      46.686      16.974       0.000       1.442     629.987     346.087       0.000      79.002       4.252       0.000       0.000       8.516      13.388       0.000       1.887       2.966       0.000       0.000       0.000      -0.512      19.106      12.845       0.000       0.000
    365    12    31  2021    312       0  rtu312               833.765      79.045      79.534       5.500       0.083     306.371      11.767     516.603      85.862     416.946      13.795       5.500      58.278     285.539     275.952     232.696      35.404      19.994       0.000       1.529     628.145     300.788       0.000       0.000       0.000       0.000       5.500       0.000       0.000       0.083       0.000       0.000       0.000       0.000       0.000      -0.367       0.915      10.235       0.000       0.000
    365    12    31  2021    313       0  rtu313               826.870      77.582      78.018       1.338       8.851     291.949      16.098     520.098      89.487     418.255      12.356       1.338      16.805     302.283     286.039     248.030      45.935      16.974       0.000       1.442     629.986     281.760       0.000       0.000       0.000       0.000       1.338       0.000       0.000       8.851       0.000       0.000       0.000       0.000       0.000      -0.622       0.150      23.426       0.000       0.000
    365    12    31  2021    314       0  rtu314               833.765      81.201      81.554      13.664       0.066     352.373       2.432     481.555      18.187     225.928     237.440      13.664      64.925     256.957     209.373     181.260      27.219      20.293       0.000       1.578     628.092     338.643       0.000       0.000       0.000       0.000       0.000       0.000      13.664       0.000       0.000       0.066       0.000       0.000       0.000      -1.824       0.001       1.001       0.000       0.000
