 Mini_CREATE               SWAT+ Jan 11 2024        MODULAR Rev 2024.61.0                                 
   jday   mon   day    yr   unit  gis_id  name                     lai       bioms       yield     residue     sol_tmp       strsw       strsa     strstmp       strsn       strsp       strss        nplt       percn       pplnt         tmx         tmn       tmpav     solarad      wndspd        rhum     phubas0     lai_max      bm_max     bm_grow       c_gro
                                                             m**2/m**2        kgha        kgha        kgha        degc         ---         ---         ---         ---         ---         ---        kgha        kgha        kgha        degc        degc        degc      mj/m^2         m/s        frac        degc   m**2/m**2       kg/ha       kg/ha       kg/ha
    366    12    31  2024      1       0  rtu001                 2.502   41990.031       0.000    1455.228       8.630       0.485     213.884     115.983      13.502       0.000       0.000     419.275      19.740       0.000      12.828       5.363       9.095      10.780       4.187       0.789       0.480       0.000       0.000       0.000       0.000
    366    12    31  2024      2       0  rtu002                 2.502   42376.688       0.000    1468.408       8.629       0.486     213.321     115.983      12.999       0.000       0.000     424.171      19.117       0.000      12.828       5.363       9.095      10.780       4.187       0.789       0.480       0.000       0.000       0.000       0.000
    366    12    31  2024      3       0  rtu003                 2.502   79514.562       0.000    2777.831       8.207       7.772       3.118     115.983      96.105       0.000       0.000     494.426       9.858       0.000      12.828       5.363       9.095      10.780       4.187       0.789       0.480       0.000       0.000       0.000       0.000
    366    12    31  2024      4       0  rtu004                 2.502   81375.562       0.000    2857.579       8.369       2.803      14.248     115.983      94.382       0.000       0.000     525.050       8.082       0.000      12.828       5.363       9.095      10.780       4.187       0.789       0.480       0.000       0.000       0.000       0.000
    366    12    31  2024      5       0  rtu005                 2.502   81321.352       0.000    2855.069       8.383       2.614      36.391     115.983      93.801       0.000       0.000     527.901      14.258       0.000      12.828       5.363       9.095      10.780       4.187       0.789       0.480       0.000       0.000       0.000       0.000
    366    12    31  2024      6       0  rtu006                 2.502   81399.438       0.000    2859.093       8.371       2.782      17.371     115.983      94.251       0.000       0.000     525.827       9.036       0.000      12.828       5.363       9.095      10.780       4.187       0.789       0.480       0.000       0.000       0.000       0.000
    366    12    31  2024      7       0  rtu007                 2.502   81319.180       0.000    2854.996       8.384       2.609      36.822     115.983      93.786       0.000       0.000     527.947      14.364       0.000      12.828       5.363       9.095      10.780       4.187       0.789       0.480       0.000       0.000       0.000       0.000
    366    12    31  2024      8       0  rtu008                 2.502   81372.398       0.000    2857.472       8.369       2.807      13.739     115.983      94.399       0.000       0.000     524.930       7.920       0.000      12.828       5.363       9.095      10.780       4.187       0.789       0.480       0.000       0.000       0.000       0.000
    366    12    31  2024      9       0  rtu009                 2.502   76672.445       0.000    2671.731       8.367       4.636      68.018     115.983     102.550       0.000       0.000     467.464      15.897       0.000      12.828       5.363       9.095      10.780       4.187       0.789       0.480       0.000       0.000       0.000       0.000
    366    12    31  2024     10       0  rtu010                 2.502   81318.969       0.000    2854.990       8.384       2.611      36.855     115.983      93.785       0.000       0.000     527.949      14.372       0.000      12.828       5.363       9.095      10.780       4.187       0.789       0.480       0.000       0.000       0.000       0.000
    366    12    31  2024     11       0  rtu011                 2.502   81319.320       0.000    2855.000       8.384       2.605      36.827     115.983      93.786       0.000       0.000     527.950      14.366       0.000      12.828       5.363       9.095      10.780       4.187       0.789       0.480       0.000       0.000       0.000       0.000
    366    12    31  2024     12       0  rtu012                 2.502   81317.070       0.000    2854.925       8.384       2.598      37.275     115.983      93.774       0.000       0.000     527.995      14.476       0.000      12.828       5.363       9.095      10.780       4.187       0.789       0.480       0.000       0.000       0.000       0.000
    366    12    31  2024     13       0  rtu013                 2.502   81320.273       0.000    2855.033       8.384       2.606      36.642     115.983      93.792       0.000       0.000     527.932      14.321       0.000      12.828       5.363       9.095      10.780       4.187       0.789       0.480       0.000       0.000       0.000       0.000
    366    12    31  2024     14       0  rtu014                 2.502   81319.844       0.000    2855.017       8.384       2.605      36.724     115.983      93.789       0.000       0.000     527.940      14.341       0.000      12.828       5.363       9.095      10.780       4.187       0.789       0.480       0.000       0.000       0.000       0.000
    366    12    31  2024     15       0  rtu015                 2.502   81321.633       0.000    2855.078       8.383       2.613      36.343     115.983      93.802       0.000       0.000     527.897      14.246       0.000      12.828       5.363       9.095      10.780       4.187       0.789       0.480       0.000       0.000       0.000       0.000
    366    12    31  2024     16       0  rtu016                 2.502   77980.859       0.000    2728.246       8.023      12.908       6.975     115.983      97.116       0.000       0.000     485.269      13.083       0.000      12.828       5.363       9.095      10.780       4.187       0.789       0.480       0.000       0.000       0.000       0.000
    366    12    31  2024     17       0  rtu017                 2.502   79690.648       0.000    2783.125       8.217       7.558       2.911     115.983      95.725       0.000       0.000     497.062       9.714       0.000      12.828       5.363       9.095      10.780       4.187       0.789       0.480       0.000       0.000       0.000       0.000
    366    12    31  2024     18       0  rtu018                 2.502   74847.359       0.000    2613.479       8.225       7.815      15.682     115.983     108.696       0.000       0.000     449.406      11.347       0.000      12.828       5.363       9.095      10.780       4.187       0.789       0.480       0.000       0.000       0.000       0.000
    366    12    31  2024     19       0  rtu019                 2.502   81153.586       0.000    2849.549       8.385       2.598      38.699     115.983      94.123       0.000       0.000     526.574      14.453       0.000      12.828       5.363       9.095      10.780       4.187       0.789       0.480       0.000       0.000       0.000       0.000
    366    12    31  2024     20       0  rtu020                 2.502   76722.375       0.000    2677.088       8.219       7.789      11.612     115.983     103.224       0.000       0.000     469.938      10.640       0.000      12.828       5.363       9.095      10.780       4.187       0.789       0.480       0.000       0.000       0.000       0.000
    366    12    31  2024     21       0  rtu021                 2.502   79547.711       0.000    2779.622       8.207       7.781       3.064     115.983      96.002       0.000       0.000     495.046       9.835       0.000      12.828       5.363       9.095      10.780       4.187       0.789       0.480       0.000       0.000       0.000       0.000
    366    12    31  2024     22       0  rtu022                 2.502   79548.172       0.000    2779.637       8.207       7.780       3.069     115.983      96.001       0.000       0.000     495.055       9.839       0.000      12.828       5.363       9.095      10.780       4.187       0.789       0.480       0.000       0.000       0.000       0.000
    366    12    31  2024     23       0  rtu023                 2.502  109785.906       0.000    3719.337       8.430       1.055      18.731     115.983       7.965       0.000       0.000    1491.818      52.068       0.000      12.828       5.363       9.095      10.780       4.187       0.789       0.480       0.000       0.000       0.000       0.000
    366    12    31  2024     24       0  rtu024                 2.502  109785.570       0.000    3719.325       8.430       1.054      18.777     115.983       7.966       0.000       0.000    1491.770      52.132       0.000      12.828       5.363       9.095      10.780       4.187       0.789       0.480       0.000       0.000       0.000       0.000
    366    12    31  2024     25       0  rtu025                 2.502   79543.398       0.000    2779.485       8.206       7.788       3.013     115.983      96.013       0.000       0.000     494.962       9.797       0.000      12.828       5.363       9.095      10.780       4.187       0.789       0.480       0.000       0.000       0.000       0.000
    366    12    31  2024     26       0  rtu026                 2.502   79545.141       0.000    2779.537       8.207       7.777       3.088     115.983      96.010       0.000       0.000     495.017       9.842       0.000      12.828       5.363       9.095      10.780       4.187       0.789       0.480       0.000       0.000       0.000       0.000
    366    12    31  2024     27       0  rtu027                 2.502   77477.938       0.000    2712.052       8.021      12.111       2.687     115.983      98.654       0.000       0.000     474.103      10.446       0.000      12.828       5.363       9.095      10.780       4.187       0.789       0.480       0.000       0.000       0.000       0.000
    366    12    31  2024     28       0  rtu028                 2.502   79541.977       0.000    2779.439       8.206       7.794       3.007     115.983      96.013       0.000       0.000     494.942       9.792       0.000      12.828       5.363       9.095      10.780       4.187       0.789       0.480       0.000       0.000       0.000       0.000
    366    12    31  2024     29       0  rtu029                 2.502   78698.406       0.000    2752.384       8.103      10.477       8.764     115.983      95.896       0.000       0.000     492.456       2.201       0.000      12.828       5.363       9.095      10.780       4.187       0.789       0.480       0.000       0.000       0.000       0.000
    366    12    31  2024     30       0  rtu030                 2.502   82199.312       0.000    2847.459       8.485       1.958      96.051     115.983      77.580       0.000       0.000     572.673       4.548       0.000      12.828       5.363       9.095      10.780       4.187       0.789       0.480       0.000       0.000       0.000       0.000
    366    12    31  2024     31       0  rtu031                 2.502   75904.477       0.000    2648.496       8.232       7.517      13.403     115.983     105.736       0.000       0.000     460.721      10.887       0.000      12.828       5.363       9.095      10.780       4.187       0.789       0.480       0.000       0.000       0.000       0.000
    366    12    31  2024     32       0  rtu032                 2.134   38976.035     294.707    2119.389       8.578       4.052     172.196     152.393       0.000       0.000       0.000      71.476      11.672       0.000      12.828       5.363       9.095      10.780       4.187       0.789       0.480       0.000       0.000       0.000       0.000
    366    12    31  2024     33       0  rtu033                 2.153   45829.477     351.406    2634.095       8.318       8.280       2.707     154.270       2.970       0.050       0.000      85.331       5.629       0.000      12.828       5.363       9.095      10.780       4.187       0.789       0.480       0.000       0.000       0.000       0.000
    366    12    31  2024     34       0  rtu034                 0.552   25671.969       0.000    1038.217       8.541       0.345       9.439     138.875      48.247       0.052       0.000      59.709       5.486       0.000      12.828       5.363       9.095      10.780       4.187       0.789       0.480       0.000       0.000       0.000       0.000
    366    12    31  2024     35       0  rtu035                 0.552   28546.627       0.000    1104.692       8.520       0.369       3.750     138.875      65.148       0.000       0.000     110.866       4.275       0.000      12.828       5.363       9.095      10.780       4.187       0.789       0.480       0.000       0.000       0.000       0.000
    366    12    31  2024     36       0  rtu036                 0.552   28547.949       0.000    1104.478       8.520       0.369       3.859     138.875      65.138       0.000       0.000     110.878       4.304       0.000      12.828       5.363       9.095      10.780       4.187       0.789       0.480       0.000       0.000       0.000       0.000
    366    12    31  2024     37       0  rtu037                 0.552   27352.773       0.000    1101.443       8.587       0.518      78.032     138.875      52.525       0.000       0.000      23.457       7.734       0.000      12.828       5.363       9.095      10.780       4.187       0.789       0.480       0.000       0.000       0.000       0.000
    366    12    31  2024     38       0  rtu038                 0.552   28547.818       0.000    1104.741       8.520       0.369       3.801     138.875      65.140       0.000       0.000     110.877       4.289       0.000      12.828       5.363       9.095      10.780       4.187       0.789       0.480       0.000       0.000       0.000       0.000
    366    12    31  2024     39       0  rtu039                 0.552   28546.811       0.000    1104.699       8.520       0.369       3.731     138.875      65.147       0.000       0.000     110.866       4.270       0.000      12.828       5.363       9.095      10.780       4.187       0.789       0.480       0.000       0.000       0.000       0.000
    366    12    31  2024     40       0  rtu040                 0.552   18185.002       0.000     656.490       8.629       0.239     233.840     138.875       0.397       0.000       0.000     103.668      11.937       0.000      12.828       5.363       9.095      10.780       4.187       0.789       0.480       0.000       0.000       0.000       0.000
    366    12    31  2024     41       0  rtu041                 0.552   28171.465       0.000    1088.289       8.513       0.409       1.689     138.875      65.234       0.050       0.000     115.150       4.551       0.000      12.828       5.363       9.095      10.780       4.187       0.789       0.480       0.000       0.000       0.000       0.000
    366    12    31  2024     42       0  rtu042                 0.552   26257.244       0.000    1071.895       8.574       0.631      55.277     138.875      51.341       0.049       0.000      42.480       7.306       0.000      12.828       5.363       9.095      10.780       4.187       0.789       0.480       0.000       0.000       0.000       0.000
    366    12    31  2024     43       0  rtu043                 1.107   41352.078       0.000    1195.554       8.161     102.093       0.000     161.912       0.000       0.000       0.000     119.479       0.000       0.000      12.828       5.363       9.095      10.780       4.187       0.789       0.480       0.000       0.000       0.000       0.000
    366    12    31  2024     44       0  rtu044                 1.689   88749.188       0.000    2962.529       8.192       4.270      48.423     161.912     111.239       0.000       0.000     147.047       6.380       0.000      12.828       5.363       9.095      10.780       4.187       0.789       0.480       0.000       0.000       0.000       0.000
    366    12    31  2024     45       0  rtu045                 1.104   41271.449       0.000    1188.767       8.195     103.722       0.000     161.912       0.000       0.000       0.000     119.269       0.000       0.000      12.828       5.363       9.095      10.780       4.187       0.789       0.480       0.000       0.000       0.000       0.000
    366    12    31  2024     46       0  rtu046                 1.105   41283.145       0.000    1195.399       8.151     101.787       0.000     161.912       0.000       0.000       0.000     119.361       0.000       0.000      12.828       5.363       9.095      10.780       4.187       0.789       0.480       0.000       0.000       0.000       0.000
    366    12    31  2024     47       0  rtu047                 1.108   41234.277       0.000    1188.414       8.202     103.855       0.000     161.912       0.000       0.000       0.000     118.960       0.000       0.000      12.828       5.363       9.095      10.780       4.187       0.789       0.480       0.000       0.000       0.000       0.000
    366    12    31  2024     48       0  rtu048                 1.121   40481.523       0.000    1156.792       8.296     104.779       0.000     161.912       0.000       0.000       0.000     115.620       0.000       0.000      12.828       5.363       9.095      10.780       4.187       0.789       0.480       0.000       0.000       0.000       0.000
    366    12    31  2024     49       0  rtu049                 1.135   41650.875       0.000    1231.562       8.216     109.021       0.000     161.912       0.000       0.000       0.000     119.535       0.000       0.000      12.828       5.363       9.095      10.780       4.187       0.789       0.480       0.000       0.000       0.000       0.000
    366    12    31  2024     50       0  rtu050                 1.135   41650.980       0.000    1231.565       8.216     109.021       0.000     161.912       0.000       0.000       0.000     119.536       0.000       0.000      12.828       5.363       9.095      10.780       4.187       0.789       0.480       0.000       0.000       0.000       0.000
    366    12    31  2024     51       0  rtu051                 1.135   41649.418       0.000    1231.517       8.216     109.020       0.000     161.912       0.000       0.000       0.000     119.525       0.000       0.000      12.828       5.363       9.095      10.780       4.187       0.789       0.480       0.000       0.000       0.000       0.000
    366    12    31  2024     52       0  rtu052                 1.141   41751.164       0.000    1235.866       8.210     101.740       0.000     161.912       0.000       0.000       0.000     120.044       0.000       0.000      12.828       5.363       9.095      10.780       4.187       0.789       0.480       0.000       0.000       0.000       0.000
    366    12    31  2024     53       0  rtu053                 1.528   56325.738       0.000    1775.662       7.989      66.252       0.000     161.912       0.000       0.000       0.000     183.183       0.000       0.000      12.828       5.363       9.095      10.780       4.187       0.789       0.480       0.000       0.000       0.000       0.000
    366    12    31  2024     54       0  rtu054                 1.135   41651.125       0.000    1231.570       8.216     109.021       0.000     161.912       0.000       0.000       0.000     119.537       0.000       0.000      12.828       5.363       9.095      10.780       4.187       0.789       0.480       0.000       0.000       0.000       0.000
    366    12    31  2024     55       0  rtu055                 0.307     569.016      33.030      18.502       8.614       0.000      55.636      62.627       0.000       0.144       0.000       6.180      10.830       0.000      12.828       5.363       9.095      10.780       4.187       0.789       0.480       0.000       0.000       0.000       0.000
    366    12    31  2024     56       0  rtu056                 0.309     647.679      64.432      20.156       8.663       0.000      26.458      62.624       0.000       0.138       0.000       7.099      24.246       0.000      12.828       5.363       9.095      10.780       4.187       0.789       0.480       0.000       0.000       0.000       0.000
    366    12    31  2024     57       0  rtu057                 0.316     371.945       0.000      12.296       8.638       0.000      62.502      62.695       0.000       0.311       0.000       3.909      16.684       0.000      12.828       5.363       9.095      10.780       4.187       0.789       0.480       0.000       0.000       0.000       0.000
    366    12    31  2024     58       0  rtu058                 0.287     573.835       0.000      18.063       8.624       0.000      59.410      62.758       0.000       0.164       0.000       6.340      11.336       0.000      12.828       5.363       9.095      10.780       4.187       0.789       0.480       0.000       0.000       0.000       0.000
    366    12    31  2024     59       0  rtu059                 0.354     368.365       0.000      12.138       8.638       0.000      62.404      62.624       0.000       0.313       0.000       3.919      17.088       0.000      12.828       5.363       9.095      10.780       4.187       0.789       0.480       0.000       0.000       0.000       0.000
    366    12    31  2024     60       0  rtu060                 0.307     638.827      35.026      20.462       8.617       0.000      52.633      62.790       0.000       0.147       0.000       7.244       8.131       0.000      12.828       5.363       9.095      10.780       4.187       0.789       0.480       0.000       0.000       0.000       0.000
    366    12    31  2024     61       0  rtu061                 0.232     749.123      32.809      22.903       8.529       0.000       3.398      62.594       0.000       0.064       0.000       9.753      20.758       0.000      12.828       5.363       9.095      10.780       4.187       0.789       0.480       0.000       0.000       0.000       0.000
    366    12    31  2024     62       0  rtu062                 0.276     625.663       0.000      19.156       8.627       0.000      54.717      62.661       0.052       0.122       0.000       8.130      22.666       0.000      12.828       5.363       9.095      10.780       4.187       0.789       0.480       0.000       0.000       0.000       0.000
    366    12    31  2024     63       0  rtu063                 0.233     673.680      32.192      20.796       8.601       0.000      35.080      62.643       0.000       0.083       0.000       8.793      21.808       0.000      12.828       5.363       9.095      10.780       4.187       0.789       0.480       0.000       0.000       0.000       0.000
    366    12    31  2024     64       0  rtu064                 0.250     655.960      65.836      20.551       8.658       0.000      10.373      62.593       0.000       0.153       0.000       7.590      14.200       0.000      12.828       5.363       9.095      10.780       4.187       0.789       0.480       0.000       0.000       0.000       0.000
    366    12    31  2024     65       0  rtu065                 0.196     746.505      33.096      22.568       8.658       0.000      11.439      62.504       0.000       0.064       0.000       9.641      14.957       0.000      12.828       5.363       9.095      10.780       4.187       0.789       0.480       0.000       0.000       0.000       0.000
    366    12    31  2024     66       0  rtu066                 0.350     657.689      66.909      20.722       8.654       0.000       8.533      62.659       0.000       0.106       0.000       7.910      12.852       0.000      12.828       5.363       9.095      10.780       4.187       0.789       0.480       0.000       0.000       0.000       0.000
    366    12    31  2024     67       0  rtu067                 0.349     682.486      64.317      21.852       8.521       0.000       0.853      62.798       0.000       0.130       0.000       8.662      14.073       0.000      12.828       5.363       9.095      10.780       4.187       0.789       0.480       0.000       0.000       0.000       0.000
    366    12    31  2024     68       0  rtu068                 0.270     757.726      38.135      23.228       8.661       0.000      26.549      62.506       0.000       0.065       0.000       9.098      24.543       0.000      12.828       5.363       9.095      10.780       4.187       0.789       0.480       0.000       0.000       0.000       0.000
    366    12    31  2024     69       0  rtu069                 0.253     702.640      65.195      21.586       8.664       0.000      27.533      62.607       0.000       0.065       0.000       3.773      24.620       0.000      12.828       5.363       9.095      10.780       4.187       0.789       0.480       0.000       0.000       0.000       0.000
    366    12    31  2024     70       0  rtu070                 0.279     656.196      65.488      20.802       8.663       0.000      27.184      62.685       0.000       0.076       0.000       7.243      24.523       0.000      12.828       5.363       9.095      10.780       4.187       0.789       0.480       0.000       0.000       0.000       0.000
    366    12    31  2024     71       0  rtu071                 0.243     749.938      65.100      22.788       8.663       0.000      27.604      62.673       0.000       0.042       0.000       4.007      24.708       0.000      12.828       5.363       9.095      10.780       4.187       0.789       0.480       0.000       0.000       0.000       0.000
    366    12    31  2024     72       0  rtu072                 0.291     638.459      65.474      20.348       8.664       0.000      27.403      62.706       0.000       0.173       0.000       6.949      24.440       0.000      12.828       5.363       9.095      10.780       4.187       0.789       0.480       0.000       0.000       0.000       0.000
    366    12    31  2024     73       0  rtu073                 0.257     176.787       0.000       5.758       8.660       0.000      65.492      62.625       0.000       0.390       0.000       1.187      19.023       0.000      12.828       5.363       9.095      10.780       4.187       0.789       0.480       0.000       0.000       0.000       0.000
    366    12    31  2024     74       0  rtu074                 0.321     498.163       0.000      15.822       8.639       0.000      62.741      62.761       0.000       0.193       0.000       5.281      16.816       0.000      12.828       5.363       9.095      10.780       4.187       0.789       0.480       0.000       0.000       0.000       0.000
    366    12    31  2024     75       0  rtu075                 0.206     281.080       0.000       9.415       8.642       0.000      62.949      62.516       0.000       0.339       0.000       2.897      17.313       0.000      12.828       5.363       9.095      10.780       4.187       0.789       0.480       0.000       0.000       0.000       0.000
    366    12    31  2024     76       0  rtu076                 0.235     714.318      65.131      22.228       8.530       0.000       2.879      62.670       0.000       0.023       0.000       4.162      20.781       0.000      12.828       5.363       9.095      10.780       4.187       0.789       0.480       0.000       0.000       0.000       0.000
    366    12    31  2024     77       0  rtu077                 0.311     780.002      36.078      24.301       8.519       0.000       2.354      62.622       0.000       0.060       0.000       9.996      17.507       0.000      12.828       5.363       9.095      10.780       4.187       0.789       0.480       0.000       0.000       0.000       0.000
    366    12    31  2024     78       0  rtu078                 0.273     663.246      64.186      21.051       8.523       0.000       2.493      62.643       0.000       0.151       0.000       7.955      17.324       0.000      12.828       5.363       9.095      10.780       4.187       0.789       0.480       0.000       0.000       0.000       0.000
    366    12    31  2024     79       0  rtu079                 0.224     723.182      31.996      22.283       8.532       0.000      11.652      62.491       0.000       0.069       0.000       9.684      17.222       0.000      12.828       5.363       9.095      10.780       4.187       0.789       0.480       0.000       0.000       0.000       0.000
    366    12    31  2024     80       0  rtu080                 0.264     726.748      65.792      22.307       8.521       0.000       2.071      62.520       0.000       0.020       0.000       5.466      17.369       0.000      12.828       5.363       9.095      10.780       4.187       0.789       0.480       0.000       0.000       0.000       0.000
    366    12    31  2024     81       0  rtu081                 0.232     707.282      32.046      21.600       8.525       0.000       5.236      62.455       0.000       0.075       0.000       9.428      17.488       0.000      12.828       5.363       9.095      10.780       4.187       0.789       0.480       0.000       0.000       0.000       0.000
    366    12    31  2024     82       0  rtu082                 0.360     674.423      64.140      20.774       8.526       0.000       4.905      62.783       0.000       0.119       0.000       9.594      16.811       0.000      12.828       5.363       9.095      10.780       4.187       0.789       0.480       0.000       0.000       0.000       0.000
    366    12    31  2024     83       0  rtu083                 0.228     702.667      64.802      21.661       8.523       0.000       3.225      62.740       0.000       0.022       0.000       5.279      17.481       0.000      12.828       5.363       9.095      10.780       4.187       0.789       0.480       0.000       0.000       0.000       0.000
    366    12    31  2024     84       0  rtu084                 0.232     751.385      32.614      23.073       8.523       0.000       2.193      62.547       0.000       0.063       0.000       9.977      17.595       0.000      12.828       5.363       9.095      10.780       4.187       0.789       0.480       0.000       0.000       0.000       0.000
    366    12    31  2024     85       0  rtu085                 0.227     697.957      64.645      21.428       8.524       0.000       2.113      62.586       0.000       0.063       0.000       5.186      17.500       0.000      12.828       5.363       9.095      10.780       4.187       0.789       0.480       0.000       0.000       0.000       0.000
    366    12    31  2024     86       0  rtu086                 0.296     292.484       0.000       9.619       8.649       0.000      63.511      62.602       0.000       0.317       0.000       3.534      23.790       0.000      12.828       5.363       9.095      10.780       4.187       0.789       0.480       0.000       0.000       0.000       0.000
    366    12    31  2024     87       0  rtu087                 0.291     683.945      66.005      21.040       8.666       0.000      31.874      62.752       0.000       0.072       0.000       3.763      24.729       0.000      12.828       5.363       9.095      10.780       4.187       0.789       0.480       0.000       0.000       0.000       0.000
    366    12    31  2024     88       0  rtu088                 0.283     688.769      64.012      21.120       8.537       0.000      13.664      62.594       0.000       0.075       0.000       9.003     131.310       0.000      12.828       5.363       9.095      10.780       4.187       0.789       0.480       0.000       0.000       0.000       0.000
    366    12    31  2024     89       0  rtu089                 0.240     700.710      64.750      21.582       8.524       0.000       2.552      62.554       0.000       0.114       0.000       5.389      17.527       0.000      12.828       5.363       9.095      10.780       4.187       0.789       0.480       0.000       0.000       0.000       0.000
    366    12    31  2024     90       0  rtu090                 0.213     747.331      32.853      22.804       8.523       0.000       2.563      62.499       0.000       0.114       0.000       9.706      17.557       0.000      12.828       5.363       9.095      10.780       4.187       0.789       0.480       0.000       0.000       0.000       0.000
    366    12    31  2024     91       0  rtu091                 0.292     735.281      65.119      22.472       8.538       0.000      13.686      62.675       0.000       0.021       0.000       4.186     131.984       0.000      12.828       5.363       9.095      10.780       4.187       0.789       0.480       0.000       0.000       0.000       0.000
    366    12    31  2024     92       0  rtu092                 0.346     656.563      33.433      20.860       8.614       0.000      45.054      62.757       0.000       0.084       0.000       8.078      21.727       0.000      12.828       5.363       9.095      10.780       4.187       0.789       0.480       0.000       0.000       0.000       0.000
    366    12    31  2024     93       0  rtu093                 0.282     707.183      64.073      21.732       8.519       0.000       2.865      62.658       0.000       0.025       0.000       9.385      17.175       0.000      12.828       5.363       9.095      10.780       4.187       0.789       0.480       0.000       0.000       0.000       0.000
    366    12    31  2024     94       0  rtu094                 0.374     684.411      64.566      21.322       8.534       0.000      13.497      62.711       0.000       0.113       0.000       9.009     131.141       0.000      12.828       5.363       9.095      10.780       4.187       0.789       0.480       0.000       0.000       0.000       0.000
    366    12    31  2024     95       0  rtu095                 0.322     698.526       0.000      21.499       8.621       0.000      55.272      62.792       0.000       0.069       0.000       8.699      13.903       0.000      12.828       5.363       9.095      10.780       4.187       0.789       0.480       0.000       0.000       0.000       0.000
    366    12    31  2024     96       0  rtu096                 0.232     669.283      32.732      20.193       8.544       0.000      24.562      62.556       0.000       0.044       0.000       8.223     130.198       0.000      12.828       5.363       9.095      10.780       4.187       0.789       0.480       0.000       0.000       0.000       0.000
    366    12    31  2024     97       0  rtu097                 0.273     661.679      64.815      20.175       8.537       0.000      13.202      62.612       0.000       0.107       0.000       7.768     129.281       0.000      12.828       5.363       9.095      10.780       4.187       0.789       0.480       0.000       0.000       0.000       0.000
    366    12    31  2024     98       0  rtu098                 0.314     699.254      33.855      21.861       8.616       0.000      51.938      62.673       0.000       0.055       0.000       8.129      12.108       0.000      12.828       5.363       9.095      10.780       4.187       0.789       0.480       0.000       0.000       0.000       0.000
    366    12    31  2024     99       0  rtu099                 0.297     710.793      65.726      21.879       8.596       0.000      33.647      62.650       0.000       0.064       0.000       4.923      20.648       0.000      12.828       5.363       9.095      10.780       4.187       0.789       0.480       0.000       0.000       0.000       0.000
    366    12    31  2024    100       0  rtu100                 0.367     702.556      32.433      21.996       8.594       0.000      33.947      62.779       0.000       0.077       0.000       9.022      21.739       0.000      12.828       5.363       9.095      10.780       4.187       0.789       0.480       0.000       0.000       0.000       0.000
    366    12    31  2024    101       0  rtu101                 0.252     687.157      64.688      21.254       8.524       0.000       2.373      62.535       0.000       0.065       0.000       5.309      17.475       0.000      12.828       5.363       9.095      10.780       4.187       0.789       0.480       0.000       0.000       0.000       0.000
    366    12    31  2024    102       0  rtu102                 0.182     790.268     882.183     649.277       8.569       0.508       1.720      26.768       0.000       0.001       0.000       0.000      41.558       0.000      12.828       5.363       9.095      10.780       4.187       0.789       0.480       0.000       0.000       0.000       0.000
    366    12    31  2024    103       0  rtu103                 0.182     790.392     886.121     651.632       8.484       0.478       0.000      27.032       0.000       0.000       0.000       0.000      29.808       0.000      12.828       5.363       9.095      10.780       4.187       0.789       0.480       0.000       0.000       0.000       0.000
    366    12    31  2024    104       0  rtu104                 0.242    1030.115    1343.328    1042.124       8.562       0.529       1.975      25.534       1.392       0.000       0.000       0.000      38.379       0.000      12.828       5.363       9.095      10.780       4.187       0.789       0.480       0.000       0.000       0.000       0.000
    366    12    31  2024    105       0  rtu105                 2.229     963.080    1977.623     761.761       8.428       0.098       2.365      25.881       5.054       0.001       0.000       0.000      32.398       0.000      12.828       5.363       9.095      10.780       4.187       0.789       0.480       0.000       0.000       0.000       0.000
    366    12    31  2024    106       0  rtu106                 0.267     699.739    1520.793     659.681       8.603       0.470      48.265      27.012       0.000       0.049       0.000       0.000      14.320       0.000      12.828       5.363       9.095      10.780       4.187       0.789       0.480       0.000       0.000       0.000       0.000
    366    12    31  2024    107       0  rtu107                 0.357     328.641    1035.330     436.021       8.638       0.130      90.489      27.171       0.691       0.576       0.000       0.000      34.388       0.000      12.828       5.363       9.095      10.780       4.187       0.789       0.480       0.000       0.000       0.000       0.000
    366    12    31  2024    108       0  rtu108                 0.364    1164.428    3540.843     570.503       8.549       8.575       0.076      28.164       8.064       0.002       0.000       0.000     215.644       0.000      12.828       5.363       9.095      10.780       4.187       0.789       0.480       0.000       0.000       0.000       0.000
    366    12    31  2024    109       0  rtu109                 0.986    1598.377    3786.054     590.800       8.386      13.949       0.752      59.797      28.113       1.319       0.000      12.165     122.434       0.000      12.828       5.363       9.095      10.780       4.187       0.789       0.480       0.000       0.000       0.000       0.000
    366    12    31  2024    110       0  rtu110                 0.369    1066.224    2295.894     999.047       8.301       2.622       0.807      62.626      12.049       0.000       0.000       0.000      24.375       0.000      12.828       5.363       9.095      10.780       4.187       0.789       0.480       0.000       0.000       0.000       0.000
    366    12    31  2024    111       0  rtu111                 0.479    1253.772    2375.156    1107.402       8.271       3.153       0.811      59.601      21.848       0.000       0.000       0.000      22.497       0.000      12.828       5.363       9.095      10.780       4.187       0.789       0.480       0.000       0.000       0.000       0.000
    366    12    31  2024    112       0  rtu112                 0.879     455.772    1602.788     169.333       8.629       3.257     133.785      59.909      15.896       0.221       0.000       0.000     198.839       0.000      12.828       5.363       9.095      10.780       4.187       0.789       0.480       0.000       0.000       0.000       0.000
    366    12    31  2024    113       0  rtu113                 1.012    1923.136    3660.503    1044.443       8.296       3.481       1.302      68.388      36.764       0.000       0.000       0.000      12.999       0.000      12.828       5.363       9.095      10.780       4.187       0.789       0.480       0.000       0.000       0.000       0.000
    366    12    31  2024    114       0  rtu114                 0.393    1403.714    5093.903     738.784       8.451       0.546       0.052      30.615       0.000       0.000       0.000       0.000     263.647       0.000      12.828       5.363       9.095      10.780       4.187       0.789       0.480       0.000       0.000       0.000       0.000
    366    12    31  2024    115       0  rtu115                 0.480    1417.101    3662.845    1072.892       8.440       0.921       8.347      47.177      16.309       0.001       0.000       0.000      23.253       0.000      12.828       5.363       9.095      10.780       4.187       0.789       0.480       0.000       0.000       0.000       0.000
    366    12    31  2024    116       0  rtu116                 0.620    1589.985    2946.614    1134.531       8.333       2.181       0.986      56.898      19.572       0.000       0.000       0.000      19.699       0.000      12.828       5.363       9.095      10.780       4.187       0.789       0.480       0.000       0.000       0.000       0.000
    366    12    31  2024    117       0  rtu117                 0.629    1788.208    3005.934    1241.566       8.327       2.319       0.780      53.000      25.327       0.000       0.000       0.000      18.158       0.000      12.828       5.363       9.095      10.780       4.187       0.789       0.480       0.000       0.000       0.000       0.000
    366    12    31  2024    118       0  rtu118                 0.656    1707.987    3057.158    1243.244       8.323       2.368       0.796      52.899      26.027       0.000       0.000       0.000      17.940       0.000      12.828       5.363       9.095      10.780       4.187       0.789       0.480       0.000       0.000       0.000       0.000
    366    12    31  2024    119       0  rtu119                 0.844    1377.962    3930.847     836.326       8.550       1.365      64.705      72.221      11.943       0.801       0.000      19.310      10.675       0.000      12.828       5.363       9.095      10.780       4.187       0.789       0.480       0.000       0.000       0.000       0.000
    366    12    31  2024    120       0  rtu120                 0.440    1417.026    3150.433    1376.192       8.480       0.038       7.618      64.474       5.769       0.000       0.000       0.000      77.296       0.000      12.828       5.363       9.095      10.780       4.187       0.789       0.480       0.000       0.000       0.000       0.000
    366    12    31  2024    121       0  rtu121                 0.533    1301.565    3695.061     617.522       8.537      10.690       8.619      39.983      14.191       0.002       0.000       0.000     223.264       0.000      12.828       5.363       9.095      10.780       4.187       0.789       0.480       0.000       0.000       0.000       0.000
    366    12    31  2024    122       0  rtu122                 1.030    1825.444    3659.208     490.886       8.369      15.237       1.587      70.401      35.888       0.000       0.000      41.164     124.568       0.000      12.828       5.363       9.095      10.780       4.187       0.789       0.480       0.000       0.000       0.000       0.000
    366    12    31  2024    123       0  rtu123                 0.650    1462.290    3228.952     781.023       8.425      14.149       0.290      37.598      12.443       0.000       0.000       0.000     114.265       0.000      12.828       5.363       9.095      10.780       4.187       0.789       0.480       0.000       0.000       0.000       0.000
    366    12    31  2024    124       0  rtu124                 1.028    1612.760    4133.178     609.921       8.381      16.816       0.694      58.712      27.001       1.403       0.000      10.431     112.170       0.000      12.828       5.363       9.095      10.780       4.187       0.789       0.480       0.000       0.000       0.000       0.000
    366    12    31  2024    125       0  rtu125                 0.494    1062.101    3522.963    1160.406       8.572       0.646      54.736      26.223       2.557       0.039       0.000       0.000      12.675       0.000      12.828       5.363       9.095      10.780       4.187       0.789       0.480       0.000       0.000       0.000       0.000
    366    12    31  2024    126       0  rtu126                 0.446    1368.284    2970.376    1269.116       8.391       0.631       0.397      46.676       9.378       0.007       0.000       4.332      17.916       0.000      12.828       5.363       9.095      10.780       4.187       0.789       0.480       0.000       0.000       0.000       0.000
    366    12    31  2024    127       0  rtu127                 0.421     825.869    2411.643    1001.517       8.599       0.410      72.884      25.800       1.523       0.050       0.000       0.000      16.097       0.000      12.828       5.363       9.095      10.780       4.187       0.789       0.480       0.000       0.000       0.000       0.000
    366    12    31  2024    128       0  rtu128                 0.657    1839.531    3664.036    1483.073       8.466       1.121      16.403      36.042      22.055       0.000       0.000       0.000       6.625       0.000      12.828       5.363       9.095      10.780       4.187       0.789       0.480       0.000       0.000       0.000       0.000
    366    12    31  2024    129       0  rtu129                 0.484     487.634    1628.849     649.526       8.621       0.217      92.935      23.598       0.178       0.129       0.000       0.000      50.348       0.000      12.828       5.363       9.095      10.780       4.187       0.789       0.480       0.000       0.000       0.000       0.000
    366    12    31  2024    130       0  rtu130                 0.525    1899.974    3820.247    1843.817       8.343       1.094       1.287      42.958      13.444       0.000       0.000       0.000      17.057       0.000      12.828       5.363       9.095      10.780       4.187       0.789       0.480       0.000       0.000       0.000       0.000
    366    12    31  2024    131       0  rtu131                 0.580    1624.748    3588.545    1391.442       8.413       1.485      15.374      45.678      16.484       0.000       0.000       0.000      21.364       0.000      12.828       5.363       9.095      10.780       4.187       0.789       0.480       0.000       0.000       0.000       0.000
    366    12    31  2024    132       0  rtu132                 0.925     443.999    1427.987     427.268       8.622       0.748     140.043      47.969       0.922       0.239       0.000      33.881      56.218       0.000      12.828       5.363       9.095      10.780       4.187       0.789       0.480       0.000       0.000       0.000       0.000
    366    12    31  2024    133       0  rtu133                 0.470    1392.149    5991.989     278.438       8.437       9.209       0.000      32.335       1.727       0.000       0.000       0.000     414.505       0.000      12.828       5.363       9.095      10.780       4.187       0.789       0.480       0.000       0.000       0.000       0.000
    366    12    31  2024    134       0  rtu134                 1.008    1340.123    3418.489     461.981       8.526      14.595      97.221      85.657      12.992       0.000       0.000      11.672      87.480       0.000      12.828       5.363       9.095      10.780       4.187       0.789       0.480       0.000       0.000       0.000       0.000
    366    12    31  2024    135       0  rtu135                 0.470    2776.690     692.835    2492.919       8.266       2.688       0.118      39.804       0.129       0.000       0.000       0.000      92.258       0.000      12.828       5.363       9.095      10.780       4.187       0.789       0.480       0.000       0.000       0.000       0.000
    366    12    31  2024    136       0  rtu136                 2.333    2522.471    2304.261    1537.686       8.452       0.029      12.908      34.630       0.646       0.002       0.000       0.000     170.607       0.000      12.828       5.363       9.095      10.780       4.187       0.789       0.480       0.000       0.000       0.000       0.000
    366    12    31  2024    137       0  rtu137                 2.194    1615.946    2819.864     698.781       8.317       0.243       0.648      24.703       8.433       0.000       0.000       0.000      37.981       0.000      12.828       5.363       9.095      10.780       4.187       0.789       0.480       0.000       0.000       0.000       0.000
    366    12    31  2024    138       0  rtu138                 2.536      98.736     382.722      42.445       8.618       0.123     147.906      38.587       3.634       1.411       0.000       0.000      47.909       0.000      12.828       5.363       9.095      10.780       4.187       0.789       0.480       0.000       0.000       0.000       0.000
    366    12    31  2024    139       0  rtu139                 2.205    1400.982    2671.450     535.040       8.472       0.151       7.273      24.883      15.329       0.001       0.000       0.000      38.372       0.000      12.828       5.363       9.095      10.780       4.187       0.789       0.480       0.000       0.000       0.000       0.000
    366    12    31  2024    140       0  rtu140                 2.185    1410.079    2646.603     551.307       8.245       0.294       0.337      24.357      17.061       0.000       0.000       0.000      31.510       0.000      12.828       5.363       9.095      10.780       4.187       0.789       0.480       0.000       0.000       0.000       0.000
    366    12    31  2024    141       0  rtu141                 0.402    1250.503    1884.033    1135.357       8.495       0.411       0.732      39.011      16.583       0.050       0.000       6.126      22.790       0.000      12.828       5.363       9.095      10.780       4.187       0.789       0.480       0.000       0.000       0.000       0.000
    366    12    31  2024    142       0  rtu142                 0.869    1995.018    3654.174    1148.788       8.286       1.252       0.660      42.857      39.782       0.009       0.000      14.232      12.866       0.000      12.828       5.363       9.095      10.780       4.187       0.789       0.480       0.000       0.000       0.000       0.000
    366    12    31  2024    143       0  rtu143                 0.346    1234.952    1925.956    1107.488       8.494       0.457       0.845      40.638      12.015       0.050       0.000      19.017      26.205       0.000      12.828       5.363       9.095      10.780       4.187       0.789       0.480       0.000       0.000       0.000       0.000
    366    12    31  2024    144       0  rtu144                 0.425    1283.109    1836.366    1098.258       8.518       1.322      11.063      41.060      18.891       0.000       0.000       0.000      28.817       0.000      12.828       5.363       9.095      10.780       4.187       0.789       0.480       0.000       0.000       0.000       0.000
    366    12    31  2024    145       0  rtu145                 0.417    1406.164    2523.656    1136.131       8.422       0.992       2.089      59.942      22.076       0.000       0.000       0.000      20.430       0.000      12.828       5.363       9.095      10.780       4.187       0.789       0.480       0.000       0.000       0.000       0.000
    366    12    31  2024    146       0  rtu146                 0.789    1830.141    2911.344    1109.551       8.410       1.859      15.784      42.683      30.947       0.024       0.000      16.866      25.266       0.000      12.828       5.363       9.095      10.780       4.187       0.789       0.480       0.000       0.000       0.000       0.000
    366    12    31  2024    147       0  rtu147                 0.491    1675.367    3180.622    1523.928       8.513       0.723      14.182      40.103      19.611       0.051       0.000      16.683      24.347       0.000      12.828       5.363       9.095      10.780       4.187       0.789       0.480       0.000       0.000       0.000       0.000
    366    12    31  2024    148       0  rtu148                 1.261    1295.996    3308.486     532.692       8.569       1.815     109.268      92.377      24.486       1.594       0.000       0.000      11.321       0.000      12.828       5.363       9.095      10.780       4.187       0.789       0.480       0.000       0.000       0.000       0.000
    366    12    31  2024    149       0  rtu149                 2.766    1421.091    3346.453     594.585       8.330       3.899       7.409      71.128     101.542       1.625       0.000      20.161       9.963       0.000      12.828       5.363       9.095      10.780       4.187       0.789       0.480       0.000       0.000       0.000       0.000
    366    12    31  2024    150       0  rtu150                 3.072    1804.668    3743.336     489.182       8.209       5.818       1.421      85.813      87.064       1.361       0.000      20.963      16.350       0.000      12.828       5.363       9.095      10.780       4.187       0.789       0.480       0.000       0.000       0.000       0.000
    366    12    31  2024    151       0  rtu151                 2.745    1351.162    3684.757     484.878       8.514      14.053      34.240      60.184      84.656       0.050       0.000      13.136     118.495       0.000      12.828       5.363       9.095      10.780       4.187       0.789       0.480       0.000       0.000       0.000       0.000
    366    12    31  2024    152       0  rtu152                 1.026    1583.156    4013.231     593.034       8.510      13.145      22.508      67.296      21.740       0.444       0.000       0.000     145.916       0.000      12.828       5.363       9.095      10.780       4.187       0.789       0.480       0.000       0.000       0.000       0.000
    366    12    31  2024    153       0  rtu153                 1.233     619.128    1586.844     111.188       8.614       6.457     156.178      85.986      18.304       0.082       0.000      12.482     220.994       0.000      12.828       5.363       9.095      10.780       4.187       0.789       0.480       0.000       0.000       0.000       0.000
    366    12    31  2024    154       0  rtu154                 1.286     669.515    1648.392     107.602       8.615       6.669     158.526      91.319      15.584       0.269       0.000      12.989     221.782       0.000      12.828       5.363       9.095      10.780       4.187       0.789       0.480       0.000       0.000       0.000       0.000
    366    12    31  2024    155       0  rtu155                 1.064    1014.311    2181.348     544.829       8.584       0.625     129.140      84.638      12.658       0.799       0.000       0.000      21.162       0.000      12.828       5.363       9.095      10.780       4.187       0.789       0.480       0.000       0.000       0.000       0.000
    366    12    31  2024    156       0  rtu156                 1.209    2173.487    4446.534     954.849       8.233       2.675       4.345      73.605      43.374       0.000       0.000      18.612      20.584       0.000      12.828       5.363       9.095      10.780       4.187       0.789       0.480       0.000       0.000       0.000       0.000
    366    12    31  2024    157       0  rtu157                 0.780    1529.619    4493.274     633.222       8.480      14.366      19.332      83.743      18.822       0.005       0.000      12.730     272.224       0.000      12.828       5.363       9.095      10.780       4.187       0.789       0.480       0.000       0.000       0.000       0.000
    366    12    31  2024    158       0  rtu158                 1.392    2162.994    4186.667     574.125       8.433      18.148      15.764      83.425      49.576       0.051       0.000      41.158     131.121       0.000      12.828       5.363       9.095      10.780       4.187       0.789       0.480       0.000       0.000       0.000       0.000
    366    12    31  2024    159       0  rtu159                 1.139    1570.468    2801.804    1151.260       8.550       1.157     111.717      72.480      15.812       0.006       0.000       0.000      16.647       0.000      12.828       5.363       9.095      10.780       4.187       0.789       0.480       0.000       0.000       0.000       0.000
    366    12    31  2024    160       0  rtu160                 0.421    1754.415    3232.321    1125.450       8.507      11.737       0.416      28.810       3.614       0.005       0.000       0.000     264.371       0.000      12.828       5.363       9.095      10.780       4.187       0.789       0.480       0.000       0.000       0.000       0.000
    366    12    31  2024    161       0  rtu161                 0.688    2552.555    9306.287    1026.019       8.353       0.893       0.778      42.549       4.019       0.004       0.000       0.000     450.240       0.000      12.828       5.363       9.095      10.780       4.187       0.789       0.480       0.000       0.000       0.000       0.000
    366    12    31  2024    162       0  rtu162                 3.140    1821.603    4067.548     771.893       8.489       9.902      29.943      74.017      75.188       0.402       0.000       0.000     141.421       0.000      12.828       5.363       9.095      10.780       4.187       0.789       0.480       0.000       0.000       0.000       0.000
    366    12    31  2024    163       0  rtu163                 0.266     676.025      66.484      21.213       8.523       0.000       2.739      62.590       0.000       0.105       0.000       8.121      17.256       0.000      12.828       5.363       9.095      10.780       4.187       0.789       0.480       0.000       0.000       0.000       0.000
    366    12    31  2024    164       0  rtu164                 0.270     762.289      38.323      22.910       8.538       0.000      13.405      62.506       0.000       0.064       0.000       9.673     129.533       0.000      12.828       5.363       9.095      10.780       4.187       0.789       0.480       0.000       0.000       0.000       0.000
    366    12    31  2024    165       0  rtu165                 0.229     724.790      32.997      21.936       8.578       0.000      29.804      62.650       0.000       0.068       0.000       9.176      21.212       0.000      12.828       5.363       9.095      10.780       4.187       0.789       0.480       0.000       0.000       0.000       0.000
    366    12    31  2024    166       0  rtu166                 0.289     721.664      34.965      22.165       8.531       0.000      10.905      62.648       0.000       0.076       0.000       9.823      17.122       0.000      12.828       5.363       9.095      10.780       4.187       0.789       0.480       0.000       0.000       0.000       0.000
    366    12    31  2024    167       0  rtu167                 0.374     699.830      69.788      22.283       8.523       0.000       4.567      62.871       0.000       0.066       0.000       9.260      16.979       0.000      12.828       5.363       9.095      10.780       4.187       0.789       0.480       0.000       0.000       0.000       0.000
    366    12    31  2024    168       0  rtu168                 0.285     740.543      65.054      22.928       8.569       0.000       4.948      62.618       0.000       0.037       0.000       5.155      21.194       0.000      12.828       5.363       9.095      10.780       4.187       0.789       0.480       0.000       0.000       0.000       0.000
    366    12    31  2024    169       0  rtu169                 0.216     743.305      33.119      22.577       8.575       0.000       9.975      62.729       0.000       0.066       0.000       9.814      21.168       0.000      12.828       5.363       9.095      10.780       4.187       0.789       0.480       0.000       0.000       0.000       0.000
    366    12    31  2024    170       0  rtu170                 0.285     667.184      65.072      20.813       8.522       0.000       2.095      62.643       0.000       0.089       0.000       8.836      17.185       0.000      12.828       5.363       9.095      10.780       4.187       0.789       0.480       0.000       0.000       0.000       0.000
    366    12    31  2024    171       0  rtu171                 2.200     956.734    2154.145     640.780       8.253       0.310       0.102      19.947      26.251       0.003       0.000       0.000       8.596       0.000      12.828       5.363       9.095      10.780       4.187       0.789       0.480       0.000       0.000       0.000       0.000
    366    12    31  2024    172       0  rtu172                 2.428    1052.449    2495.276     514.864       8.242       0.385       0.776      31.261      40.228       0.003       0.000       0.000       6.871       0.000      12.828       5.363       9.095      10.780       4.187       0.789       0.480       0.000       0.000       0.000       0.000
    366    12    31  2024    173       0  rtu173                 2.162     983.288    2652.969     607.208       8.076      13.023       0.192      28.662     119.897       0.003       0.000       0.000       8.430       0.000      12.828       5.363       9.095      10.780       4.187       0.789       0.480       0.000       0.000       0.000       0.000
    366    12    31  2024    174       0  rtu174                 2.309    2294.285    5141.175    1749.127       8.295       5.093       0.081      28.564      45.893       0.000       0.000       0.000      33.739       0.000      12.828       5.363       9.095      10.780       4.187       0.789       0.480       0.000       0.000       0.000       0.000
    366    12    31  2024    175       0  rtu175                 3.192    2182.846    4929.534     585.761       8.406       9.657       3.490      70.027      75.495       0.050       0.000      11.348     110.607       0.000      12.828       5.363       9.095      10.780       4.187       0.789       0.480       0.000       0.000       0.000       0.000
    366    12    31  2024    176       0  rtu176                 2.849    1804.206    4681.433    1016.220       8.446       6.813       3.321      49.366      63.521       0.003       0.000       0.000     134.944       0.000      12.828       5.363       9.095      10.780       4.187       0.789       0.480       0.000       0.000       0.000       0.000
    366    12    31  2024    177       0  rtu177                 0.227     702.156      64.997      21.474       8.571       0.000       4.943      62.636       0.000       0.063       0.000       5.327      21.198       0.000      12.828       5.363       9.095      10.780       4.187       0.789       0.480       0.000       0.000       0.000       0.000
    366    12    31  2024    178       0  rtu178                 0.259     666.014      68.165      21.114       8.571       0.000       4.924      62.570       0.000       0.147       0.000       8.033      21.013       0.000      12.828       5.363       9.095      10.780       4.187       0.789       0.480       0.000       0.000       0.000       0.000
    366    12    31  2024    179       0  rtu179                 0.335     713.143      71.001      22.121       8.538       0.000      13.544      62.799       0.000       0.095       0.000       9.149     130.750       0.000      12.828       5.363       9.095      10.780       4.187       0.789       0.480       0.000       0.000       0.000       0.000
    366    12    31  2024    180       0  rtu180                 2.384    1399.941    3628.971    1248.603       8.403       2.577       1.287      27.625      27.125       0.000       0.000       0.000      43.091       0.000      12.828       5.363       9.095      10.780       4.187       0.789       0.480       0.000       0.000       0.000       0.000
    366    12    31  2024    181       0  rtu181                 1.017    1726.125    4323.286     590.918       8.399      15.485       1.880      62.275      25.041       0.251       0.000      12.757     120.030       0.000      12.828       5.363       9.095      10.780       4.187       0.789       0.480       0.000       0.000       0.000       0.000
    366    12    31  2024    182       0  rtu182                 1.088    1914.801    4520.428     580.355       8.421      14.488       0.582      62.256      26.054       1.258       0.000      16.809     115.761       0.000      12.828       5.363       9.095      10.780       4.187       0.789       0.480       0.000       0.000       0.000       0.000
    366    12    31  2024    183       0  rtu183                 1.242    2363.474    5474.204     979.943       8.195       2.870       0.896      67.215      43.910       0.349       0.000      23.261      16.814       0.000      12.828       5.363       9.095      10.780       4.187       0.789       0.480       0.000       0.000       0.000       0.000
    366    12    31  2024    184       0  rtu184                 1.154    1887.991    4364.132     872.078       8.478       1.570      56.462      80.946      21.822       0.535       0.000       0.000       4.141       0.000      12.828       5.363       9.095      10.780       4.187       0.789       0.480       0.000       0.000       0.000       0.000
    366    12    31  2024    185       0  rtu185                 1.429    2227.409    5211.458     788.052       8.353       4.192      22.690      79.606      36.583       2.512       0.000       0.000      18.614       0.000      12.828       5.363       9.095      10.780       4.187       0.789       0.480       0.000       0.000       0.000       0.000
    366    12    31  2024    186       0  rtu186                 0.332     999.206    1522.403    1225.071       8.635       0.593      61.687      21.229       2.370       0.062       0.000       0.000      13.974       0.000      12.828       5.363       9.095      10.780       4.187       0.789       0.480       0.000       0.000       0.000       0.000
    366    12    31  2024    187       0  rtu187                 0.362     462.514     827.991     652.271       8.646       0.257      97.561      24.434       0.108       0.660       0.000       0.000      38.514       0.000      12.828       5.363       9.095      10.780       4.187       0.789       0.480       0.000       0.000       0.000       0.000
    366    12    31  2024    188       0  rtu188                 0.411    1161.825    3237.470    1116.994       8.555       0.679      46.225      27.481       3.694       0.093       0.000       0.000       8.891       0.000      12.828       5.363       9.095      10.780       4.187       0.789       0.480       0.000       0.000       0.000       0.000
    366    12    31  2024    189       0  rtu189                 0.448    1324.191    2895.123    1355.531       8.582       0.669      47.056      21.260       6.625       0.008       0.000       0.000       9.698       0.000      12.828       5.363       9.095      10.780       4.187       0.789       0.480       0.000       0.000       0.000       0.000
    366    12    31  2024    190       0  rtu190                 0.501    2365.097    1925.436    2069.588       8.551       0.565       7.962      51.205       6.788       0.052       0.000       7.172      75.923       0.000      12.828       5.363       9.095      10.780       4.187       0.789       0.480       0.000       0.000       0.000       0.000
    366    12    31  2024    191       0  rtu191                 0.905    1079.949    1800.361     435.378       8.595       0.566     103.710      68.998      13.893       1.078       0.000       0.000      13.001       0.000      12.828       5.363       9.095      10.780       4.187       0.789       0.480       0.000       0.000       0.000       0.000
    366    12    31  2024    192       0  rtu192                 1.177    1438.126    2549.297     747.444       8.572       2.032     111.745      80.148      17.995       1.011       0.000       0.000      12.840       0.000      12.828       5.363       9.095      10.780       4.187       0.789       0.480       0.000       0.000       0.000       0.000
    366    12    31  2024    193       0  rtu193                 2.308    1568.440    2630.179    1581.155       8.447       3.448      13.821      25.135      61.327       0.001       0.000       0.000      22.190       0.000      12.828       5.363       9.095      10.780       4.187       0.789       0.480       0.000       0.000       0.000       0.000
    366    12    31  2024    194       0  rtu194                 0.356    1574.077    2253.474    1751.104       8.534       0.627       2.251      21.892       2.684       0.000       0.000       0.000      33.908       0.000      12.828       5.363       9.095      10.780       4.187       0.789       0.480       0.000       0.000       0.000       0.000
    366    12    31  2024    195       0  rtu195                 0.482     601.475    1403.183     750.760       8.636       0.327      95.596      21.727       0.212       0.198       0.000       0.000      56.168       0.000      12.828       5.363       9.095      10.780       4.187       0.789       0.480       0.000       0.000       0.000       0.000
    366    12    31  2024    196       0  rtu196                 0.474    1703.291    3065.947    1975.615       8.586       0.892      49.095      23.679       2.842       0.005       0.000       0.000      10.097       0.000      12.828       5.363       9.095      10.780       4.187       0.789       0.480       0.000       0.000       0.000       0.000
    366    12    31  2024    197       0  rtu197                 0.480    2241.369    3369.715    2684.817       8.457       0.331       0.260      20.932       0.620       0.000       0.000       0.000      91.452       0.000      12.828       5.363       9.095      10.780       4.187       0.789       0.480       0.000       0.000       0.000       0.000
    366    12    31  2024    198       0  rtu198                 0.661    2355.782    3649.213    2176.024       8.300       1.345       0.469      30.707      19.824       0.000       0.000       0.000      14.810       0.000      12.828       5.363       9.095      10.780       4.187       0.789       0.480       0.000       0.000       0.000       0.000
    366    12    31  2024    199       0  rtu199                 0.750     418.595     769.574     473.555       8.650       0.530     127.977      32.241       1.685       0.290       0.000      15.360      77.325       0.000      12.828       5.363       9.095      10.780       4.187       0.789       0.480       0.000       0.000       0.000       0.000
    366    12    31  2024    200       0  rtu200                 0.743     675.365    1300.332     823.866       8.635       0.925     116.182      31.704       3.098       0.176       0.000      20.578      62.171       0.000      12.828       5.363       9.095      10.780       4.187       0.789       0.480       0.000       0.000       0.000       0.000
    366    12    31  2024    201       0  rtu201                 0.658    1557.526    3824.902     906.733       8.423      14.391       1.184      56.870      15.814       0.000       0.000       0.000     119.275       0.000      12.828       5.363       9.095      10.780       4.187       0.789       0.480       0.000       0.000       0.000       0.000
    366    12    31  2024    202       0  rtu202                 0.524    1692.784    3422.628    1527.996       8.524       1.096      30.875      66.304      12.479       0.001       0.000       0.000       8.335       0.000      12.828       5.363       9.095      10.780       4.187       0.789       0.480       0.000       0.000       0.000       0.000
    366    12    31  2024    203       0  rtu203                 0.877    2011.421    4277.229    1278.655       8.265       2.427       1.026      66.637      24.204       1.436       0.000       0.000      13.038       0.000      12.828       5.363       9.095      10.780       4.187       0.789       0.480       0.000       0.000       0.000       0.000
    366    12    31  2024    204       0  rtu204                 0.665    1715.827    3536.066    1559.767       8.571       0.974      81.844      65.342       6.787       0.108       0.000       5.147       9.411       0.000      12.828       5.363       9.095      10.780       4.187       0.789       0.480       0.000       0.000       0.000       0.000
    366    12    31  2024    205       0  rtu205                 2.869    1810.980    3059.690    1048.576       8.293       3.100       0.495      63.342      73.381       0.000       0.000       0.000      22.034       0.000      12.828       5.363       9.095      10.780       4.187       0.789       0.480       0.000       0.000       0.000       0.000
    366    12    31  2024    206       0  rtu206                 2.888    1560.322    2451.821    1019.943       8.464       1.353      40.160      63.671      77.198       0.001       0.000       0.000      35.290       0.000      12.828       5.363       9.095      10.780       4.187       0.789       0.480       0.000       0.000       0.000       0.000
    366    12    31  2024    207       0  rtu207                 1.073    1967.717    4085.471     889.837       8.395      18.874       3.527      59.331      42.243       0.046       0.000      38.489     123.505       0.000      12.828       5.363       9.095      10.780       4.187       0.789       0.480       0.000       0.000       0.000       0.000
    366    12    31  2024    208       0  rtu208                 0.400    1350.186    2508.769    1069.213       8.454       0.435       1.176      60.219      16.649       0.100       0.000       6.126      23.130       0.000      12.828       5.363       9.095      10.780       4.187       0.789       0.480       0.000       0.000       0.000       0.000
    366    12    31  2024    209       0  rtu209                 0.500    1428.201    2677.172    1027.668       8.501       0.741      27.121      67.974      14.895       0.067       0.000       3.107      35.107       0.000      12.828       5.363       9.095      10.780       4.187       0.789       0.480       0.000       0.000       0.000       0.000
    366    12    31  2024    210       0  rtu210                 0.438    1309.989    3256.515    1198.195       8.507       0.693      29.293      68.374      15.509       0.001       0.000       0.000      29.448       0.000      12.828       5.363       9.095      10.780       4.187       0.789       0.480       0.000       0.000       0.000       0.000
    366    12    31  2024    211       0  rtu211                 0.564    1517.160    3705.480    1374.327       8.441       0.892      13.041      45.338      17.170       0.005       0.000       0.000      22.079       0.000      12.828       5.363       9.095      10.780       4.187       0.789       0.480       0.000       0.000       0.000       0.000
    366    12    31  2024    212       0  rtu212                 0.475    2129.481    2858.080    2104.982       8.181       3.624       0.114      48.012       4.108       0.000       0.000       0.000      29.708       0.000      12.828       5.363       9.095      10.780       4.187       0.789       0.480       0.000       0.000       0.000       0.000
    366    12    31  2024    213       0  rtu213                 0.891     696.872    1751.095     616.933       8.604       0.731     147.842      66.078       1.292       0.174       0.000      12.969      49.631       0.000      12.828       5.363       9.095      10.780       4.187       0.789       0.480       0.000       0.000       0.000       0.000
    366    12    31  2024    214       0  rtu214                 0.648    1494.841    3435.679    1213.126       8.438       1.129      22.595      84.169      27.949       0.000       0.000       0.000      23.706       0.000      12.828       5.363       9.095      10.780       4.187       0.789       0.480       0.000       0.000       0.000       0.000
    366    12    31  2024    215       0  rtu215                 0.755    1572.578    3402.763    1201.241       8.416       1.591      22.946      84.115      30.821       0.000       0.000       0.000      22.928       0.000      12.828       5.363       9.095      10.780       4.187       0.789       0.480       0.000       0.000       0.000       0.000
    366    12    31  2024    216       0  rtu216                 0.592    1758.421    5176.244    1132.094       8.446       0.814      12.023      69.553      13.445       0.000       0.000       0.000     132.930       0.000      12.828       5.363       9.095      10.780       4.187       0.789       0.480       0.000       0.000       0.000       0.000
    366    12    31  2024    217       0  rtu217                 0.713    1875.692    3868.980    1372.676       8.413       1.313      19.641      87.599      25.032       0.105       0.000       5.740      23.505       0.000      12.828       5.363       9.095      10.780       4.187       0.789       0.480       0.000       0.000       0.000       0.000
    366    12    31  2024    218       0  rtu218                 0.932    1985.896    4565.389    1343.843       8.340       1.400      13.256      77.694      28.895       0.001       0.000       0.000      24.304       0.000      12.828       5.363       9.095      10.780       4.187       0.789       0.480       0.000       0.000       0.000       0.000
    366    12    31  2024    219       0  rtu219                 0.631    1669.707    3492.906    1221.928       8.388       1.293      17.003      58.094      21.820       0.000       0.000       0.000      23.829       0.000      12.828       5.363       9.095      10.780       4.187       0.789       0.480       0.000       0.000       0.000       0.000
    366    12    31  2024    220       0  rtu220                 1.073     723.606    1916.208     594.193       8.595       0.409     143.437      62.126       2.906       0.228       0.000       0.000      44.511       0.000      12.828       5.363       9.095      10.780       4.187       0.789       0.480       0.000       0.000       0.000       0.000
    366    12    31  2024    221       0  rtu221                 3.090    3081.311    7909.582     889.073       8.294       1.545      15.263      70.832      65.500       0.053       0.000      15.474      67.224       0.000      12.828       5.363       9.095      10.780       4.187       0.789       0.480       0.000       0.000       0.000       0.000
    366    12    31  2024    222       0  rtu222                 1.072    2013.916    5225.457     999.957       8.405       1.280      19.534      61.594      23.912       1.078       0.000       0.000      29.515       0.000      12.828       5.363       9.095      10.780       4.187       0.789       0.480       0.000       0.000       0.000       0.000
    366    12    31  2024    223       0  rtu223                 0.578    1528.210    3896.753     956.616       8.526      11.440       6.091      36.384      15.209       0.002       0.000       0.000     217.847       0.000      12.828       5.363       9.095      10.780       4.187       0.789       0.480       0.000       0.000       0.000       0.000
    366    12    31  2024    224       0  rtu224                 1.317    2272.443    4308.323     682.307       8.393      18.739       0.815      69.764      38.297       1.510       0.000      16.228     104.662       0.000      12.828       5.363       9.095      10.780       4.187       0.789       0.480       0.000       0.000       0.000       0.000
    366    12    31  2024    225       0  rtu225                 0.872    2070.602    5997.187    1002.716       8.120       2.895       4.387      70.831      28.825       0.000       0.000       0.000     127.243       0.000      12.828       5.363       9.095      10.780       4.187       0.789       0.480       0.000       0.000       0.000       0.000
    366    12    31  2024    226       0  rtu226                 0.823    2069.396    6253.539    1009.533       8.499       0.822      81.085      70.499       7.766       0.000       0.000       0.000      61.419       0.000      12.828       5.363       9.095      10.780       4.187       0.789       0.480       0.000       0.000       0.000       0.000
    366    12    31  2024    227       0  rtu227                 0.790    1961.927    3610.522    1352.996       8.143       4.539       3.523      73.820      35.150       0.000       0.000       0.000      21.070       0.000      12.828       5.363       9.095      10.780       4.187       0.789       0.480       0.000       0.000       0.000       0.000
    366    12    31  2024    228       0  rtu228                 1.358    2251.148    4366.807     512.997       8.438      20.824      30.850      79.929      47.136       0.209       0.000      10.425     114.263       0.000      12.828       5.363       9.095      10.780       4.187       0.789       0.480       0.000       0.000       0.000       0.000
    366    12    31  2024    229       0  rtu229                 1.029    1923.846    4036.887     668.633       8.364      18.518       1.250      59.819      34.476       0.000       0.000       0.000     120.675       0.000      12.828       5.363       9.095      10.780       4.187       0.789       0.480       0.000       0.000       0.000       0.000
    366    12    31  2024    230       0  rtu230                 1.527    2753.136    4604.397     846.991       7.894       9.250       1.678      90.744      61.986       0.580       0.000      12.383      16.634       0.000      12.828       5.363       9.095      10.780       4.187       0.789       0.480       0.000       0.000       0.000       0.000
    366    12    31  2024    231       0  rtu231                 0.935    1625.905    3458.513     682.783       8.494      18.103      17.655      62.397      27.950       0.401       0.000       0.000     121.143       0.000      12.828       5.363       9.095      10.780       4.187       0.789       0.480       0.000       0.000       0.000       0.000
    366    12    31  2024    232       0  rtu232                 1.187    2231.505    4702.914     920.894       8.201       3.873       1.284      70.619      41.612       0.722       0.000      11.346      18.938       0.000      12.828       5.363       9.095      10.780       4.187       0.789       0.480       0.000       0.000       0.000       0.000
    366    12    31  2024    233       0  rtu233                 1.274    2253.995    4929.795     959.710       8.195       3.968       1.090      70.396      45.075       1.585       0.000      11.346      15.817       0.000      12.828       5.363       9.095      10.780       4.187       0.789       0.480       0.000       0.000       0.000       0.000
    366    12    31  2024    234       0  rtu234                 1.086    1765.335    4713.782     410.295       8.424      16.742       0.865      63.484      23.248       1.202       0.000       0.000     219.071       0.000      12.828       5.363       9.095      10.780       4.187       0.789       0.480       0.000       0.000       0.000       0.000
    366    12    31  2024    235       0  rtu235                 1.123    1824.707    3584.716    1099.744       8.529       2.328      92.402      77.097      21.635       1.413       0.000       0.000       9.275       0.000      12.828       5.363       9.095      10.780       4.187       0.789       0.480       0.000       0.000       0.000       0.000
    366    12    31  2024    236       0  rtu236                 1.407    2097.347    4715.053     820.230       8.474       2.810     105.215     111.127      35.387       1.728       0.000      19.016       7.944       0.000      12.828       5.363       9.095      10.780       4.187       0.789       0.480       0.000       0.000       0.000       0.000
    366    12    31  2024    237       0  rtu237                 1.383    2293.244    4265.529     550.530       8.373      22.196       1.517      82.558      47.204       0.984       0.000      12.384     108.235       0.000      12.828       5.363       9.095      10.780       4.187       0.789       0.480       0.000       0.000       0.000       0.000
    366    12    31  2024    238       0  rtu238                 1.375    2228.397    4137.202    1040.381       8.485       1.600      87.685      85.117      26.933       0.400       0.000      19.961      11.074       0.000      12.828       5.363       9.095      10.780       4.187       0.789       0.480       0.000       0.000       0.000       0.000
    366    12    31  2024    239       0  rtu239                 2.502   78288.930       0.000    2740.468       8.014      13.137       5.227     115.983      95.930       0.000       0.000     490.143      12.542       0.000      12.828       5.363       9.095      10.780       4.187       0.789       0.480       0.000       0.000       0.000       0.000
    366    12    31  2024    240       0  rtu240                 2.502   79475.602       0.000    2795.567       8.387       2.326      24.364     115.983     100.608       0.000       0.000     496.305       8.450       0.000      12.828       5.363       9.095      10.780       4.187       0.789       0.480       0.000       0.000       0.000       0.000
    366    12    31  2024    241       0  rtu241                 2.502   80225.508       0.000    2818.989       8.394       2.324      44.422     115.983      97.257       0.000       0.000     509.862      15.693       0.000      12.828       5.363       9.095      10.780       4.187       0.789       0.480       0.000       0.000       0.000       0.000
    366    12    31  2024    242       0  rtu242                 2.502   80807.453       0.000    2838.494       8.386       2.598      41.048     115.983      95.349       0.000       0.000     520.459      15.019       0.000      12.828       5.363       9.095      10.780       4.187       0.789       0.480       0.000       0.000       0.000       0.000
    366    12    31  2024    243       0  rtu243                 2.502   78867.062       0.000    2759.932       8.011      13.162       3.748     115.983      94.355       0.000       0.000     495.773      12.375       0.000      12.828       5.363       9.095      10.780       4.187       0.789       0.480       0.000       0.000       0.000       0.000
    366    12    31  2024    244       0  rtu244                 2.502   81318.234       0.000    2854.964       8.384       2.606      36.996     115.983      93.781       0.000       0.000     527.964      14.407       0.000      12.828       5.363       9.095      10.780       4.187       0.789       0.480       0.000       0.000       0.000       0.000
    366    12    31  2024    245       0  rtu245                 2.502   81317.805       0.000    2854.953       8.383       2.610      36.397     115.983      93.811       0.000       0.000     527.854      14.245       0.000      12.828       5.363       9.095      10.780       4.187       0.789       0.480       0.000       0.000       0.000       0.000
    366    12    31  2024    246       0  rtu246                 0.552   24158.137       0.000     977.826       8.503       0.967       3.384     138.875      39.030       0.050       0.000      81.279       3.287       0.000      12.828       5.363       9.095      10.780       4.187       0.789       0.480       0.000       0.000       0.000       0.000
    366    12    31  2024    247       0  rtu247                 1.467    1601.382    3200.788     311.908       8.529      14.824     119.966      96.012      24.271       1.288       0.000      12.148      87.161       0.000      12.828       5.363       9.095      10.780       4.187       0.789       0.480       0.000       0.000       0.000       0.000
    366    12    31  2024    248       0  rtu248                 0.680     470.485    1491.704     313.391       8.617       4.916     111.964      38.847       1.720       0.240       0.000       0.000     132.386       0.000      12.828       5.363       9.095      10.780       4.187       0.789       0.480       0.000       0.000       0.000       0.000
    366    12    31  2024    249       0  rtu249                 0.636     469.753    1447.593     315.788       8.618       4.803     108.576      37.787       1.455       0.154       0.000       0.000     134.554       0.000      12.828       5.363       9.095      10.780       4.187       0.789       0.480       0.000       0.000       0.000       0.000
    366    12    31  2024    250       0  rtu250                 1.379    1556.496    2762.725     440.708       8.517      19.755     114.881      87.545      22.524       1.067       0.000       0.000      87.938       0.000      12.828       5.363       9.095      10.780       4.187       0.789       0.480       0.000       0.000       0.000       0.000
    366    12    31  2024    251       0  rtu251                 2.502   79913.258       0.000    2809.513       8.390       2.549      48.354     115.983      98.011       0.000       0.000     505.393      15.788       0.000      12.828       5.363       9.095      10.780       4.187       0.789       0.480       0.000       0.000       0.000       0.000
    366    12    31  2024    252       0  rtu252                 2.502   70770.727       0.000    2497.249       8.489       0.875     125.162     115.983      97.289       0.000       0.000     431.520      20.996       0.000      12.828       5.363       9.095      10.780       4.187       0.789       0.480       0.000       0.000       0.000       0.000
    366    12    31  2024    253       0  rtu253                 2.502   81144.477       0.000    2849.125       8.384       2.601      37.881     115.983      94.220       0.000       0.000     526.230      14.474       0.000      12.828       5.363       9.095      10.780       4.187       0.789       0.480       0.000       0.000       0.000       0.000
    366    12    31  2024    254       0  rtu254                 2.502   80915.578       0.000    2841.881       8.386       2.573      39.834     115.983      95.001       0.000       0.000     522.530      14.671       0.000      12.828       5.363       9.095      10.780       4.187       0.789       0.480       0.000       0.000       0.000       0.000
    366    12    31  2024    255       0  rtu255                 2.502   81319.055       0.000    2854.991       8.384       2.604      36.880     115.983      93.784       0.000       0.000     527.956      14.379       0.000      12.828       5.363       9.095      10.780       4.187       0.789       0.480       0.000       0.000       0.000       0.000
    366    12    31  2024    256       0  rtu256                 2.502   64248.742       0.000    2213.900       8.579       0.899     174.551     115.983      15.414       0.000       0.000     618.369       4.806       0.000      12.828       5.363       9.095      10.780       4.187       0.789       0.480       0.000       0.000       0.000       0.000
    366    12    31  2024    257       0  rtu257                 2.502   81320.047       0.000    2855.025       8.384       2.609      36.663     115.983      93.791       0.000       0.000     527.931      14.326       0.000      12.828       5.363       9.095      10.780       4.187       0.789       0.480       0.000       0.000       0.000       0.000
    366    12    31  2024    258       0  rtu258                 2.502   81233.820       0.000    2852.216       8.385       2.575      37.959     115.983      94.028       0.000       0.000     526.804      14.486       0.000      12.828       5.363       9.095      10.780       4.187       0.789       0.480       0.000       0.000       0.000       0.000
    366    12    31  2024    259       0  rtu259                 2.502   64158.383       0.000    2210.885       8.579       0.896     174.734     115.983      15.325       0.000       0.000     617.988       4.845       0.000      12.828       5.363       9.095      10.780       4.187       0.789       0.480       0.000       0.000       0.000       0.000
    366    12    31  2024    260       0  rtu260                 2.502   58451.480       0.000    2017.157       8.593       0.771     185.480     115.983      13.256       0.000       0.000     570.197       7.434       0.000      12.828       5.363       9.095      10.780       4.187       0.789       0.480       0.000       0.000       0.000       0.000
    366    12    31  2024    261       0  rtu261                 2.502   64634.117       0.000    2227.251       8.578       0.915     173.772     115.983      15.859       0.000       0.000     619.713       4.627       0.000      12.828       5.363       9.095      10.780       4.187       0.789       0.480       0.000       0.000       0.000       0.000
    366    12    31  2024    262       0  rtu262                 2.502   81320.781       0.000    2855.050       8.383       2.613      36.502     115.983      93.797       0.000       0.000     527.914      14.286       0.000      12.828       5.363       9.095      10.780       4.187       0.789       0.480       0.000       0.000       0.000       0.000
    366    12    31  2024    263       0  rtu263                 2.502   57966.297       0.000    1999.095       8.590       0.759     185.496     115.983      14.596       0.000       0.000     558.995       7.883       0.000      12.828       5.363       9.095      10.780       4.187       0.789       0.480       0.000       0.000       0.000       0.000
    366    12    31  2024    264       0  rtu264                 2.502   80846.750       0.000    2839.555       8.392       2.344      43.142     115.983      94.876       0.000       0.000     522.227      14.867       0.000      12.828       5.363       9.095      10.780       4.187       0.789       0.480       0.000       0.000       0.000       0.000
    366    12    31  2024    265       0  rtu265                 2.502   79230.141       0.000    2788.099       8.381       2.637      27.840     115.983     101.535       0.000       0.000     489.199       9.750       0.000      12.828       5.363       9.095      10.780       4.187       0.789       0.480       0.000       0.000       0.000       0.000
    366    12    31  2024    266       0  rtu266                 2.502   81321.781       0.000    2855.084       8.383       2.613      36.289     115.983      93.804       0.000       0.000     527.890      14.233       0.000      12.828       5.363       9.095      10.780       4.187       0.789       0.480       0.000       0.000       0.000       0.000
    366    12    31  2024    267       0  rtu267                 2.502   81319.250       0.000    2854.998       8.384       2.609      36.817     115.983      93.786       0.000       0.000     527.947      14.363       0.000      12.828       5.363       9.095      10.780       4.187       0.789       0.480       0.000       0.000       0.000       0.000
    366    12    31  2024    268       0  rtu268                 2.502   77807.570       0.000    2740.764       8.432       0.870      66.507     115.983     104.276       0.000       0.000     468.521      18.584       0.000      12.828       5.363       9.095      10.780       4.187       0.789       0.480       0.000       0.000       0.000       0.000
    366    12    31  2024    269       0  rtu269                 2.502   77388.922       0.000    2726.886       8.437       0.728      70.905     115.983     104.742       0.000       0.000     463.377      18.913       0.000      12.828       5.363       9.095      10.780       4.187       0.789       0.480       0.000       0.000       0.000       0.000
    366    12    31  2024    270       0  rtu270                 2.502   80198.812       0.000    2820.608       8.384       2.244      18.718     115.983      98.665       0.000       0.000     502.318       9.286       0.000      12.828       5.363       9.095      10.780       4.187       0.789       0.480       0.000       0.000       0.000       0.000
    366    12    31  2024    271       0  rtu271                 2.502   74545.789       0.000    2610.281       8.049      11.973      16.052     115.983     108.068       0.000       0.000     436.293      12.962       0.000      12.828       5.363       9.095      10.780       4.187       0.789       0.480       0.000       0.000       0.000       0.000
    366    12    31  2024    272       0  rtu272                 2.502   74700.711       0.000    2622.330       8.119       9.567       7.869     115.983     109.563       0.000       0.000     429.595      12.571       0.000      12.828       5.363       9.095      10.780       4.187       0.789       0.480       0.000       0.000       0.000       0.000
    366    12    31  2024    273       0  rtu273                 2.502   76494.188       0.000    2679.409       8.036      11.852       6.792     115.983     101.802       0.000       0.000     461.887      11.248       0.000      12.828       5.363       9.095      10.780       4.187       0.789       0.480       0.000       0.000       0.000       0.000
    366    12    31  2024    274       0  rtu274                 1.488    1573.256    2835.388     268.522       8.547      11.731     128.023     100.322      20.380       0.731       0.000      12.073      94.154       0.000      12.828       5.363       9.095      10.780       4.187       0.789       0.480       0.000       0.000       0.000       0.000
    366    12    31  2024    275       0  rtu275                 1.584    1793.870    3057.656     278.690       8.537      14.562     120.772     102.458      23.736       1.810       0.000      12.254      91.827       0.000      12.828       5.363       9.095      10.780       4.187       0.789       0.480       0.000       0.000       0.000       0.000
    366    12    31  2024    276       0  rtu276                 1.383    1494.448    2922.419     485.090       8.513      19.833     114.901      85.620      24.748       0.680       0.000       0.000      85.582       0.000      12.828       5.363       9.095      10.780       4.187       0.789       0.480       0.000       0.000       0.000       0.000
    366    12    31  2024    277       0  rtu277                 1.421    1448.772    2649.748     414.272       8.526      16.152     125.337      87.748      20.954       0.249       0.000       0.000      92.312       0.000      12.828       5.363       9.095      10.780       4.187       0.789       0.480       0.000       0.000       0.000       0.000
    366    12    31  2024    278       0  rtu278                 2.502   84315.039       0.000    2955.970       8.439       1.232      30.776     115.983      85.450       0.000       0.000     573.196       0.664       0.000      12.828       5.363       9.095      10.780       4.187       0.789       0.480       0.000       0.000       0.000       0.000
    366    12    31  2024    279       0  rtu279                 2.502   81765.500       0.000    2846.555       8.401       2.682      56.615     115.983      90.251       0.000       0.000     533.734       1.254       0.000      12.828       5.363       9.095      10.780       4.187       0.789       0.480       0.000       0.000       0.000       0.000
    366    12    31  2024    280       0  rtu280                 2.502   81770.211       0.000    2846.707       8.402       2.682      56.611     115.983      90.236       0.000       0.000     533.815       1.254       0.000      12.828       5.363       9.095      10.780       4.187       0.789       0.480       0.000       0.000       0.000       0.000
    366    12    31  2024    281       0  rtu281                 0.552   25386.625       0.000    1039.873       8.580       0.029      42.142     138.875      26.855       0.000       0.000     113.728       0.396       0.000      12.828       5.363       9.095      10.780       4.187       0.789       0.480       0.000       0.000       0.000       0.000
    366    12    31  2024    282       0  rtu282                 0.552   26727.754       0.000    1073.226       8.551       0.010      51.778     138.875       0.000       0.001       0.000     199.109      16.073       0.000      12.828       5.363       9.095      10.780       4.187       0.789       0.480       0.000       0.000       0.000       0.000
    366    12    31  2024    283       0  rtu283                 1.113   41414.523       0.000    1194.552       8.199     100.011       0.000     161.912       0.000       0.000       0.000     119.647       0.000       0.000      12.828       5.363       9.095      10.780       4.187       0.789       0.480       0.000       0.000       0.000       0.000
    366    12    31  2024    284       0  rtu284                 1.107   41304.750       0.000    1189.885       8.196     103.852       0.000     161.912       0.000       0.000       0.000     119.301       0.000       0.000      12.828       5.363       9.095      10.780       4.187       0.789       0.480       0.000       0.000       0.000       0.000
    366    12    31  2024    285       0  rtu285                 1.104   41269.797       0.000    1192.761       8.162     103.726       0.000     161.912       0.000       0.000       0.000     119.263       0.000       0.000      12.828       5.363       9.095      10.780       4.187       0.789       0.480       0.000       0.000       0.000       0.000
    366    12    31  2024    286       0  rtu286                 1.104   41270.648       0.000    1188.742       8.195     103.721       0.000     161.912       0.000       0.000       0.000     119.266       0.000       0.000      12.828       5.363       9.095      10.780       4.187       0.789       0.480       0.000       0.000       0.000       0.000
    366    12    31  2024    287       0  rtu287                 1.108   41234.109       0.000    1188.410       8.202     103.855       0.000     161.912       0.000       0.000       0.000     118.959       0.000       0.000      12.828       5.363       9.095      10.780       4.187       0.789       0.480       0.000       0.000       0.000       0.000
    366    12    31  2024    288       0  rtu288                 0.225     686.873      64.305      20.943       8.667       0.000      21.495      62.563       0.000       0.065       0.000       5.217       3.093       0.000      12.828       5.363       9.095      10.780       4.187       0.789       0.480       0.000       0.000       0.000       0.000
    366    12    31  2024    289       0  rtu289                 0.264     720.542      65.164      22.164       8.668       0.000      25.625      62.655       0.000       0.023       0.000       4.196       2.532       0.000      12.828       5.363       9.095      10.780       4.187       0.789       0.480       0.000       0.000       0.000       0.000
    366    12    31  2024    290       0  rtu290                 0.274     745.465      33.566      22.920       8.551       0.000      28.481      62.568       0.000       0.064       0.000       9.883       4.670       0.000      12.828       5.363       9.095      10.780       4.187       0.789       0.480       0.000       0.000       0.000       0.000
    366    12    31  2024    291       0  rtu291                 0.252     650.247      65.345      20.317       8.553       0.000      38.466      62.601       0.000       0.078       0.000       7.523       2.159       0.000      12.828       5.363       9.095      10.780       4.187       0.789       0.480       0.000       0.000       0.000       0.000
    366    12    31  2024    292       0  rtu292                 0.281     723.026      65.549      21.856       8.549       0.000      21.302      62.608       0.000       0.059       0.000       5.375      26.303       0.000      12.828       5.363       9.095      10.780       4.187       0.789       0.480       0.000       0.000       0.000       0.000
    366    12    31  2024    293       0  rtu293                 0.228     681.458      64.306      20.454       8.550       0.000      21.376      62.556       0.000       0.066       0.000       5.393      26.635       0.000      12.828       5.363       9.095      10.780       4.187       0.789       0.480       0.000       0.000       0.000       0.000
    366    12    31  2024    294       0  rtu294                 0.267     860.890    1668.621     725.882       8.590       0.066      14.358      26.818       0.000       0.025       0.000       0.000       1.083       0.000      12.828       5.363       9.095      10.780       4.187       0.789       0.480       0.000       0.000       0.000       0.000
    366    12    31  2024    295       0  rtu295                 0.830    1487.755    3506.162     758.207       8.528       0.561      12.177      76.232      17.739       0.149       0.000      29.094       0.889       0.000      12.828       5.363       9.095      10.780       4.187       0.789       0.480       0.000       0.000       0.000       0.000
    366    12    31  2024    296       0  rtu296                 2.188    1557.635    3131.985     550.448       8.476       0.207       2.344      25.316      12.548       0.000       0.000       0.000       1.406       0.000      12.828       5.363       9.095      10.780       4.187       0.789       0.480       0.000       0.000       0.000       0.000
    366    12    31  2024    297       0  rtu297                 0.745    1945.722    3033.034    1171.870       8.313       2.138       0.084      43.566      28.886       0.000       0.000      23.262       1.654       0.000      12.828       5.363       9.095      10.780       4.187       0.789       0.480       0.000       0.000       0.000       0.000
    366    12    31  2024    298       0  rtu298                 2.219    2307.150    5243.176    1221.983       8.492       1.632       1.795      37.280      65.511       0.008       0.000       0.000       1.898       0.000      12.828       5.363       9.095      10.780       4.187       0.789       0.480       0.000       0.000       0.000       0.000
    366    12    31  2024    299       0  rtu299                 0.291     736.461      65.908      22.383       8.550       0.000      22.492      62.751       0.000       0.019       0.000       5.527      25.580       0.000      12.828       5.363       9.095      10.780       4.187       0.789       0.480       0.000       0.000       0.000       0.000
    366    12    31  2024    300       0  rtu300                 2.801    1740.722    4725.741    1039.649       8.564       3.844       1.754      48.430      63.369       0.000       0.000       0.000       0.657       0.000      12.828       5.363       9.095      10.780       4.187       0.789       0.480       0.000       0.000       0.000       0.000
    366    12    31  2024    301       0  rtu301                 2.135    3238.800   12576.786     901.991       8.297       1.566       0.480      32.917      55.907       0.000       0.000       0.000       3.237       0.000      12.828       5.363       9.095      10.780       4.187       0.789       0.480       0.000       0.000       0.000       0.000
    366    12    31  2024    302       0  rtu302                 0.272     657.357      65.315      20.306       8.550       0.000      21.492      62.620       0.000       0.199       0.000       7.984      26.318       0.000      12.828       5.363       9.095      10.780       4.187       0.789       0.480       0.000       0.000       0.000       0.000
    366    12    31  2024    303       0  rtu303                 0.475    2224.846    3308.874    2658.571       8.517       0.324       2.472      19.255       0.120       0.000       0.000       0.000      14.508       0.000      12.828       5.363       9.095      10.780       4.187       0.789       0.480       0.000       0.000       0.000       0.000
    366    12    31  2024    304       0  rtu304                 2.502   84409.414       0.000    2959.001       8.436       1.258      30.309     115.983      85.082       0.000       0.000     575.628       0.655       0.000      12.828       5.363       9.095      10.780       4.187       0.789       0.480       0.000       0.000       0.000       0.000
    366    12    31  2024    305       0  rtu305                 2.502   81450.359       0.000    2836.383       8.431       1.984      54.119     115.983      91.122       0.000       0.000     525.228       0.244       0.000      12.828       5.363       9.095      10.780       4.187       0.789       0.480       0.000       0.000       0.000       0.000
    366    12    31  2024    306       0  rtu306                 2.502   77562.422       0.000    2730.708       8.468       0.603      55.172     115.983     102.763       0.000       0.000     467.534       0.923       0.000      12.828       5.363       9.095      10.780       4.187       0.789       0.480       0.000       0.000       0.000       0.000
    366    12    31  2024    307       0  rtu307                 2.502   80365.289       0.000    2796.596       8.440       1.893      57.740     115.983      93.832       0.000       0.000     513.226       0.245       0.000      12.828       5.363       9.095      10.780       4.187       0.789       0.480       0.000       0.000       0.000       0.000
    366    12    31  2024    308       0  rtu308                 2.502   79054.570       0.000    2752.178       8.469       1.559      67.650     115.983      97.204       0.000       0.000     489.835       0.238       0.000      12.828       5.363       9.095      10.780       4.187       0.789       0.480       0.000       0.000       0.000       0.000
    366    12    31  2024    309       0  rtu309                 2.502   84444.000       0.000    2960.099       8.437       1.254      30.555     115.983      84.966       0.000       0.000     576.170       0.659       0.000      12.828       5.363       9.095      10.780       4.187       0.789       0.480       0.000       0.000       0.000       0.000
    366    12    31  2024    310       0  rtu310                 2.502   80710.016       0.000    2802.938       8.466       1.150      70.018     115.983      92.073       0.000       0.000     515.658       0.341       0.000      12.828       5.363       9.095      10.780       4.187       0.789       0.480       0.000       0.000       0.000       0.000
    366    12    31  2024    311       0  rtu311                 2.502   83435.180       0.000    2927.344       8.443       1.134      34.328     115.983      87.892       0.000       0.000     558.773       0.681       0.000      12.828       5.363       9.095      10.780       4.187       0.789       0.480       0.000       0.000       0.000       0.000
    366    12    31  2024    312       0  rtu312                 2.502   81449.992       0.000    2836.371       8.431       1.984      54.114     115.983      91.124       0.000       0.000     525.221       0.244       0.000      12.828       5.363       9.095      10.780       4.187       0.789       0.480       0.000       0.000       0.000       0.000
    366    12    31  2024    313       0  rtu313                 2.502   84417.523       0.000    2959.283       8.435       1.261      29.839     115.983      85.051       0.000       0.000     575.811       0.651       0.000      12.828       5.363       9.095      10.780       4.187       0.789       0.480       0.000       0.000       0.000       0.000
    366    12    31  2024    314       0  rtu314                 1.374    2040.622    3552.929     519.261       8.434      23.062       0.009      87.198      51.569       0.726       0.000       0.000       0.270       0.000      12.828       5.363       9.095      10.780       4.187       0.789       0.480       0.000       0.000       0.000       0.000
