 Mini_CREATE               SWAT+ Jan 11 2024        MODULAR Rev 2024.61.0                                 
        jday         mon         day          yr   name        type              flo            sed           orgn           sedp            no3           solp           chla            nh3            no2           cbod            dox            san            sil            cla            sag            lag            grv           null
                                                                               m^3/s           tons            kgN            kgP            kgN            kgP             kg            kgN            kgN             kg             kg           tons           tons           tons           tons           tons           tons           degc
         365          12          31        2021 rtu001          ru         8068.632      6.4058378E-02  0.5244226      0.2148891       46.43078       1.543395      0.0000000E+00  0.0000000E+00  0.0000000E+00  0.0000000E+00  0.0000000E+00  6.6850707E-02  2.2928671E-03  2.4107622E-03  1.9835737E-02  1.8582111E-02  0.0000000E+00   1.123250    
         365          12          31        2021 rtu002          ru         11339.42      8.6497702E-02  0.7248914      0.2962960       62.87631       2.208086      0.0000000E+00  0.0000000E+00  0.0000000E+00  0.0000000E+00  0.0000000E+00  9.2150830E-02  2.9603075E-03  3.1233663E-03  2.7200611E-02  2.5468692E-02  0.0000000E+00   1.089506    
         365          12          31        2021 rtu003          ru         2289.769      5.4111382E-07  3.7387727E-07  1.1216323E-06   6.550873      3.7387727E-07  0.0000000E+00  0.0000000E+00  0.0000000E+00  0.0000000E+00  0.0000000E+00  5.4111378E-04  5.4111378E-04  5.4111378E-04  5.4111378E-04  5.4111378E-04  0.0000000E+00   1.280882    
         365          12          31        2021 rtu004          ru         9027.612      7.4278745E-03  7.6686017E-02  2.8222354E-02   43.26297      3.0205552E-02  0.0000000E+00  0.0000000E+00  0.0000000E+00  0.0000000E+00  0.0000000E+00  3.5379420E-03  1.0821378E-03  1.1380523E-03  5.5676992E-03  3.0892214E-03  0.0000000E+00   16.73759    
         365          12          31        2021 rtu005          ru         9587.336      1.9760688E-03  2.4473071E-02  9.0494305E-03   45.87874      1.3079209E-02  0.0000000E+00  0.0000000E+00  0.0000000E+00  0.0000000E+00  0.0000000E+00  1.5129067E-03  7.2600867E-04  7.4392767E-04  2.1632819E-03  1.3691174E-03  0.0000000E+00   470.1258    
         365          12          31        2021 rtu006          ru         1791.740      1.0277828E-03  1.0934210E-02  4.0272414E-03   7.608042      6.3903104E-03  0.0000000E+00  0.0000000E+00  0.0000000E+00  0.0000000E+00  0.0000000E+00  9.5625111E-04  6.0595170E-04  6.1391707E-04  1.2458146E-03  8.9223258E-04  0.0000000E+00   105.1757    
         365          12          31        2021 rtu007          ru         3044.503      3.2456251E-04  3.8987598E-03  1.4427605E-03   14.53388      4.1065053E-03  0.0000000E+00  0.0000000E+00  0.0000000E+00  0.0000000E+00  0.0000000E+00  6.9339626E-04  5.6811114E-04  5.7095604E-04  7.9698075E-04  6.7049818E-04  0.0000000E+00   4368.499    
         365          12          31        2021 rtu008          ru         3227.872      2.3540717E-03  2.3667464E-02  8.7116361E-03   14.10826      8.8247871E-03  0.0000000E+00  0.0000000E+00  0.0000000E+00  0.0000000E+00  0.0000000E+00  1.4785882E-03  7.2070182E-04  7.3795614E-04  2.1050754E-03  1.3400961E-03  0.0000000E+00   44.50721    
         365          12          31        2021 rtu009          ru         242171.2      0.1863753       1.900809      0.7940757       803.1645       6.697350      0.0000000E+00  0.0000000E+00  0.0000000E+00  0.0000000E+00  0.0000000E+00  0.2616748      4.6945219E-03  5.5515501E-03  5.2514289E-02  4.9966518E-02  0.0000000E+00   1.004851    
         365          12          31        2021 rtu010          ru         1867.399      1.7438606E-04  2.0253703E-03  7.4996299E-04   8.951053      3.2154347E-03  0.0000000E+00  0.0000000E+00  0.0000000E+00  0.0000000E+00  0.0000000E+00  6.0048053E-04  5.3534447E-04  5.3682755E-04  6.5434631E-04  5.8857159E-04  0.0000000E+00   12775.50    
         365          12          31        2021 rtu011          ru         1148.248      2.7180821E-04  2.7953729E-03  1.0351368E-03   5.315911      3.4383477E-03  0.0000000E+00  0.0000000E+00  0.0000000E+00  0.0000000E+00  0.0000000E+00  6.0829544E-04  5.1837944E-04  5.2042276E-04  6.8261579E-04  5.9186423E-04  0.0000000E+00   23795.05    
         365          12          31        2021 rtu012          ru         1970.622      1.8455266E-04  2.1643420E-03  8.0185808E-04   9.162876      6.6634184E-03  0.0000000E+00  0.0000000E+00  0.0000000E+00  0.0000000E+00  0.0000000E+00  5.5167434E-04  4.8210006E-04  4.8368156E-04  6.0920673E-04  5.3895853E-04  0.0000000E+00   44492.58    
         365          12          31        2021 rtu013          ru         6870.589      2.4693955E-03  2.8256826E-02  1.0459445E-02   32.00171      2.6034206E-02  0.0000000E+00  0.0000000E+00  0.0000000E+00  0.0000000E+00  0.0000000E+00  1.6585705E-03  7.4954948E-04  7.7024114E-04  2.4098756E-03  1.4924788E-03  0.0000000E+00   987.2421    
         365          12          31        2021 rtu014          ru         1663.387      4.7657380E-04  4.9601807E-03  1.8366567E-03   7.703929      5.1786099E-03  0.0000000E+00  0.0000000E+00  0.0000000E+00  0.0000000E+00  0.0000000E+00  7.1298366E-04  5.5340980E-04  5.5704376E-04  8.4489462E-04  6.8382832E-04  0.0000000E+00   9963.512    
         365          12          31        2021 rtu015          ru         63281.16      2.6541807E-02  0.3464368      0.1282114       294.7306      0.2307197      0.0000000E+00  0.0000000E+00  0.0000000E+00  0.0000000E+00  0.0000000E+00  1.3584047E-02  2.4372600E-03  2.6911011E-03  2.2795916E-02  1.1547431E-02  0.0000000E+00   56.41767    
         365          12          31        2021 rtu016          ru         12332.73      2.8797779E-02  0.2757417      0.1169190       35.99343      0.2767786      0.0000000E+00  0.0000000E+00  0.0000000E+00  0.0000000E+00  0.0000000E+00  3.9001986E-02  1.1784924E-03  1.3046091E-03  8.2165729E-03  7.8415805E-03  0.0000000E+00   1.027743    
         365          12          31        2021 rtu017          ru         33146.89      5.1092212E-07  5.3213771E-06  1.5964135E-05   96.77770      5.3213771E-06  0.0000000E+00  0.0000000E+00  0.0000000E+00  0.0000000E+00  0.0000000E+00  5.1092199E-04  5.1092199E-04  5.1092199E-04  5.1092199E-04  5.1092199E-04  0.0000000E+00   1.044433    
         365          12          31        2021 rtu018          ru         6805.263      3.1472243E-02  0.1789941      8.8549368E-02   10.53908      0.5649928      0.0000000E+00  0.0000000E+00  0.0000000E+00  0.0000000E+00  0.0000000E+00  3.6308326E-02  8.8521611E-04  9.8563253E-04  5.0960691E-03  5.0463476E-03  0.0000000E+00   1.166393    
         365          12          31        2021 rtu019          ru         30575.73      0.1020372       1.333012      0.4852237       87.35746       3.908470      0.0000000E+00  0.0000000E+00  0.0000000E+00  0.0000000E+00  0.0000000E+00  5.0644521E-02  8.0497125E-03  9.0196887E-03  8.5845470E-02  4.2862084E-02  0.0000000E+00   478.3195    
         365          12          31        2021 rtu020          ru         20837.32      0.1125788      0.7219543      0.3580909       40.80590       1.256923      0.0000000E+00  0.0000000E+00  0.0000000E+00  0.0000000E+00  0.0000000E+00  0.1447000      1.9843450E-03  2.3891404E-03  1.8951723E-02  1.8751398E-02  0.0000000E+00   1.046071    
         365          12          31        2021 rtu021          ru         2428.254      5.1459079E-07  3.8065824E-07  1.1419747E-06   6.972141      3.8065824E-07  0.0000000E+00  0.0000000E+00  0.0000000E+00  0.0000000E+00  0.0000000E+00  5.1459076E-04  5.1459076E-04  5.1459076E-04  5.1459076E-04  5.1459076E-04  0.0000000E+00   1.268759    
         365          12          31        2021 rtu022          ru         2644.865      5.1002183E-07  4.1110314E-07  1.2333094E-06   7.595113      4.1110314E-07  0.0000000E+00  0.0000000E+00  0.0000000E+00  0.0000000E+00  0.0000000E+00  5.1002175E-04  5.1002175E-04  5.1002175E-04  5.1002175E-04  5.1002175E-04  0.0000000E+00   1.246456    
         365          12          31        2021 rtu023          ru         7042.323      5.0634122E-07  1.1015910E-06  3.3047731E-06   135.2974      1.1015910E-06  0.0000000E+00  0.0000000E+00  0.0000000E+00  0.0000000E+00  0.0000000E+00  5.0634128E-04  5.0634128E-04  5.0634128E-04  5.0634128E-04  5.0634128E-04  0.0000000E+00   55.39616    
         365          12          31        2021 rtu024          ru         29212.37      3.8716226E-07  3.4982309E-06  1.0494695E-05   561.3773      3.4982309E-06  0.0000000E+00  0.0000000E+00  0.0000000E+00  0.0000000E+00  0.0000000E+00  3.8716226E-04  3.8716226E-04  3.8716226E-04  3.8716226E-04  3.8716226E-04  0.0000000E+00   10.39210    
         365          12          31        2021 rtu025          ru         3299.430      5.7329174E-07  5.7375598E-07  1.7212685E-06   9.473499      5.7375598E-07  0.0000000E+00  0.0000000E+00  0.0000000E+00  0.0000000E+00  0.0000000E+00  5.7329162E-04  5.7329162E-04  5.7329162E-04  5.7329162E-04  5.7329162E-04  0.0000000E+00   1.196844    
         365          12          31        2021 rtu026          ru         12874.79      4.9763861E-07  1.9507586E-06  5.8522760E-06   36.99446      1.9507586E-06  0.0000000E+00  0.0000000E+00  0.0000000E+00  0.0000000E+00  0.0000000E+00  4.9763883E-04  4.9763883E-04  4.9763883E-04  4.9763883E-04  4.9763883E-04  0.0000000E+00   1.050048    
         365          12          31        2021 rtu027          ru         54268.37      1.6085431E-04  1.2638856E-03  5.9603748E-04   157.9152      2.8970394E-02  0.0000000E+00  0.0000000E+00  0.0000000E+00  0.0000000E+00  0.0000000E+00  6.4131425E-04  4.1718452E-04  4.1776319E-04  4.4334464E-04  4.4303093E-04  0.0000000E+00   1.005348    
         365          12          31        2021 rtu028          ru         17471.54      5.5486322E-07  2.9391347E-06  8.8174029E-06   50.26079      2.9391347E-06  0.0000000E+00  0.0000000E+00  0.0000000E+00  0.0000000E+00  0.0000000E+00  5.5486342E-04  5.5486342E-04  5.5486342E-04  5.5486342E-04  5.5486342E-04  0.0000000E+00   1.036787    
         365          12          31        2021 rtu029          ru         3225.514      1.6274475E-02  8.4335253E-02  4.0134322E-02   6.945429      0.1474203      0.0000000E+00  0.0000000E+00  0.0000000E+00  0.0000000E+00  0.0000000E+00  1.6551938E-02  7.0904556E-04  7.5338938E-04  2.5859147E-03  2.5636931E-03  0.0000000E+00   1.097399    
         365          12          31        2021 rtu030          ru         2619.858      4.2437557E-02  0.2856149      0.1147417       6.001789      0.2750406      0.0000000E+00  0.0000000E+00  0.0000000E+00  0.0000000E+00  0.0000000E+00  3.8741805E-02  1.1523662E-03  1.2766363E-03  8.1347749E-03  7.7621187E-03  0.0000000E+00   1.091562    
         365          12          31        2021 rtu031          ru         28917.80      2.0581244E-03  1.1280434E-02  5.2911243E-03   69.93714      0.2884797      0.0000000E+00  0.0000000E+00  0.0000000E+00  0.0000000E+00  0.0000000E+00  2.6447598E-03  5.8353675E-04  5.8937399E-04  8.2844961E-04  8.2555704E-04  0.0000000E+00   1.017723    
         365          12          31        2021 rtu032          ru         7054.868      0.2556240       1.370716      0.6405989       28.23001       1.031546      0.0000000E+00  0.0000000E+00  0.0000000E+00  0.0000000E+00  0.0000000E+00  0.2078343      6.2049995E-03  6.5737194E-03  6.1005924E-02  5.7090584E-02  0.0000000E+00   1.020299    
         365          12          31        2021 rtu033          ru         1264.047      5.4545092E-07  2.1430763E-07  6.4292306E-07   3.680202      2.1430763E-07  0.0000000E+00  0.0000000E+00  0.0000000E+00  0.0000000E+00  0.0000000E+00  5.4545118E-04  5.4545118E-04  5.4545118E-04  5.4545118E-04  5.4545118E-04  0.0000000E+00   1.474226    
         365          12          31        2021 rtu034          ru         2198.448      1.1560936E-02  5.9145663E-02  2.6201829E-02   2.364515      7.0808955E-02  0.0000000E+00  0.0000000E+00  0.0000000E+00  0.0000000E+00  0.0000000E+00  1.0156985E-02  7.0650002E-04  7.3800317E-04  2.4641245E-03  2.3704784E-03  0.0000000E+00   1.076412    
         365          12          31        2021 rtu035          ru         3721.023      2.5895866E-02  9.9447474E-02  5.4053836E-02   3.023041      0.1113149      0.0000000E+00  0.0000000E+00  0.0000000E+00  0.0000000E+00  0.0000000E+00  2.4977416E-02  8.0769294E-04  8.7566656E-04  3.6785083E-03  3.6446052E-03  0.0000000E+00   1.044257    
         365          12          31        2021 rtu036          ru         3924.138      4.0559499E-03  1.5327543E-02  8.3366083E-03   3.191694      0.1184772      0.0000000E+00  0.0000000E+00  0.0000000E+00  0.0000000E+00  0.0000000E+00  4.3290630E-03  6.2546437E-04  6.3525460E-04  1.0583847E-03  1.0532456E-03  0.0000000E+00   1.041903    
         365          12          31        2021 rtu037          ru         1756.416      6.5407730E-03  3.2485381E-02  1.4359507E-02   2.431461      5.4903854E-02  0.0000000E+00  0.0000000E+00  0.0000000E+00  0.0000000E+00  0.0000000E+00  5.8219391E-03  6.2781008E-04  6.4511987E-04  1.5936756E-03  1.5422137E-03  0.0000000E+00   1.097608    
         365          12          31        2021 rtu038          ru         2541.125      8.0362074E-03  3.0065587E-02  1.6341478E-02   2.057128      7.2574884E-02  0.0000000E+00  0.0000000E+00  0.0000000E+00  0.0000000E+00  0.0000000E+00  7.9199607E-03  6.3385000E-04  6.5381557E-04  1.4985944E-03  1.4883757E-03  0.0000000E+00   1.064828    
         365          12          31        2021 rtu039          ru         3967.705      3.3681575E-02  0.1295892      7.0452407E-02   3.225002      0.1195129      0.0000000E+00  0.0000000E+00  0.0000000E+00  0.0000000E+00  0.0000000E+00  3.2402318E-02  8.8054343E-04  9.6942036E-04  4.6253158E-03  4.5810957E-03  0.0000000E+00   1.041518    
         365          12          31        2021 rtu040          ru         5118.028      0.4457252       2.141819      0.9768609       7.342310      0.5151263      0.0000000E+00  0.0000000E+00  0.0000000E+00  0.0000000E+00  0.0000000E+00  0.3464661      9.9313892E-03  1.0548063E-02  0.1014182      9.4883412E-02  0.0000000E+00   1.015530    
         365          12          31        2021 rtu041          ru         55496.02      0.5968852       2.533211       1.366705       44.37683       4.851821      0.0000000E+00  0.0000000E+00  0.0000000E+00  0.0000000E+00  0.0000000E+00  0.6223055      6.6351439E-03  8.3749508E-03  7.9776175E-02  7.8912064E-02  0.0000000E+00   1.001815    
         365          12          31        2021 rtu042          ru         9473.811      0.1240327      0.6699576      0.2950482       11.97809      0.8281792      0.0000000E+00  0.0000000E+00  0.0000000E+00  0.0000000E+00  0.0000000E+00  0.1101164      2.3684034E-03  2.7251395E-03  2.2383410E-02  2.1315405E-02  0.0000000E+00   1.010843    
         365          12          31        2021 rtu043          ru         8181.476      8.1217982E-02  0.7291372      0.6959131       13.84871       2.017560      0.0000000E+00  0.0000000E+00  0.0000000E+00  0.0000000E+00  0.0000000E+00  6.4151996E-04  2.6988294E-03  3.1155541E-03  6.4151996E-04  6.4151996E-04  0.0000000E+00   1.019110    
         365          12          31        2021 rtu044          ru         18559.98       9.299880       25.96823       11.32653       27.69668       4.505854      0.0000000E+00  0.0000000E+00  0.0000000E+00  0.0000000E+00  0.0000000E+00  6.7790633E-04  0.2392871      0.2861476      6.7790633E-04  6.7790633E-04  0.0000000E+00   1.010386    
         365          12          31        2021 rtu045          ru         6434.508      3.0025013E-04  3.6823616E-07  1.1047089E-06   10.45574       1.551504      0.0000000E+00  0.0000000E+00  0.0000000E+00  0.0000000E+00  0.0000000E+00  6.1957183E-04  6.1957183E-04  6.1957183E-04  6.1957183E-04  6.1957183E-04  0.0000000E+00   1.024246    
         365          12          31        2021 rtu046          ru         30191.24      4.9593095E-03  2.4157586E-02  5.1302902E-02   57.77465       8.397068      0.0000000E+00  0.0000000E+00  0.0000000E+00  0.0000000E+00  0.0000000E+00  7.2758662E-04  7.6361845E-04  7.7354844E-04  7.2758662E-04  7.2758662E-04  0.0000000E+00   1.005153    
         365          12          31        2021 rtu047          ru         55089.23      3.4441415E-03  3.6867461E-06  1.1060254E-05   106.2824       15.85031      0.0000000E+00  0.0000000E+00  0.0000000E+00  0.0000000E+00  0.0000000E+00  7.2696852E-04  7.2696852E-04  7.2696852E-04  7.2696852E-04  7.2696852E-04  0.0000000E+00   1.002838    
         365          12          31        2021 rtu048          ru         3458.804      3.8408776E-05  1.8150619E-07  5.4451874E-07   6.319273      0.8213036      0.0000000E+00  0.0000000E+00  0.0000000E+00  0.0000000E+00  0.0000000E+00  5.7178130E-04  5.7178130E-04  5.7178130E-04  5.7178130E-04  5.7178130E-04  0.0000000E+00   1.045508    
         365          12          31        2021 rtu049          ru         3927.324      1.1653421E-04  2.1239181E-07  6.3717550E-07   6.401087      0.9809167      0.0000000E+00  0.0000000E+00  0.0000000E+00  0.0000000E+00  0.0000000E+00  5.8615115E-04  5.8615115E-04  5.8615115E-04  5.8615115E-04  5.8615115E-04  0.0000000E+00   1.041543    
         365          12          31        2021 rtu050          ru         5692.473      9.9660037E-04  3.1915658E-07  9.5746964E-07   9.682374       1.485436      0.0000000E+00  0.0000000E+00  0.0000000E+00  0.0000000E+00  0.0000000E+00  6.1443599E-04  6.1443599E-04  6.1443599E-04  6.1443599E-04  6.1443599E-04  0.0000000E+00   1.027765    
         365          12          31        2021 rtu051          ru         8613.760      1.9367982E-04  5.0251498E-07  1.5075451E-06   15.25276       2.339974      0.0000000E+00  0.0000000E+00  0.0000000E+00  0.0000000E+00  0.0000000E+00  6.3934037E-04  6.3934037E-04  6.3934037E-04  6.3934037E-04  6.3934037E-04  0.0000000E+00   1.018334    
         365          12          31        2021 rtu052          ru         12556.75      5.8304740E-04  4.7826059E-03  7.3572025E-03   23.41516       3.588121      0.0000000E+00  0.0000000E+00  0.0000000E+00  0.0000000E+00  0.0000000E+00  6.7159458E-04  6.9813465E-04  7.0180092E-04  6.7159458E-04  6.7159458E-04  0.0000000E+00   1.012591    
         365          12          31        2021 rtu053          ru         29223.56      4.3144174E-02  0.5878637      0.2903891       57.43781       9.931921      0.0000000E+00  0.0000000E+00  0.0000000E+00  0.0000000E+00  0.0000000E+00  7.2647689E-04  5.7357792E-03  6.3804640E-03  7.2647689E-04  7.2647689E-04  0.0000000E+00   1.005711    
         365          12          31        2021 rtu054          ru         6595.601      1.1902527E-04  3.7158347E-07  1.1147507E-06   11.27938       1.730581      0.0000000E+00  0.0000000E+00  0.0000000E+00  0.0000000E+00  0.0000000E+00  6.1741227E-04  6.1741227E-04  6.1741227E-04  6.1741227E-04  6.1741227E-04  0.0000000E+00   1.023960    
         365          12          31        2021 rtu055          ru         8988.672       3.058677       13.41726       6.505301       41.45316      0.6933997      0.0000000E+00  0.0000000E+00  0.0000000E+00  0.0000000E+00  0.0000000E+00   2.371743      6.5475717E-02  6.9704056E-02  0.6925353      0.6477523      0.0000000E+00   1.003515    
         365          12          31        2021 rtu056          ru         13378.48      1.0883489E-02  7.8418955E-02  3.1649429E-02   118.9865      9.3746483E-03  0.0000000E+00  0.0000000E+00  0.0000000E+00  0.0000000E+00  0.0000000E+00  4.2122318E-03  1.2224524E-03  1.2905387E-03  6.6830781E-03  3.6659753E-03  0.0000000E+00   1.025233    
         365          12          31        2021 rtu057          ru         4842.663      0.8667125       4.159222       1.979225       22.06148      0.4962525      0.0000000E+00  0.0000000E+00  0.0000000E+00  0.0000000E+00  0.0000000E+00  0.6861295      1.9299475E-02  2.0521553E-02  0.2005961      0.1876475      0.0000000E+00   1.004908    
         365          12          31        2021 rtu058          ru         4258.688       1.486352       5.446624       2.519666       8.877081      0.1044712      0.0000000E+00  0.0000000E+00  0.0000000E+00  0.0000000E+00  0.0000000E+00   1.147493      3.1873908E-02  3.3918921E-02  0.3351953      0.3135320      0.0000000E+00   1.010208    
         365          12          31        2021 rtu059          ru         2146.194      0.2065086       1.015683      0.4807560       9.455030      0.2170356      0.0000000E+00  0.0000000E+00  0.0000000E+00  0.0000000E+00  0.0000000E+00  0.1636851      4.9613412E-03  5.2516689E-03  4.8105028E-02  4.5022726E-02  0.0000000E+00   1.010916    
         365          12          31        2021 rtu060          ru         22487.28       20.47857       61.53850       22.86043       84.47340      0.2528882      0.0000000E+00  0.0000000E+00  0.0000000E+00  0.0000000E+00  0.0000000E+00   18.04952      0.3017724      0.3609784       3.604512       3.428555      0.0000000E+00   1.001395    
         365          12          31        2021 rtu061          ru         2670.468      2.0888108E-03  9.2104245E-03  4.3383152E-03   16.89143      3.6284351E-03  0.0000000E+00  0.0000000E+00  0.0000000E+00  0.0000000E+00  0.0000000E+00  2.2354075E-03  6.2938838E-04  6.3471694E-04  9.2791277E-04  9.1199280E-04  0.0000000E+00   1.110444    
         365          12          31        2021 rtu062          ru         33155.33       3.490682       12.26993       4.408676       14.76119      0.4806082      0.0000000E+00  0.0000000E+00  0.0000000E+00  0.0000000E+00  0.0000000E+00   3.208048      5.4066069E-02  6.4587139E-02  0.6409960      0.6097264      0.0000000E+00   1.001051    
         365          12          31        2021 rtu063          ru         4594.737      8.7599466E-03  4.1396618E-02  1.9477809E-02   30.00736      1.4778365E-02  0.0000000E+00  0.0000000E+00  0.0000000E+00  0.0000000E+00  0.0000000E+00  7.9850750E-03  7.6016039E-04  7.8419375E-04  2.1041255E-03  2.0325012E-03  0.0000000E+00   1.073026    
         365          12          31        2021 rtu064          ru         3418.045      1.3068671E-02  8.7156847E-02  3.5113737E-02   27.72339      4.2414251E-03  0.0000000E+00  0.0000000E+00  0.0000000E+00  0.0000000E+00  0.0000000E+00  4.6140701E-03  1.2319625E-03  1.3089833E-03  7.4090525E-03  3.9961375E-03  0.0000000E+00   1.107313    
         365          12          31        2021 rtu065          ru         4617.017      1.8137397E-02  0.1242714      5.0056364E-02   38.26986      7.0562027E-03  0.0000000E+00  0.0000000E+00  0.0000000E+00  0.0000000E+00  0.0000000E+00  6.3331160E-03  1.5130403E-03  1.6228072E-03  1.0316565E-02  5.4524383E-03  0.0000000E+00   1.077110    
         365          12          31        2021 rtu066          ru         2999.027      1.1526194E-02  7.3424041E-02  2.9578168E-02   24.02537      2.6958096E-03  0.0000000E+00  0.0000000E+00  0.0000000E+00  0.0000000E+00  0.0000000E+00  3.9764824E-03  1.1271755E-03  1.1920552E-03  6.3312044E-03  3.4558838E-03  0.0000000E+00   1.141171    
         365          12          31        2021 rtu067          ru         1855.637      5.9025723E-07  2.7347792E-07  8.2043402E-07   10.73386      2.7347792E-07  0.0000000E+00  0.0000000E+00  0.0000000E+00  0.0000000E+00  0.0000000E+00  5.9025752E-04  5.9025752E-04  5.9025752E-04  5.9025752E-04  5.9025752E-04  0.0000000E+00   1.158248    
         365          12          31        2021 rtu068          ru         1589.672      5.8275316E-04  4.2362744E-03  1.7103372E-03   13.42798      2.7384192E-03  0.0000000E+00  0.0000000E+00  0.0000000E+00  0.0000000E+00  0.0000000E+00  7.7924225E-04  6.1716221E-04  6.2084576E-04  9.1323181E-04  7.4961892E-04  0.0000000E+00   1.194314    
         365          12          31        2021 rtu069          ru         1354.174      2.8941914E-04  2.1192823E-03  8.5586542E-04   11.40650      2.4183949E-03  0.0000000E+00  0.0000000E+00  0.0000000E+00  0.0000000E+00  0.0000000E+00  6.6577480E-04  5.8478676E-04  5.8662653E-04  7.3272054E-04  6.5097399E-04  0.0000000E+00   1.228014    
         365          12          31        2021 rtu070          ru         1061.829      1.6317973E-04  1.1962856E-03  4.8327510E-04   8.988259      1.9620848E-03  0.0000000E+00  0.0000000E+00  0.0000000E+00  0.0000000E+00  0.0000000E+00  6.0301425E-04  5.5734633E-04  5.5837742E-04  6.4078678E-04  5.9466326E-04  0.0000000E+00   1.290863    
         365          12          31        2021 rtu071          ru         1446.366      4.6008150E-04  3.7485517E-03  1.5136813E-03   12.31289      3.0236407E-03  0.0000000E+00  0.0000000E+00  0.0000000E+00  0.0000000E+00  0.0000000E+00  7.3224650E-04  5.8962696E-04  5.9287477E-04  8.5010752E-04  7.0618879E-04  0.0000000E+00   1.207816    
         365          12          31        2021 rtu072          ru         1570.317      9.5076003E-04  7.6939031E-03  3.1062192E-03   13.21487      3.1033615E-03  0.0000000E+00  0.0000000E+00  0.0000000E+00  0.0000000E+00  0.0000000E+00  9.2743279E-04  6.3452416E-04  6.4119318E-04  1.1695297E-03  8.7390805E-04  0.0000000E+00   1.230488    
         365          12          31        2021 rtu073          ru         8282.580      0.3788980       2.200130      0.9876722       12.60857      0.6023121      0.0000000E+00  0.0000000E+00  0.0000000E+00  0.0000000E+00  0.0000000E+00  0.3641671      1.0363743E-02  1.1012077E-02  0.1065528      9.9682465E-02  0.0000000E+00   1.004789    
         365          12          31        2021 rtu074          ru         3643.924      0.3700805       1.817098      0.8584807       15.18057      0.3985165      0.0000000E+00  0.0000000E+00  0.0000000E+00  0.0000000E+00  0.0000000E+00  0.2934719      8.5264035E-03  9.0482077E-03  8.5987844E-02  8.0454759E-02  0.0000000E+00   1.006663    
         365          12          31        2021 rtu075          ru         15887.64       2.163352       11.23942       5.333909       45.40522       1.764283      0.0000000E+00  0.0000000E+00  0.0000000E+00  0.0000000E+00  0.0000000E+00   1.873702      5.1824126E-02  5.5163946E-02  0.5471739      0.5117967      0.0000000E+00   1.002387    
         365          12          31        2021 rtu076          ru         12341.86      2.0914087E-03  1.0451241E-02  4.9333870E-03   76.87814      6.3194390E-03  0.0000000E+00  0.0000000E+00  0.0000000E+00  0.0000000E+00  0.0000000E+00  2.4872834E-03  6.6432200E-04  6.7035598E-04  1.0031202E-03  9.8504918E-04  0.0000000E+00   1.022987    
         365          12          31        2021 rtu077          ru         18906.48      6.5584214E-07  3.5321971E-06  1.0596586E-05   103.6052      3.5321971E-06  0.0000000E+00  0.0000000E+00  0.0000000E+00  0.0000000E+00  0.0000000E+00  6.5584190E-04  6.5584190E-04  6.5584190E-04  6.5584190E-04  6.5584190E-04  0.0000000E+00   1.014232    
         365          12          31        2021 rtu078          ru         24645.50      6.3138907E-07  4.4062058E-06  1.3218621E-05   135.2585      4.4062058E-06  0.0000000E+00  0.0000000E+00  0.0000000E+00  0.0000000E+00  0.0000000E+00  6.3138944E-04  6.3138944E-04  6.3138944E-04  6.3138944E-04  6.3138944E-04  0.0000000E+00   1.010997    
         365          12          31        2021 rtu079          ru         3006.806      3.9138892E-03  1.1517552E-02  6.8462137E-03   10.84480      1.8566489E-02  0.0000000E+00  0.0000000E+00  0.0000000E+00  0.0000000E+00  0.0000000E+00  3.7687838E-03  6.1242457E-04  6.2136626E-04  9.8756456E-04  9.8313380E-04  0.0000000E+00   1.141837    
         365          12          31        2021 rtu080          ru         1515.840      5.8259667E-07  2.5365671E-07  7.6096990E-07   8.371614      2.5365671E-07  0.0000000E+00  0.0000000E+00  0.0000000E+00  0.0000000E+00  0.0000000E+00  5.8259646E-04  5.8259646E-04  5.8259646E-04  5.8259646E-04  5.8259646E-04  0.0000000E+00   1.176582    
         365          12          31        2021 rtu081          ru         14292.73      1.3789728E-03  4.3841694E-03  2.6156988E-03   69.12065      4.9368303E-02  0.0000000E+00  0.0000000E+00  0.0000000E+00  0.0000000E+00  0.0000000E+00  1.8597442E-03  6.6065730E-04  6.6405506E-04  8.0316217E-04  8.0147909E-04  0.0000000E+00   1.023043    
         365          12          31        2021 rtu082          ru         44564.61      5.9491811E-07  5.9746435E-06  1.7923943E-05   187.6290      5.9746435E-06  0.0000000E+00  0.0000000E+00  0.0000000E+00  0.0000000E+00  0.0000000E+00  5.9491850E-04  5.9491850E-04  5.9491850E-04  5.9491850E-04  5.9491850E-04  0.0000000E+00   1.006683    
         365          12          31        2021 rtu083          ru         30722.71      5.8478571E-07  4.9599348E-06  1.4879804E-05   161.7335      4.9599348E-06  0.0000000E+00  0.0000000E+00  0.0000000E+00  0.0000000E+00  0.0000000E+00  5.8478548E-04  5.8478548E-04  5.8478548E-04  5.8478548E-04  5.8478548E-04  0.0000000E+00   1.009525    
         365          12          31        2021 rtu084          ru         30782.70      5.8812321E-07  5.1195379E-06  1.5358610E-05   168.3516      5.1195379E-06  0.0000000E+00  0.0000000E+00  0.0000000E+00  0.0000000E+00  0.0000000E+00  5.8812334E-04  5.8812334E-04  5.8812334E-04  5.8812334E-04  5.8812334E-04  0.0000000E+00   1.008807    
         365          12          31        2021 rtu085          ru         4728.599      6.4820563E-07  8.8271315E-07  2.6481403E-06   26.19802      8.8271315E-07  0.0000000E+00  0.0000000E+00  0.0000000E+00  0.0000000E+00  0.0000000E+00  6.4820546E-04  6.4820546E-04  6.4820546E-04  6.4820546E-04  6.4820546E-04  0.0000000E+00   1.056408    
         365          12          31        2021 rtu086          ru         412431.1       35.05305       171.8922       75.25625       327.6674       13.45909      0.0000000E+00  0.0000000E+00  0.0000000E+00  0.0000000E+00  0.0000000E+00   37.00064      0.6179221      0.7392958       7.388529       7.027819      0.0000000E+00   1.000059    
         365          12          31        2021 rtu087          ru         22345.43      0.7480404       6.534039       2.585105       68.90458       2.194883      0.0000000E+00  0.0000000E+00  0.0000000E+00  0.0000000E+00  0.0000000E+00  0.3131225      4.7765121E-02  5.3808112E-02  0.5324150      0.2646397      0.0000000E+00   1.035240    
         365          12          31        2021 rtu088          ru         60186.15      5.3937976E-07  1.0761501E-05  3.2284497E-05   2696.994      1.0761501E-05  0.0000000E+00  0.0000000E+00  0.0000000E+00  0.0000000E+00  0.0000000E+00  5.3938007E-04  5.3938007E-04  5.3938007E-04  5.3938007E-04  5.3938007E-04  0.0000000E+00   1.005934    
         365          12          31        2021 rtu089          ru         11200.50      6.6164552E-07  2.0574003E-06  6.1721989E-06   60.07757      2.0574003E-06  0.0000000E+00  0.0000000E+00  0.0000000E+00  0.0000000E+00  0.0000000E+00  6.6164607E-04  6.6164607E-04  6.6164607E-04  6.6164607E-04  6.6164607E-04  0.0000000E+00   1.024730    
         365          12          31        2021 rtu090          ru         8951.157      6.7403300E-07  1.6715079E-06  5.0145227E-06   48.19110      1.6715079E-06  0.0000000E+00  0.0000000E+00  0.0000000E+00  0.0000000E+00  0.0000000E+00  6.7403325E-04  6.7403325E-04  6.7403325E-04  6.7403325E-04  6.7403325E-04  0.0000000E+00   1.030952    
         365          12          31        2021 rtu091          ru         12827.12      6.0413089E-07  2.5846343E-06  7.7539016E-06   577.1089      2.5846343E-06  0.0000000E+00  0.0000000E+00  0.0000000E+00  0.0000000E+00  0.0000000E+00  6.0413044E-04  6.0413044E-04  6.0413044E-04  6.0413044E-04  6.0413044E-04  0.0000000E+00   1.027825    
         365          12          31        2021 rtu092          ru         2488.990      1.1279072E-02  5.2351639E-02  2.4741909E-02   11.55538      1.0214163E-02  0.0000000E+00  0.0000000E+00  0.0000000E+00  0.0000000E+00  0.0000000E+00  9.7305542E-03  7.3747599E-04  7.6742342E-04  2.4104142E-03  2.3212491E-03  0.0000000E+00   1.132053    
         365          12          31        2021 rtu093          ru         103820.8      5.2438810E-07  1.5186674E-05  4.5560035E-05   558.1980      1.5186674E-05  0.0000000E+00  0.0000000E+00  0.0000000E+00  0.0000000E+00  0.0000000E+00  5.2438816E-04  5.2438816E-04  5.2438816E-04  5.2438816E-04  5.2438816E-04  0.0000000E+00   1.002659    
         365          12          31        2021 rtu094          ru         24978.65      5.7615603E-07  4.7675931E-06  1.4302782E-05   1119.702      4.7675931E-06  0.0000000E+00  0.0000000E+00  0.0000000E+00  0.0000000E+00  0.0000000E+00  5.7615613E-04  5.7615613E-04  5.7615613E-04  5.7615613E-04  5.7615613E-04  0.0000000E+00   1.014420    
         365          12          31        2021 rtu095          ru         2912.095      0.5041859       2.302739       1.093968       15.11478      0.1571532      0.0000000E+00  0.0000000E+00  0.0000000E+00  0.0000000E+00  0.0000000E+00  0.4407599      7.8685833E-03  9.3113277E-03  8.8411592E-02  8.4119737E-02  0.0000000E+00   1.013933    
         365          12          31        2021 rtu096          ru         49618.88      0.5228530       32.61901       4.932348       1475.345       1.730670      0.0000000E+00  0.0000000E+00  0.0000000E+00  0.0000000E+00  0.0000000E+00  0.5403259      5.9962901E-03  7.5120656E-03  6.9523603E-02  6.8773568E-02  0.0000000E+00   1.011671    
         365          12          31        2021 rtu097          ru         1032.695      5.6554751E-07  1.9190165E-07  5.7570463E-07   45.94834      1.9190165E-07  0.0000000E+00  0.0000000E+00  0.0000000E+00  0.0000000E+00  0.0000000E+00  5.6554726E-04  5.6554726E-04  5.6554726E-04  5.6554726E-04  5.6554726E-04  0.0000000E+00   1.429425    
         365          12          31        2021 rtu098          ru         2320.384      0.4768296       2.139439       1.018890       12.94717      0.1095304      0.0000000E+00  0.0000000E+00  0.0000000E+00  0.0000000E+00  0.0000000E+00  0.4146938      7.4369912E-03  8.7944893E-03  8.3210625E-02  7.9172984E-02  0.0000000E+00   1.014657    
         365          12          31        2021 rtu099          ru         4816.048       1.144746       4.790318       2.205092       12.36639      0.2343590      0.0000000E+00  0.0000000E+00  0.0000000E+00  0.0000000E+00  0.0000000E+00  0.9977093      1.7215246E-02  2.0485867E-02  0.1996758      0.1899548      0.0000000E+00   1.004114    
         365          12          31        2021 rtu100          ru         23116.82      4.9259484E-02  0.2373718      0.1118127       143.5157      4.7523011E-02  0.0000000E+00  0.0000000E+00  0.0000000E+00  0.0000000E+00  0.0000000E+00  4.2788066E-02  1.3597532E-03  1.4978900E-03  9.0686120E-03  8.6578792E-03  0.0000000E+00   1.013614    
         365          12          31        2021 rtu101          ru         10531.06      6.9097348E-07  2.0230545E-06  6.0691609E-06   60.06943      2.0230545E-06  0.0000000E+00  0.0000000E+00  0.0000000E+00  0.0000000E+00  0.0000000E+00  6.9097383E-04  6.9097383E-04  6.9097383E-04  6.9097383E-04  6.9097383E-04  0.0000000E+00   1.025877    
         365          12          31        2021 rtu102          ru         4471.149      2.1155555E-02  0.1160956      4.8284389E-02   55.40567      6.2304851E-02  0.0000000E+00  0.0000000E+00  0.0000000E+00  0.0000000E+00  0.0000000E+00  1.9163566E-02  9.8294672E-04  1.0435897E-03  4.3658698E-03  4.1856365E-03  0.0000000E+00   1.016711    
         365          12          31        2021 rtu103          ru         4965.579      8.3875246E-03  3.2128394E-02  1.5926974E-02   44.74715      1.9518156E-02  0.0000000E+00  0.0000000E+00  0.0000000E+00  0.0000000E+00  0.0000000E+00  8.1843967E-03  7.6306600E-04  7.8410661E-04  1.6453882E-03  1.6349712E-03  0.0000000E+00   1.062723    
         365          12          31        2021 rtu104          ru         9177.194      3.4070395E-02  0.1872236      7.9776913E-02   101.7145      0.1551297      0.0000000E+00  0.0000000E+00  0.0000000E+00  0.0000000E+00  0.0000000E+00  3.0899417E-02  1.2212384E-03  1.3201763E-03  6.7426166E-03  6.4483960E-03  0.0000000E+00   1.007862    
         365          12          31        2021 rtu105          ru         59124.55      0.4297303       1.606855      0.8991207       167.6070       3.766330      0.0000000E+00  0.0000000E+00  0.0000000E+00  0.0000000E+00  0.0000000E+00  0.4134434      4.8215198E-03  5.9804833E-03  5.3401295E-02  5.2827720E-02  0.0000000E+00   1.001775    
         365          12          31        2021 rtu106          ru         143007.4       54.11228       267.5890       120.4671       411.0846       21.58121      0.0000000E+00  0.0000000E+00  0.0000000E+00  0.0000000E+00  0.0000000E+00   41.70151       1.143164       1.217539       12.17106       11.38350      0.0000000E+00   1.000190    
         365          12          31        2021 rtu107          ru         34737.20       4.466124       22.74465       11.28630       153.2925       6.860423      0.0000000E+00  0.0000000E+00  0.0000000E+00  0.0000000E+00  0.0000000E+00   3.735907      0.1029888      0.1096505       1.090782       1.020239      0.0000000E+00   1.000949    
         365          12          31        2021 rtu108          ru         6996.159      0.1813728       1.639721       1.163906       463.1314      0.8054744      0.0000000E+00  0.0000000E+00  0.0000000E+00  0.0000000E+00  0.0000000E+00  0.1628295      3.4171604E-03  3.9489619E-03  3.3082426E-02  3.1501982E-02  0.0000000E+00   1.010419    
         365          12          31        2021 rtu109          ru         11091.53      6.9841772E-02  0.4377664      0.2604865       373.6381      0.6265097      0.0000000E+00  0.0000000E+00  0.0000000E+00  0.0000000E+00  0.0000000E+00  6.0532290E-02  1.7146063E-03  1.9106460E-03  1.2658325E-02  1.2075202E-02  0.0000000E+00   1.006246    
         365          12          31        2021 rtu110          ru         16399.95      9.1668949E-02  0.4866323      0.2093766       127.0265      0.2424665      0.0000000E+00  0.0000000E+00  0.0000000E+00  0.0000000E+00  0.0000000E+00  8.1784017E-02  2.0682686E-03  2.3340452E-03  1.6900828E-02  1.6110521E-02  0.0000000E+00   1.004152    
         365          12          31        2021 rtu111          ru         16675.20      0.1496631      0.7595503      0.3451237       116.0467      0.4142968      0.0000000E+00  0.0000000E+00  0.0000000E+00  0.0000000E+00  0.0000000E+00  0.1297964      2.8698312E-03  3.2931142E-03  2.6488185E-02  2.5229817E-02  0.0000000E+00   1.003562    
         365          12          31        2021 rtu112          ru         310981.8       20.79252       197.4695       139.4555       15382.82       364.7408      0.0000000E+00  0.0000000E+00  0.0000000E+00  0.0000000E+00  0.0000000E+00   18.26546      0.5010410      0.5336170       5.331218       4.986269      0.0000000E+00   1.000117    
         365          12          31        2021 rtu113          ru         61698.29      0.1299456      0.4614081      0.2932590       355.0633      0.3107918      0.0000000E+00  0.0000000E+00  0.0000000E+00  0.0000000E+00  0.0000000E+00  0.1203714      1.9114085E-03  2.2473333E-03  1.5994450E-02  1.5828174E-02  0.0000000E+00   1.004623    
         365          12          31        2021 rtu114          ru         15003.29      0.4434510       3.259403       2.908468       656.5813       4.126366      0.0000000E+00  0.0000000E+00  0.0000000E+00  0.0000000E+00  0.0000000E+00  0.4425207      5.1190369E-03  6.3598203E-03  5.7121579E-02  5.6507614E-02  0.0000000E+00   1.003781    
         365          12          31        2021 rtu115          ru         14954.58      0.2806177       1.417793      0.6543207       116.4651      0.3907439      0.0000000E+00  0.0000000E+00  0.0000000E+00  0.0000000E+00  0.0000000E+00  0.2477086      4.8379549E-03  5.6480635E-03  5.0033089E-02  4.7625199E-02  0.0000000E+00   1.003640    
         365          12          31        2021 rtu116          ru         22509.99      3.4190670E-02  0.1253229      6.9065891E-02   155.5621      8.6539917E-02  0.0000000E+00  0.0000000E+00  0.0000000E+00  0.0000000E+00  0.0000000E+00  3.2256842E-02  1.0373447E-03  1.1258323E-03  4.7483649E-03  4.7045448E-03  0.0000000E+00   1.013255    
         365          12          31        2021 rtu117          ru         1948.091      2.2447242E-03  7.8695035E-03  4.6312870E-03   12.85311      6.5028719E-03  0.0000000E+00  0.0000000E+00  0.0000000E+00  0.0000000E+00  0.0000000E+00  2.6523715E-03  6.3826970E-04  6.4398360E-04  8.7773195E-04  8.7490480E-04  0.0000000E+00   1.151970    
         365          12          31        2021 rtu118          ru         10725.55      1.4705162E-02  5.2327976E-02  3.0772647E-02   67.26334      4.1855797E-02  0.0000000E+00  0.0000000E+00  0.0000000E+00  0.0000000E+00  0.0000000E+00  1.4242715E-02  8.5919636E-04  8.9715578E-04  2.4501788E-03  2.4313955E-03  0.0000000E+00   1.027371    
         365          12          31        2021 rtu119          ru         26495.96       9.391721       47.46373       22.62915       127.0846       5.477606      0.0000000E+00  0.0000000E+00  0.0000000E+00  0.0000000E+00  0.0000000E+00   7.277270      0.1999542      0.2129322       2.124276       1.986849      0.0000000E+00   1.001030    
         365          12          31        2021 rtu120          ru         7096.463      2.2655588E-03  0.1246886      1.8324303E-02   196.5146      2.2334363E-02  0.0000000E+00  0.0000000E+00  0.0000000E+00  0.0000000E+00  0.0000000E+00  2.7993754E-03  7.4313366E-04  7.4893457E-04  9.8722277E-04  9.8433916E-04  0.0000000E+00   1.059953    
         365          12          31        2021 rtu121          ru         29883.66      0.5780938       5.399761       3.874346       1855.938       4.697175      0.0000000E+00  0.0000000E+00  0.0000000E+00  0.0000000E+00  0.0000000E+00  0.5113426      9.2334719E-03  1.0908348E-02  0.1026715      9.7693443E-02  0.0000000E+00   1.002163    
         365          12          31        2021 rtu122          ru         18822.72      0.5830449       3.558564       2.200403       556.1597       2.699080      0.0000000E+00  0.0000000E+00  0.0000000E+00  0.0000000E+00  0.0000000E+00  0.4892815      8.8675320E-03  1.0470076E-02  9.8268144E-02  9.3505159E-02  0.0000000E+00   1.002477    
         365          12          31        2021 rtu123          ru         21928.85      1.4186117E-02  7.5880773E-02  5.5944327E-02   736.6825      0.2628095      0.0000000E+00  0.0000000E+00  0.0000000E+00  0.0000000E+00  0.0000000E+00  1.3454913E-02  8.4545178E-04  8.8110258E-04  2.3437028E-03  2.3260068E-03  0.0000000E+00   1.012421    
         365          12          31        2021 rtu124          ru         34086.50      0.4294696       2.898447       1.840181       1178.563       2.509773      0.0000000E+00  0.0000000E+00  0.0000000E+00  0.0000000E+00  0.0000000E+00  0.3755851      6.9649215E-03  8.1944801E-03  7.5561196E-02  7.1906596E-02  0.0000000E+00   1.002017    
         365          12          31        2021 rtu125          ru         78550.62       14.76162       72.01642       35.65618       152.0984       17.73586      0.0000000E+00  0.0000000E+00  0.0000000E+00  0.0000000E+00  0.0000000E+00   11.93453      0.3275371      0.3488214       3.483490       3.258106      0.0000000E+00   1.000329    
         365          12          31        2021 rtu126          ru         116648.1      0.2948684       1.247036      0.6838741       702.8992       1.029065      0.0000000E+00  0.0000000E+00  0.0000000E+00  0.0000000E+00  0.0000000E+00  0.3117968      3.8074364E-03  4.6810200E-03  4.0423974E-02  3.9991651E-02  0.0000000E+00   1.004205    
         365          12          31        2021 rtu127          ru         87793.61       18.64356       77.05060       35.64050       95.30389       12.98176      0.0000000E+00  0.0000000E+00  0.0000000E+00  0.0000000E+00  0.0000000E+00   15.09180      0.4140521      0.4409676       4.404950       4.119938      0.0000000E+00   1.000282    
         365          12          31        2021 rtu128          ru         7194.249       2.588888       12.80691       6.203231       30.41765       1.211213      0.0000000E+00  0.0000000E+00  0.0000000E+00  0.0000000E+00  0.0000000E+00   2.273996      3.8508669E-02  4.5966394E-02  0.4545201      0.4323568      0.0000000E+00   1.003613    
         365          12          31        2021 rtu129          ru         4567.427      0.3923307       2.074146       1.067378       92.91798      0.8843824      0.0000000E+00  0.0000000E+00  0.0000000E+00  0.0000000E+00  0.0000000E+00  0.3287422      9.6145701E-03  1.0199745E-02  9.6382767E-02  9.0186037E-02  0.0000000E+00   1.007611    
         365          12          31        2021 rtu130          ru         11913.94      0.1515561      0.7507338      0.3429431       65.12134      0.6283833      0.0000000E+00  0.0000000E+00  0.0000000E+00  0.0000000E+00  0.0000000E+00  0.1307577      2.8866590E-03  3.3131137E-03  2.6681200E-02  2.5413446E-02  0.0000000E+00   1.004349    
         365          12          31        2021 rtu131          ru         8344.517      0.1145838      0.5687208      0.2655272       62.36903      0.2107319      0.0000000E+00  0.0000000E+00  0.0000000E+00  0.0000000E+00  0.0000000E+00  0.1003569      2.3797788E-03  2.7065675E-03  2.0611430E-02  1.9640079E-02  0.0000000E+00   1.008444    
         365          12          31        2021 rtu132          ru         27378.82       3.076401       15.93959       8.520740       253.2316       8.311085      0.0000000E+00  0.0000000E+00  0.0000000E+00  0.0000000E+00  0.0000000E+00   2.545067      7.0351183E-02  7.4888997E-02  0.7432243      0.6951703      0.0000000E+00   1.001129    
         365          12          31        2021 rtu133          ru         1165.765      1.4505506E-03  1.3691030E-02  1.2048900E-02   141.5351      3.5838723E-02  0.0000000E+00  0.0000000E+00  0.0000000E+00  0.0000000E+00  0.0000000E+00  1.8843936E-03  5.8928691E-04  5.9294485E-04  7.4325158E-04  7.4143370E-04  0.0000000E+00   1.238375    
         365          12          31        2021 rtu134          ru         344007.3       37.51513       261.4539       167.5228       7053.222       227.3589      0.0000000E+00  0.0000000E+00  0.0000000E+00  0.0000000E+00  0.0000000E+00   29.90091      0.8197224      0.8730506       8.726937       8.162241      0.0000000E+00   1.000089    
         365          12          31        2021 rtu135          ru         5065.339      1.4999292E-02  8.9388087E-02  3.2901119E-02   119.2699      0.1535674      0.0000000E+00  0.0000000E+00  0.0000000E+00  0.0000000E+00  0.0000000E+00  1.2867782E-02  8.7620382E-04  9.1620762E-04  3.1077161E-03  2.9888311E-03  0.0000000E+00   1.010785    
         365          12          31        2021 rtu136          ru         1965.478      1.3601316E-04  7.4587674E-03  1.0843698E-03   60.23062      5.5904766E-03  0.0000000E+00  0.0000000E+00  0.0000000E+00  0.0000000E+00  0.0000000E+00  7.0091558E-04  5.8162451E-04  5.8194232E-04  5.9578911E-04  5.9562171E-04  0.0000000E+00   1.137759    
         365          12          31        2021 rtu137          ru         16742.47      3.8958170E-02  0.1450055      7.1190290E-02   171.2802      6.6546284E-02  0.0000000E+00  0.0000000E+00  0.0000000E+00  0.0000000E+00  0.0000000E+00  3.4274988E-02  1.0590648E-03  1.1532614E-03  5.0080195E-03  4.9613966E-03  0.0000000E+00   1.015358    
         365          12          31        2021 rtu138          ru         9525.131      0.3717409       1.889121      0.9059943       61.70330       1.717570      0.0000000E+00  0.0000000E+00  0.0000000E+00  0.0000000E+00  0.0000000E+00  0.3042471      8.8653015E-03  9.4069559E-03  8.9178450E-02  8.3442815E-02  0.0000000E+00   1.004456    
         365          12          31        2021 rtu139          ru         2724.330      4.5157820E-03  3.1781062E-02  1.1960004E-02   30.90516      1.5247238E-02  0.0000000E+00  0.0000000E+00  0.0000000E+00  0.0000000E+00  0.0000000E+00  2.0314020E-03  8.5314928E-04  8.7998185E-04  3.0051130E-03  1.8161277E-03  0.0000000E+00   1.075675    
         365          12          31        2021 rtu140          ru         1904.954      1.1359465E-03  4.3019396E-03  2.1111262E-03   19.18062      5.6758230E-03  0.0000000E+00  0.0000000E+00  0.0000000E+00  0.0000000E+00  0.0000000E+00  1.6009164E-03  6.2407675E-04  6.2684796E-04  7.4021594E-04  7.3884474E-04  0.0000000E+00   1.115958    
         365          12          31        2021 rtu141          ru         18254.56      9.9097006E-02  0.5668845      0.2585323       120.5903      0.5921369      0.0000000E+00  0.0000000E+00  0.0000000E+00  0.0000000E+00  0.0000000E+00  9.4798744E-02  2.2835899E-03  2.5920682E-03  1.9497890E-02  1.8580668E-02  0.0000000E+00   1.003271    
         365          12          31        2021 rtu142          ru         1552.649      3.5874401E-03  1.2220706E-02  8.2026571E-03   7.854090      7.0343912E-03  0.0000000E+00  0.0000000E+00  0.0000000E+00  0.0000000E+00  0.0000000E+00  3.8915549E-03  6.3710235E-04  6.4631720E-04  1.0240177E-03  1.0194493E-03  0.0000000E+00   1.207945    
         365          12          31        2021 rtu143          ru         16683.03      0.2871718       1.599409      0.7434081       103.0941       1.081663      0.0000000E+00  0.0000000E+00  0.0000000E+00  0.0000000E+00  0.0000000E+00  0.2686038      5.1855668E-03  6.0642445E-03  5.4204576E-02  5.1592965E-02  0.0000000E+00   1.003477    
         365          12          31        2021 rtu144          ru         9258.383      4.5883518E-02  0.2271222      0.1044834       82.53262      0.2167420      0.0000000E+00  0.0000000E+00  0.0000000E+00  0.0000000E+00  0.0000000E+00  3.8431093E-02  1.3472615E-03  1.4709069E-03  8.2469229E-03  7.8792721E-03  0.0000000E+00   1.007048    
         365          12          31        2021 rtu145          ru         12406.65      4.3103557E-02  0.2208050      0.1012619       85.58802      0.2813668      0.0000000E+00  0.0000000E+00  0.0000000E+00  0.0000000E+00  0.0000000E+00  3.8042214E-02  1.3382436E-03  1.4605373E-03  8.1663895E-03  7.8025172E-03  0.0000000E+00   1.005258    
         365          12          31        2021 rtu146          ru         19239.09      0.2594192       1.256831      0.6554639       167.9149      0.6036119      0.0000000E+00  0.0000000E+00  0.0000000E+00  0.0000000E+00  0.0000000E+00  0.2172393      4.3290565E-03  5.0391802E-03  4.3948408E-02  4.1837569E-02  0.0000000E+00   1.003631    
         365          12          31        2021 rtu147          ru         8862.658      0.5748767       2.775939       1.332514       40.95659      0.7572016      0.0000000E+00  0.0000000E+00  0.0000000E+00  0.0000000E+00  0.0000000E+00  0.4901735      8.8414541E-03  1.0447187E-02  9.8413840E-02  9.3641795E-02  0.0000000E+00   1.002191    
         365          12          31        2021 rtu148          ru         32144.14       13.07964       58.09002       30.42946       94.06179       7.469904      0.0000000E+00  0.0000000E+00  0.0000000E+00  0.0000000E+00  0.0000000E+00   10.26316      0.2817705      0.3000743       2.995727       2.801909      0.0000000E+00   1.000704    
         365          12          31        2021 rtu149          ru         73215.50      0.4814269       1.832356       1.149974       160.3224       2.466954      0.0000000E+00  0.0000000E+00  0.0000000E+00  0.0000000E+00  0.0000000E+00  0.5126775      5.8121909E-03  7.2498545E-03  6.6072710E-02  6.5361232E-02  0.0000000E+00   1.002231    
         365          12          31        2021 rtu150          ru         205265.4      0.4745464       1.684043       1.112521       773.0291       4.426985      0.0000000E+00  0.0000000E+00  0.0000000E+00  0.0000000E+00  0.0000000E+00  0.4621656      5.2903090E-03  6.5860860E-03  5.9606377E-02  5.8965079E-02  0.0000000E+00   1.000381    
         365          12          31        2021 rtu151          ru         454879.9       4.968386       32.56404       21.18202       13063.38       39.55049      0.0000000E+00  0.0000000E+00  0.0000000E+00  0.0000000E+00  0.0000000E+00   4.282059      7.2126381E-02  8.6170599E-02  0.8555675      0.8138288      0.0000000E+00   1.000131    
         365          12          31        2021 rtu152          ru         3230.525      0.1266203      0.9730979      0.6110638       102.4744      0.4743548      0.0000000E+00  0.0000000E+00  0.0000000E+00  0.0000000E+00  0.0000000E+00  0.1179053      2.5782986E-03  2.9630363E-03  2.4039976E-02  2.2896595E-02  0.0000000E+00   1.011713    
         365          12          31        2021 rtu153          ru         102634.2       7.072213       65.22860       47.27108       5772.561       110.1297      0.0000000E+00  0.0000000E+00  0.0000000E+00  0.0000000E+00  0.0000000E+00   6.010273      0.1652793      0.1759975       1.754538       1.641041      0.0000000E+00   1.000375    
         365          12          31        2021 rtu154          ru         166376.4       11.97890       111.8613       81.06245       8493.820       185.8896      0.0000000E+00  0.0000000E+00  0.0000000E+00  0.0000000E+00  0.0000000E+00   10.21160      0.2803902      0.2986017       2.980702       2.787857      0.0000000E+00   1.000214    
         365          12          31        2021 rtu155          ru         109484.0       20.88819       84.85503       41.60540       107.4491       19.70034      0.0000000E+00  0.0000000E+00  0.0000000E+00  0.0000000E+00  0.0000000E+00   16.86474      0.4626250      0.4927027       4.922382       4.603887      0.0000000E+00   1.000219    
         365          12          31        2021 rtu156          ru         8251.892      0.3178005       1.224710      0.7554182       38.50657      0.2690427      0.0000000E+00  0.0000000E+00  0.0000000E+00  0.0000000E+00  0.0000000E+00  0.3084428      3.7702858E-03  4.6346169E-03  3.9993577E-02  3.9565910E-02  0.0000000E+00   1.010923    
         365          12          31        2021 rtu157          ru         113529.2       1.009334       7.368092       5.095209       8594.322       7.745869      0.0000000E+00  0.0000000E+00  0.0000000E+00  0.0000000E+00  0.0000000E+00  0.8759443      1.5301635E-02  1.8172493E-02  0.1754595      0.1669268      0.0000000E+00   1.000619    
         365          12          31        2021 rtu158          ru         97324.39       11.20082       78.10742       49.84332       2999.539       33.32533      0.0000000E+00  0.0000000E+00  0.0000000E+00  0.0000000E+00  0.0000000E+00   10.15340      0.1700604      0.2033644       2.027894       1.928916      0.0000000E+00   1.000243    
         365          12          31        2021 rtu159          ru         23739.53       6.740842       32.71344       17.44100       100.4202       7.367383      0.0000000E+00  0.0000000E+00  0.0000000E+00  0.0000000E+00  0.0000000E+00   5.300007      0.1457767      0.1552284       1.547219       1.447134      0.0000000E+00   1.000988    
         365          12          31        2021 rtu160          ru         15469.97      0.2164751       1.985497       1.737099       688.8981       3.487376      0.0000000E+00  0.0000000E+00  0.0000000E+00  0.0000000E+00  0.0000000E+00  0.2190894      2.8932437E-03  3.5064826E-03  2.8596090E-02  2.8292624E-02  0.0000000E+00   1.003469    
         365          12          31        2021 rtu161          ru         21371.25      0.1033958      0.8062875      0.8199764       3038.711       1.793476      0.0000000E+00  0.0000000E+00  0.0000000E+00  0.0000000E+00  0.0000000E+00  0.1067156      1.7783617E-03  2.0759408E-03  1.4253796E-02  1.4106501E-02  0.0000000E+00   1.018787    
         365          12          31        2021 rtu162          ru         178825.0       5.812963       40.21072       25.50500       4548.569       55.26385      0.0000000E+00  0.0000000E+00  0.0000000E+00  0.0000000E+00  0.0000000E+00   5.126864      8.6159661E-02  0.1029743       1.024191      0.9742160      0.0000000E+00   1.000189    
         365          12          31        2021 rtu163          ru         11369.30      6.4826054E-07  2.0550176E-06  6.1650530E-06   61.17915      2.0550176E-06  0.0000000E+00  0.0000000E+00  0.0000000E+00  0.0000000E+00  0.0000000E+00  6.4826017E-04  6.4826017E-04  6.4826017E-04  6.4826017E-04  6.4826017E-04  0.0000000E+00   1.024374    
         365          12          31        2021 rtu164          ru         18669.68      6.7569334E-07  4.0524433E-06  1.2157327E-05   825.9225      4.0524433E-06  0.0000000E+00  0.0000000E+00  0.0000000E+00  0.0000000E+00  0.0000000E+00  6.7569368E-04  6.7569368E-04  6.7569368E-04  6.7569368E-04  6.7569368E-04  0.0000000E+00   1.018984    
         365          12          31        2021 rtu165          ru         21602.13      1.4094301E-02  7.3787034E-02  3.3974241E-02   46.91518      1.7110363E-02  0.0000000E+00  0.0000000E+00  0.0000000E+00  0.0000000E+00  0.0000000E+00  1.3486310E-02  8.9674536E-04  9.3867199E-04  3.2389855E-03  3.1141713E-03  0.0000000E+00   1.014473    
         365          12          31        2021 rtu166          ru         3453.736      4.7479919E-03  1.7078634E-02  1.0140505E-02   12.96821      3.3887547E-02  0.0000000E+00  0.0000000E+00  0.0000000E+00  0.0000000E+00  0.0000000E+00  5.3277691E-03  6.3662243E-04  6.4991141E-04  1.1942441E-03  1.1876593E-03  0.0000000E+00   1.127537    
         365          12          31        2021 rtu167          ru         16223.50      6.5752459E-07  2.6671896E-06  8.0015679E-06   78.32243      1.1735107E-03  0.0000000E+00  0.0000000E+00  0.0000000E+00  0.0000000E+00  0.0000000E+00  6.5752462E-04  6.5752462E-04  6.5752462E-04  6.5752462E-04  6.5752462E-04  0.0000000E+00   1.019406    
         365          12          31        2021 rtu168          ru         2310.366      1.1042240E-04  4.5374714E-04  2.1484790E-04   15.56919      3.5664663E-04  0.0000000E+00  0.0000000E+00  0.0000000E+00  0.0000000E+00  0.0000000E+00  6.6931942E-04  5.8995141E-04  5.9020403E-04  6.0460984E-04  6.0382241E-04  0.0000000E+00   1.116742    
         365          12          31        2021 rtu169          ru         24393.77      0.3335693       1.791227      0.8454993       116.2943      0.6097288      0.0000000E+00  0.0000000E+00  0.0000000E+00  0.0000000E+00  0.0000000E+00  0.3140668      5.8612251E-03  6.8892869E-03  6.3214988E-02  6.0159329E-02  0.0000000E+00   1.016426    
         365          12          31        2021 rtu170          ru         2654.949      6.1736489E-07  4.7017258E-07  1.4105185E-06   14.48907      4.7017258E-07  0.0000000E+00  0.0000000E+00  0.0000000E+00  0.0000000E+00  0.0000000E+00  6.1736465E-04  6.1736465E-04  6.1736465E-04  6.1736465E-04  6.1736465E-04  0.0000000E+00   1.100861    
         365          12          31        2021 rtu171          ru         128520.0      0.2651214      0.9859214      0.5769264       270.6053       1.077878      0.0000000E+00  0.0000000E+00  0.0000000E+00  0.0000000E+00  0.0000000E+00  0.2610433      3.3034254E-03  4.0344498E-03  3.3945672E-02  3.3583887E-02  0.0000000E+00   2.284807    
         365          12          31        2021 rtu172          ru         6498.148      2.7100230E-03  8.9297881E-03  5.5772560E-03   13.45441      2.7378112E-02  0.0000000E+00  0.0000000E+00  0.0000000E+00  0.0000000E+00  0.0000000E+00  3.1007403E-03  7.4908003E-04  7.5571885E-04  1.0286429E-03  1.0253418E-03  0.0000000E+00   21375.82    
         365          12          31        2021 rtu173          ru         6242.620      2.4000892E-02  0.1171734      5.4922551E-02   23.03187      0.1085212      0.0000000E+00  0.0000000E+00  0.0000000E+00  0.0000000E+00  0.0000000E+00  2.0834558E-02  1.0425862E-03  1.1086046E-03  4.7253231E-03  4.5291116E-03  0.0000000E+00   1.012814    
         365          12          31        2021 rtu174          ru         17117.23      5.1872235E-02  0.2948255      0.1129629       134.3636      0.3893614      0.0000000E+00  0.0000000E+00  0.0000000E+00  0.0000000E+00  0.0000000E+00  4.3856960E-02  1.4392073E-03  1.5806721E-03  9.3321474E-03  8.9116171E-03  0.0000000E+00   1.004358    
         365          12          31        2021 rtu175          ru         33774.08      0.1374529      0.9687997      0.6468958       869.2891       2.673863      0.0000000E+00  0.0000000E+00  0.0000000E+00  0.0000000E+00  0.0000000E+00  0.1162184      2.6439682E-03  3.0226836E-03  2.3777675E-02  2.2651659E-02  0.0000000E+00   1.002435    
         365          12          31        2021 rtu176          ru         17601.32      5.1571589E-02  0.3435381      0.2707840       411.5440       1.714864      0.0000000E+00  0.0000000E+00  0.0000000E+00  0.0000000E+00  0.0000000E+00  4.6744447E-02  1.1817544E-03  1.3109868E-03  6.5982030E-03  6.5342514E-03  0.0000000E+00   1.017394    
         365          12          31        2021 rtu177          ru         7813.207      7.2747364E-04  3.3476967E-03  1.5837062E-03   52.98977      1.4732495E-03  0.0000000E+00  0.0000000E+00  0.0000000E+00  0.0000000E+00  0.0000000E+00  1.2676419E-03  6.8323204E-04  6.8516313E-04  7.9174124E-04  7.8595028E-04  0.0000000E+00   1.034106    
         365          12          31        2021 rtu178          ru         2010.177      8.4361440E-05  3.4701460E-04  1.6442689E-04   13.56877      3.0510194E-04  0.0000000E+00  0.0000000E+00  0.0000000E+00  0.0000000E+00  0.0000000E+00  6.3737179E-04  5.7674933E-04  5.7694205E-04  5.8791600E-04  5.8731402E-04  0.0000000E+00   1.133389    
         365          12          31        2021 rtu179          ru         3765.517      6.3983492E-07  8.0565394E-07  2.4169642E-06   170.1847      8.0565394E-07  0.0000000E+00  0.0000000E+00  0.0000000E+00  0.0000000E+00  0.0000000E+00  6.3983450E-04  6.3983450E-04  6.3983450E-04  6.3983450E-04  6.3983450E-04  0.0000000E+00   1.095563    
         365          12          31        2021 rtu180          ru         372800.9      0.4190934       1.817574      0.9115304       2742.804       3.281202      0.0000000E+00  0.0000000E+00  0.0000000E+00  0.0000000E+00  0.0000000E+00  0.4066634      4.7417106E-03  5.8817025E-03  5.2524984E-02  5.1960811E-02  0.0000000E+00   1.000873    
         365          12          31        2021 rtu181          ru         9995.795      0.2133973       1.540870      0.9791259       345.0308       1.263788      0.0000000E+00  0.0000000E+00  0.0000000E+00  0.0000000E+00  0.0000000E+00  0.1891933      3.8621114E-03  4.4802576E-03  3.8349420E-02  3.6512002E-02  0.0000000E+00   1.005355    
         365          12          31        2021 rtu182          ru         1290.535      1.4524208E-03  8.9632822E-03  6.9190664E-03   48.53890      1.7783752E-02  0.0000000E+00  0.0000000E+00  0.0000000E+00  0.0000000E+00  0.0000000E+00  1.9354037E-03  5.9694576E-04  6.0070836E-04  7.5604848E-04  7.5416960E-04  0.0000000E+00   1.216513    
         365          12          31        2021 rtu183          ru         1304.362      1.3901787E-03  4.9922527E-03  3.1726121E-03   9.070547      5.3209476E-03  0.0000000E+00  0.0000000E+00  0.0000000E+00  0.0000000E+00  0.0000000E+00  1.9073632E-03  6.0548302E-04  6.0915202E-04  7.6024572E-04  7.5841823E-04  0.0000000E+00   1.532528    
         365          12          31        2021 rtu184          ru         139104.6       71.61282       306.1931       144.8699       187.0307       26.11254      0.0000000E+00  0.0000000E+00  0.0000000E+00  0.0000000E+00  0.0000000E+00   56.31952       1.543753       1.644200       16.43740       15.37376      0.0000000E+00   1.000182    
         365          12          31        2021 rtu185          ru         15716.53      0.1953037      0.9918185      0.4834197       128.6690      0.3821916      0.0000000E+00  0.0000000E+00  0.0000000E+00  0.0000000E+00  0.0000000E+00  0.1703179      3.5479479E-03  4.1041668E-03  3.4581207E-02  3.2927804E-02  0.0000000E+00   1.005639    
         365          12          31        2021 rtu186          ru         105312.1       17.11166       78.05074       36.30995       107.7966       16.44666      0.0000000E+00  0.0000000E+00  0.0000000E+00  0.0000000E+00  0.0000000E+00   13.72542      0.3766104      0.4010889       4.006170       3.746962      0.0000000E+00   1.000234    
         365          12          31        2021 rtu187          ru         6512.602      0.5188885       2.740459       1.343010       95.90728       1.119962      0.0000000E+00  0.0000000E+00  0.0000000E+00  0.0000000E+00  0.0000000E+00  0.4328608      1.2494591E-02  1.3265319E-02  0.1267873      0.1186247      0.0000000E+00   1.005416    
         365          12          31        2021 rtu188          ru         22411.98       3.078478       15.86116       7.757823       62.72324       5.448911      0.0000000E+00  0.0000000E+00  0.0000000E+00  0.0000000E+00  0.0000000E+00   2.492105      6.8835318E-02  7.3278703E-02  0.7277121      0.6806573      0.0000000E+00   1.001200    
         365          12          31        2021 rtu189          ru         51490.52       15.04957       68.65037       33.13723       88.14327       9.895727      0.0000000E+00  0.0000000E+00  0.0000000E+00  0.0000000E+00  0.0000000E+00   12.40940      0.3405746      0.3627061       3.622105       3.387753      0.0000000E+00   1.000548    
         365          12          31        2021 rtu190          ru         4873.998      0.2479053       1.484782      0.5887349       64.84733      0.4830831      0.0000000E+00  0.0000000E+00  0.0000000E+00  0.0000000E+00  0.0000000E+00  0.2185725      4.2328718E-03  4.9479222E-03  4.4120274E-02  4.1995235E-02  0.0000000E+00   1.004797    
         365          12          31        2021 rtu191          ru         36252.34       16.61860       65.06718       32.84986       67.08034       6.695940      0.0000000E+00  0.0000000E+00  0.0000000E+00  0.0000000E+00  0.0000000E+00   12.85556      0.3527733      0.3757009       3.752307       3.509527      0.0000000E+00   1.000598    
         365          12          31        2021 rtu192          ru         44432.06       22.51280       94.05028       50.61765       124.7085       10.89810      0.0000000E+00  0.0000000E+00  0.0000000E+00  0.0000000E+00  0.0000000E+00   17.42101      0.4779036      0.5089738       5.084767       4.755766      0.0000000E+00   1.000493    
         365          12          31        2021 rtu193          ru         11361.84      2.7294517E-02  0.1350421      6.4465769E-02   72.50679      0.2981675      0.0000000E+00  0.0000000E+00  0.0000000E+00  0.0000000E+00  0.0000000E+00  2.3478547E-02  1.0990651E-03  1.1736738E-03  5.2627595E-03  5.0408929E-03  0.0000000E+00   1.005672    
         365          12          31        2021 rtu194          ru         167192.8       12.73241       67.12743       29.61178       883.0970       21.66367      0.0000000E+00  0.0000000E+00  0.0000000E+00  0.0000000E+00  0.0000000E+00   11.12738      0.1862871      0.2227862       2.222350       2.113876      0.0000000E+00   1.000134    
         365          12          31        2021 rtu195          ru         5626.062      0.4976695       2.632410       1.345466       124.5910       1.096286      0.0000000E+00  0.0000000E+00  0.0000000E+00  0.0000000E+00  0.0000000E+00  0.4163091      1.2030234E-02  1.2771536E-02  0.1219503      0.1141001      0.0000000E+00   1.006276    
         365          12          31        2021 rtu196          ru         24464.81       4.190658       21.44627       10.41327       165.0631       6.097100      0.0000000E+00  0.0000000E+00  0.0000000E+00  0.0000000E+00  0.0000000E+00   3.270388      9.0165123E-02  9.5996663E-02  0.9548609      0.8931075      0.0000000E+00   1.001111    
         365          12          31        2021 rtu197          ru         13261.16      7.4308519E-03  0.4020253      6.1458476E-02   438.5702      7.3893771E-02  0.0000000E+00  0.0000000E+00  0.0000000E+00  0.0000000E+00  0.0000000E+00  7.3446622E-03  7.9116673E-04  8.0975663E-04  1.5702527E-03  1.5610544E-03  0.0000000E+00   1.050828    
         365          12          31        2021 rtu198          ru         14576.07      1.6243946E-02  5.8552530E-02  3.7486207E-02   77.72237      7.0954300E-02  0.0000000E+00  0.0000000E+00  0.0000000E+00  0.0000000E+00  0.0000000E+00  1.6304120E-02  8.7971147E-04  9.2344085E-04  2.7132009E-03  2.6915502E-03  0.0000000E+00   1.033927    
         365          12          31        2021 rtu199          ru         10966.45       1.281554       6.619722       3.441661       89.63245       2.689991      0.0000000E+00  0.0000000E+00  0.0000000E+00  0.0000000E+00  0.0000000E+00   1.078226      3.0085305E-02  3.2007329E-02  0.3150728      0.2947201      0.0000000E+00   1.002258    
         365          12          31        2021 rtu200          ru         5834.643      0.5631461       2.966528       1.557351       83.87125       1.371492      0.0000000E+00  0.0000000E+00  0.0000000E+00  0.0000000E+00  0.0000000E+00  0.4715117      1.3508982E-02  1.4348825E-02  0.1380378      0.1291444      0.0000000E+00   1.005833    
         365          12          31        2021 rtu201          ru         73756.95      0.2769452       1.452147       1.096362       2394.437      0.9976076      0.0000000E+00  0.0000000E+00  0.0000000E+00  0.0000000E+00  0.0000000E+00  0.2564982      3.2682621E-03  3.9865854E-03  3.3374663E-02  3.3019207E-02  0.0000000E+00   1.003766    
         365          12          31        2021 rtu202          ru         14720.25       2.450986       12.47765       5.327061       81.98709       1.531410      0.0000000E+00  0.0000000E+00  0.0000000E+00  0.0000000E+00  0.0000000E+00   2.131042      3.6149729E-02  4.3138422E-02  0.4259968      0.4052274      0.0000000E+00   1.001989    
         365          12          31        2021 rtu203          ru         44071.93      0.1095420      0.3535513      0.2102715       242.1459      0.1331494      0.0000000E+00  0.0000000E+00  0.0000000E+00  0.0000000E+00  0.0000000E+00  9.5390871E-02  1.6659158E-03  1.9317011E-03  1.2808309E-02  1.2676751E-02  0.0000000E+00   1.018059    
         365          12          31        2021 rtu204          ru         16116.51       4.097917       20.37106       9.431499       91.75071       2.746078      0.0000000E+00  0.0000000E+00  0.0000000E+00  0.0000000E+00  0.0000000E+00   3.188414      8.7921016E-02  9.3606658E-02  0.9309494      0.8707439      0.0000000E+00   1.001656    
         365          12          31        2021 rtu205          ru         7028.910      0.1023298      0.5271383      0.2695596       45.44730      0.4390582      0.0000000E+00  0.0000000E+00  0.0000000E+00  0.0000000E+00  0.0000000E+00  9.0028346E-02  2.1481633E-03  2.4413373E-03  1.8502172E-02  1.7630899E-02  0.0000000E+00   1.005013    
         365          12          31        2021 rtu206          ru         4149.068      7.5589456E-03  3.7683420E-02  1.9259913E-02   36.50851      7.5194322E-02  0.0000000E+00  0.0000000E+00  0.0000000E+00  0.0000000E+00  0.0000000E+00  7.0580309E-03  7.5666426E-04  7.7768607E-04  1.9293134E-03  1.8668396E-03  0.0000000E+00   1.019670    
         365          12          31        2021 rtu207          ru         29573.96      0.1931109       1.020686      0.7727942       954.6982       1.248896      0.0000000E+00  0.0000000E+00  0.0000000E+00  0.0000000E+00  0.0000000E+00  0.1964072      2.6687859E-03  3.2182576E-03  2.5701629E-02  2.5429683E-02  0.0000000E+00   1.007937    
         365          12          31        2021 rtu208          ru         12949.14      9.9417970E-02  0.5621298      0.2614858       83.33661      0.4760634      0.0000000E+00  0.0000000E+00  0.0000000E+00  0.0000000E+00  0.0000000E+00  9.6158758E-02  2.3091831E-03  2.6221885E-03  1.9772366E-02  1.8841933E-02  0.0000000E+00   1.006932    
         365          12          31        2021 rtu209          ru         358035.8       5.654414       28.27361       11.90866       2522.835       9.952698      0.0000000E+00  0.0000000E+00  0.0000000E+00  0.0000000E+00  0.0000000E+00   4.720098      7.9416275E-02  9.4897404E-02  0.9430155      0.8970063      0.0000000E+00   1.000119    
         365          12          31        2021 rtu210          ru         22964.38      0.3533463       1.801450      0.7956320       150.8522      0.4392929      0.0000000E+00  0.0000000E+00  0.0000000E+00  0.0000000E+00  0.0000000E+00  0.3125846      5.9190141E-03  6.9419709E-03  6.2986210E-02  5.9945866E-02  0.0000000E+00   1.003437    
         365          12          31        2021 rtu211          ru         53183.60       1.316795       6.644492       3.055212       259.5067       3.853277      0.0000000E+00  0.0000000E+00  0.0000000E+00  0.0000000E+00  0.0000000E+00   1.170710      2.0216743E-02  2.4054538E-02  0.2343131      0.2229068      0.0000000E+00   1.001002    
         365          12          31        2021 rtu212          ru         14313.21      3.9438434E-02  0.2350566      8.7737001E-02   126.5764      0.2434684      0.0000000E+00  0.0000000E+00  0.0000000E+00  0.0000000E+00  0.0000000E+00  3.4561228E-02  1.2830027E-03  1.3939716E-03  7.4746422E-03  7.1447301E-03  0.0000000E+00   1.005059    
         365          12          31        2021 rtu213          ru         6829.191      0.5451237       2.862586       1.486270       129.1025       1.504602      0.0000000E+00  0.0000000E+00  0.0000000E+00  0.0000000E+00  0.0000000E+00  0.4519902      1.3021317E-02  1.3826176E-02  0.1323725      0.1238486      0.0000000E+00   1.004839    
         365          12          31        2021 rtu214          ru         12196.97      6.9232583E-02  0.3439871      0.1513688       111.4987      0.1652514      0.0000000E+00  0.0000000E+00  0.0000000E+00  0.0000000E+00  0.0000000E+00  6.0129005E-02  1.7087036E-03  1.9035219E-03  1.2578972E-02  1.1999791E-02  0.0000000E+00   1.007171    
         365          12          31        2021 rtu215          ru         9331.374      4.9476873E-02  0.2446676      0.1084955       86.23432      0.1334162      0.0000000E+00  0.0000000E+00  0.0000000E+00  0.0000000E+00  0.0000000E+00  4.3007273E-02  1.4235579E-03  1.5622210E-03  9.1607841E-03  8.7485276E-03  0.0000000E+00   1.009303    
         365          12          31        2021 rtu216          ru         8647.770      9.9316053E-02  0.6304299      0.3883390       365.0944      0.4776490      0.0000000E+00  0.0000000E+00  0.0000000E+00  0.0000000E+00  0.0000000E+00  8.9436486E-02  2.1985660E-03  2.4895617E-03  1.8432060E-02  1.7567180E-02  0.0000000E+00   1.009651    
         365          12          31        2021 rtu217          ru         13174.87      0.2848497       1.457111      0.6331853       102.1994      0.3871734      0.0000000E+00  0.0000000E+00  0.0000000E+00  0.0000000E+00  0.0000000E+00  0.2512826      4.8985467E-03  5.7204026E-03  5.0747912E-02  4.8305206E-02  0.0000000E+00   1.004165    
         365          12          31        2021 rtu218          ru         3224.162      0.1797121      0.9706705      0.4547968       26.37175      0.2711233      0.0000000E+00  0.0000000E+00  0.0000000E+00  0.0000000E+00  0.0000000E+00  0.1645951      3.3459966E-03  3.8839346E-03  3.3353556E-02  3.1754881E-02  0.0000000E+00   1.010250    
         365          12          31        2021 rtu219          ru         14945.50      9.5746309E-02  0.4716714      0.2244318       119.7304      0.3156666      0.0000000E+00  0.0000000E+00  0.0000000E+00  0.0000000E+00  0.0000000E+00  8.2067050E-02  2.0721580E-03  2.3388632E-03  1.6956542E-02  1.6163463E-02  0.0000000E+00   1.005334    
         365          12          31        2021 rtu220          ru         11333.29      0.9676463       5.157106       2.789835       163.6736       3.309945      0.0000000E+00  0.0000000E+00  0.0000000E+00  0.0000000E+00  0.0000000E+00  0.8124771      2.2902096E-02  2.4349753E-02  0.2375822      0.2222503      0.0000000E+00   1.002970    
         365          12          31        2021 rtu221          ru         76931.70      1.2873847E-02  0.6444036      0.1043014       1483.371      0.7587195      0.0000000E+00  0.0000000E+00  0.0000000E+00  0.0000000E+00  0.0000000E+00  1.1608675E-02  8.1680960E-04  8.4734621E-04  2.0989345E-03  2.0837889E-03  0.0000000E+00   1.003734    
         365          12          31        2021 rtu222          ru         30028.46       2.065018       10.58344       4.889824       149.8193       3.400949      0.0000000E+00  0.0000000E+00  0.0000000E+00  0.0000000E+00  0.0000000E+00   1.753099      2.9956775E-02  3.5705160E-02  0.3506221      0.3335384      0.0000000E+00   1.003144    
         365          12          31        2021 rtu223          ru         14103.09      0.1629144       1.519925       1.123603       889.3585       1.730556      0.0000000E+00  0.0000000E+00  0.0000000E+00  0.0000000E+00  0.0000000E+00  0.1417029      3.0693088E-03  3.5316853E-03  2.8866412E-02  2.7491966E-02  0.0000000E+00   1.005148    
         365          12          31        2021 rtu224          ru         115085.4      0.2820549       1.752869       1.409324       3976.649       2.004963      0.0000000E+00  0.0000000E+00  0.0000000E+00  0.0000000E+00  0.0000000E+00  0.2604012      3.3011441E-03  4.0303832E-03  3.3867348E-02  3.3506460E-02  0.0000000E+00   1.002338    
         365          12          31        2021 rtu225          ru         29548.78       1.042453       6.041423       3.633707       736.8757       2.068529      0.0000000E+00  0.0000000E+00  0.0000000E+00  0.0000000E+00  0.0000000E+00  0.9376336      1.6343478E-02  1.9416749E-02  0.1877881      0.1786541      0.0000000E+00   1.001320    
         365          12          31        2021 rtu226          ru         26315.79       8.996446       52.63460       33.11047       399.5661       14.11664      0.0000000E+00  0.0000000E+00  0.0000000E+00  0.0000000E+00  0.0000000E+00   7.042309      0.1935208      0.2060799       2.055709       1.922719      0.0000000E+00   1.000932    
         365          12          31        2021 rtu227          ru         32850.65      0.9376501       4.590917       2.254297       176.6237       1.434935      0.0000000E+00  0.0000000E+00  0.0000000E+00  0.0000000E+00  0.0000000E+00  0.8091025      1.4201292E-02  1.6852956E-02  0.1621258      0.1542449      0.0000000E+00   1.001143    
         365          12          31        2021 rtu228          ru         3697.292      6.0920276E-02  0.4151908      0.2761894       147.4232      0.2345573      0.0000000E+00  0.0000000E+00  0.0000000E+00  0.0000000E+00  0.0000000E+00  5.4373764E-02  1.5523300E-03  1.7285454E-03  1.1382079E-02  1.0858391E-02  0.0000000E+00   1.019249    
         365          12          31        2021 rtu229          ru         7241.980      1.1562609E-02  5.5659667E-02  4.1941162E-02   230.4582      9.2121415E-02  0.0000000E+00  0.0000000E+00  0.0000000E+00  0.0000000E+00  0.0000000E+00  1.1193361E-02  8.2728663E-04  8.5668941E-04  2.0595274E-03  2.0449790E-03  0.0000000E+00   1.037256    
         365          12          31        2021 rtu230          ru         4319.503      3.9759770E-02  0.1914424      0.1039804       30.50228      0.1476063      0.0000000E+00  0.0000000E+00  0.0000000E+00  0.0000000E+00  0.0000000E+00  3.4320913E-02  1.2378737E-03  1.3482280E-03  7.3938947E-03  7.0659183E-03  0.0000000E+00   1.016984    
         365          12          31        2021 rtu231          ru         65531.98       2.298052       16.54095       10.63774       2395.238       8.544809      0.0000000E+00  0.0000000E+00  0.0000000E+00  0.0000000E+00  0.0000000E+00   2.073383      3.5295770E-02  4.2094786E-02  0.4145701      0.3943639      0.0000000E+00   1.000729    
         365          12          31        2021 rtu232          ru         3672.754      6.9875079E-03  2.4629144E-02  1.5055526E-02   27.00317      1.8398784E-02  0.0000000E+00  0.0000000E+00  0.0000000E+00  0.0000000E+00  0.0000000E+00  6.8141730E-03  7.3548639E-04  7.5273117E-04  1.4581981E-03  1.4496656E-03  0.0000000E+00   1.199342    
         365          12          31        2021 rtu233          ru         4167.314      7.2534778E-03  2.5571482E-02  1.5467405E-02   27.72954      1.8667320E-02  0.0000000E+00  0.0000000E+00  0.0000000E+00  0.0000000E+00  0.0000000E+00  7.0567341E-03  7.4894377E-04  7.6683838E-04  1.4988928E-03  1.4900388E-03  0.0000000E+00   1.170020    
         365          12          31        2021 rtu234          ru         14301.13      4.3945946E-02  0.2811800      0.2182587       927.4814      0.2410572      0.0000000E+00  0.0000000E+00  0.0000000E+00  0.0000000E+00  0.0000000E+00  3.9525773E-02  1.1110245E-03  1.2199904E-03  5.6778397E-03  5.6239190E-03  0.0000000E+00   1.018300    
         365          12          31        2021 rtu235          ru         19248.08       6.128708       30.30461       15.07209       80.89545       4.562722      0.0000000E+00  0.0000000E+00  0.0000000E+00  0.0000000E+00  0.0000000E+00   4.774034      0.1313745      0.1398882       1.393721       1.303570      0.0000000E+00   1.001132    
         365          12          31        2021 rtu236          ru         32079.52       7.192350       36.42039       18.63598       177.1747       8.037725      0.0000000E+00  0.0000000E+00  0.0000000E+00  0.0000000E+00  0.0000000E+00   5.650222      0.1553668      0.1654427       1.649412       1.542713      0.0000000E+00   1.000795    
         365          12          31        2021 rtu237          ru         96536.23      0.2480489       1.543758       1.243389       3421.104       1.707864      0.0000000E+00  0.0000000E+00  0.0000000E+00  0.0000000E+00  0.0000000E+00  0.2272145      2.9726319E-03  3.6086617E-03  2.9632371E-02  2.9317606E-02  0.0000000E+00   1.002825    
         365          12          31        2021 rtu238          ru         11695.54       1.598600       8.312797       4.297236       57.55414       3.746196      0.0000000E+00  0.0000000E+00  0.0000000E+00  0.0000000E+00  0.0000000E+00   1.225639      3.4157131E-02  3.6341980E-02  0.3581170      0.3349809      0.0000000E+00   1.002268    
         365          12          31        2021 rtu239          ru         10891.81      4.7669749E-04  3.7902195E-03  1.5184341E-03   36.26114      5.2208651E-02  0.0000000E+00  0.0000000E+00  0.0000000E+00  0.0000000E+00  0.0000000E+00  1.0216233E-03  5.3434144E-04  5.3589698E-04  6.2429742E-04  6.1946869E-04  0.0000000E+00   1.025624    
         365          12          31        2021 rtu240          ru         6859.292      0.2048315       2.135416      0.7906309       21.03831      0.1985873      0.0000000E+00  0.0000000E+00  0.0000000E+00  0.0000000E+00  0.0000000E+00  8.5345142E-02  1.3384517E-02  1.5023213E-02  0.1448141      7.2197355E-02  0.0000000E+00   29.60620    
         365          12          31        2021 rtu241          ru         361039.9      0.2818006       3.860873       1.420772       1519.841       6.764137      0.0000000E+00  0.0000000E+00  0.0000000E+00  0.0000000E+00  0.0000000E+00  0.1460214      2.2279881E-02  2.5097817E-02  0.2482824      0.1234130      0.0000000E+00   1.024418    
         365          12          31        2021 rtu242          ru         72813.20      2.8699741E-02  0.3921539      0.1447033       316.3868       1.076862      0.0000000E+00  0.0000000E+00  0.0000000E+00  0.0000000E+00  0.0000000E+00  1.5179110E-02  2.5974154E-03  2.8839048E-03  2.5577027E-02  1.2880281E-02  0.0000000E+00   153.5445    
         365          12          31        2021 rtu243          ru         11360.38      3.0987077E-05  2.4471447E-04  1.0100481E-04   39.10273      6.0424898E-03  0.0000000E+00  0.0000000E+00  0.0000000E+00  0.0000000E+00  0.0000000E+00  5.2575441E-04  4.9519207E-04  4.9528462E-04  5.0073036E-04  5.0042704E-04  0.0000000E+00   1.023705    
         365          12          31        2021 rtu244          ru         9624.728      1.8324385E-03  2.2985505E-02  8.5096834E-03   44.84241      3.8056951E-02  0.0000000E+00  0.0000000E+00  0.0000000E+00  0.0000000E+00  0.0000000E+00  1.3985961E-03  6.5925322E-04  6.7608111E-04  2.0096712E-03  1.2634953E-03  0.0000000E+00   1175.527    
         365          12          31        2021 rtu245          ru         26796.14      1.2382614E-02  0.1555638      5.7572935E-02   124.6763      0.1003486      0.0000000E+00  0.0000000E+00  0.0000000E+00  0.0000000E+00  0.0000000E+00  6.4199185E-03  1.4145947E-03  1.5285757E-03  1.0556436E-02  5.5054040E-03  0.0000000E+00   136.8137    
         365          12          31        2021 rtu246          ru         3607.384      0.3958674       1.980455      0.8773323       2.823633      0.4431762      0.0000000E+00  0.0000000E+00  0.0000000E+00  0.0000000E+00  0.0000000E+00  0.3473304      6.2401891E-03  7.3780874E-03  6.9715135E-02  6.6333465E-02  0.0000000E+00   1.017920    
         365          12          31        2021 rtu247          ru         310854.7       100.5434       686.3182       444.5029       5232.922       221.3624      0.0000000E+00  0.0000000E+00  0.0000000E+00  0.0000000E+00  0.0000000E+00   78.17326       2.142521       2.281946       22.81543       21.33907      0.0000000E+00   1.000091    
         365          12          31        2021 rtu248          ru         383126.2       32.57531       222.8282       134.7810       13968.94       182.7320      0.0000000E+00  0.0000000E+00  0.0000000E+00  0.0000000E+00  0.0000000E+00   28.61505      0.7846388      0.8356736       8.351782       7.811372      0.0000000E+00   1.000097    
         365          12          31        2021 rtu249          ru         55514.43       4.683735       30.37258       18.39935       2293.491       25.42147      0.0000000E+00  0.0000000E+00  0.0000000E+00  0.0000000E+00  0.0000000E+00   3.902905      0.1075551      0.1145147       1.139511       1.065813      0.0000000E+00   1.000657    
         365          12          31        2021 rtu250          ru         14302.43       1.805148       12.53542       7.958334       289.9523       9.952100      0.0000000E+00  0.0000000E+00  0.0000000E+00  0.0000000E+00  0.0000000E+00   1.402342      3.8982086E-02  4.1481975E-02  0.4096693      0.3831958      0.0000000E+00   1.002116    
         365          12          31        2021 rtu251          ru         245655.8      0.2325677       3.195113       1.173034       1027.767       5.758530      0.0000000E+00  0.0000000E+00  0.0000000E+00  0.0000000E+00  0.0000000E+00  0.1206095      1.8487124E-02  2.0812711E-02  0.2050045      0.1019510      0.0000000E+00   20.93920    
         365          12          31        2021 rtu252          ru         17997.54      0.1749176       2.067904      0.5581343       9.791060       1.303843      0.0000000E+00  0.0000000E+00  0.0000000E+00  0.0000000E+00  0.0000000E+00  8.9986555E-02  1.3956873E-02  1.5687967E-02  0.1528216      7.6094851E-02  0.0000000E+00   1.578820    
         365          12          31        2021 rtu253          ru         188373.0      0.2316654       3.164400       1.168083       828.5585       4.031031      0.0000000E+00  0.0000000E+00  0.0000000E+00  0.0000000E+00  0.0000000E+00  0.1201385      1.8411493E-02  2.0728096E-02  0.2042062      0.1015522      0.0000000E+00   28.17490    
         365          12          31        2021 rtu254          ru         208420.7      0.2544250       3.486085       1.282502       926.5074       3.880431      0.0000000E+00  0.0000000E+00  0.0000000E+00  0.0000000E+00  0.0000000E+00  0.1319263      2.0205127E-02  2.2749353E-02  0.2242532      0.1115141      0.0000000E+00   19.66535    
         365          12          31        2021 rtu255          ru         6238.330      1.5511661E-03  1.8152060E-02  6.7198607E-03   29.05479      2.4150239E-02  0.0000000E+00  0.0000000E+00  0.0000000E+00  0.0000000E+00  0.0000000E+00  1.2529459E-03  6.6908373E-04  6.8237091E-04  1.7355327E-03  1.1462534E-03  0.0000000E+00   1688.541    
         365          12          31        2021 rtu256          ru         5515.671      0.1558258       1.087180      0.4362870       16.55829       1.090961      0.0000000E+00  0.0000000E+00  0.0000000E+00  0.0000000E+00  0.0000000E+00  0.1321637      4.0769852E-03  4.3107923E-03  3.8880054E-02  3.6392815E-02  0.0000000E+00   1.020533    
         365          12          31        2021 rtu257          ru         168226.0      4.3797709E-02  0.5977628      0.2212302       783.6077      0.6392113      0.0000000E+00  0.0000000E+00  0.0000000E+00  0.0000000E+00  0.0000000E+00  2.2997268E-02  3.7654354E-03  4.2033968E-03  3.8890682E-02  1.9483469E-02  0.0000000E+00   28.58947    
         365          12          31        2021 rtu258          ru         171938.9      5.9747376E-02  0.8153489      0.3016772       785.6911       1.240739      0.0000000E+00  0.0000000E+00  0.0000000E+00  0.0000000E+00  0.0000000E+00  3.1215629E-02  4.9801604E-03  5.5776071E-03  5.2896839E-02  2.6422212E-02  0.0000000E+00   40.28225    
         365          12          31        2021 rtu259          ru         11365.73      0.3180702       2.331512      0.9354306       35.03560       2.456452      0.0000000E+00  0.0000000E+00  0.0000000E+00  0.0000000E+00  0.0000000E+00  0.2828375      8.1843231E-03  8.6867660E-03  8.2835071E-02  7.7501819E-02  0.0000000E+00   1.009242    
         365          12          31        2021 rtu260          ru         65566.15       1.783610       14.55578       5.788936       149.7758       14.54443      0.0000000E+00  0.0000000E+00  0.0000000E+00  0.0000000E+00  0.0000000E+00   1.794344      4.9442261E-02  5.2640755E-02  0.5238569      0.4899743      0.0000000E+00   1.000920    
         365          12          31        2021 rtu261          ru         83525.37       2.659700       22.65175       9.093515       259.0316       17.66319      0.0000000E+00  0.0000000E+00  0.0000000E+00  0.0000000E+00  0.0000000E+00   2.751394      7.5646527E-02  8.0552131E-02  0.8031625      0.7512048      0.0000000E+00   1.001162    
         365          12          31        2021 rtu262          ru         40745.23      6.5852557E-03  8.6633660E-02  3.2033272E-02   194.9960      5.7128198E-02  0.0000000E+00  0.0000000E+00  0.0000000E+00  0.0000000E+00  0.0000000E+00  3.7571641E-03  9.7138539E-04  1.0348188E-03  6.0594408E-03  3.2481644E-03  0.0000000E+00   102.3404    
         365          12          31        2021 rtu263          ru         25529.00       1.357191       9.747757       3.886487       58.98764       5.403369      0.0000000E+00  0.0000000E+00  0.0000000E+00  0.0000000E+00  0.0000000E+00   1.219588      3.3807177E-02  3.5980377E-02  0.3561939      0.3331684      0.0000000E+00   1.004016    
         365          12          31        2021 rtu264          ru         17992.23      8.4209107E-03  0.1184927      4.1523740E-02   56.35177       2.003129      0.0000000E+00  0.0000000E+00  0.0000000E+00  0.0000000E+00  0.0000000E+00  4.8022140E-03  1.1363801E-03  1.2198283E-03  7.8320885E-03  4.1323667E-03  0.0000000E+00   1468.820    
         365          12          31        2021 rtu265          ru         9171.237      1.6502365E-02  0.1819180      6.6609472E-02   34.53199      6.8794705E-02  0.0000000E+00  0.0000000E+00  0.0000000E+00  0.0000000E+00  0.0000000E+00  7.4548912E-03  1.6529630E-03  1.7850468E-03  1.2250274E-02  6.3947388E-03  0.0000000E+00   11.32536    
         365          12          31        2021 rtu266          ru         25524.43      1.2268534E-02  0.1535327      5.6820907E-02   118.8767      9.2403799E-02  0.0000000E+00  0.0000000E+00  0.0000000E+00  0.0000000E+00  0.0000000E+00  6.3487487E-03  1.4087358E-03  1.5212308E-03  1.0431285E-02  5.4461635E-03  0.0000000E+00   140.1258    
         365          12          31        2021 rtu267          ru         2298.290      5.9700746E-04  6.3709379E-03  2.3584936E-03   10.66292      7.5763538E-03  0.0000000E+00  0.0000000E+00  0.0000000E+00  0.0000000E+00  0.0000000E+00  7.7431195E-04  5.6944200E-04  5.7410216E-04  9.4366638E-04  7.3687010E-04  0.0000000E+00   6950.860    
         365          12          31        2021 rtu268          ru         362825.6      0.8303807       11.51610       4.167074       1208.046       19.35297      0.0000000E+00  0.0000000E+00  0.0000000E+00  0.0000000E+00  0.0000000E+00  0.4297467      6.5116443E-02  7.3420122E-02  0.7310792      0.3631261      0.0000000E+00   1.001335    
         365          12          31        2021 rtu269          ru         334555.7      0.9671591       13.01460       4.709418       1084.018       19.34352      0.0000000E+00  0.0000000E+00  0.0000000E+00  0.0000000E+00  0.0000000E+00  0.4864953      7.3693395E-02  8.3094046E-02  0.8276365      0.4110735      0.0000000E+00   1.003115    
         365          12          31        2021 rtu270          ru         41582.77      6.9138065E-02  0.8276387      0.3035102       183.6207      0.2746773      0.0000000E+00  0.0000000E+00  0.0000000E+00  0.0000000E+00  0.0000000E+00  3.1754959E-02  5.2704592E-03  5.8735325E-03  5.3642608E-02  2.6915932E-02  0.0000000E+00   1.056126    
         365          12          31        2021 rtu271          ru         364375.9      6.6820800E-02  0.5345671      0.2628169       824.7542       3.351964      0.0000000E+00  0.0000000E+00  0.0000000E+00  0.0000000E+00  0.0000000E+00  0.1049905      1.3598180E-03  1.6535035E-03  1.3678036E-02  1.3532574E-02  0.0000000E+00   1.001134    
         365          12          31        2021 rtu272          ru         402066.2      0.4702232       3.807486       1.844260       885.4126       16.19267      0.0000000E+00  0.0000000E+00  0.0000000E+00  0.0000000E+00  0.0000000E+00  0.7368895      7.6480359E-03  9.7154845E-03  9.4338879E-02  9.3315266E-02  0.0000000E+00   1.000593    
         365          12          31        2021 rtu273          ru         272370.8      8.0626700E-03  6.8675652E-02  3.1888667E-02   717.3624       1.404942      0.0000000E+00  0.0000000E+00  0.0000000E+00  0.0000000E+00  0.0000000E+00  1.2938025E-02  4.3746497E-04  4.7272022E-04  1.9219778E-03  1.9044344E-03  0.0000000E+00   1.001213    
         365          12          31        2021 rtu274          ru         585943.4       143.9444       985.0321       635.7354       7251.211       433.5072      0.0000000E+00  0.0000000E+00  0.0000000E+00  0.0000000E+00  0.0000000E+00   112.9863       3.096421       3.297936       32.97572       30.84189      0.0000000E+00   1.000037    
         365          12          31        2021 rtu275          ru         368670.0       50.05653       355.2998       230.0238       6778.484       270.5697      0.0000000E+00  0.0000000E+00  0.0000000E+00  0.0000000E+00  0.0000000E+00   39.46528       1.081817       1.152204       11.51834       10.77302      0.0000000E+00   1.000058    
         365          12          31        2021 rtu276          ru         330260.0       36.56604       262.3913       166.8679       6594.756       229.6856      0.0000000E+00  0.0000000E+00  0.0000000E+00  0.0000000E+00  0.0000000E+00   29.37285      0.8052711      0.8576571       8.572836       8.018112      0.0000000E+00   1.000091    
         365          12          31        2021 rtu277          ru         540767.6       77.95005       549.7391       350.2404       8312.672       390.6118      0.0000000E+00  0.0000000E+00  0.0000000E+00  0.0000000E+00  0.0000000E+00   62.57018       1.714914       1.826509       18.26157       17.07989      0.0000000E+00   1.000052    
         365          12          31        2021 rtu278          ru         48755.23      1.0546186E-03  1.0795977E-02  3.8534193E-03   168.2800       221.1439      0.0000000E+00  0.0000000E+00  0.0000000E+00  0.0000000E+00  0.0000000E+00  8.9670252E-04  5.6217844E-04  5.6978985E-04  1.1732638E-03  8.3556626E-04  0.0000000E+00   1.004776    
         365          12          31        2021 rtu279          ru         53816.80      7.5648415E-05  5.4502790E-04  2.5475849E-04   118.1632       192.0544      0.0000000E+00  0.0000000E+00  0.0000000E+00  0.0000000E+00  0.0000000E+00  5.4450537E-04  4.5089130E-04  4.5112314E-04  4.6174251E-04  4.6161187E-04  0.0000000E+00   1.068932    
         365          12          31        2021 rtu280          ru         50449.87      5.8189802E-05  4.2890399E-04  2.0183140E-04   110.7935       180.1718      0.0000000E+00  0.0000000E+00  0.0000000E+00  0.0000000E+00  0.0000000E+00  5.1385403E-04  4.4042760E-04  4.4060132E-04  4.4887708E-04  4.4877463E-04  0.0000000E+00   1.074066    
         365          12          31        2021 rtu281          ru         12544.66      6.1407492E-02  0.4521625      0.1711676       16.17169       51.25648      0.0000000E+00  0.0000000E+00  0.0000000E+00  0.0000000E+00  0.0000000E+00  2.0123936E-02  3.5269267E-03  3.9039976E-03  3.3859130E-02  1.7088415E-02  0.0000000E+00   1.038941    
         365          12          31        2021 rtu282          ru         5075.445      1.5706837E-02  0.9043393      0.1367384       101.7200       18.86053      0.0000000E+00  0.0000000E+00  0.0000000E+00  0.0000000E+00  0.0000000E+00  1.5305077E-02  7.0703967E-04  7.4787054E-04  2.4412442E-03  2.4207614E-03  0.0000000E+00   1.024457    
         365          12          31        2021 rtu283          ru         401377.3      4.0887091E-02  3.0916452E-02   10.42648       774.8832       115.8974      0.0000000E+00  0.0000000E+00  0.0000000E+00  0.0000000E+00  0.0000000E+00  7.1973441E-04  8.7777729E-04  9.0122095E-04  7.1973441E-04  7.1973441E-04  0.0000000E+00   1.000391    
         365          12          31        2021 rtu284          ru         30033.58      7.7550230E-04  2.0111852E-06  6.0335606E-06   58.43073       8.233260      0.0000000E+00  0.0000000E+00  0.0000000E+00  0.0000000E+00  0.0000000E+00  7.2656327E-04  7.2656327E-04  7.2656327E-04  7.2656327E-04  7.2656327E-04  0.0000000E+00   1.005201    
         365          12          31        2021 rtu285          ru         11783.19      5.6527695E-04  7.4147675E-07  2.2244303E-06   20.84781       3.032543      0.0000000E+00  0.0000000E+00  0.0000000E+00  0.0000000E+00  0.0000000E+00  6.7125040E-04  6.7125040E-04  6.7125040E-04  6.7125040E-04  6.7125040E-04  0.0000000E+00   1.013584    
         365          12          31        2021 rtu286          ru         6880.515      3.3709125E-04  4.0480296E-07  1.2144094E-06   11.37116       1.686635      0.0000000E+00  0.0000000E+00  0.0000000E+00  0.0000000E+00  0.0000000E+00  6.2759191E-04  6.2759191E-04  6.2759191E-04  6.2759191E-04  6.2759191E-04  0.0000000E+00   1.023285    
         365          12          31        2021 rtu287          ru         4115.564      5.1036233E-04  2.2418692E-07  6.7256019E-07   6.454375      0.9625641      0.0000000E+00  0.0000000E+00  0.0000000E+00  0.0000000E+00  0.0000000E+00  5.9172482E-04  5.9172482E-04  5.9172482E-04  5.9172482E-04  5.9172482E-04  0.0000000E+00   1.038092    
         365          12          31        2021 rtu288          ru         2652.073      6.2008547E-03  4.1881882E-02  1.6877947E-02   17.30165       9.075439      0.0000000E+00  0.0000000E+00  0.0000000E+00  0.0000000E+00  0.0000000E+00  2.5022780E-03  8.6118403E-04  8.9855673E-04  3.8584811E-03  2.2024398E-03  0.0000000E+00   2.123977    
         365          12          31        2021 rtu289          ru         327221.2      0.8346246       8.020656       3.210188       1829.893       1198.169      0.0000000E+00  0.0000000E+00  0.0000000E+00  0.0000000E+00  0.0000000E+00  0.3720920      5.6542676E-02  6.3728675E-02  0.6328633      0.3144390      0.0000000E+00   1.014640    
         365          12          31        2021 rtu290          ru         4205.435      5.8224464E-07  3.8707608E-07  1.1612284E-06   17.69269       10.89784      0.0000000E+00  0.0000000E+00  0.0000000E+00  0.0000000E+00  0.0000000E+00  5.8224413E-04  5.8224413E-04  5.8224413E-04  5.8224413E-04  5.8224413E-04  0.0000000E+00   1.492855    
         365          12          31        2021 rtu291          ru         42331.62      1.1888720E-02  3.8735446E-02  2.2491623E-02   75.82311       127.3727      0.0000000E+00  0.0000000E+00  0.0000000E+00  0.0000000E+00  0.0000000E+00  1.1224856E-02  7.8267913E-04  8.1224239E-04  2.0233796E-03  2.0087224E-03  0.0000000E+00   1.065641    
         365          12          31        2021 rtu292          ru         76025.52      6.0197959E-07  7.9589045E-06  2.3876710E-05   3304.724       335.8005      0.0000000E+00  0.0000000E+00  0.0000000E+00  0.0000000E+00  0.0000000E+00  6.0197996E-04  6.0197996E-04  6.0197996E-04  6.0197996E-04  6.0197996E-04  0.0000000E+00   1.029650    
         365          12          31        2021 rtu293          ru         28074.85      6.3415592E-07  3.1058621E-06  9.3175795E-06   1229.882       125.6529      0.0000000E+00  0.0000000E+00  0.0000000E+00  0.0000000E+00  0.0000000E+00  6.3415553E-04  6.3415553E-04  6.3415553E-04  6.3415553E-04  6.3415553E-04  0.0000000E+00   1.084085    
         365          12          31        2021 rtu294          ru         39781.94       3.812148       16.62424       6.398698       48.95207       41.31230      0.0000000E+00  0.0000000E+00  0.0000000E+00  0.0000000E+00  0.0000000E+00   2.921321      8.0569126E-02  8.5778467E-02  0.8529741      0.7978127      0.0000000E+00   1.000636    
         365          12          31        2021 rtu295          ru         26013.53       8.198267       33.07399       13.27825       50.50764       41.93872      0.0000000E+00  0.0000000E+00  0.0000000E+00  0.0000000E+00  0.0000000E+00   6.179361      0.1698845      0.1809046       1.803875       1.687183      0.0000000E+00   1.001003    
         365          12          31        2021 rtu296          ru         10348.17      6.5799272E-03  4.4926964E-02  1.5802035E-02   108.5581       45.75328      0.0000000E+00  0.0000000E+00  0.0000000E+00  0.0000000E+00  0.0000000E+00  2.5712408E-03  9.8319701E-04  1.0193618E-03  3.8836466E-03  2.2810947E-03  0.0000000E+00   1.349490    
         365          12          31        2021 rtu297          ru         18739.82      0.2799777      0.9917539      0.6476526       73.57515       66.50313      0.0000000E+00  0.0000000E+00  0.0000000E+00  0.0000000E+00  0.0000000E+00  0.2589732      3.2896094E-03  4.0148785E-03  3.3687402E-02  3.3328511E-02  0.0000000E+00   1.004656    
         365          12          31        2021 rtu298          ru         18191.33      5.7218173E-03  4.0972613E-02  1.3608499E-02   227.4739       85.66901      0.0000000E+00  0.0000000E+00  0.0000000E+00  0.0000000E+00  0.0000000E+00  2.3246270E-03  9.6621114E-04  9.9714054E-04  3.4473545E-03  2.0764149E-03  0.0000000E+00   1823.538    
         365          12          31        2021 rtu299          ru         7829.810      6.4948193E-07  8.1860060E-07  2.4558028E-06   298.4123       32.45452      0.0000000E+00  0.0000000E+00  0.0000000E+00  0.0000000E+00  0.0000000E+00  6.4948201E-04  6.4948201E-04  6.4948201E-04  6.4948201E-04  6.4948201E-04  0.0000000E+00   1.282357    
         365          12          31        2021 rtu300          ru         11777.18      1.3075862E-03  1.2041833E-02  7.1224878E-03   336.8317       48.16990      0.0000000E+00  0.0000000E+00  0.0000000E+00  0.0000000E+00  0.0000000E+00  1.0500309E-03  7.3403027E-04  7.4122672E-04  1.3111749E-03  9.9229568E-04  0.0000000E+00   1.495202    
         365          12          31        2021 rtu301          ru         11961.39      1.8171722E-03  9.6953548E-02  1.4200369E-02   342.0558       57.22656      0.0000000E+00  0.0000000E+00  0.0000000E+00  0.0000000E+00  0.0000000E+00  2.2954685E-03  7.3691393E-04  7.4128143E-04  9.2215213E-04  9.1996463E-04  0.0000000E+00   29073.68    
         365          12          31        2021 rtu302          ru         7442.283      6.4705102E-07  8.3903160E-07  2.5170946E-06   304.6116       30.97388      0.0000000E+00  0.0000000E+00  0.0000000E+00  0.0000000E+00  0.0000000E+00  6.4705109E-04  6.4705109E-04  6.4705109E-04  6.4705109E-04  6.4705109E-04  0.0000000E+00   1.330631    
         365          12          31        2021 rtu303          ru         11062.89      3.1131541E-02   1.729777      0.2644865       274.8432       42.63611      0.0000000E+00  0.0000000E+00  0.0000000E+00  0.0000000E+00  0.0000000E+00  2.9075416E-02  9.7933563E-04  1.0590068E-03  4.3195584E-03  4.2801220E-03  0.0000000E+00   1.061191    
         365          12          31        2021 rtu304          ru         30944.88      6.4893888E-04  6.1512683E-03  2.1960251E-03   107.4592       140.6656      0.0000000E+00  0.0000000E+00  0.0000000E+00  0.0000000E+00  0.0000000E+00  7.6758413E-04  5.7722785E-04  5.8155775E-04  9.2498498E-04  7.3279318E-04  0.0000000E+00   1.012134    
         365          12          31        2021 rtu305          ru         9145.259      1.1794343E-04  5.7212048E-04  3.2465236E-04   14.23422       36.04444      0.0000000E+00  0.0000000E+00  0.0000000E+00  0.0000000E+00  0.0000000E+00  5.3126330E-04  4.4192490E-04  4.3962908E-04  4.7765701E-04  4.7579038E-04  0.0000000E+00   1.027198    
         365          12          31        2021 rtu306          ru         206386.1      0.1058739       1.326626      0.4423428       242.4460       389.7920      0.0000000E+00  0.0000000E+00  0.0000000E+00  0.0000000E+00  0.0000000E+00  5.0153129E-02  7.9503376E-03  8.9112613E-03  8.5031584E-02  4.2442046E-02  0.0000000E+00   1.003321    
         365          12          31        2021 rtu307          ru         60383.15      0.1959815       1.146932      0.7470242       80.50713       201.7995      0.0000000E+00  0.0000000E+00  0.0000000E+00  0.0000000E+00  0.0000000E+00  0.1978225      1.4128775E-02  9.2105921E-03  8.8096723E-02  8.4272288E-02  0.0000000E+00   1.005175    
         365          12          31        2021 rtu308          ru         12158.88      7.2306812E-02  0.4140435      0.2668046       10.20462       30.10468      0.0000000E+00  0.0000000E+00  0.0000000E+00  0.0000000E+00  0.0000000E+00  7.3210739E-02  5.5418801E-03  3.7300370E-03  3.2790300E-02  3.1381458E-02  0.0000000E+00   1.028644    
         365          12          31        2021 rtu309          ru         9441.903      7.2822360E-05  6.7168107E-04  2.4144388E-04   31.27942       41.34168      0.0000000E+00  0.0000000E+00  0.0000000E+00  0.0000000E+00  0.0000000E+00  5.5286457E-04  5.3218770E-04  5.3265103E-04  5.7005085E-04  5.4907688E-04  0.0000000E+00   1.036952    
         365          12          31        2021 rtu310          ru         326824.7      0.1756607       1.679690      0.6755556       591.8420       1115.867      0.0000000E+00  0.0000000E+00  0.0000000E+00  0.0000000E+00  0.0000000E+00  0.1948717      5.7268594E-03  6.0734982E-03  5.7150763E-02  5.3477939E-02  0.0000000E+00   1.000614    
         365          12          31        2021 rtu311          ru         190106.1      1.6701994E-02  0.2365330      8.3105870E-02   602.3541       797.8381      0.0000000E+00  0.0000000E+00  0.0000000E+00  0.0000000E+00  0.0000000E+00  8.9296782E-03  1.6742282E-03  1.8394339E-03  1.4925988E-02  7.6039988E-03  0.0000000E+00   1.132975    
         365          12          31        2021 rtu312          ru         1914.495      3.9089984E-05  1.6057907E-04  8.8492830E-05   2.400163       6.041323      0.0000000E+00  0.0000000E+00  0.0000000E+00  0.0000000E+00  0.0000000E+00  4.9273128E-04  4.7172382E-04  4.7118447E-04  4.8014728E-04  4.7971006E-04  0.0000000E+00   1.141847    
         365          12          31        2021 rtu313          ru         6080.671      1.1091378E-04  8.6338696E-04  3.0984002E-04   19.73512       25.14826      0.0000000E+00  0.0000000E+00  0.0000000E+00  0.0000000E+00  0.0000000E+00  6.2029832E-04  5.9340143E-04  5.9400877E-04  6.4254098E-04  6.1538076E-04  0.0000000E+00   4.219841    
         365          12          31        2021 rtu314          ru         10589.65      9.5020644E-02  0.6684186      0.4288300       351.3415       43.23312      0.0000000E+00  0.0000000E+00  0.0000000E+00  0.0000000E+00  0.0000000E+00  8.1780419E-02  2.0433089E-03  2.3093137E-03  1.6881723E-02  1.6091200E-02  0.0000000E+00   1.016708    
