 Mini_CREATE               SWAT+ Jan 11 2024        MODULAR Rev 2024.61.0                                 
   jday   mon   day    yr     unit   gis_id   name                  area         precip           evap           seep          flo_stor       sed_stor      orgn_stor      sedp_stor       no3_stor      solp_stor      chla_stor       nh3_stor       no2_stor      cbod_stor       dox_stor       san_stor       sil_stor       cla_stor       sag_stor       lag_stor       grv_stor           null         flo_in         sed_in        orgn_in        sedp_in         no3_in        solp_in        chla_in         nh3_in         no2_in        cbod_in         dox_in         san_in         sil_in         cla_in         sag_in         lag_in         grv_in           null        flo_out        sed_out       orgn_out       sedp_out        no3_out       solp_out       chla_out        nh3_out        no2_out       cbod_out        dox_out        san_out        sil_out        cla_out        sag_out        lag_out        grv_out           null
                                                                      ha            m^3            m^3            m^3             m^3           tons            kgN            kgP            kgN            kgP             kg            kgN            kgN             kg             kg           tons           tons           tons           tons           tons           tons                           m^3           tons            kgN            kgP            kgN            kgP             kg            kgN            kgN             kg             kg           tons           tons           tons           tons           tons           tons                           m^3           tons            kgN            kgP            kgN            kgP             kg            kgN            kgN             kg             kg           tons           tons           tons           tons           tons           tons               
   365    12    31  2005        43         0  hru043               0.8289E+01     0.6237E+04     0.1612E+04     0.6178E+03     0.2122E+03     0.8213E-02     0.3567E-01     0.1662E-01     0.8441E-02     0.8945E-02     0.4461E-02     0.0000E+00     0.0000E+00     0.0000E+00     0.0000E+00     0.0000E+00     0.1005E-03     0.1202E-03     0.0000E+00     0.0000E+00     0.0000E+00     0.0000E+00     0.0000E+00     0.0000E+00     0.0000E+00     0.0000E+00     0.0000E+00     0.0000E+00     0.0000E+00     0.0000E+00     0.0000E+00     0.0000E+00     0.0000E+00     0.0000E+00     0.0000E+00     0.0000E+00     0.0000E+00     0.0000E+00     0.0000E+00     0.0000E+00     0.3638E+03     0.2058E+00     0.9174E+00     0.4433E+00     0.1388E+00     0.2518E+00     0.8812E-01     0.0000E+00     0.0000E+00     0.0000E+00     0.0000E+00     0.0000E+00     0.3152E-02     0.3769E-02     0.0000E+00     0.0000E+00     0.0000E+00     0.1855E+00
   365    12    31  2005        44         0  hru044               0.1366E+02     0.9833E+04     0.1941E+04     0.1004E+04     0.3752E+03     0.6567E+00     0.1200E+01     0.4616E+00     0.4604E-01     0.1256E-01     0.4706E-01     0.0000E+00     0.0000E+00     0.0000E+00     0.0000E+00     0.0000E+00     0.9919E-02     0.1187E-01     0.0000E+00     0.0000E+00     0.0000E+00     0.0000E+00     0.0000E+00     0.0000E+00     0.0000E+00     0.0000E+00     0.0000E+00     0.0000E+00     0.0000E+00     0.0000E+00     0.0000E+00     0.0000E+00     0.0000E+00     0.0000E+00     0.0000E+00     0.0000E+00     0.0000E+00     0.0000E+00     0.0000E+00     0.0000E+00     0.6922E+03     0.1750E+02     0.2951E+02     0.1332E+02     0.6551E+00     0.3865E+00     0.1197E+01     0.0000E+00     0.0000E+00     0.0000E+00     0.0000E+00     0.0000E+00     0.2599E+00     0.3109E+00     0.0000E+00     0.0000E+00     0.0000E+00     0.1694E+00
   365    12    31  2005        45         0  hru045               0.6487E+01     0.4881E+04     0.1254E+04     0.4821E+03     0.1612E+03    -0.9221E-09     0.0000E+00     0.0000E+00     0.0000E+00     0.0000E+00     0.0000E+00     0.0000E+00     0.0000E+00     0.0000E+00     0.0000E+00     0.0000E+00    -0.9221E-09    -0.9221E-09     0.0000E+00     0.0000E+00     0.0000E+00     0.0000E+00     0.0000E+00     0.0000E+00     0.0000E+00     0.0000E+00     0.0000E+00     0.0000E+00     0.0000E+00     0.0000E+00     0.0000E+00     0.0000E+00     0.0000E+00     0.0000E+00     0.0000E+00     0.0000E+00     0.0000E+00     0.0000E+00     0.0000E+00     0.0000E+00     0.2756E+03     0.1305E-02     0.0000E+00     0.0000E+00     0.0000E+00     0.0000E+00     0.0000E+00     0.0000E+00     0.0000E+00     0.0000E+00     0.0000E+00     0.0000E+00     0.3317E-08     0.3317E-08     0.0000E+00     0.0000E+00     0.0000E+00     0.1878E+00
   365    12    31  2005        46         0  hru046               0.3040E+02     0.2287E+05     0.5885E+04     0.2266E+04     0.7564E+03     0.1454E-03     0.7251E-03     0.3178E-03     0.8469E-02     0.2727E-02     0.1201E-02     0.0000E+00     0.0000E+00     0.0000E+00     0.0000E+00     0.2949E-03     0.1934E-05     0.2268E-05     0.5942E-04     0.5655E-04     0.0000E+00     0.0000E+00     0.0000E+00     0.0000E+00     0.0000E+00     0.0000E+00     0.0000E+00     0.0000E+00     0.0000E+00     0.0000E+00     0.0000E+00     0.0000E+00     0.0000E+00     0.0000E+00     0.0000E+00     0.0000E+00     0.0000E+00     0.0000E+00     0.0000E+00     0.0000E+00     0.1295E+04     0.3474E-01     0.1152E+00     0.6209E-01     0.3281E+01     0.1469E+00     0.4036E-01     0.0000E+00     0.0000E+00     0.0000E+00     0.0000E+00     0.0000E+00     0.4070E-03     0.4865E-03     0.0000E+00     0.0000E+00     0.0000E+00     0.1875E+00
   365    12    31  2005        47         0  hru047               0.5535E+02     0.4165E+05     0.1070E+05     0.4113E+04     0.1375E+04    -0.7867E-08     0.0000E+00     0.0000E+00     0.0000E+00     0.0000E+00     0.0000E+00     0.0000E+00     0.0000E+00     0.0000E+00     0.0000E+00     0.0000E+00    -0.7867E-08    -0.7867E-08     0.0000E+00     0.0000E+00     0.0000E+00     0.0000E+00     0.0000E+00     0.0000E+00     0.0000E+00     0.0000E+00     0.0000E+00     0.0000E+00     0.0000E+00     0.0000E+00     0.0000E+00     0.0000E+00     0.0000E+00     0.0000E+00     0.0000E+00     0.0000E+00     0.0000E+00     0.0000E+00     0.0000E+00     0.0000E+00     0.2352E+04     0.1305E-01     0.0000E+00     0.0000E+00     0.0000E+00     0.0000E+00     0.0000E+00     0.0000E+00     0.0000E+00     0.0000E+00     0.0000E+00     0.0000E+00     0.2831E-07     0.2831E-07     0.0000E+00     0.0000E+00     0.0000E+00     0.1878E+00
   365    12    31  2005        48         0  hru048               0.3465E+01     0.2607E+04     0.6673E+03     0.2574E+03     0.8609E+02    -0.4924E-09     0.0000E+00     0.0000E+00     0.0000E+00     0.0000E+00     0.0000E+00     0.0000E+00     0.0000E+00     0.0000E+00     0.0000E+00     0.0000E+00    -0.4924E-09    -0.4924E-09     0.0000E+00     0.0000E+00     0.0000E+00     0.0000E+00     0.0000E+00     0.0000E+00     0.0000E+00     0.0000E+00     0.0000E+00     0.0000E+00     0.0000E+00     0.0000E+00     0.0000E+00     0.0000E+00     0.0000E+00     0.0000E+00     0.0000E+00     0.0000E+00     0.0000E+00     0.0000E+00     0.0000E+00     0.0000E+00     0.1474E+03     0.1849E-03     0.0000E+00     0.0000E+00     0.0000E+00     0.0000E+00     0.0000E+00     0.0000E+00     0.0000E+00     0.0000E+00     0.0000E+00     0.0000E+00     0.1771E-08     0.1771E-08     0.0000E+00     0.0000E+00     0.0000E+00     0.1876E+00
   365    12    31  2005        49         0  hru049               0.3979E+01     0.2976E+04     0.7300E+03     0.2956E+03     0.9827E+02    -0.5621E-09     0.0000E+00     0.0000E+00     0.0000E+00     0.0000E+00     0.0000E+00     0.0000E+00     0.0000E+00     0.0000E+00     0.0000E+00     0.0000E+00    -0.5621E-09    -0.5621E-09     0.0000E+00     0.0000E+00     0.0000E+00     0.0000E+00     0.0000E+00     0.0000E+00     0.0000E+00     0.0000E+00     0.0000E+00     0.0000E+00     0.0000E+00     0.0000E+00     0.0000E+00     0.0000E+00     0.0000E+00     0.0000E+00     0.0000E+00     0.0000E+00     0.0000E+00     0.0000E+00     0.0000E+00     0.0000E+00     0.1707E+03     0.1007E-02     0.0000E+00     0.0000E+00     0.0000E+00     0.0000E+00     0.0000E+00     0.0000E+00     0.0000E+00     0.0000E+00     0.0000E+00     0.0000E+00     0.2055E-08     0.2055E-08     0.0000E+00     0.0000E+00     0.0000E+00     0.1854E+00
   365    12    31  2005        50         0  hru050               0.5704E+01     0.4266E+04     0.1046E+04     0.4238E+03     0.1409E+03    -0.8058E-09     0.0000E+00     0.0000E+00     0.0000E+00     0.0000E+00     0.0000E+00     0.0000E+00     0.0000E+00     0.0000E+00     0.0000E+00     0.0000E+00    -0.8058E-09    -0.8058E-09     0.0000E+00     0.0000E+00     0.0000E+00     0.0000E+00     0.0000E+00     0.0000E+00     0.0000E+00     0.0000E+00     0.0000E+00     0.0000E+00     0.0000E+00     0.0000E+00     0.0000E+00     0.0000E+00     0.0000E+00     0.0000E+00     0.0000E+00     0.0000E+00     0.0000E+00     0.0000E+00     0.0000E+00     0.0000E+00     0.2448E+03     0.4964E-02     0.0000E+00     0.0000E+00     0.0000E+00     0.0000E+00     0.0000E+00     0.0000E+00     0.0000E+00     0.0000E+00     0.0000E+00     0.0000E+00     0.2945E-08     0.2945E-08     0.0000E+00     0.0000E+00     0.0000E+00     0.1854E+00
   365    12    31  2005        51         0  hru051               0.8631E+01     0.6455E+04     0.1583E+04     0.6414E+03     0.2132E+03    -0.1219E-08     0.0000E+00     0.0000E+00     0.0000E+00     0.0000E+00     0.0000E+00     0.0000E+00     0.0000E+00     0.0000E+00     0.0000E+00     0.0000E+00    -0.1219E-08    -0.1219E-08     0.0000E+00     0.0000E+00     0.0000E+00     0.0000E+00     0.0000E+00     0.0000E+00     0.0000E+00     0.0000E+00     0.0000E+00     0.0000E+00     0.0000E+00     0.0000E+00     0.0000E+00     0.0000E+00     0.0000E+00     0.0000E+00     0.0000E+00     0.0000E+00     0.0000E+00     0.0000E+00     0.0000E+00     0.0000E+00     0.3704E+03     0.9246E-03     0.0000E+00     0.0000E+00     0.0000E+00     0.0000E+00     0.0000E+00     0.0000E+00     0.0000E+00     0.0000E+00     0.0000E+00     0.0000E+00     0.4449E-08     0.4449E-08     0.0000E+00     0.0000E+00     0.0000E+00     0.1854E+00
   365    12    31  2005        52         0  hru052               0.1256E+02     0.9394E+04     0.2292E+04     0.9346E+03     0.3103E+03    -0.1775E-08     0.0000E+00     0.0000E+00     0.0000E+00     0.0000E+00     0.0000E+00     0.0000E+00     0.0000E+00     0.0000E+00     0.0000E+00     0.0000E+00    -0.1775E-08    -0.1775E-08     0.0000E+00     0.0000E+00     0.0000E+00     0.0000E+00     0.0000E+00     0.0000E+00     0.0000E+00     0.0000E+00     0.0000E+00     0.0000E+00     0.0000E+00     0.0000E+00     0.0000E+00     0.0000E+00     0.0000E+00     0.0000E+00     0.0000E+00     0.0000E+00     0.0000E+00     0.0000E+00     0.0000E+00     0.0000E+00     0.5401E+03     0.1490E-02     0.0000E+00     0.0000E+00     0.0000E+00     0.0000E+00     0.0000E+00     0.0000E+00     0.0000E+00     0.0000E+00     0.0000E+00     0.0000E+00     0.6498E-08     0.6498E-08     0.0000E+00     0.0000E+00     0.0000E+00     0.1851E+00
   365    12    31  2005        53         0  hru053               0.2886E+02     0.2084E+05     0.4002E+04     0.2121E+04     0.6882E+03    -0.3937E-08     0.0000E+00     0.0000E+00     0.0000E+00     0.0000E+00     0.0000E+00     0.0000E+00     0.0000E+00     0.0000E+00     0.0000E+00     0.0000E+00    -0.3937E-08    -0.3937E-08     0.0000E+00     0.0000E+00     0.0000E+00     0.0000E+00     0.0000E+00     0.0000E+00     0.0000E+00     0.0000E+00     0.0000E+00     0.0000E+00     0.0000E+00     0.0000E+00     0.0000E+00     0.0000E+00     0.0000E+00     0.0000E+00     0.0000E+00     0.0000E+00     0.0000E+00     0.0000E+00     0.0000E+00     0.0000E+00     0.1282E+04     0.1419E-02     0.1208E-01     0.4822E-02     0.1249E-01     0.1603E-01     0.7712E-02     0.0000E+00     0.0000E+00     0.0000E+00     0.0000E+00     0.0000E+00     0.8532E-04     0.9557E-04     0.0000E+00     0.0000E+00     0.0000E+00     0.1752E+00
   365    12    31  2005        54         0  hru054               0.6609E+01     0.4942E+04     0.1212E+04     0.4910E+03     0.1632E+03    -0.9337E-09     0.0000E+00     0.0000E+00     0.0000E+00     0.0000E+00     0.0000E+00     0.0000E+00     0.0000E+00     0.0000E+00     0.0000E+00     0.0000E+00    -0.9337E-09    -0.9337E-09     0.0000E+00     0.0000E+00     0.0000E+00     0.0000E+00     0.0000E+00     0.0000E+00     0.0000E+00     0.0000E+00     0.0000E+00     0.0000E+00     0.0000E+00     0.0000E+00     0.0000E+00     0.0000E+00     0.0000E+00     0.0000E+00     0.0000E+00     0.0000E+00     0.0000E+00     0.0000E+00     0.0000E+00     0.0000E+00     0.2836E+03     0.5874E-03     0.0000E+00     0.0000E+00     0.0000E+00     0.0000E+00     0.0000E+00     0.0000E+00     0.0000E+00     0.0000E+00     0.0000E+00     0.0000E+00     0.3406E-08     0.3406E-08     0.0000E+00     0.0000E+00     0.0000E+00     0.1854E+00
   365    12    31  2005       283         0  hru283               0.4025E+03     0.3028E+06     0.7749E+05     0.2992E+05     0.1001E+05    -0.5342E-07     0.2000E-08     0.5980E-08     0.5017E-01     0.3156E+00     0.7598E-01     0.0000E+00     0.0000E+00     0.0000E+00     0.0000E+00     0.3804E-05     0.6587E-06     0.6587E-06     0.3804E-05     0.3804E-05     0.0000E+00     0.0000E+00     0.0000E+00     0.0000E+00     0.0000E+00     0.0000E+00     0.0000E+00     0.0000E+00     0.0000E+00     0.0000E+00     0.0000E+00     0.0000E+00     0.0000E+00     0.0000E+00     0.0000E+00     0.0000E+00     0.0000E+00     0.0000E+00     0.0000E+00     0.0000E+00     0.1716E+05     0.1519E+00     0.3224E-01     0.1251E-01     0.1955E+00     0.4122E+01     0.1043E+01     0.0000E+00     0.0000E+00     0.0000E+00     0.0000E+00     0.0000E+00     0.2370E-03     0.2658E-03     0.0000E+00     0.0000E+00     0.0000E+00     0.1874E+00
   365    12    31  2005       284         0  hru284               0.3021E+02     0.2273E+05     0.5845E+04     0.2245E+04     0.7507E+03    -0.4294E-08     0.0000E+00     0.0000E+00     0.0000E+00     0.0000E+00     0.0000E+00     0.0000E+00     0.0000E+00     0.0000E+00     0.0000E+00     0.0000E+00    -0.4294E-08    -0.4294E-08     0.0000E+00     0.0000E+00     0.0000E+00     0.0000E+00     0.0000E+00     0.0000E+00     0.0000E+00     0.0000E+00     0.0000E+00     0.0000E+00     0.0000E+00     0.0000E+00     0.0000E+00     0.0000E+00     0.0000E+00     0.0000E+00     0.0000E+00     0.0000E+00     0.0000E+00     0.0000E+00     0.0000E+00     0.0000E+00     0.1284E+04     0.2922E-02     0.0000E+00     0.0000E+00     0.0000E+00     0.0000E+00     0.0000E+00     0.0000E+00     0.0000E+00     0.0000E+00     0.0000E+00     0.0000E+00     0.1542E-07     0.1542E-07     0.0000E+00     0.0000E+00     0.0000E+00     0.1878E+00
   365    12    31  2005       285         0  hru285               0.1206E+02     0.9071E+04     0.2331E+04     0.8960E+03     0.2996E+03    -0.1714E-08     0.0000E+00     0.0000E+00     0.0000E+00     0.0000E+00     0.0000E+00     0.0000E+00     0.0000E+00     0.0000E+00     0.0000E+00     0.0000E+00    -0.1714E-08    -0.1714E-08     0.0000E+00     0.0000E+00     0.0000E+00     0.0000E+00     0.0000E+00     0.0000E+00     0.0000E+00     0.0000E+00     0.0000E+00     0.0000E+00     0.0000E+00     0.0000E+00     0.0000E+00     0.0000E+00     0.0000E+00     0.0000E+00     0.0000E+00     0.0000E+00     0.0000E+00     0.0000E+00     0.0000E+00     0.0000E+00     0.5123E+03     0.3972E-02     0.0000E+00     0.0000E+00     0.0000E+00     0.0000E+00     0.0000E+00     0.0000E+00     0.0000E+00     0.0000E+00     0.0000E+00     0.0000E+00     0.6165E-08     0.6165E-08     0.0000E+00     0.0000E+00     0.0000E+00     0.1878E+00
   365    12    31  2005       286         0  hru286               0.7040E+01     0.5297E+04     0.1361E+04     0.5232E+03     0.1749E+03    -0.1001E-08     0.0000E+00     0.0000E+00     0.0000E+00     0.0000E+00     0.0000E+00     0.0000E+00     0.0000E+00     0.0000E+00     0.0000E+00     0.0000E+00    -0.1001E-08    -0.1001E-08     0.0000E+00     0.0000E+00     0.0000E+00     0.0000E+00     0.0000E+00     0.0000E+00     0.0000E+00     0.0000E+00     0.0000E+00     0.0000E+00     0.0000E+00     0.0000E+00     0.0000E+00     0.0000E+00     0.0000E+00     0.0000E+00     0.0000E+00     0.0000E+00     0.0000E+00     0.0000E+00     0.0000E+00     0.0000E+00     0.2991E+03     0.2524E-02     0.0000E+00     0.0000E+00     0.0000E+00     0.0000E+00     0.0000E+00     0.0000E+00     0.0000E+00     0.0000E+00     0.0000E+00     0.0000E+00     0.3600E-08     0.3600E-08     0.0000E+00     0.0000E+00     0.0000E+00     0.1878E+00
   365    12    31  2005       287         0  hru287               0.4135E+01     0.3111E+04     0.7991E+03     0.3073E+03     0.1027E+03    -0.5877E-09     0.0000E+00     0.0000E+00     0.0000E+00     0.0000E+00     0.0000E+00     0.0000E+00     0.0000E+00     0.0000E+00     0.0000E+00     0.0000E+00    -0.5877E-09    -0.5877E-09     0.0000E+00     0.0000E+00     0.0000E+00     0.0000E+00     0.0000E+00     0.0000E+00     0.0000E+00     0.0000E+00     0.0000E+00     0.0000E+00     0.0000E+00     0.0000E+00     0.0000E+00     0.0000E+00     0.0000E+00     0.0000E+00     0.0000E+00     0.0000E+00     0.0000E+00     0.0000E+00     0.0000E+00     0.0000E+00     0.1757E+03     0.2373E-02     0.0000E+00     0.0000E+00     0.0000E+00     0.0000E+00     0.0000E+00     0.0000E+00     0.0000E+00     0.0000E+00     0.0000E+00     0.0000E+00     0.2115E-08     0.2115E-08     0.0000E+00     0.0000E+00     0.0000E+00     0.1878E+00
   365    12    31  2006        43         0  hru043               0.8744E+01     0.5217E+04     0.1919E+04     0.6262E+03     0.2760E+03    -0.1259E-08     0.0000E+00     0.0000E+00     0.0000E+00     0.0000E+00     0.0000E+00     0.0000E+00     0.0000E+00     0.0000E+00     0.0000E+00     0.0000E+00    -0.1259E-08    -0.1259E-08     0.0000E+00     0.0000E+00     0.0000E+00     0.0000E+00     0.0000E+00     0.0000E+00     0.0000E+00     0.0000E+00     0.0000E+00     0.0000E+00     0.0000E+00     0.0000E+00     0.0000E+00     0.0000E+00     0.0000E+00     0.0000E+00     0.0000E+00     0.0000E+00     0.0000E+00     0.0000E+00     0.0000E+00     0.0000E+00     0.2196E+03     0.7063E-02     0.1834E-01     0.8349E-02     0.4666E-02     0.5455E-02     0.2872E-02     0.0000E+00     0.0000E+00     0.0000E+00     0.0000E+00     0.0000E+00     0.9017E-04     0.1071E-03     0.0000E+00     0.0000E+00     0.0000E+00     0.2042E+00
   365    12    31  2006        44         0  hru044               0.1425E+02     0.8224E+04     0.2552E+04     0.1030E+04     0.4478E+03     0.3425E+00     0.1362E+01     0.7121E+00     0.2022E-01     0.2452E-01     0.6863E-01     0.0000E+00     0.0000E+00     0.0000E+00     0.0000E+00     0.0000E+00     0.5514E-02     0.6595E-02     0.0000E+00     0.0000E+00     0.0000E+00     0.0000E+00     0.0000E+00     0.0000E+00     0.0000E+00     0.0000E+00     0.0000E+00     0.0000E+00     0.0000E+00     0.0000E+00     0.0000E+00     0.0000E+00     0.0000E+00     0.0000E+00     0.0000E+00     0.0000E+00     0.0000E+00     0.0000E+00     0.0000E+00     0.0000E+00     0.4021E+03     0.2582E+01     0.5173E+01     0.2681E+01     0.5190E+00     0.1022E+00     0.3094E+00     0.0000E+00     0.0000E+00     0.0000E+00     0.0000E+00     0.0000E+00     0.3612E-01     0.4316E-01     0.0000E+00     0.0000E+00     0.0000E+00     0.1928E+00
   365    12    31  2006        45         0  hru045               0.6843E+01     0.4082E+04     0.1499E+04     0.4900E+03     0.2160E+03    -0.9848E-09     0.0000E+00     0.0000E+00     0.0000E+00     0.0000E+00     0.0000E+00     0.0000E+00     0.0000E+00     0.0000E+00     0.0000E+00     0.0000E+00    -0.9848E-09    -0.9848E-09     0.0000E+00     0.0000E+00     0.0000E+00     0.0000E+00     0.0000E+00     0.0000E+00     0.0000E+00     0.0000E+00     0.0000E+00     0.0000E+00     0.0000E+00     0.0000E+00     0.0000E+00     0.0000E+00     0.0000E+00     0.0000E+00     0.0000E+00     0.0000E+00     0.0000E+00     0.0000E+00     0.0000E+00     0.0000E+00     0.1715E+03     0.2058E-08     0.0000E+00     0.0000E+00     0.0000E+00     0.0000E+00     0.0000E+00     0.0000E+00     0.0000E+00     0.0000E+00     0.0000E+00     0.0000E+00     0.2058E-08     0.2058E-08     0.0000E+00     0.0000E+00     0.0000E+00     0.2044E+00
   365    12    31  2006        46         0  hru046               0.3207E+02     0.1913E+05     0.7028E+04     0.2297E+04     0.1012E+04    -0.4615E-08     0.0000E+00     0.0000E+00     0.0000E+00     0.0000E+00     0.0000E+00     0.0000E+00     0.0000E+00     0.0000E+00     0.0000E+00     0.0000E+00    -0.4615E-08    -0.4615E-08     0.0000E+00     0.0000E+00     0.0000E+00     0.0000E+00     0.0000E+00     0.0000E+00     0.0000E+00     0.0000E+00     0.0000E+00     0.0000E+00     0.0000E+00     0.0000E+00     0.0000E+00     0.0000E+00     0.0000E+00     0.0000E+00     0.0000E+00     0.0000E+00     0.0000E+00     0.0000E+00     0.0000E+00     0.0000E+00     0.8039E+03     0.1666E-03     0.4899E-03     0.2154E-03     0.9455E-02     0.1800E-02     0.9152E-03     0.0000E+00     0.0000E+00     0.0000E+00     0.0000E+00     0.0000E+00     0.3269E-05     0.3652E-05     0.0000E+00     0.0000E+00     0.0000E+00     0.2043E+00
   365    12    31  2006        47         0  hru047               0.5839E+02     0.3483E+05     0.1279E+05     0.4182E+04     0.1843E+04    -0.8402E-08     0.0000E+00     0.0000E+00     0.0000E+00     0.0000E+00     0.0000E+00     0.0000E+00     0.0000E+00     0.0000E+00     0.0000E+00     0.0000E+00    -0.8402E-08    -0.8402E-08     0.0000E+00     0.0000E+00     0.0000E+00     0.0000E+00     0.0000E+00     0.0000E+00     0.0000E+00     0.0000E+00     0.0000E+00     0.0000E+00     0.0000E+00     0.0000E+00     0.0000E+00     0.0000E+00     0.0000E+00     0.0000E+00     0.0000E+00     0.0000E+00     0.0000E+00     0.0000E+00     0.0000E+00     0.0000E+00     0.1464E+04     0.1756E-07     0.0000E+00     0.0000E+00     0.0000E+00     0.0000E+00     0.0000E+00     0.0000E+00     0.0000E+00     0.0000E+00     0.0000E+00     0.0000E+00     0.1756E-07     0.1756E-07     0.0000E+00     0.0000E+00     0.0000E+00     0.2043E+00
   365    12    31  2006        48         0  hru048               0.3655E+01     0.2180E+04     0.8007E+03     0.2618E+03     0.1153E+03    -0.5259E-09     0.0000E+00     0.0000E+00     0.0000E+00     0.0000E+00     0.0000E+00     0.0000E+00     0.0000E+00     0.0000E+00     0.0000E+00     0.0000E+00    -0.5259E-09    -0.5259E-09     0.0000E+00     0.0000E+00     0.0000E+00     0.0000E+00     0.0000E+00     0.0000E+00     0.0000E+00     0.0000E+00     0.0000E+00     0.0000E+00     0.0000E+00     0.0000E+00     0.0000E+00     0.0000E+00     0.0000E+00     0.0000E+00     0.0000E+00     0.0000E+00     0.0000E+00     0.0000E+00     0.0000E+00     0.0000E+00     0.9162E+02     0.1099E-08     0.0000E+00     0.0000E+00     0.0000E+00     0.0000E+00     0.0000E+00     0.0000E+00     0.0000E+00     0.0000E+00     0.0000E+00     0.0000E+00     0.1099E-08     0.1099E-08     0.0000E+00     0.0000E+00     0.0000E+00     0.2044E+00
   365    12    31  2006        49         0  hru049               0.4195E+01     0.2489E+04     0.9080E+03     0.2998E+03     0.1317E+03    -0.6004E-09     0.0000E+00     0.0000E+00     0.0000E+00     0.0000E+00     0.0000E+00     0.0000E+00     0.0000E+00     0.0000E+00     0.0000E+00     0.0000E+00    -0.6004E-09    -0.6004E-09     0.0000E+00     0.0000E+00     0.0000E+00     0.0000E+00     0.0000E+00     0.0000E+00     0.0000E+00     0.0000E+00     0.0000E+00     0.0000E+00     0.0000E+00     0.0000E+00     0.0000E+00     0.0000E+00     0.0000E+00     0.0000E+00     0.0000E+00     0.0000E+00     0.0000E+00     0.0000E+00     0.0000E+00     0.0000E+00     0.1049E+03     0.1259E-08     0.0000E+00     0.0000E+00     0.0000E+00     0.0000E+00     0.0000E+00     0.0000E+00     0.0000E+00     0.0000E+00     0.0000E+00     0.0000E+00     0.1259E-08     0.1259E-08     0.0000E+00     0.0000E+00     0.0000E+00     0.2041E+00
   365    12    31  2006        50         0  hru050               0.6014E+01     0.3568E+04     0.1302E+04     0.4298E+03     0.1887E+03    -0.8606E-09     0.0000E+00     0.0000E+00     0.0000E+00     0.0000E+00     0.0000E+00     0.0000E+00     0.0000E+00     0.0000E+00     0.0000E+00     0.0000E+00    -0.8606E-09    -0.8606E-09     0.0000E+00     0.0000E+00     0.0000E+00     0.0000E+00     0.0000E+00     0.0000E+00     0.0000E+00     0.0000E+00     0.0000E+00     0.0000E+00     0.0000E+00     0.0000E+00     0.0000E+00     0.0000E+00     0.0000E+00     0.0000E+00     0.0000E+00     0.0000E+00     0.0000E+00     0.0000E+00     0.0000E+00     0.0000E+00     0.1504E+03     0.1804E-08     0.0000E+00     0.0000E+00     0.0000E+00     0.0000E+00     0.0000E+00     0.0000E+00     0.0000E+00     0.0000E+00     0.0000E+00     0.0000E+00     0.1804E-08     0.1804E-08     0.0000E+00     0.0000E+00     0.0000E+00     0.2041E+00
   365    12    31  2006        51         0  hru051               0.9100E+01     0.5398E+04     0.1969E+04     0.6503E+03     0.2856E+03    -0.1302E-08     0.0000E+00     0.0000E+00     0.0000E+00     0.0000E+00     0.0000E+00     0.0000E+00     0.0000E+00     0.0000E+00     0.0000E+00     0.0000E+00    -0.1302E-08    -0.1302E-08     0.0000E+00     0.0000E+00     0.0000E+00     0.0000E+00     0.0000E+00     0.0000E+00     0.0000E+00     0.0000E+00     0.0000E+00     0.0000E+00     0.0000E+00     0.0000E+00     0.0000E+00     0.0000E+00     0.0000E+00     0.0000E+00     0.0000E+00     0.0000E+00     0.0000E+00     0.0000E+00     0.0000E+00     0.0000E+00     0.2275E+03     0.2731E-08     0.0000E+00     0.0000E+00     0.0000E+00     0.0000E+00     0.0000E+00     0.0000E+00     0.0000E+00     0.0000E+00     0.0000E+00     0.0000E+00     0.2731E-08     0.2731E-08     0.0000E+00     0.0000E+00     0.0000E+00     0.2041E+00
   365    12    31  2006        52         0  hru052               0.1324E+02     0.7857E+04     0.2862E+04     0.9488E+03     0.4157E+03    -0.1896E-08     0.0000E+00     0.0000E+00     0.0000E+00     0.0000E+00     0.0000E+00     0.0000E+00     0.0000E+00     0.0000E+00     0.0000E+00     0.0000E+00    -0.1896E-08    -0.1896E-08     0.0000E+00     0.0000E+00     0.0000E+00     0.0000E+00     0.0000E+00     0.0000E+00     0.0000E+00     0.0000E+00     0.0000E+00     0.0000E+00     0.0000E+00     0.0000E+00     0.0000E+00     0.0000E+00     0.0000E+00     0.0000E+00     0.0000E+00     0.0000E+00     0.0000E+00     0.0000E+00     0.0000E+00     0.0000E+00     0.3314E+03     0.3976E-08     0.0000E+00     0.0000E+00     0.0000E+00     0.0000E+00     0.0000E+00     0.0000E+00     0.0000E+00     0.0000E+00     0.0000E+00     0.0000E+00     0.3976E-08     0.3976E-08     0.0000E+00     0.0000E+00     0.0000E+00     0.2040E+00
   365    12    31  2006        53         0  hru053               0.3020E+02     0.1743E+05     0.5402E+04     0.2188E+04     0.9222E+03    -0.4205E-08     0.0000E+00     0.0000E+00     0.0000E+00     0.0000E+00     0.0000E+00     0.0000E+00     0.0000E+00     0.0000E+00     0.0000E+00     0.0000E+00    -0.4205E-08    -0.4205E-08     0.0000E+00     0.0000E+00     0.0000E+00     0.0000E+00     0.0000E+00     0.0000E+00     0.0000E+00     0.0000E+00     0.0000E+00     0.0000E+00     0.0000E+00     0.0000E+00     0.0000E+00     0.0000E+00     0.0000E+00     0.0000E+00     0.0000E+00     0.0000E+00     0.0000E+00     0.0000E+00     0.0000E+00     0.0000E+00     0.8070E+03     0.9684E-08     0.0000E+00     0.0000E+00     0.0000E+00     0.0000E+00     0.0000E+00     0.0000E+00     0.0000E+00     0.0000E+00     0.0000E+00     0.0000E+00     0.9684E-08     0.9684E-08     0.0000E+00     0.0000E+00     0.0000E+00     0.1952E+00
   365    12    31  2006        54         0  hru054               0.6968E+01     0.4134E+04     0.1508E+04     0.4980E+03     0.2187E+03    -0.9971E-09     0.0000E+00     0.0000E+00     0.0000E+00     0.0000E+00     0.0000E+00     0.0000E+00     0.0000E+00     0.0000E+00     0.0000E+00     0.0000E+00    -0.9971E-09    -0.9971E-09     0.0000E+00     0.0000E+00     0.0000E+00     0.0000E+00     0.0000E+00     0.0000E+00     0.0000E+00     0.0000E+00     0.0000E+00     0.0000E+00     0.0000E+00     0.0000E+00     0.0000E+00     0.0000E+00     0.0000E+00     0.0000E+00     0.0000E+00     0.0000E+00     0.0000E+00     0.0000E+00     0.0000E+00     0.0000E+00     0.1742E+03     0.2091E-08     0.0000E+00     0.0000E+00     0.0000E+00     0.0000E+00     0.0000E+00     0.0000E+00     0.0000E+00     0.0000E+00     0.0000E+00     0.0000E+00     0.2091E-08     0.2091E-08     0.0000E+00     0.0000E+00     0.0000E+00     0.2041E+00
   365    12    31  2006       283         0  hru283               0.4246E+03     0.2533E+06     0.9299E+05     0.3041E+05     0.1340E+05    -0.5647E-07     0.1825E-08     0.5401E-08     0.6310E-02     0.3498E+00     0.8810E-01     0.0000E+00     0.0000E+00     0.0000E+00     0.0000E+00     0.4632E-05     0.6718E-06     0.6718E-06     0.4632E-05     0.4632E-05     0.0000E+00     0.0000E+00     0.0000E+00     0.0000E+00     0.0000E+00     0.0000E+00     0.0000E+00     0.0000E+00     0.0000E+00     0.0000E+00     0.0000E+00     0.0000E+00     0.0000E+00     0.0000E+00     0.0000E+00     0.0000E+00     0.0000E+00     0.0000E+00     0.0000E+00     0.0000E+00     0.1065E+05     0.1278E-06     0.1957E-07     0.5847E-07     0.6814E-01     0.1790E+01     0.4541E+00     0.0000E+00     0.0000E+00     0.0000E+00     0.0000E+00     0.0000E+00     0.8278E-05     0.8278E-05     0.0000E+00     0.0000E+00     0.0000E+00     0.2043E+00
   365    12    31  2006       284         0  hru284               0.3187E+02     0.1901E+05     0.6982E+04     0.2283E+04     0.1006E+04    -0.4586E-08     0.0000E+00     0.0000E+00     0.0000E+00     0.0000E+00     0.0000E+00     0.0000E+00     0.0000E+00     0.0000E+00     0.0000E+00     0.0000E+00    -0.4586E-08    -0.4586E-08     0.0000E+00     0.0000E+00     0.0000E+00     0.0000E+00     0.0000E+00     0.0000E+00     0.0000E+00     0.0000E+00     0.0000E+00     0.0000E+00     0.0000E+00     0.0000E+00     0.0000E+00     0.0000E+00     0.0000E+00     0.0000E+00     0.0000E+00     0.0000E+00     0.0000E+00     0.0000E+00     0.0000E+00     0.0000E+00     0.7989E+03     0.9587E-08     0.0000E+00     0.0000E+00     0.0000E+00     0.0000E+00     0.0000E+00     0.0000E+00     0.0000E+00     0.0000E+00     0.0000E+00     0.0000E+00     0.9587E-08     0.9587E-08     0.0000E+00     0.0000E+00     0.0000E+00     0.2043E+00
   365    12    31  2006       285         0  hru285               0.1272E+02     0.7587E+04     0.2787E+04     0.9107E+03     0.4014E+03    -0.1830E-08     0.0000E+00     0.0000E+00     0.0000E+00     0.0000E+00     0.0000E+00     0.0000E+00     0.0000E+00     0.0000E+00     0.0000E+00     0.0000E+00    -0.1830E-08    -0.1830E-08     0.0000E+00     0.0000E+00     0.0000E+00     0.0000E+00     0.0000E+00     0.0000E+00     0.0000E+00     0.0000E+00     0.0000E+00     0.0000E+00     0.0000E+00     0.0000E+00     0.0000E+00     0.0000E+00     0.0000E+00     0.0000E+00     0.0000E+00     0.0000E+00     0.0000E+00     0.0000E+00     0.0000E+00     0.0000E+00     0.3188E+03     0.3825E-08     0.0000E+00     0.0000E+00     0.0000E+00     0.0000E+00     0.0000E+00     0.0000E+00     0.0000E+00     0.0000E+00     0.0000E+00     0.0000E+00     0.3825E-08     0.3825E-08     0.0000E+00     0.0000E+00     0.0000E+00     0.2044E+00
   365    12    31  2006       286         0  hru286               0.7426E+01     0.4430E+04     0.1627E+04     0.5318E+03     0.2344E+03    -0.1069E-08     0.0000E+00     0.0000E+00     0.0000E+00     0.0000E+00     0.0000E+00     0.0000E+00     0.0000E+00     0.0000E+00     0.0000E+00     0.0000E+00    -0.1069E-08    -0.1069E-08     0.0000E+00     0.0000E+00     0.0000E+00     0.0000E+00     0.0000E+00     0.0000E+00     0.0000E+00     0.0000E+00     0.0000E+00     0.0000E+00     0.0000E+00     0.0000E+00     0.0000E+00     0.0000E+00     0.0000E+00     0.0000E+00     0.0000E+00     0.0000E+00     0.0000E+00     0.0000E+00     0.0000E+00     0.0000E+00     0.1861E+03     0.2234E-08     0.0000E+00     0.0000E+00     0.0000E+00     0.0000E+00     0.0000E+00     0.0000E+00     0.0000E+00     0.0000E+00     0.0000E+00     0.0000E+00     0.2234E-08     0.2234E-08     0.0000E+00     0.0000E+00     0.0000E+00     0.2044E+00
   365    12    31  2006       287         0  hru287               0.4362E+01     0.2602E+04     0.9556E+03     0.3124E+03     0.1377E+03    -0.6277E-09     0.0000E+00     0.0000E+00     0.0000E+00     0.0000E+00     0.0000E+00     0.0000E+00     0.0000E+00     0.0000E+00     0.0000E+00     0.0000E+00    -0.6277E-09    -0.6277E-09     0.0000E+00     0.0000E+00     0.0000E+00     0.0000E+00     0.0000E+00     0.0000E+00     0.0000E+00     0.0000E+00     0.0000E+00     0.0000E+00     0.0000E+00     0.0000E+00     0.0000E+00     0.0000E+00     0.0000E+00     0.0000E+00     0.0000E+00     0.0000E+00     0.0000E+00     0.0000E+00     0.0000E+00     0.0000E+00     0.1093E+03     0.1312E-08     0.0000E+00     0.0000E+00     0.0000E+00     0.0000E+00     0.0000E+00     0.0000E+00     0.0000E+00     0.0000E+00     0.0000E+00     0.0000E+00     0.1312E-08     0.1312E-08     0.0000E+00     0.0000E+00     0.0000E+00     0.2044E+00
   365    12    31  2007        43         0  hru043               0.8789E+01     0.7216E+04     0.1940E+04     0.6587E+03     0.1040E+03    -0.2820E-08     0.0000E+00     0.0000E+00     0.0000E+00     0.0000E+00     0.0000E+00     0.0000E+00     0.0000E+00     0.0000E+00     0.0000E+00     0.0000E+00    -0.2820E-08    -0.2820E-08     0.0000E+00     0.0000E+00     0.0000E+00     0.0000E+00     0.0000E+00     0.0000E+00     0.0000E+00     0.0000E+00     0.0000E+00     0.0000E+00     0.0000E+00     0.0000E+00     0.0000E+00     0.0000E+00     0.0000E+00     0.0000E+00     0.0000E+00     0.0000E+00     0.0000E+00     0.0000E+00     0.0000E+00     0.0000E+00     0.4086E+03     0.1986E+00     0.1668E+01     0.9217E+00     0.5286E-01     0.8058E+00     0.1562E+00     0.0000E+00     0.0000E+00     0.0000E+00     0.0000E+00     0.0000E+00     0.3476E-02     0.4158E-02     0.0000E+00     0.0000E+00     0.0000E+00     0.5595E-01
   365    12    31  2007        44         0  hru044               0.1390E+02     0.1138E+05     0.2422E+04     0.1038E+04     0.1737E+03     0.1447E+00     0.1775E+00     0.8237E-01     0.3980E-02     0.3539E-02     0.1068E-01     0.0000E+00     0.0000E+00     0.0000E+00     0.0000E+00     0.0000E+00     0.1748E-02     0.2086E-02     0.0000E+00     0.0000E+00     0.0000E+00     0.0000E+00     0.0000E+00     0.0000E+00     0.0000E+00     0.0000E+00     0.0000E+00     0.0000E+00     0.0000E+00     0.0000E+00     0.0000E+00     0.0000E+00     0.0000E+00     0.0000E+00     0.0000E+00     0.0000E+00     0.0000E+00     0.0000E+00     0.0000E+00     0.0000E+00     0.7605E+03     0.1381E+02     0.2299E+02     0.9150E+01     0.8176E+00     0.3474E+00     0.9176E+00     0.0000E+00     0.0000E+00     0.0000E+00     0.0000E+00     0.0000E+00     0.1937E+00     0.2317E+00     0.0000E+00     0.0000E+00     0.0000E+00     0.4912E-01
   365    12    31  2007        45         0  hru045               0.6878E+01     0.5646E+04     0.1519E+04     0.5155E+03     0.8135E+02    -0.2206E-08     0.0000E+00     0.0000E+00     0.0000E+00     0.0000E+00     0.0000E+00     0.0000E+00     0.0000E+00     0.0000E+00     0.0000E+00     0.0000E+00    -0.2206E-08    -0.2206E-08     0.0000E+00     0.0000E+00     0.0000E+00     0.0000E+00     0.0000E+00     0.0000E+00     0.0000E+00     0.0000E+00     0.0000E+00     0.0000E+00     0.0000E+00     0.0000E+00     0.0000E+00     0.0000E+00     0.0000E+00     0.0000E+00     0.0000E+00     0.0000E+00     0.0000E+00     0.0000E+00     0.0000E+00     0.0000E+00     0.3150E+03     0.1828E-03     0.0000E+00     0.0000E+00     0.0000E+00     0.0000E+00     0.0000E+00     0.0000E+00     0.0000E+00     0.0000E+00     0.0000E+00     0.0000E+00     0.3780E-08     0.3780E-08     0.0000E+00     0.0000E+00     0.0000E+00     0.5679E-01
   365    12    31  2007        46         0  hru046               0.3223E+02     0.2646E+05     0.7116E+04     0.2416E+04     0.3812E+03    -0.1034E-07     0.0000E+00     0.0000E+00     0.0000E+00     0.0000E+00     0.0000E+00     0.0000E+00     0.0000E+00     0.0000E+00     0.0000E+00     0.0000E+00    -0.1034E-07    -0.1034E-07     0.0000E+00     0.0000E+00     0.0000E+00     0.0000E+00     0.0000E+00     0.0000E+00     0.0000E+00     0.0000E+00     0.0000E+00     0.0000E+00     0.0000E+00     0.0000E+00     0.0000E+00     0.0000E+00     0.0000E+00     0.0000E+00     0.0000E+00     0.0000E+00     0.0000E+00     0.0000E+00     0.0000E+00     0.0000E+00     0.1478E+04     0.1257E-01     0.4911E-01     0.2077E-01     0.5552E-01     0.3890E-01     0.1569E-01     0.0000E+00     0.0000E+00     0.0000E+00     0.0000E+00     0.0000E+00     0.1359E-03     0.1623E-03     0.0000E+00     0.0000E+00     0.0000E+00     0.5673E-01
   365    12    31  2007        47         0  hru047               0.5869E+02     0.4818E+05     0.1300E+05     0.4398E+04     0.6940E+03    -0.1879E-07     0.0000E+00     0.0000E+00     0.0000E+00     0.0000E+00     0.0000E+00     0.0000E+00     0.0000E+00     0.0000E+00     0.0000E+00     0.0000E+00    -0.1879E-07    -0.1879E-07     0.0000E+00     0.0000E+00     0.0000E+00     0.0000E+00     0.0000E+00     0.0000E+00     0.0000E+00     0.0000E+00     0.0000E+00     0.0000E+00     0.0000E+00     0.0000E+00     0.0000E+00     0.0000E+00     0.0000E+00     0.0000E+00     0.0000E+00     0.0000E+00     0.0000E+00     0.0000E+00     0.0000E+00     0.0000E+00     0.2685E+04     0.1834E-02     0.0000E+00     0.0000E+00     0.0000E+00     0.0000E+00     0.0000E+00     0.0000E+00     0.0000E+00     0.0000E+00     0.0000E+00     0.0000E+00     0.3222E-07     0.3222E-07     0.0000E+00     0.0000E+00     0.0000E+00     0.5686E-01
   365    12    31  2007        48         0  hru048               0.3673E+01     0.3016E+04     0.8228E+03     0.2753E+03     0.4343E+02    -0.1167E-08     0.0000E+00     0.0000E+00     0.0000E+00     0.0000E+00     0.0000E+00     0.0000E+00     0.0000E+00     0.0000E+00     0.0000E+00     0.0000E+00    -0.1167E-08    -0.1167E-08     0.0000E+00     0.0000E+00     0.0000E+00     0.0000E+00     0.0000E+00     0.0000E+00     0.0000E+00     0.0000E+00     0.0000E+00     0.0000E+00     0.0000E+00     0.0000E+00     0.0000E+00     0.0000E+00     0.0000E+00     0.0000E+00     0.0000E+00     0.0000E+00     0.0000E+00     0.0000E+00     0.0000E+00     0.0000E+00     0.1673E+03     0.2617E-04     0.0000E+00     0.0000E+00     0.0000E+00     0.0000E+00     0.0000E+00     0.0000E+00     0.0000E+00     0.0000E+00     0.0000E+00     0.0000E+00     0.2007E-08     0.2007E-08     0.0000E+00     0.0000E+00     0.0000E+00     0.5712E-01
   365    12    31  2007        49         0  hru049               0.4193E+01     0.3442E+04     0.9266E+03     0.3143E+03     0.4959E+02    -0.1344E-08     0.0000E+00     0.0000E+00     0.0000E+00     0.0000E+00     0.0000E+00     0.0000E+00     0.0000E+00     0.0000E+00     0.0000E+00     0.0000E+00    -0.1344E-08    -0.1344E-08     0.0000E+00     0.0000E+00     0.0000E+00     0.0000E+00     0.0000E+00     0.0000E+00     0.0000E+00     0.0000E+00     0.0000E+00     0.0000E+00     0.0000E+00     0.0000E+00     0.0000E+00     0.0000E+00     0.0000E+00     0.0000E+00     0.0000E+00     0.0000E+00     0.0000E+00     0.0000E+00     0.0000E+00     0.0000E+00     0.1920E+03     0.1583E-03     0.0000E+00     0.0000E+00     0.0000E+00     0.0000E+00     0.0000E+00     0.0000E+00     0.0000E+00     0.0000E+00     0.0000E+00     0.0000E+00     0.2304E-08     0.2304E-08     0.0000E+00     0.0000E+00     0.0000E+00     0.5681E-01
   365    12    31  2007        50         0  hru050               0.6011E+01     0.4935E+04     0.1328E+04     0.4505E+03     0.7108E+02    -0.1927E-08     0.0000E+00     0.0000E+00     0.0000E+00     0.0000E+00     0.0000E+00     0.0000E+00     0.0000E+00     0.0000E+00     0.0000E+00     0.0000E+00    -0.1927E-08    -0.1927E-08     0.0000E+00     0.0000E+00     0.0000E+00     0.0000E+00     0.0000E+00     0.0000E+00     0.0000E+00     0.0000E+00     0.0000E+00     0.0000E+00     0.0000E+00     0.0000E+00     0.0000E+00     0.0000E+00     0.0000E+00     0.0000E+00     0.0000E+00     0.0000E+00     0.0000E+00     0.0000E+00     0.0000E+00     0.0000E+00     0.2752E+03     0.7804E-03     0.0000E+00     0.0000E+00     0.0000E+00     0.0000E+00     0.0000E+00     0.0000E+00     0.0000E+00     0.0000E+00     0.0000E+00     0.0000E+00     0.3303E-08     0.3303E-08     0.0000E+00     0.0000E+00     0.0000E+00     0.5681E-01
   365    12    31  2007        51         0  hru051               0.9096E+01     0.7467E+04     0.2010E+04     0.6817E+03     0.1076E+03    -0.2916E-08     0.0000E+00     0.0000E+00     0.0000E+00     0.0000E+00     0.0000E+00     0.0000E+00     0.0000E+00     0.0000E+00     0.0000E+00     0.0000E+00    -0.2916E-08    -0.2916E-08     0.0000E+00     0.0000E+00     0.0000E+00     0.0000E+00     0.0000E+00     0.0000E+00     0.0000E+00     0.0000E+00     0.0000E+00     0.0000E+00     0.0000E+00     0.0000E+00     0.0000E+00     0.0000E+00     0.0000E+00     0.0000E+00     0.0000E+00     0.0000E+00     0.0000E+00     0.0000E+00     0.0000E+00     0.0000E+00     0.4164E+03     0.1454E-03     0.0000E+00     0.0000E+00     0.0000E+00     0.0000E+00     0.0000E+00     0.0000E+00     0.0000E+00     0.0000E+00     0.0000E+00     0.0000E+00     0.4997E-08     0.4997E-08     0.0000E+00     0.0000E+00     0.0000E+00     0.5681E-01
   365    12    31  2007        52         0  hru052               0.1324E+02     0.1087E+05     0.2910E+04     0.9921E+03     0.1566E+03    -0.4259E-08     0.0000E+00     0.0000E+00     0.0000E+00     0.0000E+00     0.0000E+00     0.0000E+00     0.0000E+00     0.0000E+00     0.0000E+00     0.0000E+00    -0.4259E-08    -0.4259E-08     0.0000E+00     0.0000E+00     0.0000E+00     0.0000E+00     0.0000E+00     0.0000E+00     0.0000E+00     0.0000E+00     0.0000E+00     0.0000E+00     0.0000E+00     0.0000E+00     0.0000E+00     0.0000E+00     0.0000E+00     0.0000E+00     0.0000E+00     0.0000E+00     0.0000E+00     0.0000E+00     0.0000E+00     0.0000E+00     0.6078E+03     0.2335E-03     0.3095E-08     0.9266E-08     0.3603E-02     0.1516E-01     0.4287E-02     0.0000E+00     0.0000E+00     0.0000E+00     0.0000E+00     0.0000E+00     0.4863E-05     0.4863E-05     0.0000E+00     0.0000E+00     0.0000E+00     0.5665E-01
   365    12    31  2007        53         0  hru053               0.2945E+02     0.2411E+05     0.5079E+04     0.2193E+04     0.3473E+03    -0.1083E-07     0.0000E+00     0.0000E+00     0.0000E+00     0.0000E+00     0.0000E+00     0.0000E+00     0.0000E+00     0.0000E+00     0.0000E+00     0.0000E+00    -0.1083E-07    -0.1083E-07     0.0000E+00     0.0000E+00     0.0000E+00     0.0000E+00     0.0000E+00     0.0000E+00     0.0000E+00     0.0000E+00     0.0000E+00     0.0000E+00     0.0000E+00     0.0000E+00     0.0000E+00     0.0000E+00     0.0000E+00     0.0000E+00     0.0000E+00     0.0000E+00     0.0000E+00     0.0000E+00     0.0000E+00     0.0000E+00     0.1467E+04     0.2802E-01     0.2273E+00     0.8373E-01     0.6023E-01     0.1717E+00     0.4649E-01     0.0000E+00     0.0000E+00     0.0000E+00     0.0000E+00     0.0000E+00     0.1459E-02     0.1646E-02     0.0000E+00     0.0000E+00     0.0000E+00     0.5207E-01
   365    12    31  2007        54         0  hru054               0.6965E+01     0.5718E+04     0.1539E+04     0.5220E+03     0.8236E+02    -0.2233E-08     0.0000E+00     0.0000E+00     0.0000E+00     0.0000E+00     0.0000E+00     0.0000E+00     0.0000E+00     0.0000E+00     0.0000E+00     0.0000E+00    -0.2233E-08    -0.2233E-08     0.0000E+00     0.0000E+00     0.0000E+00     0.0000E+00     0.0000E+00     0.0000E+00     0.0000E+00     0.0000E+00     0.0000E+00     0.0000E+00     0.0000E+00     0.0000E+00     0.0000E+00     0.0000E+00     0.0000E+00     0.0000E+00     0.0000E+00     0.0000E+00     0.0000E+00     0.0000E+00     0.0000E+00     0.0000E+00     0.3189E+03     0.9235E-04     0.0000E+00     0.0000E+00     0.0000E+00     0.0000E+00     0.0000E+00     0.0000E+00     0.0000E+00     0.0000E+00     0.0000E+00     0.0000E+00     0.3827E-08     0.3827E-08     0.0000E+00     0.0000E+00     0.0000E+00     0.5681E-01
   365    12    31  2007       283         0  hru283               0.4267E+03     0.3503E+06     0.9427E+05     0.3198E+05     0.5046E+04    -0.1272E-06     0.1505E-08     0.4376E-08     0.4940E-02     0.2823E+00     0.5922E-01     0.0000E+00     0.0000E+00     0.0000E+00     0.0000E+00     0.9677E-05     0.6616E-06     0.6616E-06     0.9677E-05     0.9677E-05     0.0000E+00     0.0000E+00     0.0000E+00     0.0000E+00     0.0000E+00     0.0000E+00     0.0000E+00     0.0000E+00     0.0000E+00     0.0000E+00     0.0000E+00     0.0000E+00     0.0000E+00     0.0000E+00     0.0000E+00     0.0000E+00     0.0000E+00     0.0000E+00     0.0000E+00     0.0000E+00     0.1955E+05     0.2131E-01     0.1440E-02     0.5018E-03     0.1303E+00     0.6362E+01     0.1523E+01     0.0000E+00     0.0000E+00     0.0000E+00     0.0000E+00     0.0000E+00     0.2877E-04     0.3065E-04     0.0000E+00     0.0000E+00     0.0000E+00     0.5676E-01
   365    12    31  2007       284         0  hru284               0.3203E+02     0.2630E+05     0.7080E+04     0.2401E+04     0.3788E+03    -0.1027E-07     0.0000E+00     0.0000E+00     0.0000E+00     0.0000E+00     0.0000E+00     0.0000E+00     0.0000E+00     0.0000E+00     0.0000E+00     0.0000E+00    -0.1027E-07    -0.1027E-07     0.0000E+00     0.0000E+00     0.0000E+00     0.0000E+00     0.0000E+00     0.0000E+00     0.0000E+00     0.0000E+00     0.0000E+00     0.0000E+00     0.0000E+00     0.0000E+00     0.0000E+00     0.0000E+00     0.0000E+00     0.0000E+00     0.0000E+00     0.0000E+00     0.0000E+00     0.0000E+00     0.0000E+00     0.0000E+00     0.1466E+04     0.4092E-03     0.0000E+00     0.0000E+00     0.0000E+00     0.0000E+00     0.0000E+00     0.0000E+00     0.0000E+00     0.0000E+00     0.0000E+00     0.0000E+00     0.1760E-07     0.1760E-07     0.0000E+00     0.0000E+00     0.0000E+00     0.5681E-01
   365    12    31  2007       285         0  hru285               0.1278E+02     0.1049E+05     0.2823E+04     0.9580E+03     0.1512E+03    -0.4100E-08     0.0000E+00     0.0000E+00     0.0000E+00     0.0000E+00     0.0000E+00     0.0000E+00     0.0000E+00     0.0000E+00     0.0000E+00     0.0000E+00    -0.4100E-08    -0.4100E-08     0.0000E+00     0.0000E+00     0.0000E+00     0.0000E+00     0.0000E+00     0.0000E+00     0.0000E+00     0.0000E+00     0.0000E+00     0.0000E+00     0.0000E+00     0.0000E+00     0.0000E+00     0.0000E+00     0.0000E+00     0.0000E+00     0.0000E+00     0.0000E+00     0.0000E+00     0.0000E+00     0.0000E+00     0.0000E+00     0.5854E+03     0.5561E-03     0.0000E+00     0.0000E+00     0.0000E+00     0.0000E+00     0.0000E+00     0.0000E+00     0.0000E+00     0.0000E+00     0.0000E+00     0.0000E+00     0.7025E-08     0.7025E-08     0.0000E+00     0.0000E+00     0.0000E+00     0.5679E-01
   365    12    31  2007       286         0  hru286               0.7464E+01     0.6128E+04     0.1648E+04     0.5594E+03     0.8830E+02    -0.2394E-08     0.0000E+00     0.0000E+00     0.0000E+00     0.0000E+00     0.0000E+00     0.0000E+00     0.0000E+00     0.0000E+00     0.0000E+00     0.0000E+00    -0.2394E-08    -0.2394E-08     0.0000E+00     0.0000E+00     0.0000E+00     0.0000E+00     0.0000E+00     0.0000E+00     0.0000E+00     0.0000E+00     0.0000E+00     0.0000E+00     0.0000E+00     0.0000E+00     0.0000E+00     0.0000E+00     0.0000E+00     0.0000E+00     0.0000E+00     0.0000E+00     0.0000E+00     0.0000E+00     0.0000E+00     0.0000E+00     0.3418E+03     0.3536E-03     0.0000E+00     0.0000E+00     0.0000E+00     0.0000E+00     0.0000E+00     0.0000E+00     0.0000E+00     0.0000E+00     0.0000E+00     0.0000E+00     0.4102E-08     0.4102E-08     0.0000E+00     0.0000E+00     0.0000E+00     0.5679E-01
   365    12    31  2007       287         0  hru287               0.4384E+01     0.3599E+04     0.9709E+03     0.3286E+03     0.5185E+02    -0.1403E-08     0.0000E+00     0.0000E+00     0.0000E+00     0.0000E+00     0.0000E+00     0.0000E+00     0.0000E+00     0.0000E+00     0.0000E+00     0.0000E+00    -0.1403E-08    -0.1403E-08     0.0000E+00     0.0000E+00     0.0000E+00     0.0000E+00     0.0000E+00     0.0000E+00     0.0000E+00     0.0000E+00     0.0000E+00     0.0000E+00     0.0000E+00     0.0000E+00     0.0000E+00     0.0000E+00     0.0000E+00     0.0000E+00     0.0000E+00     0.0000E+00     0.0000E+00     0.0000E+00     0.0000E+00     0.0000E+00     0.2006E+03     0.3335E-03     0.0000E+00     0.0000E+00     0.0000E+00     0.0000E+00     0.0000E+00     0.0000E+00     0.0000E+00     0.0000E+00     0.0000E+00     0.0000E+00     0.2407E-08     0.2407E-08     0.0000E+00     0.0000E+00     0.0000E+00     0.5686E-01
   366    12    31  2008        43         0  hru043               0.8445E+01     0.6515E+04     0.1743E+04     0.6521E+03     0.1338E+03    -0.1307E-08     0.6006E-10     0.1802E-09     0.1162E-07     0.3458E-06     0.7965E-06     0.0000E+00     0.0000E+00     0.0000E+00     0.0000E+00     0.1143E-05     0.9617E-07     0.9617E-07     0.1143E-05     0.1143E-05     0.0000E+00     0.0000E+00     0.0000E+00     0.0000E+00     0.0000E+00     0.0000E+00     0.0000E+00     0.0000E+00     0.0000E+00     0.0000E+00     0.0000E+00     0.0000E+00     0.0000E+00     0.0000E+00     0.0000E+00     0.0000E+00     0.0000E+00     0.0000E+00     0.0000E+00     0.0000E+00     0.3461E+03     0.1094E-01     0.3483E-01     0.2184E-01     0.5691E+00     0.1928E-01     0.9965E-02     0.0000E+00     0.0000E+00     0.0000E+00     0.0000E+00     0.0000E+00     0.1322E-03     0.1573E-03     0.0000E+00     0.0000E+00     0.0000E+00     0.8758E-01
   366    12    31  2008        44         0  hru044               0.1327E+02     0.1027E+05     0.1684E+04     0.1028E+04     0.2009E+03     0.1416E+00     0.1763E+00     0.8198E-01     0.8896E-02     0.6707E-02     0.1133E-01     0.0000E+00     0.0000E+00     0.0000E+00     0.0000E+00     0.0000E+00     0.1810E-02     0.2162E-02     0.0000E+00     0.0000E+00     0.0000E+00     0.0000E+00     0.0000E+00     0.0000E+00     0.0000E+00     0.0000E+00     0.0000E+00     0.0000E+00     0.0000E+00     0.0000E+00     0.0000E+00     0.0000E+00     0.0000E+00     0.0000E+00     0.0000E+00     0.0000E+00     0.0000E+00     0.0000E+00     0.0000E+00     0.0000E+00     0.6834E+03     0.6686E+01     0.1188E+02     0.5906E+01     0.2031E+01     0.3018E+00     0.6254E+00     0.0000E+00     0.0000E+00     0.0000E+00     0.0000E+00     0.0000E+00     0.8686E-01     0.1039E+00     0.0000E+00     0.0000E+00     0.0000E+00     0.7970E-01
   366    12    31  2008        45         0  hru045               0.6608E+01     0.5098E+04     0.1370E+04     0.5103E+03     0.1047E+03    -0.1910E-08     0.0000E+00     0.0000E+00     0.0000E+00     0.0000E+00     0.0000E+00     0.0000E+00     0.0000E+00     0.0000E+00     0.0000E+00     0.0000E+00    -0.1910E-08    -0.1910E-08     0.0000E+00     0.0000E+00     0.0000E+00     0.0000E+00     0.0000E+00     0.0000E+00     0.0000E+00     0.0000E+00     0.0000E+00     0.0000E+00     0.0000E+00     0.0000E+00     0.0000E+00     0.0000E+00     0.0000E+00     0.0000E+00     0.0000E+00     0.0000E+00     0.0000E+00     0.0000E+00     0.0000E+00     0.0000E+00     0.2700E+03     0.3240E-08     0.0000E+00     0.0000E+00     0.0000E+00     0.0000E+00     0.0000E+00     0.0000E+00     0.0000E+00     0.0000E+00     0.0000E+00     0.0000E+00     0.3240E-08     0.3240E-08     0.0000E+00     0.0000E+00     0.0000E+00     0.8780E-01
   366    12    31  2008        46         0  hru046               0.3097E+02     0.2389E+05     0.6396E+04     0.2392E+04     0.4904E+03    -0.8980E-08     0.0000E+00     0.0000E+00     0.0000E+00     0.0000E+00     0.0000E+00     0.0000E+00     0.0000E+00     0.0000E+00     0.0000E+00     0.0000E+00    -0.8980E-08    -0.8980E-08     0.0000E+00     0.0000E+00     0.0000E+00     0.0000E+00     0.0000E+00     0.0000E+00     0.0000E+00     0.0000E+00     0.0000E+00     0.0000E+00     0.0000E+00     0.0000E+00     0.0000E+00     0.0000E+00     0.0000E+00     0.0000E+00     0.0000E+00     0.0000E+00     0.0000E+00     0.0000E+00     0.0000E+00     0.0000E+00     0.1267E+04     0.8361E-04     0.3122E-03     0.1300E-03     0.1024E+00     0.7255E-03     0.6696E-03     0.0000E+00     0.0000E+00     0.0000E+00     0.0000E+00     0.0000E+00     0.2226E-05     0.2419E-05     0.0000E+00     0.0000E+00     0.0000E+00     0.8764E-01
   366    12    31  2008        47         0  hru047               0.5639E+02     0.4350E+05     0.1193E+05     0.4354E+04     0.8933E+03    -0.1606E-07     0.0000E+00     0.0000E+00     0.0000E+00     0.0000E+00     0.0000E+00     0.0000E+00     0.0000E+00     0.0000E+00     0.0000E+00     0.0000E+00    -0.1606E-07    -0.1606E-07     0.0000E+00     0.0000E+00     0.0000E+00     0.0000E+00     0.0000E+00     0.0000E+00     0.0000E+00     0.0000E+00     0.0000E+00     0.0000E+00     0.0000E+00     0.0000E+00     0.0000E+00     0.0000E+00     0.0000E+00     0.0000E+00     0.0000E+00     0.0000E+00     0.0000E+00     0.0000E+00     0.0000E+00     0.0000E+00     0.2284E+04     0.2741E-07     0.0000E+00     0.0000E+00     0.0000E+00     0.0000E+00     0.0000E+00     0.0000E+00     0.0000E+00     0.0000E+00     0.0000E+00     0.0000E+00     0.2741E-07     0.2741E-07     0.0000E+00     0.0000E+00     0.0000E+00     0.8863E-01
   366    12    31  2008        48         0  hru048               0.3529E+01     0.2723E+04     0.7606E+03     0.2725E+03     0.5591E+02    -0.9917E-09     0.0000E+00     0.0000E+00     0.0000E+00     0.0000E+00     0.0000E+00     0.0000E+00     0.0000E+00     0.0000E+00     0.0000E+00     0.0000E+00    -0.9917E-09    -0.9917E-09     0.0000E+00     0.0000E+00     0.0000E+00     0.0000E+00     0.0000E+00     0.0000E+00     0.0000E+00     0.0000E+00     0.0000E+00     0.0000E+00     0.0000E+00     0.0000E+00     0.0000E+00     0.0000E+00     0.0000E+00     0.0000E+00     0.0000E+00     0.0000E+00     0.0000E+00     0.0000E+00     0.0000E+00     0.0000E+00     0.1418E+03     0.1702E-08     0.0000E+00     0.0000E+00     0.0000E+00     0.0000E+00     0.0000E+00     0.0000E+00     0.0000E+00     0.0000E+00     0.0000E+00     0.0000E+00     0.1702E-08     0.1702E-08     0.0000E+00     0.0000E+00     0.0000E+00     0.8935E-01
   366    12    31  2008        49         0  hru049               0.4029E+01     0.3108E+04     0.8682E+03     0.3111E+03     0.6383E+02    -0.1132E-08     0.0000E+00     0.0000E+00     0.0000E+00     0.0000E+00     0.0000E+00     0.0000E+00     0.0000E+00     0.0000E+00     0.0000E+00     0.0000E+00    -0.1132E-08    -0.1132E-08     0.0000E+00     0.0000E+00     0.0000E+00     0.0000E+00     0.0000E+00     0.0000E+00     0.0000E+00     0.0000E+00     0.0000E+00     0.0000E+00     0.0000E+00     0.0000E+00     0.0000E+00     0.0000E+00     0.0000E+00     0.0000E+00     0.0000E+00     0.0000E+00     0.0000E+00     0.0000E+00     0.0000E+00     0.0000E+00     0.1619E+03     0.1942E-08     0.0000E+00     0.0000E+00     0.0000E+00     0.0000E+00     0.0000E+00     0.0000E+00     0.0000E+00     0.0000E+00     0.0000E+00     0.0000E+00     0.1942E-08     0.1942E-08     0.0000E+00     0.0000E+00     0.0000E+00     0.8936E-01
   366    12    31  2008        50         0  hru050               0.5775E+01     0.4456E+04     0.1245E+04     0.4460E+03     0.9150E+02    -0.1623E-08     0.0000E+00     0.0000E+00     0.0000E+00     0.0000E+00     0.0000E+00     0.0000E+00     0.0000E+00     0.0000E+00     0.0000E+00     0.0000E+00    -0.1623E-08    -0.1623E-08     0.0000E+00     0.0000E+00     0.0000E+00     0.0000E+00     0.0000E+00     0.0000E+00     0.0000E+00     0.0000E+00     0.0000E+00     0.0000E+00     0.0000E+00     0.0000E+00     0.0000E+00     0.0000E+00     0.0000E+00     0.0000E+00     0.0000E+00     0.0000E+00     0.0000E+00     0.0000E+00     0.0000E+00     0.0000E+00     0.2320E+03     0.2784E-08     0.0000E+00     0.0000E+00     0.0000E+00     0.0000E+00     0.0000E+00     0.0000E+00     0.0000E+00     0.0000E+00     0.0000E+00     0.0000E+00     0.2784E-08     0.2784E-08     0.0000E+00     0.0000E+00     0.0000E+00     0.8936E-01
   366    12    31  2008        51         0  hru051               0.8739E+01     0.6742E+04     0.1883E+04     0.6748E+03     0.1385E+03    -0.2455E-08     0.0000E+00     0.0000E+00     0.0000E+00     0.0000E+00     0.0000E+00     0.0000E+00     0.0000E+00     0.0000E+00     0.0000E+00     0.0000E+00    -0.2455E-08    -0.2455E-08     0.0000E+00     0.0000E+00     0.0000E+00     0.0000E+00     0.0000E+00     0.0000E+00     0.0000E+00     0.0000E+00     0.0000E+00     0.0000E+00     0.0000E+00     0.0000E+00     0.0000E+00     0.0000E+00     0.0000E+00     0.0000E+00     0.0000E+00     0.0000E+00     0.0000E+00     0.0000E+00     0.0000E+00     0.0000E+00     0.3511E+03     0.4213E-08     0.0000E+00     0.0000E+00     0.0000E+00     0.0000E+00     0.0000E+00     0.0000E+00     0.0000E+00     0.0000E+00     0.0000E+00     0.0000E+00     0.4213E-08     0.4213E-08     0.0000E+00     0.0000E+00     0.0000E+00     0.8936E-01
   366    12    31  2008        52         0  hru052               0.1272E+02     0.9813E+04     0.2708E+04     0.9822E+03     0.2015E+03    -0.3606E-08     0.0000E+00     0.0000E+00     0.0000E+00     0.0000E+00     0.0000E+00     0.0000E+00     0.0000E+00     0.0000E+00     0.0000E+00     0.0000E+00    -0.3606E-08    -0.3606E-08     0.0000E+00     0.0000E+00     0.0000E+00     0.0000E+00     0.0000E+00     0.0000E+00     0.0000E+00     0.0000E+00     0.0000E+00     0.0000E+00     0.0000E+00     0.0000E+00     0.0000E+00     0.0000E+00     0.0000E+00     0.0000E+00     0.0000E+00     0.0000E+00     0.0000E+00     0.0000E+00     0.0000E+00     0.0000E+00     0.5137E+03     0.6165E-08     0.0000E+00     0.0000E+00     0.0000E+00     0.0000E+00     0.0000E+00     0.0000E+00     0.0000E+00     0.0000E+00     0.0000E+00     0.0000E+00     0.6165E-08     0.6165E-08     0.0000E+00     0.0000E+00     0.0000E+00     0.8889E-01
   366    12    31  2008        53         0  hru053               0.2822E+02     0.2177E+05     0.3571E+04     0.2179E+04     0.4467E+03    -0.1044E-07     0.0000E+00     0.0000E+00     0.0000E+00     0.0000E+00     0.0000E+00     0.0000E+00     0.0000E+00     0.0000E+00     0.0000E+00     0.0000E+00    -0.1044E-07    -0.1044E-07     0.0000E+00     0.0000E+00     0.0000E+00     0.0000E+00     0.0000E+00     0.0000E+00     0.0000E+00     0.0000E+00     0.0000E+00     0.0000E+00     0.0000E+00     0.0000E+00     0.0000E+00     0.0000E+00     0.0000E+00     0.0000E+00     0.0000E+00     0.0000E+00     0.0000E+00     0.0000E+00     0.0000E+00     0.0000E+00     0.1343E+04     0.1611E-07     0.6436E-09     0.1931E-08     0.3411E-06     0.9203E-06     0.2820E-05     0.0000E+00     0.0000E+00     0.0000E+00     0.0000E+00     0.0000E+00     0.8540E-06     0.8540E-06     0.0000E+00     0.0000E+00     0.0000E+00     0.7535E-01
   366    12    31  2008        54         0  hru054               0.6691E+01     0.5163E+04     0.1442E+04     0.5167E+03     0.1060E+03    -0.1880E-08     0.0000E+00     0.0000E+00     0.0000E+00     0.0000E+00     0.0000E+00     0.0000E+00     0.0000E+00     0.0000E+00     0.0000E+00     0.0000E+00    -0.1880E-08    -0.1880E-08     0.0000E+00     0.0000E+00     0.0000E+00     0.0000E+00     0.0000E+00     0.0000E+00     0.0000E+00     0.0000E+00     0.0000E+00     0.0000E+00     0.0000E+00     0.0000E+00     0.0000E+00     0.0000E+00     0.0000E+00     0.0000E+00     0.0000E+00     0.0000E+00     0.0000E+00     0.0000E+00     0.0000E+00     0.0000E+00     0.2688E+03     0.3226E-08     0.0000E+00     0.0000E+00     0.0000E+00     0.0000E+00     0.0000E+00     0.0000E+00     0.0000E+00     0.0000E+00     0.0000E+00     0.0000E+00     0.3226E-08     0.3226E-08     0.0000E+00     0.0000E+00     0.0000E+00     0.8936E-01
   366    12    31  2008       283         0  hru283               0.4100E+03     0.3163E+06     0.8598E+05     0.3166E+05     0.6494E+04    -0.1093E-06     0.1657E-08     0.4863E-08     0.6394E-02     0.2997E+00     0.6584E-01     0.0000E+00     0.0000E+00     0.0000E+00     0.0000E+00     0.8271E-05     0.6615E-06     0.6615E-06     0.8271E-05     0.8271E-05     0.0000E+00     0.0000E+00     0.0000E+00     0.0000E+00     0.0000E+00     0.0000E+00     0.0000E+00     0.0000E+00     0.0000E+00     0.0000E+00     0.0000E+00     0.0000E+00     0.0000E+00     0.0000E+00     0.0000E+00     0.0000E+00     0.0000E+00     0.0000E+00     0.0000E+00     0.0000E+00     0.1668E+05     0.2001E-06     0.3408E-07     0.1013E-06     0.8077E-01     0.4795E+01     0.1071E+01     0.0000E+00     0.0000E+00     0.0000E+00     0.0000E+00     0.0000E+00     0.1394E-04     0.1394E-04     0.0000E+00     0.0000E+00     0.0000E+00     0.8821E-01
   366    12    31  2008       284         0  hru284               0.3078E+02     0.2375E+05     0.6398E+04     0.2377E+04     0.4873E+03    -0.8882E-08     0.0000E+00     0.0000E+00     0.0000E+00     0.0000E+00     0.0000E+00     0.0000E+00     0.0000E+00     0.0000E+00     0.0000E+00     0.0000E+00    -0.8882E-08    -0.8882E-08     0.0000E+00     0.0000E+00     0.0000E+00     0.0000E+00     0.0000E+00     0.0000E+00     0.0000E+00     0.0000E+00     0.0000E+00     0.0000E+00     0.0000E+00     0.0000E+00     0.0000E+00     0.0000E+00     0.0000E+00     0.0000E+00     0.0000E+00     0.0000E+00     0.0000E+00     0.0000E+00     0.0000E+00     0.0000E+00     0.1256E+04     0.1507E-07     0.0000E+00     0.0000E+00     0.0000E+00     0.0000E+00     0.0000E+00     0.0000E+00     0.0000E+00     0.0000E+00     0.0000E+00     0.0000E+00     0.1507E-07     0.1507E-07     0.0000E+00     0.0000E+00     0.0000E+00     0.8789E-01
   366    12    31  2008       285         0  hru285               0.1228E+02     0.9476E+04     0.2547E+04     0.9484E+03     0.1945E+03    -0.3550E-08     0.0000E+00     0.0000E+00     0.0000E+00     0.0000E+00     0.0000E+00     0.0000E+00     0.0000E+00     0.0000E+00     0.0000E+00     0.0000E+00    -0.3550E-08    -0.3550E-08     0.0000E+00     0.0000E+00     0.0000E+00     0.0000E+00     0.0000E+00     0.0000E+00     0.0000E+00     0.0000E+00     0.0000E+00     0.0000E+00     0.0000E+00     0.0000E+00     0.0000E+00     0.0000E+00     0.0000E+00     0.0000E+00     0.0000E+00     0.0000E+00     0.0000E+00     0.0000E+00     0.0000E+00     0.0000E+00     0.5017E+03     0.6021E-08     0.0000E+00     0.0000E+00     0.0000E+00     0.0000E+00     0.0000E+00     0.0000E+00     0.0000E+00     0.0000E+00     0.0000E+00     0.0000E+00     0.6021E-08     0.6021E-08     0.0000E+00     0.0000E+00     0.0000E+00     0.8780E-01
   366    12    31  2008       286         0  hru286               0.7171E+01     0.5533E+04     0.1487E+04     0.5538E+03     0.1136E+03    -0.2073E-08     0.0000E+00     0.0000E+00     0.0000E+00     0.0000E+00     0.0000E+00     0.0000E+00     0.0000E+00     0.0000E+00     0.0000E+00     0.0000E+00    -0.2073E-08    -0.2073E-08     0.0000E+00     0.0000E+00     0.0000E+00     0.0000E+00     0.0000E+00     0.0000E+00     0.0000E+00     0.0000E+00     0.0000E+00     0.0000E+00     0.0000E+00     0.0000E+00     0.0000E+00     0.0000E+00     0.0000E+00     0.0000E+00     0.0000E+00     0.0000E+00     0.0000E+00     0.0000E+00     0.0000E+00     0.0000E+00     0.2930E+03     0.3516E-08     0.0000E+00     0.0000E+00     0.0000E+00     0.0000E+00     0.0000E+00     0.0000E+00     0.0000E+00     0.0000E+00     0.0000E+00     0.0000E+00     0.3516E-08     0.3516E-08     0.0000E+00     0.0000E+00     0.0000E+00     0.8780E-01
   366    12    31  2008       287         0  hru287               0.4212E+01     0.3250E+04     0.8912E+03     0.3253E+03     0.6674E+02    -0.1200E-08     0.0000E+00     0.0000E+00     0.0000E+00     0.0000E+00     0.0000E+00     0.0000E+00     0.0000E+00     0.0000E+00     0.0000E+00     0.0000E+00    -0.1200E-08    -0.1200E-08     0.0000E+00     0.0000E+00     0.0000E+00     0.0000E+00     0.0000E+00     0.0000E+00     0.0000E+00     0.0000E+00     0.0000E+00     0.0000E+00     0.0000E+00     0.0000E+00     0.0000E+00     0.0000E+00     0.0000E+00     0.0000E+00     0.0000E+00     0.0000E+00     0.0000E+00     0.0000E+00     0.0000E+00     0.0000E+00     0.1706E+03     0.2047E-08     0.0000E+00     0.0000E+00     0.0000E+00     0.0000E+00     0.0000E+00     0.0000E+00     0.0000E+00     0.0000E+00     0.0000E+00     0.0000E+00     0.2047E-08     0.2047E-08     0.0000E+00     0.0000E+00     0.0000E+00     0.8863E-01
   365    12    31  2009        43         0  hru043               0.8711E+01     0.6226E+04     0.1704E+04     0.6619E+03     0.1428E+03     0.5306E-02     0.4100E-01     0.2093E-01     0.2048E-01     0.4597E-01     0.8426E-02     0.0000E+00     0.0000E+00     0.0000E+00     0.0000E+00     0.0000E+00     0.1225E-03     0.1462E-03     0.0000E+00     0.0000E+00     0.0000E+00     0.0000E+00     0.0000E+00     0.0000E+00     0.0000E+00     0.0000E+00     0.0000E+00     0.0000E+00     0.0000E+00     0.0000E+00     0.0000E+00     0.0000E+00     0.0000E+00     0.0000E+00     0.0000E+00     0.0000E+00     0.0000E+00     0.0000E+00     0.0000E+00     0.0000E+00     0.3301E+03     0.5707E-01     0.2689E+00     0.1346E+00     0.1088E+00     0.6041E-01     0.2687E-01     0.0000E+00     0.0000E+00     0.0000E+00     0.0000E+00     0.0000E+00     0.9983E-03     0.1194E-02     0.0000E+00     0.0000E+00     0.0000E+00     0.9988E-01
   365    12    31  2009        44         0  hru044               0.1373E+02     0.9815E+04     0.2025E+04     0.1043E+04     0.2330E+03     0.7085E+00     0.1250E+01     0.5188E+00     0.3984E-01     0.1887E-01     0.4619E-01     0.0000E+00     0.0000E+00     0.0000E+00     0.0000E+00     0.0000E+00     0.1605E-01     0.1920E-01     0.0000E+00     0.0000E+00     0.0000E+00     0.0000E+00     0.0000E+00     0.0000E+00     0.0000E+00     0.0000E+00     0.0000E+00     0.0000E+00     0.0000E+00     0.0000E+00     0.0000E+00     0.0000E+00     0.0000E+00     0.0000E+00     0.0000E+00     0.0000E+00     0.0000E+00     0.0000E+00     0.0000E+00     0.0000E+00     0.6134E+03     0.5086E+01     0.1031E+02     0.5160E+01     0.8465E+00     0.2750E+00     0.5675E+00     0.0000E+00     0.0000E+00     0.0000E+00     0.0000E+00     0.0000E+00     0.8307E-01     0.9932E-01     0.0000E+00     0.0000E+00     0.0000E+00     0.9804E-01
   365    12    31  2009        45         0  hru045               0.6816E+01     0.4872E+04     0.1332E+04     0.5179E+03     0.1119E+03    -0.2384E-08     0.0000E+00     0.0000E+00     0.0000E+00     0.0000E+00     0.0000E+00     0.0000E+00     0.0000E+00     0.0000E+00     0.0000E+00     0.0000E+00    -0.2384E-08    -0.2384E-08     0.0000E+00     0.0000E+00     0.0000E+00     0.0000E+00     0.0000E+00     0.0000E+00     0.0000E+00     0.0000E+00     0.0000E+00     0.0000E+00     0.0000E+00     0.0000E+00     0.0000E+00     0.0000E+00     0.0000E+00     0.0000E+00     0.0000E+00     0.0000E+00     0.0000E+00     0.0000E+00     0.0000E+00     0.0000E+00     0.2555E+03     0.3065E-08     0.0000E+00     0.0000E+00     0.0000E+00     0.0000E+00     0.0000E+00     0.0000E+00     0.0000E+00     0.0000E+00     0.0000E+00     0.0000E+00     0.3065E-08     0.3065E-08     0.0000E+00     0.0000E+00     0.0000E+00     0.9603E-01
   365    12    31  2009        46         0  hru046               0.3195E+02     0.2283E+05     0.6245E+04     0.2427E+04     0.5282E+03     0.2491E-03     0.2002E-02     0.8309E-03     0.2509E+00     0.8947E-02     0.2674E-02     0.0000E+00     0.0000E+00     0.0000E+00     0.0000E+00     0.3852E-03     0.5671E-05     0.6721E-05     0.7718E-04     0.7343E-04     0.0000E+00     0.0000E+00     0.0000E+00     0.0000E+00     0.0000E+00     0.0000E+00     0.0000E+00     0.0000E+00     0.0000E+00     0.0000E+00     0.0000E+00     0.0000E+00     0.0000E+00     0.0000E+00     0.0000E+00     0.0000E+00     0.0000E+00     0.0000E+00     0.0000E+00     0.0000E+00     0.1198E+04     0.7265E-03     0.4163E-02     0.1735E-02     0.5768E+00     0.1312E-01     0.5021E-02     0.0000E+00     0.0000E+00     0.0000E+00     0.0000E+00     0.0000E+00     0.1464E-04     0.1701E-04     0.0000E+00     0.0000E+00     0.0000E+00     0.9604E-01
   365    12    31  2009        47         0  hru047               0.5816E+02     0.4157E+05     0.1137E+05     0.4419E+04     0.9544E+03    -0.2034E-07     0.0000E+00     0.0000E+00     0.0000E+00     0.0000E+00     0.0000E+00     0.0000E+00     0.0000E+00     0.0000E+00     0.0000E+00     0.0000E+00    -0.2034E-07    -0.2034E-07     0.0000E+00     0.0000E+00     0.0000E+00     0.0000E+00     0.0000E+00     0.0000E+00     0.0000E+00     0.0000E+00     0.0000E+00     0.0000E+00     0.0000E+00     0.0000E+00     0.0000E+00     0.0000E+00     0.0000E+00     0.0000E+00     0.0000E+00     0.0000E+00     0.0000E+00     0.0000E+00     0.0000E+00     0.0000E+00     0.2180E+04     0.2616E-07     0.0000E+00     0.0000E+00     0.0000E+00     0.0000E+00     0.0000E+00     0.0000E+00     0.0000E+00     0.0000E+00     0.0000E+00     0.0000E+00     0.2616E-07     0.2616E-07     0.0000E+00     0.0000E+00     0.0000E+00     0.9602E-01
   365    12    31  2009        48         0  hru048               0.3641E+01     0.2602E+04     0.7129E+03     0.2766E+03     0.5974E+02    -0.1272E-08     0.0000E+00     0.0000E+00     0.0000E+00     0.0000E+00     0.0000E+00     0.0000E+00     0.0000E+00     0.0000E+00     0.0000E+00     0.0000E+00    -0.1272E-08    -0.1272E-08     0.0000E+00     0.0000E+00     0.0000E+00     0.0000E+00     0.0000E+00     0.0000E+00     0.0000E+00     0.0000E+00     0.0000E+00     0.0000E+00     0.0000E+00     0.0000E+00     0.0000E+00     0.0000E+00     0.0000E+00     0.0000E+00     0.0000E+00     0.0000E+00     0.0000E+00     0.0000E+00     0.0000E+00     0.0000E+00     0.1363E+03     0.1636E-08     0.0000E+00     0.0000E+00     0.0000E+00     0.0000E+00     0.0000E+00     0.0000E+00     0.0000E+00     0.0000E+00     0.0000E+00     0.0000E+00     0.1636E-08     0.1636E-08     0.0000E+00     0.0000E+00     0.0000E+00     0.9609E-01
   365    12    31  2009        49         0  hru049               0.4156E+01     0.2970E+04     0.8047E+03     0.3158E+03     0.6819E+02    -0.1461E-08     0.0000E+00     0.0000E+00     0.0000E+00     0.0000E+00     0.0000E+00     0.0000E+00     0.0000E+00     0.0000E+00     0.0000E+00     0.0000E+00    -0.1461E-08    -0.1461E-08     0.0000E+00     0.0000E+00     0.0000E+00     0.0000E+00     0.0000E+00     0.0000E+00     0.0000E+00     0.0000E+00     0.0000E+00     0.0000E+00     0.0000E+00     0.0000E+00     0.0000E+00     0.0000E+00     0.0000E+00     0.0000E+00     0.0000E+00     0.0000E+00     0.0000E+00     0.0000E+00     0.0000E+00     0.0000E+00     0.1564E+03     0.1876E-08     0.0000E+00     0.0000E+00     0.0000E+00     0.0000E+00     0.0000E+00     0.0000E+00     0.0000E+00     0.0000E+00     0.0000E+00     0.0000E+00     0.1876E-08     0.1876E-08     0.0000E+00     0.0000E+00     0.0000E+00     0.9564E-01
   365    12    31  2009        50         0  hru050               0.5957E+01     0.4258E+04     0.1154E+04     0.4526E+03     0.9776E+02    -0.2094E-08     0.0000E+00     0.0000E+00     0.0000E+00     0.0000E+00     0.0000E+00     0.0000E+00     0.0000E+00     0.0000E+00     0.0000E+00     0.0000E+00    -0.2094E-08    -0.2094E-08     0.0000E+00     0.0000E+00     0.0000E+00     0.0000E+00     0.0000E+00     0.0000E+00     0.0000E+00     0.0000E+00     0.0000E+00     0.0000E+00     0.0000E+00     0.0000E+00     0.0000E+00     0.0000E+00     0.0000E+00     0.0000E+00     0.0000E+00     0.0000E+00     0.0000E+00     0.0000E+00     0.0000E+00     0.0000E+00     0.2242E+03     0.2690E-08     0.0000E+00     0.0000E+00     0.0000E+00     0.0000E+00     0.0000E+00     0.0000E+00     0.0000E+00     0.0000E+00     0.0000E+00     0.0000E+00     0.2690E-08     0.2690E-08     0.0000E+00     0.0000E+00     0.0000E+00     0.9564E-01
   365    12    31  2009        51         0  hru051               0.9014E+01     0.6443E+04     0.1746E+04     0.6849E+03     0.1479E+03    -0.3169E-08     0.0000E+00     0.0000E+00     0.0000E+00     0.0000E+00     0.0000E+00     0.0000E+00     0.0000E+00     0.0000E+00     0.0000E+00     0.0000E+00    -0.3169E-08    -0.3169E-08     0.0000E+00     0.0000E+00     0.0000E+00     0.0000E+00     0.0000E+00     0.0000E+00     0.0000E+00     0.0000E+00     0.0000E+00     0.0000E+00     0.0000E+00     0.0000E+00     0.0000E+00     0.0000E+00     0.0000E+00     0.0000E+00     0.0000E+00     0.0000E+00     0.0000E+00     0.0000E+00     0.0000E+00     0.0000E+00     0.3392E+03     0.4070E-08     0.0000E+00     0.0000E+00     0.0000E+00     0.0000E+00     0.0000E+00     0.0000E+00     0.0000E+00     0.0000E+00     0.0000E+00     0.0000E+00     0.4070E-08     0.4070E-08     0.0000E+00     0.0000E+00     0.0000E+00     0.9565E-01
   365    12    31  2009        52         0  hru052               0.1312E+02     0.9377E+04     0.2538E+04     0.9969E+03     0.2153E+03    -0.4614E-08     0.0000E+00     0.0000E+00     0.0000E+00     0.0000E+00     0.0000E+00     0.0000E+00     0.0000E+00     0.0000E+00     0.0000E+00     0.0000E+00    -0.4614E-08    -0.4614E-08     0.0000E+00     0.0000E+00     0.0000E+00     0.0000E+00     0.0000E+00     0.0000E+00     0.0000E+00     0.0000E+00     0.0000E+00     0.0000E+00     0.0000E+00     0.0000E+00     0.0000E+00     0.0000E+00     0.0000E+00     0.0000E+00     0.0000E+00     0.0000E+00     0.0000E+00     0.0000E+00     0.0000E+00     0.0000E+00     0.4939E+03     0.5927E-08     0.0000E+00     0.0000E+00     0.0000E+00     0.0000E+00     0.0000E+00     0.0000E+00     0.0000E+00     0.0000E+00     0.0000E+00     0.0000E+00     0.5927E-08     0.5927E-08     0.0000E+00     0.0000E+00     0.0000E+00     0.9561E-01
   365    12    31  2009        53         0  hru053               0.2910E+02     0.2080E+05     0.4347E+04     0.2211E+04     0.4776E+03    -0.1152E-07     0.0000E+00     0.0000E+00     0.0000E+00     0.0000E+00     0.0000E+00     0.0000E+00     0.0000E+00     0.0000E+00     0.0000E+00     0.0000E+00    -0.1152E-07    -0.1152E-07     0.0000E+00     0.0000E+00     0.0000E+00     0.0000E+00     0.0000E+00     0.0000E+00     0.0000E+00     0.0000E+00     0.0000E+00     0.0000E+00     0.0000E+00     0.0000E+00     0.0000E+00     0.0000E+00     0.0000E+00     0.0000E+00     0.0000E+00     0.0000E+00     0.0000E+00     0.0000E+00     0.0000E+00     0.0000E+00     0.1203E+04     0.1443E-07     0.0000E+00     0.0000E+00     0.0000E+00     0.0000E+00     0.0000E+00     0.0000E+00     0.0000E+00     0.0000E+00     0.0000E+00     0.0000E+00     0.1443E-07     0.1443E-07     0.0000E+00     0.0000E+00     0.0000E+00     0.8711E-01
   365    12    31  2009        54         0  hru054               0.6902E+01     0.4933E+04     0.1337E+04     0.5245E+03     0.1133E+03    -0.2426E-08     0.0000E+00     0.0000E+00     0.0000E+00     0.0000E+00     0.0000E+00     0.0000E+00     0.0000E+00     0.0000E+00     0.0000E+00     0.0000E+00    -0.2426E-08    -0.2426E-08     0.0000E+00     0.0000E+00     0.0000E+00     0.0000E+00     0.0000E+00     0.0000E+00     0.0000E+00     0.0000E+00     0.0000E+00     0.0000E+00     0.0000E+00     0.0000E+00     0.0000E+00     0.0000E+00     0.0000E+00     0.0000E+00     0.0000E+00     0.0000E+00     0.0000E+00     0.0000E+00     0.0000E+00     0.0000E+00     0.2597E+03     0.3117E-08     0.0000E+00     0.0000E+00     0.0000E+00     0.0000E+00     0.0000E+00     0.0000E+00     0.0000E+00     0.0000E+00     0.0000E+00     0.0000E+00     0.3117E-08     0.3117E-08     0.0000E+00     0.0000E+00     0.0000E+00     0.9564E-01
   365    12    31  2009       283         0  hru283               0.4229E+03     0.3023E+06     0.8252E+05     0.3213E+05     0.6951E+04     0.3998E-04     0.4117E-03     0.1416E-03     0.1346E+00     0.1333E+00     0.3618E-01     0.0000E+00     0.0000E+00     0.0000E+00     0.0000E+00     0.2824E-04     0.3534E-05     0.3859E-05     0.4004E-04     0.2563E-04     0.0000E+00     0.0000E+00     0.0000E+00     0.0000E+00     0.0000E+00     0.0000E+00     0.0000E+00     0.0000E+00     0.0000E+00     0.0000E+00     0.0000E+00     0.0000E+00     0.0000E+00     0.0000E+00     0.0000E+00     0.0000E+00     0.0000E+00     0.0000E+00     0.0000E+00     0.0000E+00     0.1586E+05     0.8438E-04     0.7831E-03     0.2712E-03     0.8476E-01     0.3817E+01     0.9448E+00     0.0000E+00     0.0000E+00     0.0000E+00     0.0000E+00     0.0000E+00     0.2040E-04     0.2107E-04     0.0000E+00     0.0000E+00     0.0000E+00     0.9594E-01
   365    12    31  2009       284         0  hru284               0.3175E+02     0.2269E+05     0.6205E+04     0.2412E+04     0.5209E+03    -0.1110E-07     0.0000E+00     0.0000E+00     0.0000E+00     0.0000E+00     0.0000E+00     0.0000E+00     0.0000E+00     0.0000E+00     0.0000E+00     0.0000E+00    -0.1110E-07    -0.1110E-07     0.0000E+00     0.0000E+00     0.0000E+00     0.0000E+00     0.0000E+00     0.0000E+00     0.0000E+00     0.0000E+00     0.0000E+00     0.0000E+00     0.0000E+00     0.0000E+00     0.0000E+00     0.0000E+00     0.0000E+00     0.0000E+00     0.0000E+00     0.0000E+00     0.0000E+00     0.0000E+00     0.0000E+00     0.0000E+00     0.1190E+04     0.1428E-07     0.0000E+00     0.0000E+00     0.0000E+00     0.0000E+00     0.0000E+00     0.0000E+00     0.0000E+00     0.0000E+00     0.0000E+00     0.0000E+00     0.1428E-07     0.1428E-07     0.0000E+00     0.0000E+00     0.0000E+00     0.9602E-01
   365    12    31  2009       285         0  hru285               0.1267E+02     0.9055E+04     0.2476E+04     0.9626E+03     0.2079E+03    -0.4430E-08     0.0000E+00     0.0000E+00     0.0000E+00     0.0000E+00     0.0000E+00     0.0000E+00     0.0000E+00     0.0000E+00     0.0000E+00     0.0000E+00    -0.4430E-08    -0.4430E-08     0.0000E+00     0.0000E+00     0.0000E+00     0.0000E+00     0.0000E+00     0.0000E+00     0.0000E+00     0.0000E+00     0.0000E+00     0.0000E+00     0.0000E+00     0.0000E+00     0.0000E+00     0.0000E+00     0.0000E+00     0.0000E+00     0.0000E+00     0.0000E+00     0.0000E+00     0.0000E+00     0.0000E+00     0.0000E+00     0.4748E+03     0.5697E-08     0.0000E+00     0.0000E+00     0.0000E+00     0.0000E+00     0.0000E+00     0.0000E+00     0.0000E+00     0.0000E+00     0.0000E+00     0.0000E+00     0.5697E-08     0.5697E-08     0.0000E+00     0.0000E+00     0.0000E+00     0.9603E-01
   365    12    31  2009       286         0  hru286               0.7398E+01     0.5287E+04     0.1446E+04     0.5621E+03     0.1214E+03    -0.2587E-08     0.0000E+00     0.0000E+00     0.0000E+00     0.0000E+00     0.0000E+00     0.0000E+00     0.0000E+00     0.0000E+00     0.0000E+00     0.0000E+00    -0.2587E-08    -0.2587E-08     0.0000E+00     0.0000E+00     0.0000E+00     0.0000E+00     0.0000E+00     0.0000E+00     0.0000E+00     0.0000E+00     0.0000E+00     0.0000E+00     0.0000E+00     0.0000E+00     0.0000E+00     0.0000E+00     0.0000E+00     0.0000E+00     0.0000E+00     0.0000E+00     0.0000E+00     0.0000E+00     0.0000E+00     0.0000E+00     0.2772E+03     0.3327E-08     0.0000E+00     0.0000E+00     0.0000E+00     0.0000E+00     0.0000E+00     0.0000E+00     0.0000E+00     0.0000E+00     0.0000E+00     0.0000E+00     0.3327E-08     0.3327E-08     0.0000E+00     0.0000E+00     0.0000E+00     0.9603E-01
   365    12    31  2009       287         0  hru287               0.4345E+01     0.3106E+04     0.8493E+03     0.3302E+03     0.7130E+02    -0.1520E-08     0.0000E+00     0.0000E+00     0.0000E+00     0.0000E+00     0.0000E+00     0.0000E+00     0.0000E+00     0.0000E+00     0.0000E+00     0.0000E+00    -0.1520E-08    -0.1520E-08     0.0000E+00     0.0000E+00     0.0000E+00     0.0000E+00     0.0000E+00     0.0000E+00     0.0000E+00     0.0000E+00     0.0000E+00     0.0000E+00     0.0000E+00     0.0000E+00     0.0000E+00     0.0000E+00     0.0000E+00     0.0000E+00     0.0000E+00     0.0000E+00     0.0000E+00     0.0000E+00     0.0000E+00     0.0000E+00     0.1628E+03     0.1954E-08     0.0000E+00     0.0000E+00     0.0000E+00     0.0000E+00     0.0000E+00     0.0000E+00     0.0000E+00     0.0000E+00     0.0000E+00     0.0000E+00     0.1954E-08     0.1954E-08     0.0000E+00     0.0000E+00     0.0000E+00     0.9602E-01
   365    12    31  2010        43         0  hru043               0.9038E+01     0.7056E+04     0.1415E+04     0.6618E+03     0.1511E+03     0.1169E-03     0.5339E-03     0.2581E-03     0.8137E-03     0.1448E-03     0.1754E-03     0.0000E+00     0.0000E+00     0.0000E+00     0.0000E+00     0.0000E+00     0.1506E-05     0.1775E-05     0.0000E+00     0.0000E+00     0.0000E+00     0.0000E+00     0.0000E+00     0.0000E+00     0.0000E+00     0.0000E+00     0.0000E+00     0.0000E+00     0.0000E+00     0.0000E+00     0.0000E+00     0.0000E+00     0.0000E+00     0.0000E+00     0.0000E+00     0.0000E+00     0.0000E+00     0.0000E+00     0.0000E+00     0.0000E+00     0.4207E+03     0.3147E-01     0.1129E+00     0.5730E-01     0.9593E-01     0.9132E-01     0.2489E-01     0.0000E+00     0.0000E+00     0.0000E+00     0.0000E+00     0.0000E+00     0.4428E-03     0.5283E-03     0.0000E+00     0.0000E+00     0.0000E+00     0.1555E+00
   365    12    31  2010        44         0  hru044               0.1425E+02     0.1112E+05     0.2126E+04     0.1043E+04     0.2421E+03     0.3139E-01     0.6702E-01     0.2217E-01     0.1149E-01     0.1221E-02     0.4303E-02     0.0000E+00     0.0000E+00     0.0000E+00     0.0000E+00     0.0000E+00     0.4671E-03     0.5567E-03     0.0000E+00     0.0000E+00     0.0000E+00     0.0000E+00     0.0000E+00     0.0000E+00     0.0000E+00     0.0000E+00     0.0000E+00     0.0000E+00     0.0000E+00     0.0000E+00     0.0000E+00     0.0000E+00     0.0000E+00     0.0000E+00     0.0000E+00     0.0000E+00     0.0000E+00     0.0000E+00     0.0000E+00     0.0000E+00     0.7348E+03     0.9767E+01     0.1578E+02     0.5860E+01     0.9916E+00     0.2904E+00     0.6616E+00     0.0000E+00     0.0000E+00     0.0000E+00     0.0000E+00     0.0000E+00     0.1363E+00     0.1630E+00     0.0000E+00     0.0000E+00     0.0000E+00     0.1486E+00
   365    12    31  2010        45         0  hru045               0.7073E+01     0.5522E+04     0.1111E+04     0.5178E+03     0.1182E+03    -0.3627E-08     0.0000E+00     0.0000E+00     0.0000E+00     0.0000E+00     0.0000E+00     0.0000E+00     0.0000E+00     0.0000E+00     0.0000E+00     0.0000E+00    -0.3627E-08    -0.3627E-08     0.0000E+00     0.0000E+00     0.0000E+00     0.0000E+00     0.0000E+00     0.0000E+00     0.0000E+00     0.0000E+00     0.0000E+00     0.0000E+00     0.0000E+00     0.0000E+00     0.0000E+00     0.0000E+00     0.0000E+00     0.0000E+00     0.0000E+00     0.0000E+00     0.0000E+00     0.0000E+00     0.0000E+00     0.0000E+00     0.3264E+03     0.3917E-08     0.0000E+00     0.0000E+00     0.0000E+00     0.0000E+00     0.0000E+00     0.0000E+00     0.0000E+00     0.0000E+00     0.0000E+00     0.0000E+00     0.3917E-08     0.3917E-08     0.0000E+00     0.0000E+00     0.0000E+00     0.1565E+00
   365    12    31  2010        46         0  hru046               0.3315E+02     0.2588E+05     0.5211E+04     0.2430E+04     0.5538E+03     0.4912E-09     0.2849E-08     0.1435E-08     0.9320E-04     0.4166E-05     0.7424E-05     0.0000E+00     0.0000E+00     0.0000E+00     0.0000E+00     0.1005E-05     0.7600E-07     0.7600E-07     0.1005E-05     0.1005E-05     0.0000E+00     0.0000E+00     0.0000E+00     0.0000E+00     0.0000E+00     0.0000E+00     0.0000E+00     0.0000E+00     0.0000E+00     0.0000E+00     0.0000E+00     0.0000E+00     0.0000E+00     0.0000E+00     0.0000E+00     0.0000E+00     0.0000E+00     0.0000E+00     0.0000E+00     0.0000E+00     0.1531E+04     0.3743E-02     0.1632E-01     0.6838E-02     0.3230E+00     0.2040E-01     0.9573E-02     0.0000E+00     0.0000E+00     0.0000E+00     0.0000E+00     0.0000E+00     0.4841E-04     0.5751E-04     0.0000E+00     0.0000E+00     0.0000E+00     0.1565E+00
   365    12    31  2010        47         0  hru047               0.6035E+02     0.4711E+05     0.9481E+04     0.4419E+04     0.1008E+04    -0.3095E-07     0.0000E+00     0.0000E+00     0.0000E+00     0.0000E+00     0.0000E+00     0.0000E+00     0.0000E+00     0.0000E+00     0.0000E+00     0.0000E+00    -0.3095E-07    -0.3095E-07     0.0000E+00     0.0000E+00     0.0000E+00     0.0000E+00     0.0000E+00     0.0000E+00     0.0000E+00     0.0000E+00     0.0000E+00     0.0000E+00     0.0000E+00     0.0000E+00     0.0000E+00     0.0000E+00     0.0000E+00     0.0000E+00     0.0000E+00     0.0000E+00     0.0000E+00     0.0000E+00     0.0000E+00     0.0000E+00     0.2785E+04     0.3342E-07     0.0000E+00     0.0000E+00     0.0000E+00     0.0000E+00     0.0000E+00     0.0000E+00     0.0000E+00     0.0000E+00     0.0000E+00     0.0000E+00     0.3342E-07     0.3342E-07     0.0000E+00     0.0000E+00     0.0000E+00     0.1565E+00
   365    12    31  2010        48         0  hru048               0.3778E+01     0.2949E+04     0.5935E+03     0.2766E+03     0.6311E+02    -0.1937E-08     0.0000E+00     0.0000E+00     0.0000E+00     0.0000E+00     0.0000E+00     0.0000E+00     0.0000E+00     0.0000E+00     0.0000E+00     0.0000E+00    -0.1937E-08    -0.1937E-08     0.0000E+00     0.0000E+00     0.0000E+00     0.0000E+00     0.0000E+00     0.0000E+00     0.0000E+00     0.0000E+00     0.0000E+00     0.0000E+00     0.0000E+00     0.0000E+00     0.0000E+00     0.0000E+00     0.0000E+00     0.0000E+00     0.0000E+00     0.0000E+00     0.0000E+00     0.0000E+00     0.0000E+00     0.0000E+00     0.1743E+03     0.2092E-08     0.0000E+00     0.0000E+00     0.0000E+00     0.0000E+00     0.0000E+00     0.0000E+00     0.0000E+00     0.0000E+00     0.0000E+00     0.0000E+00     0.2092E-08     0.2092E-08     0.0000E+00     0.0000E+00     0.0000E+00     0.1565E+00
   365    12    31  2010        49         0  hru049               0.4312E+01     0.3366E+04     0.6848E+03     0.3157E+03     0.7204E+02    -0.2204E-08     0.0000E+00     0.0000E+00     0.0000E+00     0.0000E+00     0.0000E+00     0.0000E+00     0.0000E+00     0.0000E+00     0.0000E+00     0.0000E+00    -0.2204E-08    -0.2204E-08     0.0000E+00     0.0000E+00     0.0000E+00     0.0000E+00     0.0000E+00     0.0000E+00     0.0000E+00     0.0000E+00     0.0000E+00     0.0000E+00     0.0000E+00     0.0000E+00     0.0000E+00     0.0000E+00     0.0000E+00     0.0000E+00     0.0000E+00     0.0000E+00     0.0000E+00     0.0000E+00     0.0000E+00     0.0000E+00     0.1984E+03     0.2381E-08     0.0000E+00     0.0000E+00     0.0000E+00     0.0000E+00     0.0000E+00     0.0000E+00     0.0000E+00     0.0000E+00     0.0000E+00     0.0000E+00     0.2381E-08     0.2381E-08     0.0000E+00     0.0000E+00     0.0000E+00     0.1570E+00
   365    12    31  2010        50         0  hru050               0.6181E+01     0.4826E+04     0.9816E+03     0.4526E+03     0.1033E+03    -0.3159E-08     0.0000E+00     0.0000E+00     0.0000E+00     0.0000E+00     0.0000E+00     0.0000E+00     0.0000E+00     0.0000E+00     0.0000E+00     0.0000E+00    -0.3159E-08    -0.3159E-08     0.0000E+00     0.0000E+00     0.0000E+00     0.0000E+00     0.0000E+00     0.0000E+00     0.0000E+00     0.0000E+00     0.0000E+00     0.0000E+00     0.0000E+00     0.0000E+00     0.0000E+00     0.0000E+00     0.0000E+00     0.0000E+00     0.0000E+00     0.0000E+00     0.0000E+00     0.0000E+00     0.0000E+00     0.0000E+00     0.2844E+03     0.3413E-08     0.0000E+00     0.0000E+00     0.0000E+00     0.0000E+00     0.0000E+00     0.0000E+00     0.0000E+00     0.0000E+00     0.0000E+00     0.0000E+00     0.3413E-08     0.3413E-08     0.0000E+00     0.0000E+00     0.0000E+00     0.1570E+00
   365    12    31  2010        51         0  hru051               0.9353E+01     0.7302E+04     0.1485E+04     0.6848E+03     0.1563E+03    -0.4780E-08     0.0000E+00     0.0000E+00     0.0000E+00     0.0000E+00     0.0000E+00     0.0000E+00     0.0000E+00     0.0000E+00     0.0000E+00     0.0000E+00    -0.4780E-08    -0.4780E-08     0.0000E+00     0.0000E+00     0.0000E+00     0.0000E+00     0.0000E+00     0.0000E+00     0.0000E+00     0.0000E+00     0.0000E+00     0.0000E+00     0.0000E+00     0.0000E+00     0.0000E+00     0.0000E+00     0.0000E+00     0.0000E+00     0.0000E+00     0.0000E+00     0.0000E+00     0.0000E+00     0.0000E+00     0.0000E+00     0.4303E+03     0.5164E-08     0.0000E+00     0.0000E+00     0.0000E+00     0.0000E+00     0.0000E+00     0.0000E+00     0.0000E+00     0.0000E+00     0.0000E+00     0.0000E+00     0.5164E-08     0.5164E-08     0.0000E+00     0.0000E+00     0.0000E+00     0.1570E+00
   365    12    31  2010        52         0  hru052               0.1361E+02     0.1063E+05     0.2160E+04     0.9967E+03     0.2274E+03    -0.6959E-08     0.0000E+00     0.0000E+00     0.0000E+00     0.0000E+00     0.0000E+00     0.0000E+00     0.0000E+00     0.0000E+00     0.0000E+00     0.0000E+00    -0.6959E-08    -0.6959E-08     0.0000E+00     0.0000E+00     0.0000E+00     0.0000E+00     0.0000E+00     0.0000E+00     0.0000E+00     0.0000E+00     0.0000E+00     0.0000E+00     0.0000E+00     0.0000E+00     0.0000E+00     0.0000E+00     0.0000E+00     0.0000E+00     0.0000E+00     0.0000E+00     0.0000E+00     0.0000E+00     0.0000E+00     0.0000E+00     0.6265E+03     0.7518E-08     0.0000E+00     0.0000E+00     0.0000E+00     0.0000E+00     0.0000E+00     0.0000E+00     0.0000E+00     0.0000E+00     0.0000E+00     0.0000E+00     0.7518E-08     0.7518E-08     0.0000E+00     0.0000E+00     0.0000E+00     0.1569E+00
   365    12    31  2010        53         0  hru053               0.3020E+02     0.2358E+05     0.4536E+04     0.2211E+04     0.5045E+03    -0.1438E-07     0.2353E-10     0.7058E-10     0.3839E-05     0.2377E-05     0.4739E-05     0.0000E+00     0.0000E+00     0.0000E+00     0.0000E+00     0.1315E-05     0.2262E-07     0.2262E-07     0.1315E-05     0.1315E-05     0.0000E+00     0.0000E+00     0.0000E+00     0.0000E+00     0.0000E+00     0.0000E+00     0.0000E+00     0.0000E+00     0.0000E+00     0.0000E+00     0.0000E+00     0.0000E+00     0.0000E+00     0.0000E+00     0.0000E+00     0.0000E+00     0.0000E+00     0.0000E+00     0.0000E+00     0.0000E+00     0.1411E+04     0.1693E-07     0.1080E-08     0.3241E-08     0.2093E-03     0.1296E-03     0.1436E-03     0.0000E+00     0.0000E+00     0.0000E+00     0.0000E+00     0.0000E+00     0.1294E-05     0.1294E-05     0.0000E+00     0.0000E+00     0.0000E+00     0.1549E+00
   365    12    31  2010        54         0  hru054               0.7162E+01     0.5591E+04     0.1137E+04     0.5244E+03     0.1196E+03    -0.3660E-08     0.0000E+00     0.0000E+00     0.0000E+00     0.0000E+00     0.0000E+00     0.0000E+00     0.0000E+00     0.0000E+00     0.0000E+00     0.0000E+00    -0.3660E-08    -0.3660E-08     0.0000E+00     0.0000E+00     0.0000E+00     0.0000E+00     0.0000E+00     0.0000E+00     0.0000E+00     0.0000E+00     0.0000E+00     0.0000E+00     0.0000E+00     0.0000E+00     0.0000E+00     0.0000E+00     0.0000E+00     0.0000E+00     0.0000E+00     0.0000E+00     0.0000E+00     0.0000E+00     0.0000E+00     0.0000E+00     0.3295E+03     0.3954E-08     0.0000E+00     0.0000E+00     0.0000E+00     0.0000E+00     0.0000E+00     0.0000E+00     0.0000E+00     0.0000E+00     0.0000E+00     0.0000E+00     0.3954E-08     0.3954E-08     0.0000E+00     0.0000E+00     0.0000E+00     0.1569E+00
   365    12    31  2010       283         0  hru283               0.4388E+03     0.3426E+06     0.6896E+05     0.3213E+05     0.7332E+04     0.1041E-06     0.1334E-05     0.4202E-06     0.3479E-02     0.2565E-01     0.1047E-01     0.0000E+00     0.0000E+00     0.0000E+00     0.0000E+00     0.3329E-03     0.6686E-06     0.6694E-06     0.5568E-03     0.2834E-03     0.0000E+00     0.0000E+00     0.0000E+00     0.0000E+00     0.0000E+00     0.0000E+00     0.0000E+00     0.0000E+00     0.0000E+00     0.0000E+00     0.0000E+00     0.0000E+00     0.0000E+00     0.0000E+00     0.0000E+00     0.0000E+00     0.0000E+00     0.0000E+00     0.0000E+00     0.0000E+00     0.2027E+05     0.1422E-02     0.1300E-01     0.4399E-02     0.2423E+00     0.6845E+01     0.1638E+01     0.0000E+00     0.0000E+00     0.0000E+00     0.0000E+00     0.0000E+00     0.1058E-03     0.1173E-03     0.0000E+00     0.0000E+00     0.0000E+00     0.1565E+00
   365    12    31  2010       284         0  hru284               0.3294E+02     0.2572E+05     0.5175E+04     0.2412E+04     0.5503E+03    -0.1689E-07     0.0000E+00     0.0000E+00     0.0000E+00     0.0000E+00     0.0000E+00     0.0000E+00     0.0000E+00     0.0000E+00     0.0000E+00     0.0000E+00    -0.1689E-07    -0.1689E-07     0.0000E+00     0.0000E+00     0.0000E+00     0.0000E+00     0.0000E+00     0.0000E+00     0.0000E+00     0.0000E+00     0.0000E+00     0.0000E+00     0.0000E+00     0.0000E+00     0.0000E+00     0.0000E+00     0.0000E+00     0.0000E+00     0.0000E+00     0.0000E+00     0.0000E+00     0.0000E+00     0.0000E+00     0.0000E+00     0.1520E+04     0.1824E-07     0.0000E+00     0.0000E+00     0.0000E+00     0.0000E+00     0.0000E+00     0.0000E+00     0.0000E+00     0.0000E+00     0.0000E+00     0.0000E+00     0.1824E-07     0.1824E-07     0.0000E+00     0.0000E+00     0.0000E+00     0.1565E+00
   365    12    31  2010       285         0  hru285               0.1314E+02     0.1026E+05     0.2065E+04     0.9625E+03     0.2196E+03    -0.6740E-08     0.0000E+00     0.0000E+00     0.0000E+00     0.0000E+00     0.0000E+00     0.0000E+00     0.0000E+00     0.0000E+00     0.0000E+00     0.0000E+00    -0.6740E-08    -0.6740E-08     0.0000E+00     0.0000E+00     0.0000E+00     0.0000E+00     0.0000E+00     0.0000E+00     0.0000E+00     0.0000E+00     0.0000E+00     0.0000E+00     0.0000E+00     0.0000E+00     0.0000E+00     0.0000E+00     0.0000E+00     0.0000E+00     0.0000E+00     0.0000E+00     0.0000E+00     0.0000E+00     0.0000E+00     0.0000E+00     0.6067E+03     0.7280E-08     0.0000E+00     0.0000E+00     0.0000E+00     0.0000E+00     0.0000E+00     0.0000E+00     0.0000E+00     0.0000E+00     0.0000E+00     0.0000E+00     0.7280E-08     0.7280E-08     0.0000E+00     0.0000E+00     0.0000E+00     0.1565E+00
   365    12    31  2010       286         0  hru286               0.7676E+01     0.5992E+04     0.1206E+04     0.5620E+03     0.1282E+03    -0.3936E-08     0.0000E+00     0.0000E+00     0.0000E+00     0.0000E+00     0.0000E+00     0.0000E+00     0.0000E+00     0.0000E+00     0.0000E+00     0.0000E+00    -0.3936E-08    -0.3936E-08     0.0000E+00     0.0000E+00     0.0000E+00     0.0000E+00     0.0000E+00     0.0000E+00     0.0000E+00     0.0000E+00     0.0000E+00     0.0000E+00     0.0000E+00     0.0000E+00     0.0000E+00     0.0000E+00     0.0000E+00     0.0000E+00     0.0000E+00     0.0000E+00     0.0000E+00     0.0000E+00     0.0000E+00     0.0000E+00     0.3542E+03     0.4251E-08     0.0000E+00     0.0000E+00     0.0000E+00     0.0000E+00     0.0000E+00     0.0000E+00     0.0000E+00     0.0000E+00     0.0000E+00     0.0000E+00     0.4251E-08     0.4251E-08     0.0000E+00     0.0000E+00     0.0000E+00     0.1565E+00
   365    12    31  2010       287         0  hru287               0.4509E+01     0.3520E+04     0.7083E+03     0.3301E+03     0.7532E+02    -0.2312E-08     0.0000E+00     0.0000E+00     0.0000E+00     0.0000E+00     0.0000E+00     0.0000E+00     0.0000E+00     0.0000E+00     0.0000E+00     0.0000E+00    -0.2312E-08    -0.2312E-08     0.0000E+00     0.0000E+00     0.0000E+00     0.0000E+00     0.0000E+00     0.0000E+00     0.0000E+00     0.0000E+00     0.0000E+00     0.0000E+00     0.0000E+00     0.0000E+00     0.0000E+00     0.0000E+00     0.0000E+00     0.0000E+00     0.0000E+00     0.0000E+00     0.0000E+00     0.0000E+00     0.0000E+00     0.0000E+00     0.2081E+03     0.2497E-08     0.0000E+00     0.0000E+00     0.0000E+00     0.0000E+00     0.0000E+00     0.0000E+00     0.0000E+00     0.0000E+00     0.0000E+00     0.0000E+00     0.2497E-08     0.2497E-08     0.0000E+00     0.0000E+00     0.0000E+00     0.1565E+00
   365    12    31  2011        43         0  hru043               0.8664E+01     0.5373E+04     0.1820E+04     0.6373E+03     0.1469E+03    -0.2313E-08     0.0000E+00     0.0000E+00     0.0000E+00     0.0000E+00     0.0000E+00     0.0000E+00     0.0000E+00     0.0000E+00     0.0000E+00     0.0000E+00    -0.2313E-08    -0.2313E-08     0.0000E+00     0.0000E+00     0.0000E+00     0.0000E+00     0.0000E+00     0.0000E+00     0.0000E+00     0.0000E+00     0.0000E+00     0.0000E+00     0.0000E+00     0.0000E+00     0.0000E+00     0.0000E+00     0.0000E+00     0.0000E+00     0.0000E+00     0.0000E+00     0.0000E+00     0.0000E+00     0.0000E+00     0.0000E+00     0.2529E+03     0.1963E+00     0.6937E+00     0.3336E+00     0.1387E+00     0.1221E+00     0.5236E-01     0.0000E+00     0.0000E+00     0.0000E+00     0.0000E+00     0.0000E+00     0.2593E-02     0.3101E-02     0.0000E+00     0.0000E+00     0.0000E+00     0.1360E+00
   365    12    31  2011        44         0  hru044               0.1378E+02     0.8471E+04     0.2087E+04     0.1019E+04     0.2142E+03     0.6729E-01     0.1304E+00     0.7317E-01     0.3328E-02     0.3883E-02     0.1034E-01     0.0000E+00     0.0000E+00     0.0000E+00     0.0000E+00     0.0000E+00     0.8556E-03     0.1020E-02     0.0000E+00     0.0000E+00     0.0000E+00     0.0000E+00     0.0000E+00     0.0000E+00     0.0000E+00     0.0000E+00     0.0000E+00     0.0000E+00     0.0000E+00     0.0000E+00     0.0000E+00     0.0000E+00     0.0000E+00     0.0000E+00     0.0000E+00     0.0000E+00     0.0000E+00     0.0000E+00     0.0000E+00     0.0000E+00     0.5114E+03     0.9575E+01     0.1171E+02     0.4747E+01     0.8081E+00     0.2122E+00     0.4808E+00     0.0000E+00     0.0000E+00     0.0000E+00     0.0000E+00     0.0000E+00     0.1365E+00     0.1632E+00     0.0000E+00     0.0000E+00     0.0000E+00     0.1127E+00
   365    12    31  2011        45         0  hru045               0.6780E+01     0.4205E+04     0.1425E+04     0.4982E+03     0.1149E+03    -0.1804E-08     0.0000E+00     0.0000E+00     0.0000E+00     0.0000E+00     0.0000E+00     0.0000E+00     0.0000E+00     0.0000E+00     0.0000E+00     0.0000E+00    -0.1804E-08    -0.1804E-08     0.0000E+00     0.0000E+00     0.0000E+00     0.0000E+00     0.0000E+00     0.0000E+00     0.0000E+00     0.0000E+00     0.0000E+00     0.0000E+00     0.0000E+00     0.0000E+00     0.0000E+00     0.0000E+00     0.0000E+00     0.0000E+00     0.0000E+00     0.0000E+00     0.0000E+00     0.0000E+00     0.0000E+00     0.0000E+00     0.1924E+03     0.2308E-08     0.0000E+00     0.0000E+00     0.0000E+00     0.0000E+00     0.0000E+00     0.0000E+00     0.0000E+00     0.0000E+00     0.0000E+00     0.0000E+00     0.2308E-08     0.2308E-08     0.0000E+00     0.0000E+00     0.0000E+00     0.1399E+00
   365    12    31  2011        46         0  hru046               0.3169E+02     0.1971E+05     0.6674E+04     0.2336E+04     0.5385E+03    -0.8460E-08     0.0000E+00     0.0000E+00     0.0000E+00     0.0000E+00     0.0000E+00     0.0000E+00     0.0000E+00     0.0000E+00     0.0000E+00     0.0000E+00    -0.8460E-08    -0.8460E-08     0.0000E+00     0.0000E+00     0.0000E+00     0.0000E+00     0.0000E+00     0.0000E+00     0.0000E+00     0.0000E+00     0.0000E+00     0.0000E+00     0.0000E+00     0.0000E+00     0.0000E+00     0.0000E+00     0.0000E+00     0.0000E+00     0.0000E+00     0.0000E+00     0.0000E+00     0.0000E+00     0.0000E+00     0.0000E+00     0.9049E+03     0.5917E-02     0.2940E-01     0.1180E-01     0.2229E+00     0.6640E-01     0.1836E-01     0.0000E+00     0.0000E+00     0.0000E+00     0.0000E+00     0.0000E+00     0.8027E-04     0.9561E-04     0.0000E+00     0.0000E+00     0.0000E+00     0.1394E+00
   365    12    31  2011        47         0  hru047               0.5785E+02     0.3588E+05     0.1212E+05     0.4252E+04     0.9804E+03    -0.1543E-07     0.0000E+00     0.0000E+00     0.0000E+00     0.0000E+00     0.0000E+00     0.0000E+00     0.0000E+00     0.0000E+00     0.0000E+00     0.0000E+00    -0.1543E-07    -0.1543E-07     0.0000E+00     0.0000E+00     0.0000E+00     0.0000E+00     0.0000E+00     0.0000E+00     0.0000E+00     0.0000E+00     0.0000E+00     0.0000E+00     0.0000E+00     0.0000E+00     0.0000E+00     0.0000E+00     0.0000E+00     0.0000E+00     0.0000E+00     0.0000E+00     0.0000E+00     0.0000E+00     0.0000E+00     0.0000E+00     0.1644E+04     0.1973E-07     0.0000E+00     0.0000E+00     0.0000E+00     0.0000E+00     0.0000E+00     0.0000E+00     0.0000E+00     0.0000E+00     0.0000E+00     0.0000E+00     0.1973E-07     0.1973E-07     0.0000E+00     0.0000E+00     0.0000E+00     0.1396E+00
   365    12    31  2011        48         0  hru048               0.3621E+01     0.2246E+04     0.7154E+03     0.2662E+03     0.6137E+02    -0.1009E-08     0.0000E+00     0.0000E+00     0.0000E+00     0.0000E+00     0.0000E+00     0.0000E+00     0.0000E+00     0.0000E+00     0.0000E+00     0.0000E+00    -0.1009E-08    -0.1009E-08     0.0000E+00     0.0000E+00     0.0000E+00     0.0000E+00     0.0000E+00     0.0000E+00     0.0000E+00     0.0000E+00     0.0000E+00     0.0000E+00     0.0000E+00     0.0000E+00     0.0000E+00     0.0000E+00     0.0000E+00     0.0000E+00     0.0000E+00     0.0000E+00     0.0000E+00     0.0000E+00     0.0000E+00     0.0000E+00     0.1065E+03     0.1278E-08     0.0000E+00     0.0000E+00     0.0000E+00     0.0000E+00     0.0000E+00     0.0000E+00     0.0000E+00     0.0000E+00     0.0000E+00     0.0000E+00     0.1278E-08     0.1278E-08     0.0000E+00     0.0000E+00     0.0000E+00     0.1349E+00
   365    12    31  2011        49         0  hru049               0.4134E+01     0.2564E+04     0.8332E+03     0.3038E+03     0.7005E+02    -0.1135E-08     0.0000E+00     0.0000E+00     0.0000E+00     0.0000E+00     0.0000E+00     0.0000E+00     0.0000E+00     0.0000E+00     0.0000E+00     0.0000E+00    -0.1135E-08    -0.1135E-08     0.0000E+00     0.0000E+00     0.0000E+00     0.0000E+00     0.0000E+00     0.0000E+00     0.0000E+00     0.0000E+00     0.0000E+00     0.0000E+00     0.0000E+00     0.0000E+00     0.0000E+00     0.0000E+00     0.0000E+00     0.0000E+00     0.0000E+00     0.0000E+00     0.0000E+00     0.0000E+00     0.0000E+00     0.0000E+00     0.1202E+03     0.1443E-08     0.0000E+00     0.0000E+00     0.0000E+00     0.0000E+00     0.0000E+00     0.0000E+00     0.0000E+00     0.0000E+00     0.0000E+00     0.0000E+00     0.1443E-08     0.1443E-08     0.0000E+00     0.0000E+00     0.0000E+00     0.1365E+00
   365    12    31  2011        50         0  hru050               0.5925E+01     0.3675E+04     0.1194E+04     0.4355E+03     0.1004E+03    -0.1628E-08     0.0000E+00     0.0000E+00     0.0000E+00     0.0000E+00     0.0000E+00     0.0000E+00     0.0000E+00     0.0000E+00     0.0000E+00     0.0000E+00    -0.1628E-08    -0.1628E-08     0.0000E+00     0.0000E+00     0.0000E+00     0.0000E+00     0.0000E+00     0.0000E+00     0.0000E+00     0.0000E+00     0.0000E+00     0.0000E+00     0.0000E+00     0.0000E+00     0.0000E+00     0.0000E+00     0.0000E+00     0.0000E+00     0.0000E+00     0.0000E+00     0.0000E+00     0.0000E+00     0.0000E+00     0.0000E+00     0.1723E+03     0.2068E-08     0.0000E+00     0.0000E+00     0.0000E+00     0.0000E+00     0.0000E+00     0.0000E+00     0.0000E+00     0.0000E+00     0.0000E+00     0.0000E+00     0.2068E-08     0.2068E-08     0.0000E+00     0.0000E+00     0.0000E+00     0.1365E+00
   365    12    31  2011        51         0  hru051               0.8966E+01     0.5561E+04     0.1807E+04     0.6588E+03     0.1520E+03    -0.2463E-08     0.0000E+00     0.0000E+00     0.0000E+00     0.0000E+00     0.0000E+00     0.0000E+00     0.0000E+00     0.0000E+00     0.0000E+00     0.0000E+00    -0.2463E-08    -0.2463E-08     0.0000E+00     0.0000E+00     0.0000E+00     0.0000E+00     0.0000E+00     0.0000E+00     0.0000E+00     0.0000E+00     0.0000E+00     0.0000E+00     0.0000E+00     0.0000E+00     0.0000E+00     0.0000E+00     0.0000E+00     0.0000E+00     0.0000E+00     0.0000E+00     0.0000E+00     0.0000E+00     0.0000E+00     0.0000E+00     0.2608E+03     0.3129E-08     0.0000E+00     0.0000E+00     0.0000E+00     0.0000E+00     0.0000E+00     0.0000E+00     0.0000E+00     0.0000E+00     0.0000E+00     0.0000E+00     0.3129E-08     0.3129E-08     0.0000E+00     0.0000E+00     0.0000E+00     0.1365E+00
   365    12    31  2011        52         0  hru052               0.1305E+02     0.8093E+04     0.2622E+04     0.9587E+03     0.2212E+03    -0.3593E-08     0.0000E+00     0.0000E+00     0.0000E+00     0.0000E+00     0.0000E+00     0.0000E+00     0.0000E+00     0.0000E+00     0.0000E+00     0.0000E+00    -0.3593E-08    -0.3593E-08     0.0000E+00     0.0000E+00     0.0000E+00     0.0000E+00     0.0000E+00     0.0000E+00     0.0000E+00     0.0000E+00     0.0000E+00     0.0000E+00     0.0000E+00     0.0000E+00     0.0000E+00     0.0000E+00     0.0000E+00     0.0000E+00     0.0000E+00     0.0000E+00     0.0000E+00     0.0000E+00     0.0000E+00     0.0000E+00     0.3802E+03     0.4563E-08     0.0000E+00     0.0000E+00     0.0000E+00     0.0000E+00     0.0000E+00     0.0000E+00     0.0000E+00     0.0000E+00     0.0000E+00     0.0000E+00     0.4563E-08     0.4563E-08     0.0000E+00     0.0000E+00     0.0000E+00     0.1363E+00
   365    12    31  2011        53         0  hru053               0.2895E+02     0.1795E+05     0.4394E+04     0.2128E+04     0.4906E+03    -0.9394E-08     0.0000E+00     0.0000E+00     0.0000E+00     0.0000E+00     0.0000E+00     0.0000E+00     0.0000E+00     0.0000E+00     0.0000E+00     0.0000E+00    -0.9394E-08    -0.9394E-08     0.0000E+00     0.0000E+00     0.0000E+00     0.0000E+00     0.0000E+00     0.0000E+00     0.0000E+00     0.0000E+00     0.0000E+00     0.0000E+00     0.0000E+00     0.0000E+00     0.0000E+00     0.0000E+00     0.0000E+00     0.0000E+00     0.0000E+00     0.0000E+00     0.0000E+00     0.0000E+00     0.0000E+00     0.0000E+00     0.9622E+03     0.1210E-03     0.9169E-03     0.3328E-03     0.8831E-01     0.2948E-02     0.1528E-02     0.0000E+00     0.0000E+00     0.0000E+00     0.0000E+00     0.0000E+00     0.8792E-05     0.9542E-05     0.0000E+00     0.0000E+00     0.0000E+00     0.1194E+00
   365    12    31  2011        54         0  hru054               0.6866E+01     0.4258E+04     0.1384E+04     0.5046E+03     0.1163E+03    -0.1886E-08     0.0000E+00     0.0000E+00     0.0000E+00     0.0000E+00     0.0000E+00     0.0000E+00     0.0000E+00     0.0000E+00     0.0000E+00     0.0000E+00    -0.1886E-08    -0.1886E-08     0.0000E+00     0.0000E+00     0.0000E+00     0.0000E+00     0.0000E+00     0.0000E+00     0.0000E+00     0.0000E+00     0.0000E+00     0.0000E+00     0.0000E+00     0.0000E+00     0.0000E+00     0.0000E+00     0.0000E+00     0.0000E+00     0.0000E+00     0.0000E+00     0.0000E+00     0.0000E+00     0.0000E+00     0.0000E+00     0.1997E+03     0.2396E-08     0.0000E+00     0.0000E+00     0.0000E+00     0.0000E+00     0.0000E+00     0.0000E+00     0.0000E+00     0.0000E+00     0.0000E+00     0.0000E+00     0.2396E-08     0.2396E-08     0.0000E+00     0.0000E+00     0.0000E+00     0.1365E+00
   365    12    31  2011       283         0  hru283               0.4195E+03     0.2609E+06     0.8765E+05     0.3093E+05     0.7129E+04    -0.1039E-06     0.1757E-08     0.5216E-08     0.5663E-02     0.2607E+00     0.6056E-01     0.0000E+00     0.0000E+00     0.0000E+00     0.0000E+00     0.8767E-05     0.6616E-06     0.6616E-06     0.8767E-05     0.8767E-05     0.0000E+00     0.0000E+00     0.0000E+00     0.0000E+00     0.0000E+00     0.0000E+00     0.0000E+00     0.0000E+00     0.0000E+00     0.0000E+00     0.0000E+00     0.0000E+00     0.0000E+00     0.0000E+00     0.0000E+00     0.0000E+00     0.0000E+00     0.0000E+00     0.0000E+00     0.0000E+00     0.1202E+05     0.1770E-02     0.1966E-01     0.6582E-02     0.4278E+00     0.2565E+01     0.5945E+00     0.0000E+00     0.0000E+00     0.0000E+00     0.0000E+00     0.0000E+00     0.1424E-03     0.1592E-03     0.0000E+00     0.0000E+00     0.0000E+00     0.1389E+00
   365    12    31  2011       284         0  hru284               0.3158E+02     0.1958E+05     0.6627E+04     0.2321E+04     0.5351E+03    -0.8413E-08     0.0000E+00     0.0000E+00     0.0000E+00     0.0000E+00     0.0000E+00     0.0000E+00     0.0000E+00     0.0000E+00     0.0000E+00     0.0000E+00    -0.8413E-08    -0.8413E-08     0.0000E+00     0.0000E+00     0.0000E+00     0.0000E+00     0.0000E+00     0.0000E+00     0.0000E+00     0.0000E+00     0.0000E+00     0.0000E+00     0.0000E+00     0.0000E+00     0.0000E+00     0.0000E+00     0.0000E+00     0.0000E+00     0.0000E+00     0.0000E+00     0.0000E+00     0.0000E+00     0.0000E+00     0.0000E+00     0.8967E+03     0.1076E-07     0.0000E+00     0.0000E+00     0.0000E+00     0.0000E+00     0.0000E+00     0.0000E+00     0.0000E+00     0.0000E+00     0.0000E+00     0.0000E+00     0.1076E-07     0.1076E-07     0.0000E+00     0.0000E+00     0.0000E+00     0.1398E+00
   365    12    31  2011       285         0  hru285               0.1260E+02     0.7815E+04     0.2648E+04     0.9258E+03     0.2136E+03    -0.3354E-08     0.0000E+00     0.0000E+00     0.0000E+00     0.0000E+00     0.0000E+00     0.0000E+00     0.0000E+00     0.0000E+00     0.0000E+00     0.0000E+00    -0.3354E-08    -0.3354E-08     0.0000E+00     0.0000E+00     0.0000E+00     0.0000E+00     0.0000E+00     0.0000E+00     0.0000E+00     0.0000E+00     0.0000E+00     0.0000E+00     0.0000E+00     0.0000E+00     0.0000E+00     0.0000E+00     0.0000E+00     0.0000E+00     0.0000E+00     0.0000E+00     0.0000E+00     0.0000E+00     0.0000E+00     0.0000E+00     0.3575E+03     0.4290E-08     0.0000E+00     0.0000E+00     0.0000E+00     0.0000E+00     0.0000E+00     0.0000E+00     0.0000E+00     0.0000E+00     0.0000E+00     0.0000E+00     0.4290E-08     0.4290E-08     0.0000E+00     0.0000E+00     0.0000E+00     0.1399E+00
   365    12    31  2011       286         0  hru286               0.7358E+01     0.4563E+04     0.1546E+04     0.5406E+03     0.1247E+03    -0.1958E-08     0.0000E+00     0.0000E+00     0.0000E+00     0.0000E+00     0.0000E+00     0.0000E+00     0.0000E+00     0.0000E+00     0.0000E+00     0.0000E+00    -0.1958E-08    -0.1958E-08     0.0000E+00     0.0000E+00     0.0000E+00     0.0000E+00     0.0000E+00     0.0000E+00     0.0000E+00     0.0000E+00     0.0000E+00     0.0000E+00     0.0000E+00     0.0000E+00     0.0000E+00     0.0000E+00     0.0000E+00     0.0000E+00     0.0000E+00     0.0000E+00     0.0000E+00     0.0000E+00     0.0000E+00     0.0000E+00     0.2088E+03     0.2505E-08     0.0000E+00     0.0000E+00     0.0000E+00     0.0000E+00     0.0000E+00     0.0000E+00     0.0000E+00     0.0000E+00     0.0000E+00     0.0000E+00     0.2505E-08     0.2505E-08     0.0000E+00     0.0000E+00     0.0000E+00     0.1399E+00
   365    12    31  2011       287         0  hru287               0.4322E+01     0.2680E+04     0.9056E+03     0.3177E+03     0.7324E+02    -0.1153E-08     0.0000E+00     0.0000E+00     0.0000E+00     0.0000E+00     0.0000E+00     0.0000E+00     0.0000E+00     0.0000E+00     0.0000E+00     0.0000E+00    -0.1153E-08    -0.1153E-08     0.0000E+00     0.0000E+00     0.0000E+00     0.0000E+00     0.0000E+00     0.0000E+00     0.0000E+00     0.0000E+00     0.0000E+00     0.0000E+00     0.0000E+00     0.0000E+00     0.0000E+00     0.0000E+00     0.0000E+00     0.0000E+00     0.0000E+00     0.0000E+00     0.0000E+00     0.0000E+00     0.0000E+00     0.0000E+00     0.1228E+03     0.1474E-08     0.0000E+00     0.0000E+00     0.0000E+00     0.0000E+00     0.0000E+00     0.0000E+00     0.0000E+00     0.0000E+00     0.0000E+00     0.0000E+00     0.1474E-08     0.1474E-08     0.0000E+00     0.0000E+00     0.0000E+00     0.1397E+00
   366    12    31  2012        43         0  hru043               0.8622E+01     0.6913E+04     0.1902E+04     0.6515E+03     0.1667E+03     0.2575E-01     0.1028E+00     0.5490E-01     0.1659E-01     0.4526E-01     0.1188E-01     0.0000E+00     0.0000E+00     0.0000E+00     0.0000E+00     0.0000E+00     0.3124E-03     0.3732E-03     0.0000E+00     0.0000E+00     0.0000E+00     0.0000E+00     0.0000E+00     0.0000E+00     0.0000E+00     0.0000E+00     0.0000E+00     0.0000E+00     0.0000E+00     0.0000E+00     0.0000E+00     0.0000E+00     0.0000E+00     0.0000E+00     0.0000E+00     0.0000E+00     0.0000E+00     0.0000E+00     0.0000E+00     0.0000E+00     0.3710E+03     0.8032E-01     0.5950E+00     0.3355E+00     0.6357E-01     0.3107E+00     0.5932E-01     0.0000E+00     0.0000E+00     0.0000E+00     0.0000E+00     0.0000E+00     0.1376E-02     0.1645E-02     0.0000E+00     0.0000E+00     0.0000E+00     0.1463E+00
   366    12    31  2012        44         0  hru044               0.1383E+02     0.1090E+05     0.1888E+04     0.1019E+04     0.2644E+03     0.9880E+00     0.9405E+00     0.2978E+00     0.4877E-01     0.1802E-01     0.3178E-01     0.0000E+00     0.0000E+00     0.0000E+00     0.0000E+00     0.0000E+00     0.1246E-01     0.1491E-01     0.0000E+00     0.0000E+00     0.0000E+00     0.0000E+00     0.0000E+00     0.0000E+00     0.0000E+00     0.0000E+00     0.0000E+00     0.0000E+00     0.0000E+00     0.0000E+00     0.0000E+00     0.0000E+00     0.0000E+00     0.0000E+00     0.0000E+00     0.0000E+00     0.0000E+00     0.0000E+00     0.0000E+00     0.0000E+00     0.7311E+03     0.9431E+01     0.1591E+02     0.6104E+01     0.5799E+00     0.2736E+00     0.6768E+00     0.0000E+00     0.0000E+00     0.0000E+00     0.0000E+00     0.0000E+00     0.1351E+00     0.1616E+00     0.0000E+00     0.0000E+00     0.0000E+00     0.1365E+00
   366    12    31  2012        45         0  hru045               0.6767E+01     0.5409E+04     0.1504E+04     0.5098E+03     0.1282E+03    -0.2606E-08     0.0000E+00     0.0000E+00     0.0000E+00     0.0000E+00     0.0000E+00     0.0000E+00     0.0000E+00     0.0000E+00     0.0000E+00     0.0000E+00    -0.2606E-08    -0.2606E-08     0.0000E+00     0.0000E+00     0.0000E+00     0.0000E+00     0.0000E+00     0.0000E+00     0.0000E+00     0.0000E+00     0.0000E+00     0.0000E+00     0.0000E+00     0.0000E+00     0.0000E+00     0.0000E+00     0.0000E+00     0.0000E+00     0.0000E+00     0.0000E+00     0.0000E+00     0.0000E+00     0.0000E+00     0.0000E+00     0.2858E+03     0.3429E-08     0.0000E+00     0.0000E+00     0.0000E+00     0.0000E+00     0.0000E+00     0.0000E+00     0.0000E+00     0.0000E+00     0.0000E+00     0.0000E+00     0.3429E-08     0.3429E-08     0.0000E+00     0.0000E+00     0.0000E+00     0.1446E+00
   366    12    31  2012        46         0  hru046               0.3171E+02     0.2535E+05     0.7012E+04     0.2389E+04     0.6040E+03     0.3416E-03     0.1670E-02     0.6343E-03     0.5678E-01     0.6936E-02     0.2274E-02     0.0000E+00     0.0000E+00     0.0000E+00     0.0000E+00     0.3350E-06     0.4501E-05     0.5287E-05     0.3350E-06     0.3350E-06     0.0000E+00     0.0000E+00     0.0000E+00     0.0000E+00     0.0000E+00     0.0000E+00     0.0000E+00     0.0000E+00     0.0000E+00     0.0000E+00     0.0000E+00     0.0000E+00     0.0000E+00     0.0000E+00     0.0000E+00     0.0000E+00     0.0000E+00     0.0000E+00     0.0000E+00     0.0000E+00     0.1343E+04     0.1277E-02     0.7937E-02     0.3019E-02     0.1204E+00     0.1783E-01     0.6147E-02     0.0000E+00     0.0000E+00     0.0000E+00     0.0000E+00     0.0000E+00     0.2316E-04     0.2745E-04     0.0000E+00     0.0000E+00     0.0000E+00     0.1445E+00
   366    12    31  2012        47         0  hru047               0.5774E+02     0.4616E+05     0.1279E+05     0.4350E+04     0.1094E+04    -0.2229E-07     0.0000E+00     0.0000E+00     0.0000E+00     0.0000E+00     0.0000E+00     0.0000E+00     0.0000E+00     0.0000E+00     0.0000E+00     0.0000E+00    -0.2229E-07    -0.2229E-07     0.0000E+00     0.0000E+00     0.0000E+00     0.0000E+00     0.0000E+00     0.0000E+00     0.0000E+00     0.0000E+00     0.0000E+00     0.0000E+00     0.0000E+00     0.0000E+00     0.0000E+00     0.0000E+00     0.0000E+00     0.0000E+00     0.0000E+00     0.0000E+00     0.0000E+00     0.0000E+00     0.0000E+00     0.0000E+00     0.2442E+04     0.2931E-07     0.0000E+00     0.0000E+00     0.0000E+00     0.0000E+00     0.0000E+00     0.0000E+00     0.0000E+00     0.0000E+00     0.0000E+00     0.0000E+00     0.2931E-07     0.2931E-07     0.0000E+00     0.0000E+00     0.0000E+00     0.1444E+00
   366    12    31  2012        48         0  hru048               0.3614E+01     0.2889E+04     0.7078E+03     0.2730E+03     0.6848E+02    -0.1487E-08     0.0000E+00     0.0000E+00     0.0000E+00     0.0000E+00     0.0000E+00     0.0000E+00     0.0000E+00     0.0000E+00     0.0000E+00     0.0000E+00    -0.1487E-08    -0.1487E-08     0.0000E+00     0.0000E+00     0.0000E+00     0.0000E+00     0.0000E+00     0.0000E+00     0.0000E+00     0.0000E+00     0.0000E+00     0.0000E+00     0.0000E+00     0.0000E+00     0.0000E+00     0.0000E+00     0.0000E+00     0.0000E+00     0.0000E+00     0.0000E+00     0.0000E+00     0.0000E+00     0.0000E+00     0.0000E+00     0.1605E+03     0.1926E-08     0.0000E+00     0.0000E+00     0.0000E+00     0.0000E+00     0.0000E+00     0.0000E+00     0.0000E+00     0.0000E+00     0.0000E+00     0.0000E+00     0.1926E-08     0.1926E-08     0.0000E+00     0.0000E+00     0.0000E+00     0.1393E+00
   366    12    31  2012        49         0  hru049               0.4125E+01     0.3298E+04     0.7961E+03     0.3116E+03     0.7817E+02    -0.1709E-08     0.0000E+00     0.0000E+00     0.0000E+00     0.0000E+00     0.0000E+00     0.0000E+00     0.0000E+00     0.0000E+00     0.0000E+00     0.0000E+00    -0.1709E-08    -0.1709E-08     0.0000E+00     0.0000E+00     0.0000E+00     0.0000E+00     0.0000E+00     0.0000E+00     0.0000E+00     0.0000E+00     0.0000E+00     0.0000E+00     0.0000E+00     0.0000E+00     0.0000E+00     0.0000E+00     0.0000E+00     0.0000E+00     0.0000E+00     0.0000E+00     0.0000E+00     0.0000E+00     0.0000E+00     0.0000E+00     0.1842E+03     0.2211E-08     0.0000E+00     0.0000E+00     0.0000E+00     0.0000E+00     0.0000E+00     0.0000E+00     0.0000E+00     0.0000E+00     0.0000E+00     0.0000E+00     0.2211E-08     0.2211E-08     0.0000E+00     0.0000E+00     0.0000E+00     0.1387E+00
   366    12    31  2012        50         0  hru050               0.5914E+01     0.4728E+04     0.1141E+04     0.4467E+03     0.1121E+03    -0.2450E-08     0.0000E+00     0.0000E+00     0.0000E+00     0.0000E+00     0.0000E+00     0.0000E+00     0.0000E+00     0.0000E+00     0.0000E+00     0.0000E+00    -0.2450E-08    -0.2450E-08     0.0000E+00     0.0000E+00     0.0000E+00     0.0000E+00     0.0000E+00     0.0000E+00     0.0000E+00     0.0000E+00     0.0000E+00     0.0000E+00     0.0000E+00     0.0000E+00     0.0000E+00     0.0000E+00     0.0000E+00     0.0000E+00     0.0000E+00     0.0000E+00     0.0000E+00     0.0000E+00     0.0000E+00     0.0000E+00     0.2641E+03     0.3169E-08     0.0000E+00     0.0000E+00     0.0000E+00     0.0000E+00     0.0000E+00     0.0000E+00     0.0000E+00     0.0000E+00     0.0000E+00     0.0000E+00     0.3169E-08     0.3169E-08     0.0000E+00     0.0000E+00     0.0000E+00     0.1387E+00
   366    12    31  2012        51         0  hru051               0.8948E+01     0.7154E+04     0.1727E+04     0.6759E+03     0.1696E+03    -0.3707E-08     0.0000E+00     0.0000E+00     0.0000E+00     0.0000E+00     0.0000E+00     0.0000E+00     0.0000E+00     0.0000E+00     0.0000E+00     0.0000E+00    -0.3707E-08    -0.3707E-08     0.0000E+00     0.0000E+00     0.0000E+00     0.0000E+00     0.0000E+00     0.0000E+00     0.0000E+00     0.0000E+00     0.0000E+00     0.0000E+00     0.0000E+00     0.0000E+00     0.0000E+00     0.0000E+00     0.0000E+00     0.0000E+00     0.0000E+00     0.0000E+00     0.0000E+00     0.0000E+00     0.0000E+00     0.0000E+00     0.3996E+03     0.4796E-08     0.0000E+00     0.0000E+00     0.0000E+00     0.0000E+00     0.0000E+00     0.0000E+00     0.0000E+00     0.0000E+00     0.0000E+00     0.0000E+00     0.4796E-08     0.4796E-08     0.0000E+00     0.0000E+00     0.0000E+00     0.1387E+00
   366    12    31  2012        52         0  hru052               0.1302E+02     0.1041E+05     0.2467E+04     0.9838E+03     0.2468E+03    -0.5442E-08     0.0000E+00     0.0000E+00     0.0000E+00     0.0000E+00     0.0000E+00     0.0000E+00     0.0000E+00     0.0000E+00     0.0000E+00     0.0000E+00    -0.5442E-08    -0.5442E-08     0.0000E+00     0.0000E+00     0.0000E+00     0.0000E+00     0.0000E+00     0.0000E+00     0.0000E+00     0.0000E+00     0.0000E+00     0.0000E+00     0.0000E+00     0.0000E+00     0.0000E+00     0.0000E+00     0.0000E+00     0.0000E+00     0.0000E+00     0.0000E+00     0.0000E+00     0.0000E+00     0.0000E+00     0.0000E+00     0.5855E+03     0.7025E-08     0.0000E+00     0.0000E+00     0.0000E+00     0.0000E+00     0.0000E+00     0.0000E+00     0.0000E+00     0.0000E+00     0.0000E+00     0.0000E+00     0.7025E-08     0.7025E-08     0.0000E+00     0.0000E+00     0.0000E+00     0.1381E+00
   366    12    31  2012        53         0  hru053               0.2889E+02     0.2310E+05     0.4049E+04     0.2182E+04     0.5474E+03    -0.1350E-07     0.0000E+00     0.0000E+00     0.0000E+00     0.0000E+00     0.0000E+00     0.0000E+00     0.0000E+00     0.0000E+00     0.0000E+00     0.0000E+00    -0.1350E-07    -0.1350E-07     0.0000E+00     0.0000E+00     0.0000E+00     0.0000E+00     0.0000E+00     0.0000E+00     0.0000E+00     0.0000E+00     0.0000E+00     0.0000E+00     0.0000E+00     0.0000E+00     0.0000E+00     0.0000E+00     0.0000E+00     0.0000E+00     0.0000E+00     0.0000E+00     0.0000E+00     0.0000E+00     0.0000E+00     0.0000E+00     0.1418E+04     0.1701E-07     0.0000E+00     0.0000E+00     0.0000E+00     0.0000E+00     0.0000E+00     0.0000E+00     0.0000E+00     0.0000E+00     0.0000E+00     0.0000E+00     0.1701E-07     0.1701E-07     0.0000E+00     0.0000E+00     0.0000E+00     0.1296E+00
   366    12    31  2012        54         0  hru054               0.6852E+01     0.5478E+04     0.1322E+04     0.5176E+03     0.1298E+03    -0.2839E-08     0.0000E+00     0.0000E+00     0.0000E+00     0.0000E+00     0.0000E+00     0.0000E+00     0.0000E+00     0.0000E+00     0.0000E+00     0.0000E+00    -0.2839E-08    -0.2839E-08     0.0000E+00     0.0000E+00     0.0000E+00     0.0000E+00     0.0000E+00     0.0000E+00     0.0000E+00     0.0000E+00     0.0000E+00     0.0000E+00     0.0000E+00     0.0000E+00     0.0000E+00     0.0000E+00     0.0000E+00     0.0000E+00     0.0000E+00     0.0000E+00     0.0000E+00     0.0000E+00     0.0000E+00     0.0000E+00     0.3060E+03     0.3672E-08     0.0000E+00     0.0000E+00     0.0000E+00     0.0000E+00     0.0000E+00     0.0000E+00     0.0000E+00     0.0000E+00     0.0000E+00     0.0000E+00     0.3672E-08     0.3672E-08     0.0000E+00     0.0000E+00     0.0000E+00     0.1387E+00
   366    12    31  2012       283         0  hru283               0.4198E+03     0.3356E+06     0.9158E+05     0.3163E+05     0.7973E+04     0.9839E-04     0.8772E-03     0.2882E-03     0.6420E-01     0.2941E+00     0.6822E-01     0.0000E+00     0.0000E+00     0.0000E+00     0.0000E+00     0.8595E-04     0.8362E-05     0.9308E-05     0.1382E-03     0.7440E-04     0.0000E+00     0.0000E+00     0.0000E+00     0.0000E+00     0.0000E+00     0.0000E+00     0.0000E+00     0.0000E+00     0.0000E+00     0.0000E+00     0.0000E+00     0.0000E+00     0.0000E+00     0.0000E+00     0.0000E+00     0.0000E+00     0.0000E+00     0.0000E+00     0.0000E+00     0.0000E+00     0.1788E+05     0.5245E-03     0.4892E-02     0.1624E-02     0.9764E-01     0.5419E+01     0.1280E+01     0.0000E+00     0.0000E+00     0.0000E+00     0.0000E+00     0.0000E+00     0.4980E-04     0.5424E-04     0.0000E+00     0.0000E+00     0.0000E+00     0.1437E+00
   366    12    31  2012       284         0  hru284               0.3151E+02     0.2519E+05     0.6997E+04     0.2374E+04     0.5971E+03    -0.1215E-07     0.0000E+00     0.0000E+00     0.0000E+00     0.0000E+00     0.0000E+00     0.0000E+00     0.0000E+00     0.0000E+00     0.0000E+00     0.0000E+00    -0.1215E-07    -0.1215E-07     0.0000E+00     0.0000E+00     0.0000E+00     0.0000E+00     0.0000E+00     0.0000E+00     0.0000E+00     0.0000E+00     0.0000E+00     0.0000E+00     0.0000E+00     0.0000E+00     0.0000E+00     0.0000E+00     0.0000E+00     0.0000E+00     0.0000E+00     0.0000E+00     0.0000E+00     0.0000E+00     0.0000E+00     0.0000E+00     0.1332E+04     0.1598E-07     0.0000E+00     0.0000E+00     0.0000E+00     0.0000E+00     0.0000E+00     0.0000E+00     0.0000E+00     0.0000E+00     0.0000E+00     0.0000E+00     0.1598E-07     0.1598E-07     0.0000E+00     0.0000E+00     0.0000E+00     0.1445E+00
   366    12    31  2012       285         0  hru285               0.1258E+02     0.1005E+05     0.2795E+04     0.9475E+03     0.2383E+03    -0.4844E-08     0.0000E+00     0.0000E+00     0.0000E+00     0.0000E+00     0.0000E+00     0.0000E+00     0.0000E+00     0.0000E+00     0.0000E+00     0.0000E+00    -0.4844E-08    -0.4844E-08     0.0000E+00     0.0000E+00     0.0000E+00     0.0000E+00     0.0000E+00     0.0000E+00     0.0000E+00     0.0000E+00     0.0000E+00     0.0000E+00     0.0000E+00     0.0000E+00     0.0000E+00     0.0000E+00     0.0000E+00     0.0000E+00     0.0000E+00     0.0000E+00     0.0000E+00     0.0000E+00     0.0000E+00     0.0000E+00     0.5311E+03     0.6374E-08     0.0000E+00     0.0000E+00     0.0000E+00     0.0000E+00     0.0000E+00     0.0000E+00     0.0000E+00     0.0000E+00     0.0000E+00     0.0000E+00     0.6374E-08     0.6374E-08     0.0000E+00     0.0000E+00     0.0000E+00     0.1446E+00
   366    12    31  2012       286         0  hru286               0.7343E+01     0.5871E+04     0.1632E+04     0.5533E+03     0.1391E+03    -0.2829E-08     0.0000E+00     0.0000E+00     0.0000E+00     0.0000E+00     0.0000E+00     0.0000E+00     0.0000E+00     0.0000E+00     0.0000E+00     0.0000E+00    -0.2829E-08    -0.2829E-08     0.0000E+00     0.0000E+00     0.0000E+00     0.0000E+00     0.0000E+00     0.0000E+00     0.0000E+00     0.0000E+00     0.0000E+00     0.0000E+00     0.0000E+00     0.0000E+00     0.0000E+00     0.0000E+00     0.0000E+00     0.0000E+00     0.0000E+00     0.0000E+00     0.0000E+00     0.0000E+00     0.0000E+00     0.0000E+00     0.3101E+03     0.3722E-08     0.0000E+00     0.0000E+00     0.0000E+00     0.0000E+00     0.0000E+00     0.0000E+00     0.0000E+00     0.0000E+00     0.0000E+00     0.0000E+00     0.3722E-08     0.3722E-08     0.0000E+00     0.0000E+00     0.0000E+00     0.1446E+00
   366    12    31  2012       287         0  hru287               0.4313E+01     0.3448E+04     0.9552E+03     0.3250E+03     0.8173E+02    -0.1665E-08     0.0000E+00     0.0000E+00     0.0000E+00     0.0000E+00     0.0000E+00     0.0000E+00     0.0000E+00     0.0000E+00     0.0000E+00     0.0000E+00    -0.1665E-08    -0.1665E-08     0.0000E+00     0.0000E+00     0.0000E+00     0.0000E+00     0.0000E+00     0.0000E+00     0.0000E+00     0.0000E+00     0.0000E+00     0.0000E+00     0.0000E+00     0.0000E+00     0.0000E+00     0.0000E+00     0.0000E+00     0.0000E+00     0.0000E+00     0.0000E+00     0.0000E+00     0.0000E+00     0.0000E+00     0.0000E+00     0.1825E+03     0.2190E-08     0.0000E+00     0.0000E+00     0.0000E+00     0.0000E+00     0.0000E+00     0.0000E+00     0.0000E+00     0.0000E+00     0.0000E+00     0.0000E+00     0.2190E-08     0.2190E-08     0.0000E+00     0.0000E+00     0.0000E+00     0.1444E+00
   365    12    31  2013        43         0  hru043               0.9040E+01     0.5445E+04     0.1415E+04     0.6569E+03     0.1395E+03     0.8644E-09     0.7296E-13     0.2189E-12     0.3461E-07     0.5458E-07     0.1977E-06     0.0000E+00     0.0000E+00     0.0000E+00     0.0000E+00     0.2286E-05     0.1964E-09     0.1964E-09     0.2286E-05     0.2286E-05     0.0000E+00     0.0000E+00     0.0000E+00     0.0000E+00     0.0000E+00     0.0000E+00     0.0000E+00     0.0000E+00     0.0000E+00     0.0000E+00     0.0000E+00     0.0000E+00     0.0000E+00     0.0000E+00     0.0000E+00     0.0000E+00     0.0000E+00     0.0000E+00     0.0000E+00     0.0000E+00     0.2887E+03     0.7254E-01     0.2976E+00     0.1574E+00     0.5278E-01     0.1247E+00     0.3620E-01     0.0000E+00     0.0000E+00     0.0000E+00     0.0000E+00     0.0000E+00     0.9822E-03     0.1174E-02     0.0000E+00     0.0000E+00     0.0000E+00     0.8102E-01
   365    12    31  2013        44         0  hru044               0.1425E+02     0.8584E+04     0.2155E+04     0.1041E+04     0.2247E+03     0.3032E-01     0.6201E-01     0.3463E-01     0.7648E-02     0.4872E-02     0.6294E-02     0.0000E+00     0.0000E+00     0.0000E+00     0.0000E+00     0.0000E+00     0.4238E-03     0.5024E-03     0.0000E+00     0.0000E+00     0.0000E+00     0.0000E+00     0.0000E+00     0.0000E+00     0.0000E+00     0.0000E+00     0.0000E+00     0.0000E+00     0.0000E+00     0.0000E+00     0.0000E+00     0.0000E+00     0.0000E+00     0.0000E+00     0.0000E+00     0.0000E+00     0.0000E+00     0.0000E+00     0.0000E+00     0.0000E+00     0.4902E+03     0.5282E+01     0.7563E+01     0.4018E+01     0.4230E+00     0.1903E+00     0.4316E+00     0.0000E+00     0.0000E+00     0.0000E+00     0.0000E+00     0.0000E+00     0.7485E-01     0.8951E-01     0.0000E+00     0.0000E+00     0.0000E+00     0.7661E-01
   365    12    31  2013        45         0  hru045               0.7074E+01     0.4261E+04     0.1119E+04     0.5165E+03     0.1092E+03     0.2390E-09     0.0000E+00     0.0000E+00     0.0000E+00     0.0000E+00     0.0000E+00     0.0000E+00     0.0000E+00     0.0000E+00     0.0000E+00     0.0000E+00    -0.1783E-08    -0.1783E-08     0.0000E+00     0.0000E+00     0.0000E+00     0.0000E+00     0.0000E+00     0.0000E+00     0.0000E+00     0.0000E+00     0.0000E+00     0.0000E+00     0.0000E+00     0.0000E+00     0.0000E+00     0.0000E+00     0.0000E+00     0.0000E+00     0.0000E+00     0.0000E+00     0.0000E+00     0.0000E+00     0.0000E+00     0.0000E+00     0.2229E+03     0.6580E-03     0.0000E+00     0.0000E+00     0.0000E+00     0.0000E+00     0.0000E+00     0.0000E+00     0.0000E+00     0.0000E+00     0.0000E+00     0.0000E+00     0.2678E-08     0.2678E-08     0.0000E+00     0.0000E+00     0.0000E+00     0.8212E-01
   365    12    31  2013        46         0  hru046               0.3315E+02     0.1997E+05     0.5241E+04     0.2421E+04     0.5115E+03     0.7149E-08     0.1662E-07     0.5951E-08     0.3893E-08     0.8853E-08     0.0000E+00     0.0000E+00     0.0000E+00     0.0000E+00     0.0000E+00     0.5010E-04    -0.4664E-09    -0.3977E-09     0.1027E-04     0.9787E-05     0.0000E+00     0.0000E+00     0.0000E+00     0.0000E+00     0.0000E+00     0.0000E+00     0.0000E+00     0.0000E+00     0.0000E+00     0.0000E+00     0.0000E+00     0.0000E+00     0.0000E+00     0.0000E+00     0.0000E+00     0.0000E+00     0.0000E+00     0.0000E+00     0.0000E+00     0.0000E+00     0.1046E+04     0.5490E-02     0.8091E-02     0.3045E-02     0.1072E+00     0.2102E-01     0.7645E-02     0.0000E+00     0.0000E+00     0.0000E+00     0.0000E+00     0.0000E+00     0.2231E-04     0.2642E-04     0.0000E+00     0.0000E+00     0.0000E+00     0.8203E-01
   365    12    31  2013        47         0  hru047               0.6036E+02     0.3636E+05     0.9351E+04     0.4407E+04     0.9311E+03     0.1874E-08     0.0000E+00     0.0000E+00     0.0000E+00     0.0000E+00     0.0000E+00     0.0000E+00     0.0000E+00     0.0000E+00     0.0000E+00     0.0000E+00    -0.1523E-07    -0.1523E-07     0.0000E+00     0.0000E+00     0.0000E+00     0.0000E+00     0.0000E+00     0.0000E+00     0.0000E+00     0.0000E+00     0.0000E+00     0.0000E+00     0.0000E+00     0.0000E+00     0.0000E+00     0.0000E+00     0.0000E+00     0.0000E+00     0.0000E+00     0.0000E+00     0.0000E+00     0.0000E+00     0.0000E+00     0.0000E+00     0.1918E+04     0.6530E-02     0.0000E+00     0.0000E+00     0.0000E+00     0.0000E+00     0.0000E+00     0.0000E+00     0.0000E+00     0.0000E+00     0.0000E+00     0.0000E+00     0.2305E-07     0.2305E-07     0.0000E+00     0.0000E+00     0.0000E+00     0.8142E-01
   365    12    31  2013        48         0  hru048               0.3778E+01     0.2276E+04     0.5836E+03     0.2759E+03     0.5828E+02     0.1422E-10     0.0000E+00     0.0000E+00     0.0000E+00     0.0000E+00     0.0000E+00     0.0000E+00     0.0000E+00     0.0000E+00     0.0000E+00     0.0000E+00    -0.1060E-08    -0.1060E-08     0.0000E+00     0.0000E+00     0.0000E+00     0.0000E+00     0.0000E+00     0.0000E+00     0.0000E+00     0.0000E+00     0.0000E+00     0.0000E+00     0.0000E+00     0.0000E+00     0.0000E+00     0.0000E+00     0.0000E+00     0.0000E+00     0.0000E+00     0.0000E+00     0.0000E+00     0.0000E+00     0.0000E+00     0.0000E+00     0.1202E+03     0.9968E-04     0.0000E+00     0.0000E+00     0.0000E+00     0.0000E+00     0.0000E+00     0.0000E+00     0.0000E+00     0.0000E+00     0.0000E+00     0.0000E+00     0.1443E-08     0.1443E-08     0.0000E+00     0.0000E+00     0.0000E+00     0.8131E-01
   365    12    31  2013        49         0  hru049               0.4313E+01     0.2598E+04     0.6670E+03     0.3149E+03     0.6654E+02     0.1526E-09     0.0000E+00     0.0000E+00     0.0000E+00     0.0000E+00     0.0000E+00     0.0000E+00     0.0000E+00     0.0000E+00     0.0000E+00     0.0000E+00    -0.1082E-08    -0.1082E-08     0.0000E+00     0.0000E+00     0.0000E+00     0.0000E+00     0.0000E+00     0.0000E+00     0.0000E+00     0.0000E+00     0.0000E+00     0.0000E+00     0.0000E+00     0.0000E+00     0.0000E+00     0.0000E+00     0.0000E+00     0.0000E+00     0.0000E+00     0.0000E+00     0.0000E+00     0.0000E+00     0.0000E+00     0.0000E+00     0.1371E+03     0.5318E-03     0.0000E+00     0.0000E+00     0.0000E+00     0.0000E+00     0.0000E+00     0.0000E+00     0.0000E+00     0.0000E+00     0.0000E+00     0.0000E+00     0.1648E-08     0.1648E-08     0.0000E+00     0.0000E+00     0.0000E+00     0.8137E-01
   365    12    31  2013        50         0  hru050               0.6182E+01     0.3724E+04     0.9562E+03     0.4514E+03     0.9538E+02     0.7525E-09     0.0000E+00     0.0000E+00     0.0000E+00     0.0000E+00     0.0000E+00     0.0000E+00     0.0000E+00     0.0000E+00     0.0000E+00     0.0000E+00    -0.1403E-08    -0.1403E-08     0.0000E+00     0.0000E+00     0.0000E+00     0.0000E+00     0.0000E+00     0.0000E+00     0.0000E+00     0.0000E+00     0.0000E+00     0.0000E+00     0.0000E+00     0.0000E+00     0.0000E+00     0.0000E+00     0.0000E+00     0.0000E+00     0.0000E+00     0.0000E+00     0.0000E+00     0.0000E+00     0.0000E+00     0.0000E+00     0.1966E+03     0.2622E-02     0.0000E+00     0.0000E+00     0.0000E+00     0.0000E+00     0.0000E+00     0.0000E+00     0.0000E+00     0.0000E+00     0.0000E+00     0.0000E+00     0.2364E-08     0.2364E-08     0.0000E+00     0.0000E+00     0.0000E+00     0.8137E-01
   365    12    31  2013        51         0  hru051               0.9355E+01     0.5635E+04     0.1447E+04     0.6831E+03     0.1444E+03     0.1402E-09     0.0000E+00     0.0000E+00     0.0000E+00     0.0000E+00     0.0000E+00     0.0000E+00     0.0000E+00     0.0000E+00     0.0000E+00     0.0000E+00    -0.2464E-08    -0.2464E-08     0.0000E+00     0.0000E+00     0.0000E+00     0.0000E+00     0.0000E+00     0.0000E+00     0.0000E+00     0.0000E+00     0.0000E+00     0.0000E+00     0.0000E+00     0.0000E+00     0.0000E+00     0.0000E+00     0.0000E+00     0.0000E+00     0.0000E+00     0.0000E+00     0.0000E+00     0.0000E+00     0.0000E+00     0.0000E+00     0.2975E+03     0.4884E-03     0.0000E+00     0.0000E+00     0.0000E+00     0.0000E+00     0.0000E+00     0.0000E+00     0.0000E+00     0.0000E+00     0.0000E+00     0.0000E+00     0.3572E-08     0.3572E-08     0.0000E+00     0.0000E+00     0.0000E+00     0.8137E-01
   365    12    31  2013        52         0  hru052               0.1362E+02     0.8201E+04     0.2105E+04     0.9942E+03     0.2101E+03     0.2254E-09     0.0000E+00     0.0000E+00     0.0000E+00     0.0000E+00     0.0000E+00     0.0000E+00     0.0000E+00     0.0000E+00     0.0000E+00     0.0000E+00    -0.3563E-08    -0.3563E-08     0.0000E+00     0.0000E+00     0.0000E+00     0.0000E+00     0.0000E+00     0.0000E+00     0.0000E+00     0.0000E+00     0.0000E+00     0.0000E+00     0.0000E+00     0.0000E+00     0.0000E+00     0.0000E+00     0.0000E+00     0.0000E+00     0.0000E+00     0.0000E+00     0.0000E+00     0.0000E+00     0.0000E+00     0.0000E+00     0.4330E+03     0.7852E-03     0.0000E+00     0.0000E+00     0.0000E+00     0.0000E+00     0.0000E+00     0.0000E+00     0.0000E+00     0.0000E+00     0.0000E+00     0.0000E+00     0.5200E-08     0.5200E-08     0.0000E+00     0.0000E+00     0.0000E+00     0.8137E-01
   365    12    31  2013        53         0  hru053               0.3020E+02     0.1819E+05     0.4526E+04     0.2206E+04     0.4660E+03    -0.1170E-09     0.0000E+00     0.0000E+00     0.0000E+00     0.0000E+00     0.0000E+00     0.0000E+00     0.0000E+00     0.0000E+00     0.0000E+00     0.0000E+00    -0.8751E-08    -0.8751E-08     0.0000E+00     0.0000E+00     0.0000E+00     0.0000E+00     0.0000E+00     0.0000E+00     0.0000E+00     0.0000E+00     0.0000E+00     0.0000E+00     0.0000E+00     0.0000E+00     0.0000E+00     0.0000E+00     0.0000E+00     0.0000E+00     0.0000E+00     0.0000E+00     0.0000E+00     0.0000E+00     0.0000E+00     0.0000E+00     0.9726E+03     0.6919E-03     0.0000E+00     0.0000E+00     0.0000E+00     0.0000E+00     0.0000E+00     0.0000E+00     0.0000E+00     0.0000E+00     0.0000E+00     0.0000E+00     0.1167E-07     0.1167E-07     0.0000E+00     0.0000E+00     0.0000E+00     0.8035E-01
   365    12    31  2013        54         0  hru054               0.7163E+01     0.4315E+04     0.1108E+04     0.5230E+03     0.1105E+03     0.8668E-10     0.0000E+00     0.0000E+00     0.0000E+00     0.0000E+00     0.0000E+00     0.0000E+00     0.0000E+00     0.0000E+00     0.0000E+00     0.0000E+00    -0.1930E-08    -0.1930E-08     0.0000E+00     0.0000E+00     0.0000E+00     0.0000E+00     0.0000E+00     0.0000E+00     0.0000E+00     0.0000E+00     0.0000E+00     0.0000E+00     0.0000E+00     0.0000E+00     0.0000E+00     0.0000E+00     0.0000E+00     0.0000E+00     0.0000E+00     0.0000E+00     0.0000E+00     0.0000E+00     0.0000E+00     0.0000E+00     0.2278E+03     0.3103E-03     0.0000E+00     0.0000E+00     0.0000E+00     0.0000E+00     0.0000E+00     0.0000E+00     0.0000E+00     0.0000E+00     0.0000E+00     0.0000E+00     0.2734E-08     0.2734E-08     0.0000E+00     0.0000E+00     0.0000E+00     0.8137E-01
   365    12    31  2013       283         0  hru283               0.4389E+03     0.2644E+06     0.6791E+05     0.3205E+05     0.6771E+04     0.2214E-07     0.1662E-08     0.4912E-08     0.5240E-02     0.2417E+00     0.5647E-01     0.0000E+00     0.0000E+00     0.0000E+00     0.0000E+00     0.9180E-05     0.6616E-06     0.6616E-06     0.9180E-05     0.9180E-05     0.0000E+00     0.0000E+00     0.0000E+00     0.0000E+00     0.0000E+00     0.0000E+00     0.0000E+00     0.0000E+00     0.0000E+00     0.0000E+00     0.0000E+00     0.0000E+00     0.0000E+00     0.0000E+00     0.0000E+00     0.0000E+00     0.0000E+00     0.0000E+00     0.0000E+00     0.0000E+00     0.1396E+05     0.7514E-01     0.4107E-02     0.1357E-02     0.1354E+00     0.3408E+01     0.8152E+00     0.0000E+00     0.0000E+00     0.0000E+00     0.0000E+00     0.0000E+00     0.4113E-04     0.4470E-04     0.0000E+00     0.0000E+00     0.0000E+00     0.8135E-01
   365    12    31  2013       284         0  hru284               0.3295E+02     0.1984E+05     0.5118E+04     0.2406E+04     0.5082E+03     0.4152E-09     0.0000E+00     0.0000E+00     0.0000E+00     0.0000E+00     0.0000E+00     0.0000E+00     0.0000E+00     0.0000E+00     0.0000E+00     0.0000E+00    -0.8854E-08    -0.8854E-08     0.0000E+00     0.0000E+00     0.0000E+00     0.0000E+00     0.0000E+00     0.0000E+00     0.0000E+00     0.0000E+00     0.0000E+00     0.0000E+00     0.0000E+00     0.0000E+00     0.0000E+00     0.0000E+00     0.0000E+00     0.0000E+00     0.0000E+00     0.0000E+00     0.0000E+00     0.0000E+00     0.0000E+00     0.0000E+00     0.1046E+04     0.1473E-02     0.0000E+00     0.0000E+00     0.0000E+00     0.0000E+00     0.0000E+00     0.0000E+00     0.0000E+00     0.0000E+00     0.0000E+00     0.0000E+00     0.1255E-07     0.1255E-07     0.0000E+00     0.0000E+00     0.0000E+00     0.8150E-01
   365    12    31  2013       285         0  hru285               0.1315E+02     0.7919E+04     0.2080E+04     0.9600E+03     0.2029E+03     0.7125E-09     0.0000E+00     0.0000E+00     0.0000E+00     0.0000E+00     0.0000E+00     0.0000E+00     0.0000E+00     0.0000E+00     0.0000E+00     0.0000E+00    -0.3279E-08    -0.3279E-08     0.0000E+00     0.0000E+00     0.0000E+00     0.0000E+00     0.0000E+00     0.0000E+00     0.0000E+00     0.0000E+00     0.0000E+00     0.0000E+00     0.0000E+00     0.0000E+00     0.0000E+00     0.0000E+00     0.0000E+00     0.0000E+00     0.0000E+00     0.0000E+00     0.0000E+00     0.0000E+00     0.0000E+00     0.0000E+00     0.4142E+03     0.1962E-02     0.0000E+00     0.0000E+00     0.0000E+00     0.0000E+00     0.0000E+00     0.0000E+00     0.0000E+00     0.0000E+00     0.0000E+00     0.0000E+00     0.4977E-08     0.4977E-08     0.0000E+00     0.0000E+00     0.0000E+00     0.8214E-01
   365    12    31  2013       286         0  hru286               0.7677E+01     0.4624E+04     0.1214E+04     0.5606E+03     0.1185E+03     0.4623E-09     0.0000E+00     0.0000E+00     0.0000E+00     0.0000E+00     0.0000E+00     0.0000E+00     0.0000E+00     0.0000E+00     0.0000E+00     0.0000E+00    -0.1915E-08    -0.1915E-08     0.0000E+00     0.0000E+00     0.0000E+00     0.0000E+00     0.0000E+00     0.0000E+00     0.0000E+00     0.0000E+00     0.0000E+00     0.0000E+00     0.0000E+00     0.0000E+00     0.0000E+00     0.0000E+00     0.0000E+00     0.0000E+00     0.0000E+00     0.0000E+00     0.0000E+00     0.0000E+00     0.0000E+00     0.0000E+00     0.2419E+03     0.1273E-02     0.0000E+00     0.0000E+00     0.0000E+00     0.0000E+00     0.0000E+00     0.0000E+00     0.0000E+00     0.0000E+00     0.0000E+00     0.0000E+00     0.2907E-08     0.2907E-08     0.0000E+00     0.0000E+00     0.0000E+00     0.8212E-01
   365    12    31  2013       287         0  hru287               0.4509E+01     0.2716E+04     0.6986E+03     0.3293E+03     0.6956E+02     0.3409E-09     0.0000E+00     0.0000E+00     0.0000E+00     0.0000E+00     0.0000E+00     0.0000E+00     0.0000E+00     0.0000E+00     0.0000E+00     0.0000E+00    -0.1055E-08    -0.1055E-08     0.0000E+00     0.0000E+00     0.0000E+00     0.0000E+00     0.0000E+00     0.0000E+00     0.0000E+00     0.0000E+00     0.0000E+00     0.0000E+00     0.0000E+00     0.0000E+00     0.0000E+00     0.0000E+00     0.0000E+00     0.0000E+00     0.0000E+00     0.0000E+00     0.0000E+00     0.0000E+00     0.0000E+00     0.0000E+00     0.1433E+03     0.1188E-02     0.0000E+00     0.0000E+00     0.0000E+00     0.0000E+00     0.0000E+00     0.0000E+00     0.0000E+00     0.0000E+00     0.0000E+00     0.0000E+00     0.1723E-08     0.1723E-08     0.0000E+00     0.0000E+00     0.0000E+00     0.8142E-01
   365    12    31  2014        43         0  hru043               0.8742E+01     0.4571E+04     0.2031E+04     0.6576E+03     0.2865E+03    -0.1348E-09     0.6980E-09     0.2094E-08     0.6083E-05     0.3413E-05     0.5449E-05     0.0000E+00     0.0000E+00     0.0000E+00     0.0000E+00     0.1143E-05     0.1015E-05     0.1015E-05     0.1143E-05     0.1143E-05     0.0000E+00     0.0000E+00     0.0000E+00     0.0000E+00     0.0000E+00     0.0000E+00     0.0000E+00     0.0000E+00     0.0000E+00     0.0000E+00     0.0000E+00     0.0000E+00     0.0000E+00     0.0000E+00     0.0000E+00     0.0000E+00     0.0000E+00     0.0000E+00     0.0000E+00     0.0000E+00     0.1481E+03     0.2180E-08     0.7760E-10     0.2328E-09     0.6999E-06     0.4171E-06     0.7038E-06     0.0000E+00     0.0000E+00     0.0000E+00     0.0000E+00     0.0000E+00     0.1286E-06     0.1286E-06     0.0000E+00     0.0000E+00     0.0000E+00     0.4076E+00
   365    12    31  2014        44         0  hru044               0.1386E+02     0.7206E+04     0.2392E+04     0.1040E+04     0.4715E+03     0.1489E+00     0.4893E+00     0.2432E+00     0.3773E-01     0.2112E-01     0.3189E-01     0.0000E+00     0.0000E+00     0.0000E+00     0.0000E+00     0.0000E+00     0.1955E-02     0.2337E-02     0.0000E+00     0.0000E+00     0.0000E+00     0.0000E+00     0.0000E+00     0.0000E+00     0.0000E+00     0.0000E+00     0.0000E+00     0.0000E+00     0.0000E+00     0.0000E+00     0.0000E+00     0.0000E+00     0.0000E+00     0.0000E+00     0.0000E+00     0.0000E+00     0.0000E+00     0.0000E+00     0.0000E+00     0.0000E+00     0.3086E+03     0.5812E+00     0.1674E+01     0.8459E+00     0.1057E+00     0.8121E-01     0.1186E+00     0.0000E+00     0.0000E+00     0.0000E+00     0.0000E+00     0.0000E+00     0.8286E-02     0.9849E-02     0.0000E+00     0.0000E+00     0.0000E+00     0.3291E+00
   365    12    31  2014        45         0  hru045               0.6841E+01     0.3577E+04     0.1590E+04     0.5146E+03     0.2242E+03    -0.9996E-09     0.0000E+00     0.0000E+00     0.0000E+00     0.0000E+00     0.0000E+00     0.0000E+00     0.0000E+00     0.0000E+00     0.0000E+00     0.0000E+00    -0.9996E-09    -0.9996E-09     0.0000E+00     0.0000E+00     0.0000E+00     0.0000E+00     0.0000E+00     0.0000E+00     0.0000E+00     0.0000E+00     0.0000E+00     0.0000E+00     0.0000E+00     0.0000E+00     0.0000E+00     0.0000E+00     0.0000E+00     0.0000E+00     0.0000E+00     0.0000E+00     0.0000E+00     0.0000E+00     0.0000E+00     0.0000E+00     0.1158E+03     0.1427E-08     0.0000E+00     0.0000E+00     0.0000E+00     0.0000E+00     0.0000E+00     0.0000E+00     0.0000E+00     0.0000E+00     0.0000E+00     0.0000E+00     0.1390E-08     0.1390E-08     0.0000E+00     0.0000E+00     0.0000E+00     0.4076E+00
   365    12    31  2014        46         0  hru046               0.3206E+02     0.1676E+05     0.7450E+04     0.2412E+04     0.1051E+04    -0.4686E-08     0.0000E+00     0.0000E+00     0.0000E+00     0.0000E+00     0.0000E+00     0.0000E+00     0.0000E+00     0.0000E+00     0.0000E+00     0.0000E+00    -0.4686E-08    -0.4686E-08     0.0000E+00     0.0000E+00     0.0000E+00     0.0000E+00     0.0000E+00     0.0000E+00     0.0000E+00     0.0000E+00     0.0000E+00     0.0000E+00     0.0000E+00     0.0000E+00     0.0000E+00     0.0000E+00     0.0000E+00     0.0000E+00     0.0000E+00     0.0000E+00     0.0000E+00     0.0000E+00     0.0000E+00     0.0000E+00     0.5430E+03     0.1121E-07     0.1153E-07     0.4128E-08     0.2700E-08     0.6140E-08     0.0000E+00     0.0000E+00     0.0000E+00     0.0000E+00     0.0000E+00     0.0000E+00     0.6516E-08     0.6516E-08     0.0000E+00     0.0000E+00     0.0000E+00     0.4075E+00
   365    12    31  2014        47         0  hru047               0.5837E+02     0.3052E+05     0.1360E+05     0.4391E+04     0.1918E+04    -0.8491E-08     0.0000E+00     0.0000E+00     0.0000E+00     0.0000E+00     0.0000E+00     0.0000E+00     0.0000E+00     0.0000E+00     0.0000E+00     0.0000E+00    -0.8491E-08    -0.8491E-08     0.0000E+00     0.0000E+00     0.0000E+00     0.0000E+00     0.0000E+00     0.0000E+00     0.0000E+00     0.0000E+00     0.0000E+00     0.0000E+00     0.0000E+00     0.0000E+00     0.0000E+00     0.0000E+00     0.0000E+00     0.0000E+00     0.0000E+00     0.0000E+00     0.0000E+00     0.0000E+00     0.0000E+00     0.0000E+00     0.9852E+03     0.1208E-07     0.0000E+00     0.0000E+00     0.0000E+00     0.0000E+00     0.0000E+00     0.0000E+00     0.0000E+00     0.0000E+00     0.0000E+00     0.0000E+00     0.1182E-07     0.1182E-07     0.0000E+00     0.0000E+00     0.0000E+00     0.4114E+00
   365    12    31  2014        48         0  hru048               0.3654E+01     0.1910E+04     0.8512E+03     0.2749E+03     0.1201E+03    -0.5314E-09     0.0000E+00     0.0000E+00     0.0000E+00     0.0000E+00     0.0000E+00     0.0000E+00     0.0000E+00     0.0000E+00     0.0000E+00     0.0000E+00    -0.5314E-09    -0.5314E-09     0.0000E+00     0.0000E+00     0.0000E+00     0.0000E+00     0.0000E+00     0.0000E+00     0.0000E+00     0.0000E+00     0.0000E+00     0.0000E+00     0.0000E+00     0.0000E+00     0.0000E+00     0.0000E+00     0.0000E+00     0.0000E+00     0.0000E+00     0.0000E+00     0.0000E+00     0.0000E+00     0.0000E+00     0.0000E+00     0.6166E+02     0.7400E-09     0.0000E+00     0.0000E+00     0.0000E+00     0.0000E+00     0.0000E+00     0.0000E+00     0.0000E+00     0.0000E+00     0.0000E+00     0.0000E+00     0.7400E-09     0.7400E-09     0.0000E+00     0.0000E+00     0.0000E+00     0.4115E+00
   365    12    31  2014        49         0  hru049               0.4171E+01     0.2181E+04     0.9713E+03     0.3137E+03     0.1371E+03    -0.6069E-09     0.0000E+00     0.0000E+00     0.0000E+00     0.0000E+00     0.0000E+00     0.0000E+00     0.0000E+00     0.0000E+00     0.0000E+00     0.0000E+00    -0.6069E-09    -0.6069E-09     0.0000E+00     0.0000E+00     0.0000E+00     0.0000E+00     0.0000E+00     0.0000E+00     0.0000E+00     0.0000E+00     0.0000E+00     0.0000E+00     0.0000E+00     0.0000E+00     0.0000E+00     0.0000E+00     0.0000E+00     0.0000E+00     0.0000E+00     0.0000E+00     0.0000E+00     0.0000E+00     0.0000E+00     0.0000E+00     0.7041E+02     0.8704E-09     0.0000E+00     0.0000E+00     0.0000E+00     0.0000E+00     0.0000E+00     0.0000E+00     0.0000E+00     0.0000E+00     0.0000E+00     0.0000E+00     0.8450E-09     0.8450E-09     0.0000E+00     0.0000E+00     0.0000E+00     0.4114E+00
   365    12    31  2014        50         0  hru050               0.5978E+01     0.3126E+04     0.1392E+04     0.4497E+03     0.1965E+03    -0.8700E-09     0.0000E+00     0.0000E+00     0.0000E+00     0.0000E+00     0.0000E+00     0.0000E+00     0.0000E+00     0.0000E+00     0.0000E+00     0.0000E+00    -0.8700E-09    -0.8700E-09     0.0000E+00     0.0000E+00     0.0000E+00     0.0000E+00     0.0000E+00     0.0000E+00     0.0000E+00     0.0000E+00     0.0000E+00     0.0000E+00     0.0000E+00     0.0000E+00     0.0000E+00     0.0000E+00     0.0000E+00     0.0000E+00     0.0000E+00     0.0000E+00     0.0000E+00     0.0000E+00     0.0000E+00     0.0000E+00     0.1009E+03     0.1618E-08     0.0000E+00     0.0000E+00     0.0000E+00     0.0000E+00     0.0000E+00     0.0000E+00     0.0000E+00     0.0000E+00     0.0000E+00     0.0000E+00     0.1211E-08     0.1211E-08     0.0000E+00     0.0000E+00     0.0000E+00     0.4114E+00
   365    12    31  2014        51         0  hru051               0.9046E+01     0.4730E+04     0.2107E+04     0.6805E+03     0.2974E+03    -0.1316E-08     0.0000E+00     0.0000E+00     0.0000E+00     0.0000E+00     0.0000E+00     0.0000E+00     0.0000E+00     0.0000E+00     0.0000E+00     0.0000E+00    -0.1316E-08    -0.1316E-08     0.0000E+00     0.0000E+00     0.0000E+00     0.0000E+00     0.0000E+00     0.0000E+00     0.0000E+00     0.0000E+00     0.0000E+00     0.0000E+00     0.0000E+00     0.0000E+00     0.0000E+00     0.0000E+00     0.0000E+00     0.0000E+00     0.0000E+00     0.0000E+00     0.0000E+00     0.0000E+00     0.0000E+00     0.0000E+00     0.1527E+03     0.1833E-08     0.0000E+00     0.0000E+00     0.0000E+00     0.0000E+00     0.0000E+00     0.0000E+00     0.0000E+00     0.0000E+00     0.0000E+00     0.0000E+00     0.1833E-08     0.1833E-08     0.0000E+00     0.0000E+00     0.0000E+00     0.4114E+00
   365    12    31  2014        52         0  hru052               0.1317E+02     0.6885E+04     0.3063E+04     0.9905E+03     0.4328E+03    -0.1920E-08     0.0000E+00     0.0000E+00     0.0000E+00     0.0000E+00     0.0000E+00     0.0000E+00     0.0000E+00     0.0000E+00     0.0000E+00     0.0000E+00    -0.1920E-08    -0.1920E-08     0.0000E+00     0.0000E+00     0.0000E+00     0.0000E+00     0.0000E+00     0.0000E+00     0.0000E+00     0.0000E+00     0.0000E+00     0.0000E+00     0.0000E+00     0.0000E+00     0.0000E+00     0.0000E+00     0.0000E+00     0.0000E+00     0.0000E+00     0.0000E+00     0.0000E+00     0.0000E+00     0.0000E+00     0.0000E+00     0.2226E+03     0.2672E-08     0.0000E+00     0.0000E+00     0.0000E+00     0.0000E+00     0.0000E+00     0.0000E+00     0.0000E+00     0.0000E+00     0.0000E+00     0.0000E+00     0.2672E-08     0.2672E-08     0.0000E+00     0.0000E+00     0.0000E+00     0.4109E+00
   365    12    31  2014        53         0  hru053               0.2938E+02     0.1527E+05     0.5141E+04     0.2205E+04     0.9574E+03    -0.6124E-08     0.0000E+00     0.0000E+00     0.0000E+00     0.0000E+00     0.0000E+00     0.0000E+00     0.0000E+00     0.0000E+00     0.0000E+00     0.0000E+00    -0.6124E-08    -0.6124E-08     0.0000E+00     0.0000E+00     0.0000E+00     0.0000E+00     0.0000E+00     0.0000E+00     0.0000E+00     0.0000E+00     0.0000E+00     0.0000E+00     0.0000E+00     0.0000E+00     0.0000E+00     0.0000E+00     0.0000E+00     0.0000E+00     0.0000E+00     0.0000E+00     0.0000E+00     0.0000E+00     0.0000E+00     0.0000E+00     0.6302E+03     0.7562E-08     0.0000E+00     0.0000E+00     0.0000E+00     0.0000E+00     0.0000E+00     0.0000E+00     0.0000E+00     0.0000E+00     0.0000E+00     0.0000E+00     0.7562E-08     0.7562E-08     0.0000E+00     0.0000E+00     0.0000E+00     0.3302E+00
   365    12    31  2014        54         0  hru054               0.6927E+01     0.3622E+04     0.1613E+04     0.5211E+03     0.2277E+03    -0.1008E-08     0.0000E+00     0.0000E+00     0.0000E+00     0.0000E+00     0.0000E+00     0.0000E+00     0.0000E+00     0.0000E+00     0.0000E+00     0.0000E+00    -0.1008E-08    -0.1008E-08     0.0000E+00     0.0000E+00     0.0000E+00     0.0000E+00     0.0000E+00     0.0000E+00     0.0000E+00     0.0000E+00     0.0000E+00     0.0000E+00     0.0000E+00     0.0000E+00     0.0000E+00     0.0000E+00     0.0000E+00     0.0000E+00     0.0000E+00     0.0000E+00     0.0000E+00     0.0000E+00     0.0000E+00     0.0000E+00     0.1170E+03     0.1403E-08     0.0000E+00     0.0000E+00     0.0000E+00     0.0000E+00     0.0000E+00     0.0000E+00     0.0000E+00     0.0000E+00     0.0000E+00     0.0000E+00     0.1403E-08     0.1403E-08     0.0000E+00     0.0000E+00     0.0000E+00     0.4114E+00
   365    12    31  2014       283         0  hru283               0.4244E+03     0.2219E+06     0.9867E+05     0.3193E+05     0.1391E+05    -0.5777E-07     0.1885E-08     0.5654E-08     0.7832E-02     0.1042E+00     0.3540E-01     0.0000E+00     0.0000E+00     0.0000E+00     0.0000E+00     0.4218E-05     0.6573E-06     0.6573E-06     0.4218E-05     0.4218E-05     0.0000E+00     0.0000E+00     0.0000E+00     0.0000E+00     0.0000E+00     0.0000E+00     0.0000E+00     0.0000E+00     0.0000E+00     0.0000E+00     0.0000E+00     0.0000E+00     0.0000E+00     0.0000E+00     0.0000E+00     0.0000E+00     0.0000E+00     0.0000E+00     0.0000E+00     0.0000E+00     0.7185E+04     0.9194E-07     0.1073E-07     0.3211E-07     0.3188E-01     0.9562E+00     0.2597E+00     0.0000E+00     0.0000E+00     0.0000E+00     0.0000E+00     0.0000E+00     0.5008E-05     0.5008E-05     0.0000E+00     0.0000E+00     0.0000E+00     0.4077E+00
   365    12    31  2014       284         0  hru284               0.3186E+02     0.1666E+05     0.7411E+04     0.2397E+04     0.1047E+04    -0.4645E-08     0.0000E+00     0.0000E+00     0.0000E+00     0.0000E+00     0.0000E+00     0.0000E+00     0.0000E+00     0.0000E+00     0.0000E+00     0.0000E+00    -0.4645E-08    -0.4645E-08     0.0000E+00     0.0000E+00     0.0000E+00     0.0000E+00     0.0000E+00     0.0000E+00     0.0000E+00     0.0000E+00     0.0000E+00     0.0000E+00     0.0000E+00     0.0000E+00     0.0000E+00     0.0000E+00     0.0000E+00     0.0000E+00     0.0000E+00     0.0000E+00     0.0000E+00     0.0000E+00     0.0000E+00     0.0000E+00     0.5387E+03     0.6464E-08     0.0000E+00     0.0000E+00     0.0000E+00     0.0000E+00     0.0000E+00     0.0000E+00     0.0000E+00     0.0000E+00     0.0000E+00     0.0000E+00     0.6464E-08     0.6464E-08     0.0000E+00     0.0000E+00     0.0000E+00     0.4109E+00
   365    12    31  2014       285         0  hru285               0.1271E+02     0.6648E+04     0.2954E+04     0.9564E+03     0.4167E+03    -0.1858E-08     0.0000E+00     0.0000E+00     0.0000E+00     0.0000E+00     0.0000E+00     0.0000E+00     0.0000E+00     0.0000E+00     0.0000E+00     0.0000E+00    -0.1858E-08    -0.1858E-08     0.0000E+00     0.0000E+00     0.0000E+00     0.0000E+00     0.0000E+00     0.0000E+00     0.0000E+00     0.0000E+00     0.0000E+00     0.0000E+00     0.0000E+00     0.0000E+00     0.0000E+00     0.0000E+00     0.0000E+00     0.0000E+00     0.0000E+00     0.0000E+00     0.0000E+00     0.0000E+00     0.0000E+00     0.0000E+00     0.2153E+03     0.2775E-08     0.0000E+00     0.0000E+00     0.0000E+00     0.0000E+00     0.0000E+00     0.0000E+00     0.0000E+00     0.0000E+00     0.0000E+00     0.0000E+00     0.2584E-08     0.2584E-08     0.0000E+00     0.0000E+00     0.0000E+00     0.4076E+00
   365    12    31  2014       286         0  hru286               0.7424E+01     0.3882E+04     0.1725E+04     0.5585E+03     0.2433E+03    -0.1085E-08     0.0000E+00     0.0000E+00     0.0000E+00     0.0000E+00     0.0000E+00     0.0000E+00     0.0000E+00     0.0000E+00     0.0000E+00     0.0000E+00    -0.1085E-08    -0.1085E-08     0.0000E+00     0.0000E+00     0.0000E+00     0.0000E+00     0.0000E+00     0.0000E+00     0.0000E+00     0.0000E+00     0.0000E+00     0.0000E+00     0.0000E+00     0.0000E+00     0.0000E+00     0.0000E+00     0.0000E+00     0.0000E+00     0.0000E+00     0.0000E+00     0.0000E+00     0.0000E+00     0.0000E+00     0.0000E+00     0.1257E+03     0.1644E-08     0.0000E+00     0.0000E+00     0.0000E+00     0.0000E+00     0.0000E+00     0.0000E+00     0.0000E+00     0.0000E+00     0.0000E+00     0.0000E+00     0.1509E-08     0.1509E-08     0.0000E+00     0.0000E+00     0.0000E+00     0.4076E+00
   365    12    31  2014       287         0  hru287               0.4361E+01     0.2280E+04     0.1016E+04     0.3280E+03     0.1433E+03    -0.6343E-09     0.0000E+00     0.0000E+00     0.0000E+00     0.0000E+00     0.0000E+00     0.0000E+00     0.0000E+00     0.0000E+00     0.0000E+00     0.0000E+00    -0.6343E-09    -0.6343E-09     0.0000E+00     0.0000E+00     0.0000E+00     0.0000E+00     0.0000E+00     0.0000E+00     0.0000E+00     0.0000E+00     0.0000E+00     0.0000E+00     0.0000E+00     0.0000E+00     0.0000E+00     0.0000E+00     0.0000E+00     0.0000E+00     0.0000E+00     0.0000E+00     0.0000E+00     0.0000E+00     0.0000E+00     0.0000E+00     0.7360E+02     0.1012E-08     0.0000E+00     0.0000E+00     0.0000E+00     0.0000E+00     0.0000E+00     0.0000E+00     0.0000E+00     0.0000E+00     0.0000E+00     0.0000E+00     0.8833E-09     0.8833E-09     0.0000E+00     0.0000E+00     0.0000E+00     0.4114E+00
   365    12    31  2015        43         0  hru043               0.8763E+01     0.5619E+04     0.2055E+04     0.6320E+03     0.1913E+03    -0.1451E-08     0.0000E+00     0.0000E+00     0.0000E+00     0.0000E+00     0.0000E+00     0.0000E+00     0.0000E+00     0.0000E+00     0.0000E+00     0.0000E+00    -0.1451E-08    -0.1451E-08     0.0000E+00     0.0000E+00     0.0000E+00     0.0000E+00     0.0000E+00     0.0000E+00     0.0000E+00     0.0000E+00     0.0000E+00     0.0000E+00     0.0000E+00     0.0000E+00     0.0000E+00     0.0000E+00     0.0000E+00     0.0000E+00     0.0000E+00     0.0000E+00     0.0000E+00     0.0000E+00     0.0000E+00     0.0000E+00     0.2549E+03     0.4380E-02     0.7778E-02     0.3854E-02     0.1643E-02     0.4480E-02     0.1672E-02     0.0000E+00     0.0000E+00     0.0000E+00     0.0000E+00     0.0000E+00     0.5301E-04     0.6308E-04     0.0000E+00     0.0000E+00     0.0000E+00     0.2090E+00
   365    12    31  2015        44         0  hru044               0.1385E+02     0.8859E+04     0.2499E+04     0.1008E+04     0.3370E+03     0.5521E+00     0.1116E+01     0.5952E+00     0.1430E-01     0.1863E-01     0.5581E-01     0.0000E+00     0.0000E+00     0.0000E+00     0.0000E+00     0.0000E+00     0.7025E-02     0.8404E-02     0.0000E+00     0.0000E+00     0.0000E+00     0.0000E+00     0.0000E+00     0.0000E+00     0.0000E+00     0.0000E+00     0.0000E+00     0.0000E+00     0.0000E+00     0.0000E+00     0.0000E+00     0.0000E+00     0.0000E+00     0.0000E+00     0.0000E+00     0.0000E+00     0.0000E+00     0.0000E+00     0.0000E+00     0.0000E+00     0.4788E+03     0.2158E+01     0.4485E+01     0.2330E+01     0.2333E+00     0.1263E+00     0.2662E+00     0.0000E+00     0.0000E+00     0.0000E+00     0.0000E+00     0.0000E+00     0.2920E-01     0.3488E-01     0.0000E+00     0.0000E+00     0.0000E+00     0.1911E+00
   365    12    31  2015        45         0  hru045               0.6857E+01     0.4397E+04     0.1606E+04     0.4946E+03     0.1497E+03    -0.1136E-08     0.0000E+00     0.0000E+00     0.0000E+00     0.0000E+00     0.0000E+00     0.0000E+00     0.0000E+00     0.0000E+00     0.0000E+00     0.0000E+00    -0.1136E-08    -0.1136E-08     0.0000E+00     0.0000E+00     0.0000E+00     0.0000E+00     0.0000E+00     0.0000E+00     0.0000E+00     0.0000E+00     0.0000E+00     0.0000E+00     0.0000E+00     0.0000E+00     0.0000E+00     0.0000E+00     0.0000E+00     0.0000E+00     0.0000E+00     0.0000E+00     0.0000E+00     0.0000E+00     0.0000E+00     0.0000E+00     0.1993E+03     0.2392E-08     0.0000E+00     0.0000E+00     0.0000E+00     0.0000E+00     0.0000E+00     0.0000E+00     0.0000E+00     0.0000E+00     0.0000E+00     0.0000E+00     0.2392E-08     0.2392E-08     0.0000E+00     0.0000E+00     0.0000E+00     0.2091E+00
   365    12    31  2015        46         0  hru046               0.3214E+02     0.2061E+05     0.7525E+04     0.2318E+04     0.7015E+03    -0.5323E-08     0.0000E+00     0.0000E+00     0.0000E+00     0.0000E+00     0.0000E+00     0.0000E+00     0.0000E+00     0.0000E+00     0.0000E+00     0.0000E+00    -0.5323E-08    -0.5323E-08     0.0000E+00     0.0000E+00     0.0000E+00     0.0000E+00     0.0000E+00     0.0000E+00     0.0000E+00     0.0000E+00     0.0000E+00     0.0000E+00     0.0000E+00     0.0000E+00     0.0000E+00     0.0000E+00     0.0000E+00     0.0000E+00     0.0000E+00     0.0000E+00     0.0000E+00     0.0000E+00     0.0000E+00     0.0000E+00     0.9342E+03     0.1338E-03     0.2291E-03     0.8272E-04     0.5430E-02     0.5044E-03     0.3101E-03     0.0000E+00     0.0000E+00     0.0000E+00     0.0000E+00     0.0000E+00     0.1803E-05     0.2111E-05     0.0000E+00     0.0000E+00     0.0000E+00     0.2090E+00
   365    12    31  2015        47         0  hru047               0.5851E+02     0.3752E+05     0.1382E+05     0.4216E+04     0.1277E+04    -0.9691E-08     0.0000E+00     0.0000E+00     0.0000E+00     0.0000E+00     0.0000E+00     0.0000E+00     0.0000E+00     0.0000E+00     0.0000E+00     0.0000E+00    -0.9691E-08    -0.9691E-08     0.0000E+00     0.0000E+00     0.0000E+00     0.0000E+00     0.0000E+00     0.0000E+00     0.0000E+00     0.0000E+00     0.0000E+00     0.0000E+00     0.0000E+00     0.0000E+00     0.0000E+00     0.0000E+00     0.0000E+00     0.0000E+00     0.0000E+00     0.0000E+00     0.0000E+00     0.0000E+00     0.0000E+00     0.0000E+00     0.1692E+04     0.2030E-07     0.0000E+00     0.0000E+00     0.0000E+00     0.0000E+00     0.0000E+00     0.0000E+00     0.0000E+00     0.0000E+00     0.0000E+00     0.0000E+00     0.2030E-07     0.2030E-07     0.0000E+00     0.0000E+00     0.0000E+00     0.2099E+00
   365    12    31  2015        48         0  hru048               0.3652E+01     0.2349E+04     0.8819E+03     0.2631E+03     0.7994E+02    -0.6066E-09     0.0000E+00     0.0000E+00     0.0000E+00     0.0000E+00     0.0000E+00     0.0000E+00     0.0000E+00     0.0000E+00     0.0000E+00     0.0000E+00    -0.6066E-09    -0.6066E-09     0.0000E+00     0.0000E+00     0.0000E+00     0.0000E+00     0.0000E+00     0.0000E+00     0.0000E+00     0.0000E+00     0.0000E+00     0.0000E+00     0.0000E+00     0.0000E+00     0.0000E+00     0.0000E+00     0.0000E+00     0.0000E+00     0.0000E+00     0.0000E+00     0.0000E+00     0.0000E+00     0.0000E+00     0.0000E+00     0.1046E+03     0.1255E-08     0.0000E+00     0.0000E+00     0.0000E+00     0.0000E+00     0.0000E+00     0.0000E+00     0.0000E+00     0.0000E+00     0.0000E+00     0.0000E+00     0.1255E-08     0.1255E-08     0.0000E+00     0.0000E+00     0.0000E+00     0.2121E+00
   365    12    31  2015        49         0  hru049               0.4181E+01     0.2681E+04     0.9927E+03     0.3012E+03     0.9125E+02    -0.6924E-09     0.0000E+00     0.0000E+00     0.0000E+00     0.0000E+00     0.0000E+00     0.0000E+00     0.0000E+00     0.0000E+00     0.0000E+00     0.0000E+00    -0.6924E-09    -0.6924E-09     0.0000E+00     0.0000E+00     0.0000E+00     0.0000E+00     0.0000E+00     0.0000E+00     0.0000E+00     0.0000E+00     0.0000E+00     0.0000E+00     0.0000E+00     0.0000E+00     0.0000E+00     0.0000E+00     0.0000E+00     0.0000E+00     0.0000E+00     0.0000E+00     0.0000E+00     0.0000E+00     0.0000E+00     0.0000E+00     0.1204E+03     0.1445E-08     0.0000E+00     0.0000E+00     0.0000E+00     0.0000E+00     0.0000E+00     0.0000E+00     0.0000E+00     0.0000E+00     0.0000E+00     0.0000E+00     0.1445E-08     0.1445E-08     0.0000E+00     0.0000E+00     0.0000E+00     0.2106E+00
   365    12    31  2015        50         0  hru050               0.5993E+01     0.3843E+04     0.1423E+04     0.4318E+03     0.1308E+03    -0.9926E-09     0.0000E+00     0.0000E+00     0.0000E+00     0.0000E+00     0.0000E+00     0.0000E+00     0.0000E+00     0.0000E+00     0.0000E+00     0.0000E+00    -0.9926E-09    -0.9926E-09     0.0000E+00     0.0000E+00     0.0000E+00     0.0000E+00     0.0000E+00     0.0000E+00     0.0000E+00     0.0000E+00     0.0000E+00     0.0000E+00     0.0000E+00     0.0000E+00     0.0000E+00     0.0000E+00     0.0000E+00     0.0000E+00     0.0000E+00     0.0000E+00     0.0000E+00     0.0000E+00     0.0000E+00     0.0000E+00     0.1726E+03     0.2072E-08     0.0000E+00     0.0000E+00     0.0000E+00     0.0000E+00     0.0000E+00     0.0000E+00     0.0000E+00     0.0000E+00     0.0000E+00     0.0000E+00     0.2072E-08     0.2072E-08     0.0000E+00     0.0000E+00     0.0000E+00     0.2106E+00
   365    12    31  2015        51         0  hru051               0.9068E+01     0.5815E+04     0.2153E+04     0.6534E+03     0.1980E+03    -0.1502E-08     0.0000E+00     0.0000E+00     0.0000E+00     0.0000E+00     0.0000E+00     0.0000E+00     0.0000E+00     0.0000E+00     0.0000E+00     0.0000E+00    -0.1502E-08    -0.1502E-08     0.0000E+00     0.0000E+00     0.0000E+00     0.0000E+00     0.0000E+00     0.0000E+00     0.0000E+00     0.0000E+00     0.0000E+00     0.0000E+00     0.0000E+00     0.0000E+00     0.0000E+00     0.0000E+00     0.0000E+00     0.0000E+00     0.0000E+00     0.0000E+00     0.0000E+00     0.0000E+00     0.0000E+00     0.0000E+00     0.2612E+03     0.3135E-08     0.0000E+00     0.0000E+00     0.0000E+00     0.0000E+00     0.0000E+00     0.0000E+00     0.0000E+00     0.0000E+00     0.0000E+00     0.0000E+00     0.3135E-08     0.3135E-08     0.0000E+00     0.0000E+00     0.0000E+00     0.2106E+00
   365    12    31  2015        52         0  hru052               0.1320E+02     0.8463E+04     0.3132E+04     0.9510E+03     0.2881E+03    -0.2186E-08     0.0000E+00     0.0000E+00     0.0000E+00     0.0000E+00     0.0000E+00     0.0000E+00     0.0000E+00     0.0000E+00     0.0000E+00     0.0000E+00    -0.2186E-08    -0.2186E-08     0.0000E+00     0.0000E+00     0.0000E+00     0.0000E+00     0.0000E+00     0.0000E+00     0.0000E+00     0.0000E+00     0.0000E+00     0.0000E+00     0.0000E+00     0.0000E+00     0.0000E+00     0.0000E+00     0.0000E+00     0.0000E+00     0.0000E+00     0.0000E+00     0.0000E+00     0.0000E+00     0.0000E+00     0.0000E+00     0.3803E+03     0.4564E-08     0.0000E+00     0.0000E+00     0.0000E+00     0.0000E+00     0.0000E+00     0.0000E+00     0.0000E+00     0.0000E+00     0.0000E+00     0.0000E+00     0.4564E-08     0.4564E-08     0.0000E+00     0.0000E+00     0.0000E+00     0.2106E+00
   365    12    31  2015        53         0  hru053               0.2928E+02     0.1878E+05     0.6648E+04     0.2118E+04     0.6391E+03    -0.4849E-08     0.0000E+00     0.0000E+00     0.0000E+00     0.0000E+00     0.0000E+00     0.0000E+00     0.0000E+00     0.0000E+00     0.0000E+00     0.0000E+00    -0.4849E-08    -0.4849E-08     0.0000E+00     0.0000E+00     0.0000E+00     0.0000E+00     0.0000E+00     0.0000E+00     0.0000E+00     0.0000E+00     0.0000E+00     0.0000E+00     0.0000E+00     0.0000E+00     0.0000E+00     0.0000E+00     0.0000E+00     0.0000E+00     0.0000E+00     0.0000E+00     0.0000E+00     0.0000E+00     0.0000E+00     0.0000E+00     0.8679E+03     0.1041E-07     0.0000E+00     0.0000E+00     0.0000E+00     0.0000E+00     0.0000E+00     0.0000E+00     0.0000E+00     0.0000E+00     0.0000E+00     0.0000E+00     0.1041E-07     0.1041E-07     0.0000E+00     0.0000E+00     0.0000E+00     0.2058E+00
   365    12    31  2015        54         0  hru054               0.6944E+01     0.4453E+04     0.1649E+04     0.5003E+03     0.1516E+03    -0.1150E-08     0.0000E+00     0.0000E+00     0.0000E+00     0.0000E+00     0.0000E+00     0.0000E+00     0.0000E+00     0.0000E+00     0.0000E+00     0.0000E+00    -0.1150E-08    -0.1150E-08     0.0000E+00     0.0000E+00     0.0000E+00     0.0000E+00     0.0000E+00     0.0000E+00     0.0000E+00     0.0000E+00     0.0000E+00     0.0000E+00     0.0000E+00     0.0000E+00     0.0000E+00     0.0000E+00     0.0000E+00     0.0000E+00     0.0000E+00     0.0000E+00     0.0000E+00     0.0000E+00     0.0000E+00     0.0000E+00     0.2000E+03     0.2400E-08     0.0000E+00     0.0000E+00     0.0000E+00     0.0000E+00     0.0000E+00     0.0000E+00     0.0000E+00     0.0000E+00     0.0000E+00     0.0000E+00     0.2400E-08     0.2400E-08     0.0000E+00     0.0000E+00     0.0000E+00     0.2106E+00
   365    12    31  2015       283         0  hru283               0.4255E+03     0.2728E+06     0.1003E+06     0.3069E+05     0.9293E+04    -0.6584E-07     0.1960E-08     0.5863E-08     0.1012E-01     0.3575E+00     0.8203E-01     0.0000E+00     0.0000E+00     0.0000E+00     0.0000E+00     0.4632E-05     0.6607E-06     0.6607E-06     0.4632E-05     0.4632E-05     0.0000E+00     0.0000E+00     0.0000E+00     0.0000E+00     0.0000E+00     0.0000E+00     0.0000E+00     0.0000E+00     0.0000E+00     0.0000E+00     0.0000E+00     0.0000E+00     0.0000E+00     0.0000E+00     0.0000E+00     0.0000E+00     0.0000E+00     0.0000E+00     0.0000E+00     0.0000E+00     0.1231E+05     0.1477E-06     0.2253E-07     0.6723E-07     0.7145E-01     0.2174E+01     0.5683E+00     0.0000E+00     0.0000E+00     0.0000E+00     0.0000E+00     0.0000E+00     0.9483E-05     0.9483E-05     0.0000E+00     0.0000E+00     0.0000E+00     0.2099E+00
   365    12    31  2015       284         0  hru284               0.3194E+02     0.2048E+05     0.7472E+04     0.2301E+04     0.6971E+03    -0.5289E-08     0.0000E+00     0.0000E+00     0.0000E+00     0.0000E+00     0.0000E+00     0.0000E+00     0.0000E+00     0.0000E+00     0.0000E+00     0.0000E+00    -0.5289E-08    -0.5289E-08     0.0000E+00     0.0000E+00     0.0000E+00     0.0000E+00     0.0000E+00     0.0000E+00     0.0000E+00     0.0000E+00     0.0000E+00     0.0000E+00     0.0000E+00     0.0000E+00     0.0000E+00     0.0000E+00     0.0000E+00     0.0000E+00     0.0000E+00     0.0000E+00     0.0000E+00     0.0000E+00     0.0000E+00     0.0000E+00     0.9293E+03     0.1115E-07     0.0000E+00     0.0000E+00     0.0000E+00     0.0000E+00     0.0000E+00     0.0000E+00     0.0000E+00     0.0000E+00     0.0000E+00     0.0000E+00     0.1115E-07     0.1115E-07     0.0000E+00     0.0000E+00     0.0000E+00     0.2089E+00
   365    12    31  2015       285         0  hru285               0.1274E+02     0.8172E+04     0.2984E+04     0.9192E+03     0.2782E+03    -0.2111E-08     0.0000E+00     0.0000E+00     0.0000E+00     0.0000E+00     0.0000E+00     0.0000E+00     0.0000E+00     0.0000E+00     0.0000E+00     0.0000E+00    -0.2111E-08    -0.2111E-08     0.0000E+00     0.0000E+00     0.0000E+00     0.0000E+00     0.0000E+00     0.0000E+00     0.0000E+00     0.0000E+00     0.0000E+00     0.0000E+00     0.0000E+00     0.0000E+00     0.0000E+00     0.0000E+00     0.0000E+00     0.0000E+00     0.0000E+00     0.0000E+00     0.0000E+00     0.0000E+00     0.0000E+00     0.0000E+00     0.3704E+03     0.4445E-08     0.0000E+00     0.0000E+00     0.0000E+00     0.0000E+00     0.0000E+00     0.0000E+00     0.0000E+00     0.0000E+00     0.0000E+00     0.0000E+00     0.4445E-08     0.4445E-08     0.0000E+00     0.0000E+00     0.0000E+00     0.2091E+00
   365    12    31  2015       286         0  hru286               0.7442E+01     0.4772E+04     0.1742E+04     0.5367E+03     0.1625E+03    -0.1233E-08     0.0000E+00     0.0000E+00     0.0000E+00     0.0000E+00     0.0000E+00     0.0000E+00     0.0000E+00     0.0000E+00     0.0000E+00     0.0000E+00    -0.1233E-08    -0.1233E-08     0.0000E+00     0.0000E+00     0.0000E+00     0.0000E+00     0.0000E+00     0.0000E+00     0.0000E+00     0.0000E+00     0.0000E+00     0.0000E+00     0.0000E+00     0.0000E+00     0.0000E+00     0.0000E+00     0.0000E+00     0.0000E+00     0.0000E+00     0.0000E+00     0.0000E+00     0.0000E+00     0.0000E+00     0.0000E+00     0.2163E+03     0.2596E-08     0.0000E+00     0.0000E+00     0.0000E+00     0.0000E+00     0.0000E+00     0.0000E+00     0.0000E+00     0.0000E+00     0.0000E+00     0.0000E+00     0.2596E-08     0.2596E-08     0.0000E+00     0.0000E+00     0.0000E+00     0.2091E+00
   365    12    31  2015       287         0  hru287               0.4371E+01     0.2803E+04     0.1032E+04     0.3150E+03     0.9541E+02    -0.7240E-09     0.0000E+00     0.0000E+00     0.0000E+00     0.0000E+00     0.0000E+00     0.0000E+00     0.0000E+00     0.0000E+00     0.0000E+00     0.0000E+00    -0.7240E-09    -0.7240E-09     0.0000E+00     0.0000E+00     0.0000E+00     0.0000E+00     0.0000E+00     0.0000E+00     0.0000E+00     0.0000E+00     0.0000E+00     0.0000E+00     0.0000E+00     0.0000E+00     0.0000E+00     0.0000E+00     0.0000E+00     0.0000E+00     0.0000E+00     0.0000E+00     0.0000E+00     0.0000E+00     0.0000E+00     0.0000E+00     0.1264E+03     0.1517E-08     0.0000E+00     0.0000E+00     0.0000E+00     0.0000E+00     0.0000E+00     0.0000E+00     0.0000E+00     0.0000E+00     0.0000E+00     0.0000E+00     0.1517E-08     0.1517E-08     0.0000E+00     0.0000E+00     0.0000E+00     0.2100E+00
   366    12    31  2016        43         0  hru043               0.8541E+01     0.6387E+04     0.1856E+04     0.6357E+03     0.1465E+03    -0.1366E-08     0.0000E+00     0.0000E+00     0.0000E+00     0.0000E+00     0.0000E+00     0.0000E+00     0.0000E+00     0.0000E+00     0.0000E+00     0.0000E+00    -0.1366E-08    -0.1366E-08     0.0000E+00     0.0000E+00     0.0000E+00     0.0000E+00     0.0000E+00     0.0000E+00     0.0000E+00     0.0000E+00     0.0000E+00     0.0000E+00     0.0000E+00     0.0000E+00     0.0000E+00     0.0000E+00     0.0000E+00     0.0000E+00     0.0000E+00     0.0000E+00     0.0000E+00     0.0000E+00     0.0000E+00     0.0000E+00     0.3350E+03     0.1145E+00     0.4705E+00     0.2651E+00     0.2493E-01     0.1227E+00     0.5213E-01     0.0000E+00     0.0000E+00     0.0000E+00     0.0000E+00     0.0000E+00     0.1344E-02     0.1607E-02     0.0000E+00     0.0000E+00     0.0000E+00     0.1553E+00
   366    12    31  2016        44         0  hru044               0.1366E+02     0.1007E+05     0.2224E+04     0.1019E+04     0.2214E+03     0.2629E+00     0.5070E+00     0.2693E+00     0.9287E-02     0.9184E-02     0.2767E-01     0.0000E+00     0.0000E+00     0.0000E+00     0.0000E+00     0.0000E+00     0.3756E-02     0.4493E-02     0.0000E+00     0.0000E+00     0.0000E+00     0.0000E+00     0.0000E+00     0.0000E+00     0.0000E+00     0.0000E+00     0.0000E+00     0.0000E+00     0.0000E+00     0.0000E+00     0.0000E+00     0.0000E+00     0.0000E+00     0.0000E+00     0.0000E+00     0.0000E+00     0.0000E+00     0.0000E+00     0.0000E+00     0.0000E+00     0.6321E+03     0.1128E+02     0.1713E+02     0.8969E+01     0.7459E+00     0.3119E+00     0.8373E+00     0.0000E+00     0.0000E+00     0.0000E+00     0.0000E+00     0.0000E+00     0.1354E+00     0.1619E+00     0.0000E+00     0.0000E+00     0.0000E+00     0.1670E+00
   366    12    31  2016        45         0  hru045               0.6683E+01     0.4998E+04     0.1453E+04     0.4975E+03     0.1146E+03    -0.1069E-08     0.0000E+00     0.0000E+00     0.0000E+00     0.0000E+00     0.0000E+00     0.0000E+00     0.0000E+00     0.0000E+00     0.0000E+00     0.0000E+00    -0.1069E-08    -0.1069E-08     0.0000E+00     0.0000E+00     0.0000E+00     0.0000E+00     0.0000E+00     0.0000E+00     0.0000E+00     0.0000E+00     0.0000E+00     0.0000E+00     0.0000E+00     0.0000E+00     0.0000E+00     0.0000E+00     0.0000E+00     0.0000E+00     0.0000E+00     0.0000E+00     0.0000E+00     0.0000E+00     0.0000E+00     0.0000E+00     0.2603E+03     0.3124E-08     0.0000E+00     0.0000E+00     0.0000E+00     0.0000E+00     0.0000E+00     0.0000E+00     0.0000E+00     0.0000E+00     0.0000E+00     0.0000E+00     0.3124E-08     0.3124E-08     0.0000E+00     0.0000E+00     0.0000E+00     0.1564E+00
   366    12    31  2016        46         0  hru046               0.3132E+02     0.2343E+05     0.6808E+04     0.2332E+04     0.5372E+03    -0.5010E-08     0.0000E+00     0.0000E+00     0.0000E+00     0.0000E+00     0.0000E+00     0.0000E+00     0.0000E+00     0.0000E+00     0.0000E+00     0.0000E+00    -0.5010E-08    -0.5010E-08     0.0000E+00     0.0000E+00     0.0000E+00     0.0000E+00     0.0000E+00     0.0000E+00     0.0000E+00     0.0000E+00     0.0000E+00     0.0000E+00     0.0000E+00     0.0000E+00     0.0000E+00     0.0000E+00     0.0000E+00     0.0000E+00     0.0000E+00     0.0000E+00     0.0000E+00     0.0000E+00     0.0000E+00     0.0000E+00     0.1221E+04     0.5936E-02     0.2987E-01     0.1087E-01     0.1002E-01     0.2527E-01     0.1170E-01     0.0000E+00     0.0000E+00     0.0000E+00     0.0000E+00     0.0000E+00     0.7108E-04     0.8473E-04     0.0000E+00     0.0000E+00     0.0000E+00     0.1563E+00
   366    12    31  2016        47         0  hru047               0.5703E+02     0.4265E+05     0.1238E+05     0.4245E+04     0.9779E+03    -0.9120E-08     0.0000E+00     0.0000E+00     0.0000E+00     0.0000E+00     0.0000E+00     0.0000E+00     0.0000E+00     0.0000E+00     0.0000E+00     0.0000E+00    -0.9120E-08    -0.9120E-08     0.0000E+00     0.0000E+00     0.0000E+00     0.0000E+00     0.0000E+00     0.0000E+00     0.0000E+00     0.0000E+00     0.0000E+00     0.0000E+00     0.0000E+00     0.0000E+00     0.0000E+00     0.0000E+00     0.0000E+00     0.0000E+00     0.0000E+00     0.0000E+00     0.0000E+00     0.0000E+00     0.0000E+00     0.0000E+00     0.2222E+04     0.2667E-07     0.0000E+00     0.0000E+00     0.0000E+00     0.0000E+00     0.0000E+00     0.0000E+00     0.0000E+00     0.0000E+00     0.0000E+00     0.0000E+00     0.2667E-07     0.2667E-07     0.0000E+00     0.0000E+00     0.0000E+00     0.1563E+00
   366    12    31  2016        48         0  hru048               0.3570E+01     0.2670E+04     0.7833E+03     0.2657E+03     0.6121E+02    -0.5709E-09     0.0000E+00     0.0000E+00     0.0000E+00     0.0000E+00     0.0000E+00     0.0000E+00     0.0000E+00     0.0000E+00     0.0000E+00     0.0000E+00    -0.5709E-09    -0.5709E-09     0.0000E+00     0.0000E+00     0.0000E+00     0.0000E+00     0.0000E+00     0.0000E+00     0.0000E+00     0.0000E+00     0.0000E+00     0.0000E+00     0.0000E+00     0.0000E+00     0.0000E+00     0.0000E+00     0.0000E+00     0.0000E+00     0.0000E+00     0.0000E+00     0.0000E+00     0.0000E+00     0.0000E+00     0.0000E+00     0.1384E+03     0.1661E-08     0.0000E+00     0.0000E+00     0.0000E+00     0.0000E+00     0.0000E+00     0.0000E+00     0.0000E+00     0.0000E+00     0.0000E+00     0.0000E+00     0.1661E-08     0.1661E-08     0.0000E+00     0.0000E+00     0.0000E+00     0.1571E+00
   366    12    31  2016        49         0  hru049               0.4075E+01     0.3047E+04     0.8947E+03     0.3033E+03     0.6988E+02    -0.6517E-09     0.0000E+00     0.0000E+00     0.0000E+00     0.0000E+00     0.0000E+00     0.0000E+00     0.0000E+00     0.0000E+00     0.0000E+00     0.0000E+00    -0.6517E-09    -0.6517E-09     0.0000E+00     0.0000E+00     0.0000E+00     0.0000E+00     0.0000E+00     0.0000E+00     0.0000E+00     0.0000E+00     0.0000E+00     0.0000E+00     0.0000E+00     0.0000E+00     0.0000E+00     0.0000E+00     0.0000E+00     0.0000E+00     0.0000E+00     0.0000E+00     0.0000E+00     0.0000E+00     0.0000E+00     0.0000E+00     0.1580E+03     0.1896E-08     0.0000E+00     0.0000E+00     0.0000E+00     0.0000E+00     0.0000E+00     0.0000E+00     0.0000E+00     0.0000E+00     0.0000E+00     0.0000E+00     0.1896E-08     0.1896E-08     0.0000E+00     0.0000E+00     0.0000E+00     0.1571E+00
   366    12    31  2016        50         0  hru050               0.5841E+01     0.4368E+04     0.1283E+04     0.4348E+03     0.1002E+03    -0.9342E-09     0.0000E+00     0.0000E+00     0.0000E+00     0.0000E+00     0.0000E+00     0.0000E+00     0.0000E+00     0.0000E+00     0.0000E+00     0.0000E+00    -0.9342E-09    -0.9342E-09     0.0000E+00     0.0000E+00     0.0000E+00     0.0000E+00     0.0000E+00     0.0000E+00     0.0000E+00     0.0000E+00     0.0000E+00     0.0000E+00     0.0000E+00     0.0000E+00     0.0000E+00     0.0000E+00     0.0000E+00     0.0000E+00     0.0000E+00     0.0000E+00     0.0000E+00     0.0000E+00     0.0000E+00     0.0000E+00     0.2264E+03     0.2717E-08     0.0000E+00     0.0000E+00     0.0000E+00     0.0000E+00     0.0000E+00     0.0000E+00     0.0000E+00     0.0000E+00     0.0000E+00     0.0000E+00     0.2717E-08     0.2717E-08     0.0000E+00     0.0000E+00     0.0000E+00     0.1571E+00
   366    12    31  2016        51         0  hru051               0.8839E+01     0.6610E+04     0.1941E+04     0.6579E+03     0.1516E+03    -0.1414E-08     0.0000E+00     0.0000E+00     0.0000E+00     0.0000E+00     0.0000E+00     0.0000E+00     0.0000E+00     0.0000E+00     0.0000E+00     0.0000E+00    -0.1414E-08    -0.1414E-08     0.0000E+00     0.0000E+00     0.0000E+00     0.0000E+00     0.0000E+00     0.0000E+00     0.0000E+00     0.0000E+00     0.0000E+00     0.0000E+00     0.0000E+00     0.0000E+00     0.0000E+00     0.0000E+00     0.0000E+00     0.0000E+00     0.0000E+00     0.0000E+00     0.0000E+00     0.0000E+00     0.0000E+00     0.0000E+00     0.3426E+03     0.4112E-08     0.0000E+00     0.0000E+00     0.0000E+00     0.0000E+00     0.0000E+00     0.0000E+00     0.0000E+00     0.0000E+00     0.0000E+00     0.0000E+00     0.4112E-08     0.4112E-08     0.0000E+00     0.0000E+00     0.0000E+00     0.1571E+00
   366    12    31  2016        52         0  hru052               0.1286E+02     0.9620E+04     0.2822E+04     0.9575E+03     0.2206E+03    -0.2057E-08     0.0000E+00     0.0000E+00     0.0000E+00     0.0000E+00     0.0000E+00     0.0000E+00     0.0000E+00     0.0000E+00     0.0000E+00     0.0000E+00    -0.2057E-08    -0.2057E-08     0.0000E+00     0.0000E+00     0.0000E+00     0.0000E+00     0.0000E+00     0.0000E+00     0.0000E+00     0.0000E+00     0.0000E+00     0.0000E+00     0.0000E+00     0.0000E+00     0.0000E+00     0.0000E+00     0.0000E+00     0.0000E+00     0.0000E+00     0.0000E+00     0.0000E+00     0.0000E+00     0.0000E+00     0.0000E+00     0.4989E+03     0.5987E-08     0.0000E+00     0.0000E+00     0.0000E+00     0.0000E+00     0.0000E+00     0.0000E+00     0.0000E+00     0.0000E+00     0.0000E+00     0.0000E+00     0.5987E-08     0.5987E-08     0.0000E+00     0.0000E+00     0.0000E+00     0.1571E+00
   366    12    31  2016        53         0  hru053               0.2896E+02     0.2134E+05     0.4807E+04     0.2161E+04     0.4894E+03    -0.4564E-08     0.0000E+00     0.0000E+00     0.0000E+00     0.0000E+00     0.0000E+00     0.0000E+00     0.0000E+00     0.0000E+00     0.0000E+00     0.0000E+00    -0.4564E-08    -0.4564E-08     0.0000E+00     0.0000E+00     0.0000E+00     0.0000E+00     0.0000E+00     0.0000E+00     0.0000E+00     0.0000E+00     0.0000E+00     0.0000E+00     0.0000E+00     0.0000E+00     0.0000E+00     0.0000E+00     0.0000E+00     0.0000E+00     0.0000E+00     0.0000E+00     0.0000E+00     0.0000E+00     0.0000E+00     0.0000E+00     0.1224E+04     0.1469E-07     0.0000E+00     0.0000E+00     0.0000E+00     0.0000E+00     0.0000E+00     0.0000E+00     0.0000E+00     0.0000E+00     0.0000E+00     0.0000E+00     0.1469E-07     0.1469E-07     0.0000E+00     0.0000E+00     0.0000E+00     0.1420E+00
   366    12    31  2016        54         0  hru054               0.6768E+01     0.5061E+04     0.1486E+04     0.5038E+03     0.1161E+03    -0.1082E-08     0.0000E+00     0.0000E+00     0.0000E+00     0.0000E+00     0.0000E+00     0.0000E+00     0.0000E+00     0.0000E+00     0.0000E+00     0.0000E+00    -0.1082E-08    -0.1082E-08     0.0000E+00     0.0000E+00     0.0000E+00     0.0000E+00     0.0000E+00     0.0000E+00     0.0000E+00     0.0000E+00     0.0000E+00     0.0000E+00     0.0000E+00     0.0000E+00     0.0000E+00     0.0000E+00     0.0000E+00     0.0000E+00     0.0000E+00     0.0000E+00     0.0000E+00     0.0000E+00     0.0000E+00     0.0000E+00     0.2624E+03     0.3148E-08     0.0000E+00     0.0000E+00     0.0000E+00     0.0000E+00     0.0000E+00     0.0000E+00     0.0000E+00     0.0000E+00     0.0000E+00     0.0000E+00     0.3148E-08     0.3148E-08     0.0000E+00     0.0000E+00     0.0000E+00     0.1571E+00
   366    12    31  2016       283         0  hru283               0.4147E+03     0.3101E+06     0.8986E+05     0.3087E+05     0.7111E+04    -0.6111E-07     0.1906E-08     0.5609E-08     0.5885E-02     0.5265E+00     0.1033E+00     0.0000E+00     0.0000E+00     0.0000E+00     0.0000E+00     0.5210E-05     0.6613E-06     0.6613E-06     0.5210E-05     0.5210E-05     0.0000E+00     0.0000E+00     0.0000E+00     0.0000E+00     0.0000E+00     0.0000E+00     0.0000E+00     0.0000E+00     0.0000E+00     0.0000E+00     0.0000E+00     0.0000E+00     0.0000E+00     0.0000E+00     0.0000E+00     0.0000E+00     0.0000E+00     0.0000E+00     0.0000E+00     0.0000E+00     0.1618E+05     0.2526E-02     0.2548E-01     0.8513E-02     0.7678E-01     0.4899E+01     0.1126E+01     0.0000E+00     0.0000E+00     0.0000E+00     0.0000E+00     0.0000E+00     0.1603E-03     0.1789E-03     0.0000E+00     0.0000E+00     0.0000E+00     0.1561E+00
   366    12    31  2016       284         0  hru284               0.3113E+02     0.2328E+05     0.6763E+04     0.2317E+04     0.5338E+03    -0.4978E-08     0.0000E+00     0.0000E+00     0.0000E+00     0.0000E+00     0.0000E+00     0.0000E+00     0.0000E+00     0.0000E+00     0.0000E+00     0.0000E+00    -0.4978E-08    -0.4978E-08     0.0000E+00     0.0000E+00     0.0000E+00     0.0000E+00     0.0000E+00     0.0000E+00     0.0000E+00     0.0000E+00     0.0000E+00     0.0000E+00     0.0000E+00     0.0000E+00     0.0000E+00     0.0000E+00     0.0000E+00     0.0000E+00     0.0000E+00     0.0000E+00     0.0000E+00     0.0000E+00     0.0000E+00     0.0000E+00     0.1213E+04     0.1455E-07     0.0000E+00     0.0000E+00     0.0000E+00     0.0000E+00     0.0000E+00     0.0000E+00     0.0000E+00     0.0000E+00     0.0000E+00     0.0000E+00     0.1455E-07     0.1455E-07     0.0000E+00     0.0000E+00     0.0000E+00     0.1563E+00
   366    12    31  2016       285         0  hru285               0.1242E+02     0.9290E+04     0.2700E+04     0.9246E+03     0.2130E+03    -0.1987E-08     0.0000E+00     0.0000E+00     0.0000E+00     0.0000E+00     0.0000E+00     0.0000E+00     0.0000E+00     0.0000E+00     0.0000E+00     0.0000E+00    -0.1987E-08    -0.1987E-08     0.0000E+00     0.0000E+00     0.0000E+00     0.0000E+00     0.0000E+00     0.0000E+00     0.0000E+00     0.0000E+00     0.0000E+00     0.0000E+00     0.0000E+00     0.0000E+00     0.0000E+00     0.0000E+00     0.0000E+00     0.0000E+00     0.0000E+00     0.0000E+00     0.0000E+00     0.0000E+00     0.0000E+00     0.0000E+00     0.4838E+03     0.5806E-08     0.0000E+00     0.0000E+00     0.0000E+00     0.0000E+00     0.0000E+00     0.0000E+00     0.0000E+00     0.0000E+00     0.0000E+00     0.0000E+00     0.5806E-08     0.5806E-08     0.0000E+00     0.0000E+00     0.0000E+00     0.1564E+00
   366    12    31  2016       286         0  hru286               0.7253E+01     0.5424E+04     0.1577E+04     0.5399E+03     0.1244E+03    -0.1160E-08     0.0000E+00     0.0000E+00     0.0000E+00     0.0000E+00     0.0000E+00     0.0000E+00     0.0000E+00     0.0000E+00     0.0000E+00     0.0000E+00    -0.1160E-08    -0.1160E-08     0.0000E+00     0.0000E+00     0.0000E+00     0.0000E+00     0.0000E+00     0.0000E+00     0.0000E+00     0.0000E+00     0.0000E+00     0.0000E+00     0.0000E+00     0.0000E+00     0.0000E+00     0.0000E+00     0.0000E+00     0.0000E+00     0.0000E+00     0.0000E+00     0.0000E+00     0.0000E+00     0.0000E+00     0.0000E+00     0.2825E+03     0.3390E-08     0.0000E+00     0.0000E+00     0.0000E+00     0.0000E+00     0.0000E+00     0.0000E+00     0.0000E+00     0.0000E+00     0.0000E+00     0.0000E+00     0.3390E-08     0.3390E-08     0.0000E+00     0.0000E+00     0.0000E+00     0.1564E+00
   366    12    31  2016       287         0  hru287               0.4260E+01     0.3186E+04     0.9251E+03     0.3171E+03     0.7306E+02    -0.6814E-09     0.0000E+00     0.0000E+00     0.0000E+00     0.0000E+00     0.0000E+00     0.0000E+00     0.0000E+00     0.0000E+00     0.0000E+00     0.0000E+00    -0.6814E-09    -0.6814E-09     0.0000E+00     0.0000E+00     0.0000E+00     0.0000E+00     0.0000E+00     0.0000E+00     0.0000E+00     0.0000E+00     0.0000E+00     0.0000E+00     0.0000E+00     0.0000E+00     0.0000E+00     0.0000E+00     0.0000E+00     0.0000E+00     0.0000E+00     0.0000E+00     0.0000E+00     0.0000E+00     0.0000E+00     0.0000E+00     0.1660E+03     0.1992E-08     0.0000E+00     0.0000E+00     0.0000E+00     0.0000E+00     0.0000E+00     0.0000E+00     0.0000E+00     0.0000E+00     0.0000E+00     0.0000E+00     0.1992E-08     0.1992E-08     0.0000E+00     0.0000E+00     0.0000E+00     0.1563E+00
   365    12    31  2017        43         0  hru043               0.8843E+01     0.8399E+04     0.1843E+04     0.6481E+03     0.2273E+03    -0.3906E-08     0.3641E-14     0.1092E-13     0.1741E-09     0.7209E-09     0.0000E+00     0.0000E+00     0.0000E+00     0.0000E+00     0.0000E+00     0.1143E-05    -0.7541E-09    -0.7541E-09     0.1143E-05     0.1143E-05     0.0000E+00     0.0000E+00     0.0000E+00     0.0000E+00     0.0000E+00     0.0000E+00     0.0000E+00     0.0000E+00     0.0000E+00     0.0000E+00     0.0000E+00     0.0000E+00     0.0000E+00     0.0000E+00     0.0000E+00     0.0000E+00     0.0000E+00     0.0000E+00     0.0000E+00     0.0000E+00     0.4891E+03     0.1379E-01     0.7054E-01     0.4339E-01     0.6315E-02     0.4767E-01     0.1263E-01     0.0000E+00     0.0000E+00     0.0000E+00     0.0000E+00     0.0000E+00     0.1668E-03     0.1992E-03     0.0000E+00     0.0000E+00     0.0000E+00     0.1639E+00
   365    12    31  2017        44         0  hru044               0.1402E+02     0.1324E+05     0.2050E+04     0.1018E+04     0.4062E+03     0.7920E+00     0.1327E+01     0.3067E+00     0.2857E-01     0.1999E-01     0.3614E-01     0.0000E+00     0.0000E+00     0.0000E+00     0.0000E+00     0.0000E+00     0.1017E-01     0.1217E-01     0.0000E+00     0.0000E+00     0.0000E+00     0.0000E+00     0.0000E+00     0.0000E+00     0.0000E+00     0.0000E+00     0.0000E+00     0.0000E+00     0.0000E+00     0.0000E+00     0.0000E+00     0.0000E+00     0.0000E+00     0.0000E+00     0.0000E+00     0.0000E+00     0.0000E+00     0.0000E+00     0.0000E+00     0.0000E+00     0.9260E+03     0.1450E+02     0.2597E+02     0.8922E+01     0.6869E+00     0.4117E+00     0.9854E+00     0.0000E+00     0.0000E+00     0.0000E+00     0.0000E+00     0.0000E+00     0.2059E+00     0.2464E+00     0.0000E+00     0.0000E+00     0.0000E+00     0.1606E+00
   365    12    31  2017        45         0  hru045               0.6920E+01     0.6572E+04     0.1440E+04     0.5072E+03     0.1779E+03    -0.3947E-08     0.0000E+00     0.0000E+00     0.0000E+00     0.0000E+00     0.0000E+00     0.0000E+00     0.0000E+00     0.0000E+00     0.0000E+00     0.0000E+00    -0.3947E-08    -0.3947E-08     0.0000E+00     0.0000E+00     0.0000E+00     0.0000E+00     0.0000E+00     0.0000E+00     0.0000E+00     0.0000E+00     0.0000E+00     0.0000E+00     0.0000E+00     0.0000E+00     0.0000E+00     0.0000E+00     0.0000E+00     0.0000E+00     0.0000E+00     0.0000E+00     0.0000E+00     0.0000E+00     0.0000E+00     0.0000E+00     0.3826E+03     0.4592E-08     0.0000E+00     0.0000E+00     0.0000E+00     0.0000E+00     0.0000E+00     0.0000E+00     0.0000E+00     0.0000E+00     0.0000E+00     0.0000E+00     0.4592E-08     0.4592E-08     0.0000E+00     0.0000E+00     0.0000E+00     0.1639E+00
   365    12    31  2017        46         0  hru046               0.3243E+02     0.3080E+05     0.6740E+04     0.2377E+04     0.8336E+03    -0.1851E-07     0.0000E+00     0.0000E+00     0.0000E+00     0.0000E+00     0.0000E+00     0.0000E+00     0.0000E+00     0.0000E+00     0.0000E+00     0.0000E+00    -0.1851E-07    -0.1851E-07     0.0000E+00     0.0000E+00     0.0000E+00     0.0000E+00     0.0000E+00     0.0000E+00     0.0000E+00     0.0000E+00     0.0000E+00     0.0000E+00     0.0000E+00     0.0000E+00     0.0000E+00     0.0000E+00     0.0000E+00     0.0000E+00     0.0000E+00     0.0000E+00     0.0000E+00     0.0000E+00     0.0000E+00     0.0000E+00     0.1794E+04     0.9912E-04     0.3309E-03     0.1183E-03     0.1080E-01     0.8263E-03     0.5628E-03     0.0000E+00     0.0000E+00     0.0000E+00     0.0000E+00     0.0000E+00     0.1500E-05     0.1727E-05     0.0000E+00     0.0000E+00     0.0000E+00     0.1638E+00
   365    12    31  2017        47         0  hru047               0.5905E+02     0.5608E+05     0.1227E+05     0.4328E+04     0.1518E+04    -0.3370E-07     0.0000E+00     0.0000E+00     0.0000E+00     0.0000E+00     0.0000E+00     0.0000E+00     0.0000E+00     0.0000E+00     0.0000E+00     0.0000E+00    -0.3370E-07    -0.3370E-07     0.0000E+00     0.0000E+00     0.0000E+00     0.0000E+00     0.0000E+00     0.0000E+00     0.0000E+00     0.0000E+00     0.0000E+00     0.0000E+00     0.0000E+00     0.0000E+00     0.0000E+00     0.0000E+00     0.0000E+00     0.0000E+00     0.0000E+00     0.0000E+00     0.0000E+00     0.0000E+00     0.0000E+00     0.0000E+00     0.3266E+04     0.3920E-07     0.0000E+00     0.0000E+00     0.0000E+00     0.0000E+00     0.0000E+00     0.0000E+00     0.0000E+00     0.0000E+00     0.0000E+00     0.0000E+00     0.3920E-07     0.3920E-07     0.0000E+00     0.0000E+00     0.0000E+00     0.1638E+00
   365    12    31  2017        48         0  hru048               0.3696E+01     0.3510E+04     0.7486E+03     0.2709E+03     0.9500E+02    -0.2129E-08     0.0000E+00     0.0000E+00     0.0000E+00     0.0000E+00     0.0000E+00     0.0000E+00     0.0000E+00     0.0000E+00     0.0000E+00     0.0000E+00    -0.2129E-08    -0.2129E-08     0.0000E+00     0.0000E+00     0.0000E+00     0.0000E+00     0.0000E+00     0.0000E+00     0.0000E+00     0.0000E+00     0.0000E+00     0.0000E+00     0.0000E+00     0.0000E+00     0.0000E+00     0.0000E+00     0.0000E+00     0.0000E+00     0.0000E+00     0.0000E+00     0.0000E+00     0.0000E+00     0.0000E+00     0.0000E+00     0.2061E+03     0.2473E-08     0.0000E+00     0.0000E+00     0.0000E+00     0.0000E+00     0.0000E+00     0.0000E+00     0.0000E+00     0.0000E+00     0.0000E+00     0.0000E+00     0.2473E-08     0.2473E-08     0.0000E+00     0.0000E+00     0.0000E+00     0.1628E+00
   365    12    31  2017        49         0  hru049               0.4219E+01     0.4007E+04     0.7854E+03     0.3092E+03     0.1084E+03    -0.2499E-08     0.0000E+00     0.0000E+00     0.0000E+00     0.0000E+00     0.0000E+00     0.0000E+00     0.0000E+00     0.0000E+00     0.0000E+00     0.0000E+00    -0.2499E-08    -0.2499E-08     0.0000E+00     0.0000E+00     0.0000E+00     0.0000E+00     0.0000E+00     0.0000E+00     0.0000E+00     0.0000E+00     0.0000E+00     0.0000E+00     0.0000E+00     0.0000E+00     0.0000E+00     0.0000E+00     0.0000E+00     0.0000E+00     0.0000E+00     0.0000E+00     0.0000E+00     0.0000E+00     0.0000E+00     0.0000E+00     0.2410E+03     0.2892E-08     0.0000E+00     0.0000E+00     0.0000E+00     0.0000E+00     0.0000E+00     0.0000E+00     0.0000E+00     0.0000E+00     0.0000E+00     0.0000E+00     0.2892E-08     0.2892E-08     0.0000E+00     0.0000E+00     0.0000E+00     0.1597E+00
   365    12    31  2017        50         0  hru050               0.6048E+01     0.5744E+04     0.1126E+04     0.4433E+03     0.1555E+03    -0.3582E-08     0.0000E+00     0.0000E+00     0.0000E+00     0.0000E+00     0.0000E+00     0.0000E+00     0.0000E+00     0.0000E+00     0.0000E+00     0.0000E+00    -0.3582E-08    -0.3582E-08     0.0000E+00     0.0000E+00     0.0000E+00     0.0000E+00     0.0000E+00     0.0000E+00     0.0000E+00     0.0000E+00     0.0000E+00     0.0000E+00     0.0000E+00     0.0000E+00     0.0000E+00     0.0000E+00     0.0000E+00     0.0000E+00     0.0000E+00     0.0000E+00     0.0000E+00     0.0000E+00     0.0000E+00     0.0000E+00     0.3455E+03     0.4146E-08     0.0000E+00     0.0000E+00     0.0000E+00     0.0000E+00     0.0000E+00     0.0000E+00     0.0000E+00     0.0000E+00     0.0000E+00     0.0000E+00     0.4146E-08     0.4146E-08     0.0000E+00     0.0000E+00     0.0000E+00     0.1597E+00
   365    12    31  2017        51         0  hru051               0.9151E+01     0.8692E+04     0.1704E+04     0.6707E+03     0.2352E+03    -0.5421E-08     0.0000E+00     0.0000E+00     0.0000E+00     0.0000E+00     0.0000E+00     0.0000E+00     0.0000E+00     0.0000E+00     0.0000E+00     0.0000E+00    -0.5421E-08    -0.5421E-08     0.0000E+00     0.0000E+00     0.0000E+00     0.0000E+00     0.0000E+00     0.0000E+00     0.0000E+00     0.0000E+00     0.0000E+00     0.0000E+00     0.0000E+00     0.0000E+00     0.0000E+00     0.0000E+00     0.0000E+00     0.0000E+00     0.0000E+00     0.0000E+00     0.0000E+00     0.0000E+00     0.0000E+00     0.0000E+00     0.5228E+03     0.6273E-08     0.0000E+00     0.0000E+00     0.0000E+00     0.0000E+00     0.0000E+00     0.0000E+00     0.0000E+00     0.0000E+00     0.0000E+00     0.0000E+00     0.6273E-08     0.6273E-08     0.0000E+00     0.0000E+00     0.0000E+00     0.1597E+00
   365    12    31  2017        52         0  hru052               0.1332E+02     0.1265E+05     0.2456E+04     0.9762E+03     0.3424E+03    -0.7913E-08     0.0000E+00     0.0000E+00     0.0000E+00     0.0000E+00     0.0000E+00     0.0000E+00     0.0000E+00     0.0000E+00     0.0000E+00     0.0000E+00    -0.7913E-08    -0.7913E-08     0.0000E+00     0.0000E+00     0.0000E+00     0.0000E+00     0.0000E+00     0.0000E+00     0.0000E+00     0.0000E+00     0.0000E+00     0.0000E+00     0.0000E+00     0.0000E+00     0.0000E+00     0.0000E+00     0.0000E+00     0.0000E+00     0.0000E+00     0.0000E+00     0.0000E+00     0.0000E+00     0.0000E+00     0.0000E+00     0.7628E+03     0.9154E-08     0.0000E+00     0.0000E+00     0.0000E+00     0.0000E+00     0.0000E+00     0.0000E+00     0.0000E+00     0.0000E+00     0.0000E+00     0.0000E+00     0.9154E-08     0.9154E-08     0.0000E+00     0.0000E+00     0.0000E+00     0.1593E+00
   365    12    31  2017        53         0  hru053               0.2963E+02     0.2806E+05     0.4328E+04     0.2162E+04     0.7596E+03     0.2195E-04     0.2444E-03     0.8566E-04     0.4316E-03     0.4587E-03     0.3249E-03     0.0000E+00     0.0000E+00     0.0000E+00     0.0000E+00     0.5279E-03     0.2600E-05     0.2739E-05     0.8931E-03     0.4472E-03     0.0000E+00     0.0000E+00     0.0000E+00     0.0000E+00     0.0000E+00     0.0000E+00     0.0000E+00     0.0000E+00     0.0000E+00     0.0000E+00     0.0000E+00     0.0000E+00     0.0000E+00     0.0000E+00     0.0000E+00     0.0000E+00     0.0000E+00     0.0000E+00     0.0000E+00     0.0000E+00     0.1786E+04     0.1268E-02     0.1380E-01     0.4841E-02     0.1080E-01     0.1112E-01     0.6356E-02     0.0000E+00     0.0000E+00     0.0000E+00     0.0000E+00     0.0000E+00     0.8381E-04     0.9369E-04     0.0000E+00     0.0000E+00     0.0000E+00     0.1527E+00
   365    12    31  2017        54         0  hru054               0.7007E+01     0.6655E+04     0.1305E+04     0.5136E+03     0.1801E+03    -0.4151E-08     0.0000E+00     0.0000E+00     0.0000E+00     0.0000E+00     0.0000E+00     0.0000E+00     0.0000E+00     0.0000E+00     0.0000E+00     0.0000E+00    -0.4151E-08    -0.4151E-08     0.0000E+00     0.0000E+00     0.0000E+00     0.0000E+00     0.0000E+00     0.0000E+00     0.0000E+00     0.0000E+00     0.0000E+00     0.0000E+00     0.0000E+00     0.0000E+00     0.0000E+00     0.0000E+00     0.0000E+00     0.0000E+00     0.0000E+00     0.0000E+00     0.0000E+00     0.0000E+00     0.0000E+00     0.0000E+00     0.4003E+03     0.4804E-08     0.0000E+00     0.0000E+00     0.0000E+00     0.0000E+00     0.0000E+00     0.0000E+00     0.0000E+00     0.0000E+00     0.0000E+00     0.0000E+00     0.4804E-08     0.4804E-08     0.0000E+00     0.0000E+00     0.0000E+00     0.1597E+00
   365    12    31  2017       283         0  hru283               0.4293E+03     0.4078E+06     0.8872E+05     0.3147E+05     0.1104E+05     0.2028E-06     0.2069E-08     0.6099E-08     0.1176E-01     0.7143E+00     0.1447E+00     0.0000E+00     0.0000E+00     0.0000E+00     0.0000E+00     0.1733E-04     0.6974E-06     0.6991E-06     0.1845E-04     0.1708E-04     0.0000E+00     0.0000E+00     0.0000E+00     0.0000E+00     0.0000E+00     0.0000E+00     0.0000E+00     0.0000E+00     0.0000E+00     0.0000E+00     0.0000E+00     0.0000E+00     0.0000E+00     0.0000E+00     0.0000E+00     0.0000E+00     0.0000E+00     0.0000E+00     0.0000E+00     0.0000E+00     0.2381E+05     0.3894E-05     0.4821E-07     0.1428E-06     0.1470E+00     0.1125E+02     0.2419E+01     0.0000E+00     0.0000E+00     0.0000E+00     0.0000E+00     0.0000E+00     0.1900E-04     0.1903E-04     0.0000E+00     0.0000E+00     0.0000E+00     0.1637E+00
   365    12    31  2017       284         0  hru284               0.3223E+02     0.3061E+05     0.6707E+04     0.2362E+04     0.8284E+03    -0.1838E-07     0.0000E+00     0.0000E+00     0.0000E+00     0.0000E+00     0.0000E+00     0.0000E+00     0.0000E+00     0.0000E+00     0.0000E+00     0.0000E+00    -0.1838E-07    -0.1838E-07     0.0000E+00     0.0000E+00     0.0000E+00     0.0000E+00     0.0000E+00     0.0000E+00     0.0000E+00     0.0000E+00     0.0000E+00     0.0000E+00     0.0000E+00     0.0000E+00     0.0000E+00     0.0000E+00     0.0000E+00     0.0000E+00     0.0000E+00     0.0000E+00     0.0000E+00     0.0000E+00     0.0000E+00     0.0000E+00     0.1782E+04     0.2139E-07     0.0000E+00     0.0000E+00     0.0000E+00     0.0000E+00     0.0000E+00     0.0000E+00     0.0000E+00     0.0000E+00     0.0000E+00     0.0000E+00     0.2139E-07     0.2139E-07     0.0000E+00     0.0000E+00     0.0000E+00     0.1639E+00
   365    12    31  2017       285         0  hru285               0.1286E+02     0.1221E+05     0.2677E+04     0.9426E+03     0.3306E+03    -0.7335E-08     0.0000E+00     0.0000E+00     0.0000E+00     0.0000E+00     0.0000E+00     0.0000E+00     0.0000E+00     0.0000E+00     0.0000E+00     0.0000E+00    -0.7335E-08    -0.7335E-08     0.0000E+00     0.0000E+00     0.0000E+00     0.0000E+00     0.0000E+00     0.0000E+00     0.0000E+00     0.0000E+00     0.0000E+00     0.0000E+00     0.0000E+00     0.0000E+00     0.0000E+00     0.0000E+00     0.0000E+00     0.0000E+00     0.0000E+00     0.0000E+00     0.0000E+00     0.0000E+00     0.0000E+00     0.0000E+00     0.7111E+03     0.8534E-08     0.0000E+00     0.0000E+00     0.0000E+00     0.0000E+00     0.0000E+00     0.0000E+00     0.0000E+00     0.0000E+00     0.0000E+00     0.0000E+00     0.8534E-08     0.8534E-08     0.0000E+00     0.0000E+00     0.0000E+00     0.1639E+00
   365    12    31  2017       286         0  hru286               0.7510E+01     0.7133E+04     0.1563E+04     0.5504E+03     0.1930E+03    -0.4283E-08     0.0000E+00     0.0000E+00     0.0000E+00     0.0000E+00     0.0000E+00     0.0000E+00     0.0000E+00     0.0000E+00     0.0000E+00     0.0000E+00    -0.4283E-08    -0.4283E-08     0.0000E+00     0.0000E+00     0.0000E+00     0.0000E+00     0.0000E+00     0.0000E+00     0.0000E+00     0.0000E+00     0.0000E+00     0.0000E+00     0.0000E+00     0.0000E+00     0.0000E+00     0.0000E+00     0.0000E+00     0.0000E+00     0.0000E+00     0.0000E+00     0.0000E+00     0.0000E+00     0.0000E+00     0.0000E+00     0.4153E+03     0.4983E-08     0.0000E+00     0.0000E+00     0.0000E+00     0.0000E+00     0.0000E+00     0.0000E+00     0.0000E+00     0.0000E+00     0.0000E+00     0.0000E+00     0.4983E-08     0.4983E-08     0.0000E+00     0.0000E+00     0.0000E+00     0.1639E+00
   365    12    31  2017       287         0  hru287               0.4411E+01     0.4190E+04     0.9169E+03     0.3233E+03     0.1134E+03    -0.2517E-08     0.0000E+00     0.0000E+00     0.0000E+00     0.0000E+00     0.0000E+00     0.0000E+00     0.0000E+00     0.0000E+00     0.0000E+00     0.0000E+00    -0.2517E-08    -0.2517E-08     0.0000E+00     0.0000E+00     0.0000E+00     0.0000E+00     0.0000E+00     0.0000E+00     0.0000E+00     0.0000E+00     0.0000E+00     0.0000E+00     0.0000E+00     0.0000E+00     0.0000E+00     0.0000E+00     0.0000E+00     0.0000E+00     0.0000E+00     0.0000E+00     0.0000E+00     0.0000E+00     0.0000E+00     0.0000E+00     0.2440E+03     0.2928E-08     0.0000E+00     0.0000E+00     0.0000E+00     0.0000E+00     0.0000E+00     0.0000E+00     0.0000E+00     0.0000E+00     0.0000E+00     0.0000E+00     0.2928E-08     0.2928E-08     0.0000E+00     0.0000E+00     0.0000E+00     0.1638E+00
   365    12    31  2018        43         0  hru043               0.8540E+01     0.4801E+04     0.1902E+04     0.6174E+03     0.1739E+03    -0.1098E-08     0.0000E+00     0.0000E+00     0.0000E+00     0.0000E+00     0.0000E+00     0.0000E+00     0.0000E+00     0.0000E+00     0.0000E+00     0.0000E+00    -0.1098E-08    -0.1098E-08     0.0000E+00     0.0000E+00     0.0000E+00     0.0000E+00     0.0000E+00     0.0000E+00     0.0000E+00     0.0000E+00     0.0000E+00     0.0000E+00     0.0000E+00     0.0000E+00     0.0000E+00     0.0000E+00     0.0000E+00     0.0000E+00     0.0000E+00     0.0000E+00     0.0000E+00     0.0000E+00     0.0000E+00     0.0000E+00     0.1993E+03     0.4647E-02     0.1888E-01     0.1076E-01     0.9496E-02     0.1614E-01     0.5431E-02     0.0000E+00     0.0000E+00     0.0000E+00     0.0000E+00     0.0000E+00     0.6132E-04     0.7229E-04     0.0000E+00     0.0000E+00     0.0000E+00     0.2482E+00
   365    12    31  2018        44         0  hru044               0.1382E+02     0.7568E+04     0.2430E+04     0.1011E+04     0.2761E+03     0.1458E-01     0.3578E-01     0.1957E-01     0.1254E-02     0.2301E-02     0.4220E-02     0.0000E+00     0.0000E+00     0.0000E+00     0.0000E+00     0.0000E+00     0.1847E-03     0.2184E-03     0.0000E+00     0.0000E+00     0.0000E+00     0.0000E+00     0.0000E+00     0.0000E+00     0.0000E+00     0.0000E+00     0.0000E+00     0.0000E+00     0.0000E+00     0.0000E+00     0.0000E+00     0.0000E+00     0.0000E+00     0.0000E+00     0.0000E+00     0.0000E+00     0.0000E+00     0.0000E+00     0.0000E+00     0.0000E+00     0.3789E+03     0.2782E+01     0.4278E+01     0.2216E+01     0.7656E+00     0.9095E-01     0.2393E+00     0.0000E+00     0.0000E+00     0.0000E+00     0.0000E+00     0.0000E+00     0.4091E-01     0.4890E-01     0.0000E+00     0.0000E+00     0.0000E+00     0.2136E+00
   365    12    31  2018        45         0  hru045               0.6683E+01     0.3757E+04     0.1503E+04     0.4830E+03     0.1361E+03    -0.8588E-09     0.0000E+00     0.0000E+00     0.0000E+00     0.0000E+00     0.0000E+00     0.0000E+00     0.0000E+00     0.0000E+00     0.0000E+00     0.0000E+00    -0.8588E-09    -0.8588E-09     0.0000E+00     0.0000E+00     0.0000E+00     0.0000E+00     0.0000E+00     0.0000E+00     0.0000E+00     0.0000E+00     0.0000E+00     0.0000E+00     0.0000E+00     0.0000E+00     0.0000E+00     0.0000E+00     0.0000E+00     0.0000E+00     0.0000E+00     0.0000E+00     0.0000E+00     0.0000E+00     0.0000E+00     0.0000E+00     0.1544E+03     0.1853E-08     0.0000E+00     0.0000E+00     0.0000E+00     0.0000E+00     0.0000E+00     0.0000E+00     0.0000E+00     0.0000E+00     0.0000E+00     0.0000E+00     0.1853E-08     0.1853E-08     0.0000E+00     0.0000E+00     0.0000E+00     0.2502E+00
   365    12    31  2018        46         0  hru046               0.3132E+02     0.1761E+05     0.6980E+04     0.2264E+04     0.6379E+03    -0.4025E-08     0.0000E+00     0.0000E+00     0.0000E+00     0.0000E+00     0.0000E+00     0.0000E+00     0.0000E+00     0.0000E+00     0.0000E+00     0.0000E+00    -0.4025E-08    -0.4025E-08     0.0000E+00     0.0000E+00     0.0000E+00     0.0000E+00     0.0000E+00     0.0000E+00     0.0000E+00     0.0000E+00     0.0000E+00     0.0000E+00     0.0000E+00     0.0000E+00     0.0000E+00     0.0000E+00     0.0000E+00     0.0000E+00     0.0000E+00     0.0000E+00     0.0000E+00     0.0000E+00     0.0000E+00     0.0000E+00     0.7293E+03     0.8751E-08     0.1006E-08     0.3019E-08     0.2889E-02     0.7412E-04     0.7160E-04     0.0000E+00     0.0000E+00     0.0000E+00     0.0000E+00     0.0000E+00     0.1050E-05     0.1050E-05     0.0000E+00     0.0000E+00     0.0000E+00     0.2486E+00
   365    12    31  2018        47         0  hru047               0.5702E+02     0.3205E+05     0.1265E+05     0.4135E+04     0.1161E+04    -0.7327E-08     0.0000E+00     0.0000E+00     0.0000E+00     0.0000E+00     0.0000E+00     0.0000E+00     0.0000E+00     0.0000E+00     0.0000E+00     0.0000E+00    -0.7327E-08    -0.7327E-08     0.0000E+00     0.0000E+00     0.0000E+00     0.0000E+00     0.0000E+00     0.0000E+00     0.0000E+00     0.0000E+00     0.0000E+00     0.0000E+00     0.0000E+00     0.0000E+00     0.0000E+00     0.0000E+00     0.0000E+00     0.0000E+00     0.0000E+00     0.0000E+00     0.0000E+00     0.0000E+00     0.0000E+00     0.0000E+00     0.1332E+04     0.1598E-07     0.0000E+00     0.0000E+00     0.0000E+00     0.0000E+00     0.0000E+00     0.0000E+00     0.0000E+00     0.0000E+00     0.0000E+00     0.0000E+00     0.1598E-07     0.1598E-07     0.0000E+00     0.0000E+00     0.0000E+00     0.2480E+00
   365    12    31  2018        48         0  hru048               0.3569E+01     0.2006E+04     0.7806E+03     0.2629E+03     0.7269E+02    -0.4586E-09     0.0000E+00     0.0000E+00     0.0000E+00     0.0000E+00     0.0000E+00     0.0000E+00     0.0000E+00     0.0000E+00     0.0000E+00     0.0000E+00    -0.4586E-09    -0.4586E-09     0.0000E+00     0.0000E+00     0.0000E+00     0.0000E+00     0.0000E+00     0.0000E+00     0.0000E+00     0.0000E+00     0.0000E+00     0.0000E+00     0.0000E+00     0.0000E+00     0.0000E+00     0.0000E+00     0.0000E+00     0.0000E+00     0.0000E+00     0.0000E+00     0.0000E+00     0.0000E+00     0.0000E+00     0.0000E+00     0.8419E+02     0.1010E-08     0.0000E+00     0.0000E+00     0.0000E+00     0.0000E+00     0.0000E+00     0.0000E+00     0.0000E+00     0.0000E+00     0.0000E+00     0.0000E+00     0.1010E-08     0.1010E-08     0.0000E+00     0.0000E+00     0.0000E+00     0.2459E+00
   365    12    31  2018        49         0  hru049               0.4111E+01     0.2290E+04     0.8653E+03     0.3000E+03     0.8298E+02    -0.5235E-09     0.0000E+00     0.0000E+00     0.0000E+00     0.0000E+00     0.0000E+00     0.0000E+00     0.0000E+00     0.0000E+00     0.0000E+00     0.0000E+00    -0.5235E-09    -0.5235E-09     0.0000E+00     0.0000E+00     0.0000E+00     0.0000E+00     0.0000E+00     0.0000E+00     0.0000E+00     0.0000E+00     0.0000E+00     0.0000E+00     0.0000E+00     0.0000E+00     0.0000E+00     0.0000E+00     0.0000E+00     0.0000E+00     0.0000E+00     0.0000E+00     0.0000E+00     0.0000E+00     0.0000E+00     0.0000E+00     0.9803E+02     0.1176E-08     0.0000E+00     0.0000E+00     0.0000E+00     0.0000E+00     0.0000E+00     0.0000E+00     0.0000E+00     0.0000E+00     0.0000E+00     0.0000E+00     0.1176E-08     0.1176E-08     0.0000E+00     0.0000E+00     0.0000E+00     0.2418E+00
   365    12    31  2018        50         0  hru050               0.5892E+01     0.3283E+04     0.1240E+04     0.4301E+03     0.1189E+03    -0.7505E-09     0.0000E+00     0.0000E+00     0.0000E+00     0.0000E+00     0.0000E+00     0.0000E+00     0.0000E+00     0.0000E+00     0.0000E+00     0.0000E+00    -0.7505E-09    -0.7505E-09     0.0000E+00     0.0000E+00     0.0000E+00     0.0000E+00     0.0000E+00     0.0000E+00     0.0000E+00     0.0000E+00     0.0000E+00     0.0000E+00     0.0000E+00     0.0000E+00     0.0000E+00     0.0000E+00     0.0000E+00     0.0000E+00     0.0000E+00     0.0000E+00     0.0000E+00     0.0000E+00     0.0000E+00     0.0000E+00     0.1405E+03     0.1686E-08     0.0000E+00     0.0000E+00     0.0000E+00     0.0000E+00     0.0000E+00     0.0000E+00     0.0000E+00     0.0000E+00     0.0000E+00     0.0000E+00     0.1686E-08     0.1686E-08     0.0000E+00     0.0000E+00     0.0000E+00     0.2418E+00
   365    12    31  2018        51         0  hru051               0.8916E+01     0.4968E+04     0.1877E+04     0.6508E+03     0.1800E+03    -0.1136E-08     0.0000E+00     0.0000E+00     0.0000E+00     0.0000E+00     0.0000E+00     0.0000E+00     0.0000E+00     0.0000E+00     0.0000E+00     0.0000E+00    -0.1136E-08    -0.1136E-08     0.0000E+00     0.0000E+00     0.0000E+00     0.0000E+00     0.0000E+00     0.0000E+00     0.0000E+00     0.0000E+00     0.0000E+00     0.0000E+00     0.0000E+00     0.0000E+00     0.0000E+00     0.0000E+00     0.0000E+00     0.0000E+00     0.0000E+00     0.0000E+00     0.0000E+00     0.0000E+00     0.0000E+00     0.0000E+00     0.2127E+03     0.2552E-08     0.0000E+00     0.0000E+00     0.0000E+00     0.0000E+00     0.0000E+00     0.0000E+00     0.0000E+00     0.0000E+00     0.0000E+00     0.0000E+00     0.2552E-08     0.2552E-08     0.0000E+00     0.0000E+00     0.0000E+00     0.2418E+00
   365    12    31  2018        52         0  hru052               0.1302E+02     0.7231E+04     0.2697E+04     0.9514E+03     0.2620E+03    -0.1653E-08     0.0000E+00     0.0000E+00     0.0000E+00     0.0000E+00     0.0000E+00     0.0000E+00     0.0000E+00     0.0000E+00     0.0000E+00     0.0000E+00    -0.1653E-08    -0.1653E-08     0.0000E+00     0.0000E+00     0.0000E+00     0.0000E+00     0.0000E+00     0.0000E+00     0.0000E+00     0.0000E+00     0.0000E+00     0.0000E+00     0.0000E+00     0.0000E+00     0.0000E+00     0.0000E+00     0.0000E+00     0.0000E+00     0.0000E+00     0.0000E+00     0.0000E+00     0.0000E+00     0.0000E+00     0.0000E+00     0.3121E+03     0.3745E-08     0.0000E+00     0.0000E+00     0.0000E+00     0.0000E+00     0.0000E+00     0.0000E+00     0.0000E+00     0.0000E+00     0.0000E+00     0.0000E+00     0.3745E-08     0.3745E-08     0.0000E+00     0.0000E+00     0.0000E+00     0.2401E+00
   365    12    31  2018        53         0  hru053               0.2921E+02     0.1604E+05     0.5098E+04     0.2142E+04     0.5811E+03    -0.3667E-08     0.0000E+00     0.0000E+00     0.0000E+00     0.0000E+00     0.0000E+00     0.0000E+00     0.0000E+00     0.0000E+00     0.0000E+00     0.0000E+00    -0.3667E-08    -0.3667E-08     0.0000E+00     0.0000E+00     0.0000E+00     0.0000E+00     0.0000E+00     0.0000E+00     0.0000E+00     0.0000E+00     0.0000E+00     0.0000E+00     0.0000E+00     0.0000E+00     0.0000E+00     0.0000E+00     0.0000E+00     0.0000E+00     0.0000E+00     0.0000E+00     0.0000E+00     0.0000E+00     0.0000E+00     0.0000E+00     0.7628E+03     0.2182E-04     0.2167E-03     0.7596E-04     0.3827E-03     0.4068E-03     0.3579E-03     0.0000E+00     0.0000E+00     0.0000E+00     0.0000E+00     0.0000E+00     0.2590E-05     0.2728E-05     0.0000E+00     0.0000E+00     0.0000E+00     0.2213E+00
   365    12    31  2018        54         0  hru054               0.6827E+01     0.3804E+04     0.1437E+04     0.4984E+03     0.1378E+03    -0.8695E-09     0.0000E+00     0.0000E+00     0.0000E+00     0.0000E+00     0.0000E+00     0.0000E+00     0.0000E+00     0.0000E+00     0.0000E+00     0.0000E+00    -0.8695E-09    -0.8695E-09     0.0000E+00     0.0000E+00     0.0000E+00     0.0000E+00     0.0000E+00     0.0000E+00     0.0000E+00     0.0000E+00     0.0000E+00     0.0000E+00     0.0000E+00     0.0000E+00     0.0000E+00     0.0000E+00     0.0000E+00     0.0000E+00     0.0000E+00     0.0000E+00     0.0000E+00     0.0000E+00     0.0000E+00     0.0000E+00     0.1628E+03     0.1954E-08     0.0000E+00     0.0000E+00     0.0000E+00     0.0000E+00     0.0000E+00     0.0000E+00     0.0000E+00     0.0000E+00     0.0000E+00     0.0000E+00     0.1954E-08     0.1954E-08     0.0000E+00     0.0000E+00     0.0000E+00     0.2418E+00
   365    12    31  2018       283         0  hru283               0.4146E+03     0.2331E+06     0.9165E+05     0.3009E+05     0.8445E+04    -0.4906E-07     0.1920E-08     0.5761E-08     0.5665E-02     0.5389E-03     0.5748E-03     0.0000E+00     0.0000E+00     0.0000E+00     0.0000E+00     0.4218E-05     0.6600E-06     0.6600E-06     0.4218E-05     0.4218E-05     0.0000E+00     0.0000E+00     0.0000E+00     0.0000E+00     0.0000E+00     0.0000E+00     0.0000E+00     0.0000E+00     0.0000E+00     0.0000E+00     0.0000E+00     0.0000E+00     0.0000E+00     0.0000E+00     0.0000E+00     0.0000E+00     0.0000E+00     0.0000E+00     0.0000E+00     0.0000E+00     0.9709E+04     0.2874E-06     0.2047E-07     0.6066E-07     0.6997E-01     0.2673E+01     0.5346E+00     0.0000E+00     0.0000E+00     0.0000E+00     0.0000E+00     0.0000E+00     0.8604E-05     0.8606E-05     0.0000E+00     0.0000E+00     0.0000E+00     0.2474E+00
   365    12    31  2018       284         0  hru284               0.3112E+02     0.1750E+05     0.6929E+04     0.2251E+04     0.6339E+03    -0.3999E-08     0.0000E+00     0.0000E+00     0.0000E+00     0.0000E+00     0.0000E+00     0.0000E+00     0.0000E+00     0.0000E+00     0.0000E+00     0.0000E+00    -0.3999E-08    -0.3999E-08     0.0000E+00     0.0000E+00     0.0000E+00     0.0000E+00     0.0000E+00     0.0000E+00     0.0000E+00     0.0000E+00     0.0000E+00     0.0000E+00     0.0000E+00     0.0000E+00     0.0000E+00     0.0000E+00     0.0000E+00     0.0000E+00     0.0000E+00     0.0000E+00     0.0000E+00     0.0000E+00     0.0000E+00     0.0000E+00     0.7253E+03     0.8703E-08     0.0000E+00     0.0000E+00     0.0000E+00     0.0000E+00     0.0000E+00     0.0000E+00     0.0000E+00     0.0000E+00     0.0000E+00     0.0000E+00     0.8703E-08     0.8703E-08     0.0000E+00     0.0000E+00     0.0000E+00     0.2484E+00
   365    12    31  2018       285         0  hru285               0.1242E+02     0.6982E+04     0.2794E+04     0.8976E+03     0.2530E+03    -0.1596E-08     0.0000E+00     0.0000E+00     0.0000E+00     0.0000E+00     0.0000E+00     0.0000E+00     0.0000E+00     0.0000E+00     0.0000E+00     0.0000E+00    -0.1596E-08    -0.1596E-08     0.0000E+00     0.0000E+00     0.0000E+00     0.0000E+00     0.0000E+00     0.0000E+00     0.0000E+00     0.0000E+00     0.0000E+00     0.0000E+00     0.0000E+00     0.0000E+00     0.0000E+00     0.0000E+00     0.0000E+00     0.0000E+00     0.0000E+00     0.0000E+00     0.0000E+00     0.0000E+00     0.0000E+00     0.0000E+00     0.2871E+03     0.3445E-08     0.0000E+00     0.0000E+00     0.0000E+00     0.0000E+00     0.0000E+00     0.0000E+00     0.0000E+00     0.0000E+00     0.0000E+00     0.0000E+00     0.3445E-08     0.3445E-08     0.0000E+00     0.0000E+00     0.0000E+00     0.2502E+00
   365    12    31  2018       286         0  hru286               0.7253E+01     0.4077E+04     0.1631E+04     0.5242E+03     0.1477E+03    -0.9321E-09     0.0000E+00     0.0000E+00     0.0000E+00     0.0000E+00     0.0000E+00     0.0000E+00     0.0000E+00     0.0000E+00     0.0000E+00     0.0000E+00    -0.9321E-09    -0.9321E-09     0.0000E+00     0.0000E+00     0.0000E+00     0.0000E+00     0.0000E+00     0.0000E+00     0.0000E+00     0.0000E+00     0.0000E+00     0.0000E+00     0.0000E+00     0.0000E+00     0.0000E+00     0.0000E+00     0.0000E+00     0.0000E+00     0.0000E+00     0.0000E+00     0.0000E+00     0.0000E+00     0.0000E+00     0.0000E+00     0.1676E+03     0.2011E-08     0.0000E+00     0.0000E+00     0.0000E+00     0.0000E+00     0.0000E+00     0.0000E+00     0.0000E+00     0.0000E+00     0.0000E+00     0.0000E+00     0.2011E-08     0.2011E-08     0.0000E+00     0.0000E+00     0.0000E+00     0.2502E+00
   365    12    31  2018       287         0  hru287               0.4260E+01     0.2395E+04     0.9449E+03     0.3089E+03     0.8676E+02    -0.5474E-09     0.0000E+00     0.0000E+00     0.0000E+00     0.0000E+00     0.0000E+00     0.0000E+00     0.0000E+00     0.0000E+00     0.0000E+00     0.0000E+00    -0.5474E-09    -0.5474E-09     0.0000E+00     0.0000E+00     0.0000E+00     0.0000E+00     0.0000E+00     0.0000E+00     0.0000E+00     0.0000E+00     0.0000E+00     0.0000E+00     0.0000E+00     0.0000E+00     0.0000E+00     0.0000E+00     0.0000E+00     0.0000E+00     0.0000E+00     0.0000E+00     0.0000E+00     0.0000E+00     0.0000E+00     0.0000E+00     0.9949E+02     0.1194E-08     0.0000E+00     0.0000E+00     0.0000E+00     0.0000E+00     0.0000E+00     0.0000E+00     0.0000E+00     0.0000E+00     0.0000E+00     0.0000E+00     0.1194E-08     0.1194E-08     0.0000E+00     0.0000E+00     0.0000E+00     0.2480E+00
   365    12    31  2019        43         0  hru043               0.8387E+01     0.6178E+04     0.1939E+04     0.6563E+03     0.1352E+03     0.1874E-06     0.0000E+00     0.0000E+00     0.0000E+00     0.0000E+00     0.0000E+00     0.0000E+00     0.0000E+00     0.0000E+00     0.0000E+00     0.0000E+00    -0.1121E-08    -0.1121E-08     0.0000E+00     0.0000E+00     0.0000E+00     0.0000E+00     0.0000E+00     0.0000E+00     0.0000E+00     0.0000E+00     0.0000E+00     0.0000E+00     0.0000E+00     0.0000E+00     0.0000E+00     0.0000E+00     0.0000E+00     0.0000E+00     0.0000E+00     0.0000E+00     0.0000E+00     0.0000E+00     0.0000E+00     0.0000E+00     0.3080E+03     0.6984E-02     0.6554E-02     0.3403E-02     0.2063E-02     0.1690E-02     0.1610E-02     0.0000E+00     0.0000E+00     0.0000E+00     0.0000E+00     0.0000E+00     0.2273E-04     0.2679E-04     0.0000E+00     0.0000E+00     0.0000E+00     0.9668E-01
   365    12    31  2019        44         0  hru044               0.1334E+02     0.9739E+04     0.2452E+04     0.1038E+04     0.2217E+03     0.1071E+00     0.1867E+00     0.9717E-01     0.1630E-01     0.4664E-02     0.1289E-01     0.0000E+00     0.0000E+00     0.0000E+00     0.0000E+00     0.0000E+00     0.1290E-02     0.1541E-02     0.0000E+00     0.0000E+00     0.0000E+00     0.0000E+00     0.0000E+00     0.0000E+00     0.0000E+00     0.0000E+00     0.0000E+00     0.0000E+00     0.0000E+00     0.0000E+00     0.0000E+00     0.0000E+00     0.0000E+00     0.0000E+00     0.0000E+00     0.0000E+00     0.0000E+00     0.0000E+00     0.0000E+00     0.0000E+00     0.5601E+03     0.3674E+01     0.7241E+01     0.3750E+01     0.3752E+00     0.2206E+00     0.4367E+00     0.0000E+00     0.0000E+00     0.0000E+00     0.0000E+00     0.0000E+00     0.4529E-01     0.5414E-01     0.0000E+00     0.0000E+00     0.0000E+00     0.8621E-01
   365    12    31  2019        45         0  hru045               0.6563E+01     0.4834E+04     0.1517E+04     0.5135E+03     0.1058E+03     0.5068E-07     0.0000E+00     0.0000E+00     0.0000E+00     0.0000E+00     0.0000E+00     0.0000E+00     0.0000E+00     0.0000E+00     0.0000E+00     0.0000E+00    -0.1109E-08    -0.1109E-08     0.0000E+00     0.0000E+00     0.0000E+00     0.0000E+00     0.0000E+00     0.0000E+00     0.0000E+00     0.0000E+00     0.0000E+00     0.0000E+00     0.0000E+00     0.0000E+00     0.0000E+00     0.0000E+00     0.0000E+00     0.0000E+00     0.0000E+00     0.0000E+00     0.0000E+00     0.0000E+00     0.0000E+00     0.0000E+00     0.2409E+03     0.1411E-02     0.0000E+00     0.0000E+00     0.0000E+00     0.0000E+00     0.0000E+00     0.0000E+00     0.0000E+00     0.0000E+00     0.0000E+00     0.0000E+00     0.2905E-08     0.2905E-08     0.0000E+00     0.0000E+00     0.0000E+00     0.9671E-01
   365    12    31  2019        46         0  hru046               0.3076E+02     0.2266E+05     0.7111E+04     0.2406E+04     0.4956E+03     0.3053E-06     0.0000E+00     0.0000E+00     0.0000E+00     0.0000E+00     0.0000E+00     0.0000E+00     0.0000E+00     0.0000E+00     0.0000E+00     0.0000E+00    -0.5015E-08    -0.5015E-08     0.0000E+00     0.0000E+00     0.0000E+00     0.0000E+00     0.0000E+00     0.0000E+00     0.0000E+00     0.0000E+00     0.0000E+00     0.0000E+00     0.0000E+00     0.0000E+00     0.0000E+00     0.0000E+00     0.0000E+00     0.0000E+00     0.0000E+00     0.0000E+00     0.0000E+00     0.0000E+00     0.0000E+00     0.0000E+00     0.1129E+04     0.8503E-02     0.9379E-09     0.2814E-08     0.4667E-02     0.1400E-03     0.1498E-03     0.0000E+00     0.0000E+00     0.0000E+00     0.0000E+00     0.0000E+00     0.9449E-06     0.9449E-06     0.0000E+00     0.0000E+00     0.0000E+00     0.9669E-01
   365    12    31  2019        47         0  hru047               0.5600E+02     0.4125E+05     0.1295E+05     0.4381E+04     0.9023E+03     0.5080E-06     0.0000E+00     0.0000E+00     0.0000E+00     0.0000E+00     0.0000E+00     0.0000E+00     0.0000E+00     0.0000E+00     0.0000E+00     0.0000E+00    -0.9131E-08    -0.9131E-08     0.0000E+00     0.0000E+00     0.0000E+00     0.0000E+00     0.0000E+00     0.0000E+00     0.0000E+00     0.0000E+00     0.0000E+00     0.0000E+00     0.0000E+00     0.0000E+00     0.0000E+00     0.0000E+00     0.0000E+00     0.0000E+00     0.0000E+00     0.0000E+00     0.0000E+00     0.0000E+00     0.0000E+00     0.0000E+00     0.2056E+04     0.1415E-01     0.0000E+00     0.0000E+00     0.0000E+00     0.0000E+00     0.0000E+00     0.0000E+00     0.0000E+00     0.0000E+00     0.0000E+00     0.0000E+00     0.2479E-07     0.2479E-07     0.0000E+00     0.0000E+00     0.0000E+00     0.9670E-01
   365    12    31  2019        48         0  hru048               0.3516E+01     0.2582E+04     0.8181E+03     0.2742E+03     0.5648E+02     0.7261E-08     0.0000E+00     0.0000E+00     0.0000E+00     0.0000E+00     0.0000E+00     0.0000E+00     0.0000E+00     0.0000E+00     0.0000E+00     0.0000E+00    -0.6972E-09    -0.6972E-09     0.0000E+00     0.0000E+00     0.0000E+00     0.0000E+00     0.0000E+00     0.0000E+00     0.0000E+00     0.0000E+00     0.0000E+00     0.0000E+00     0.0000E+00     0.0000E+00     0.0000E+00     0.0000E+00     0.0000E+00     0.0000E+00     0.0000E+00     0.0000E+00     0.0000E+00     0.0000E+00     0.0000E+00     0.0000E+00     0.1280E+03     0.2022E-03     0.0000E+00     0.0000E+00     0.0000E+00     0.0000E+00     0.0000E+00     0.0000E+00     0.0000E+00     0.0000E+00     0.0000E+00     0.0000E+00     0.1542E-08     0.1542E-08     0.0000E+00     0.0000E+00     0.0000E+00     0.9722E-01
   365    12    31  2019        49         0  hru049               0.4001E+01     0.2947E+04     0.9245E+03     0.3130E+03     0.6447E+02     0.4500E-07     0.0000E+00     0.0000E+00     0.0000E+00     0.0000E+00     0.0000E+00     0.0000E+00     0.0000E+00     0.0000E+00     0.0000E+00     0.0000E+00    -0.6209E-09    -0.6209E-09     0.0000E+00     0.0000E+00     0.0000E+00     0.0000E+00     0.0000E+00     0.0000E+00     0.0000E+00     0.0000E+00     0.0000E+00     0.0000E+00     0.0000E+00     0.0000E+00     0.0000E+00     0.0000E+00     0.0000E+00     0.0000E+00     0.0000E+00     0.0000E+00     0.0000E+00     0.0000E+00     0.0000E+00     0.0000E+00     0.1469E+03     0.1253E-02     0.0000E+00     0.0000E+00     0.0000E+00     0.0000E+00     0.0000E+00     0.0000E+00     0.0000E+00     0.0000E+00     0.0000E+00     0.0000E+00     0.1772E-08     0.1772E-08     0.0000E+00     0.0000E+00     0.0000E+00     0.9667E-01
   365    12    31  2019        50         0  hru050               0.5736E+01     0.4225E+04     0.1325E+04     0.4487E+03     0.9242E+02     0.2219E-06     0.0000E+00     0.0000E+00     0.0000E+00     0.0000E+00     0.0000E+00     0.0000E+00     0.0000E+00     0.0000E+00     0.0000E+00     0.0000E+00    -0.6813E-09    -0.6813E-09     0.0000E+00     0.0000E+00     0.0000E+00     0.0000E+00     0.0000E+00     0.0000E+00     0.0000E+00     0.0000E+00     0.0000E+00     0.0000E+00     0.0000E+00     0.0000E+00     0.0000E+00     0.0000E+00     0.0000E+00     0.0000E+00     0.0000E+00     0.0000E+00     0.0000E+00     0.0000E+00     0.0000E+00     0.0000E+00     0.2107E+03     0.6179E-02     0.0000E+00     0.0000E+00     0.0000E+00     0.0000E+00     0.0000E+00     0.0000E+00     0.0000E+00     0.0000E+00     0.0000E+00     0.0000E+00     0.2546E-08     0.2546E-08     0.0000E+00     0.0000E+00     0.0000E+00     0.9667E-01
   365    12    31  2019        51         0  hru051               0.8680E+01     0.6393E+04     0.2005E+04     0.6790E+03     0.1399E+03     0.4133E-07     0.0000E+00     0.0000E+00     0.0000E+00     0.0000E+00     0.0000E+00     0.0000E+00     0.0000E+00     0.0000E+00     0.0000E+00     0.0000E+00    -0.1584E-08    -0.1584E-08     0.0000E+00     0.0000E+00     0.0000E+00     0.0000E+00     0.0000E+00     0.0000E+00     0.0000E+00     0.0000E+00     0.0000E+00     0.0000E+00     0.0000E+00     0.0000E+00     0.0000E+00     0.0000E+00     0.0000E+00     0.0000E+00     0.0000E+00     0.0000E+00     0.0000E+00     0.0000E+00     0.0000E+00     0.0000E+00     0.3188E+03     0.1151E-02     0.0000E+00     0.0000E+00     0.0000E+00     0.0000E+00     0.0000E+00     0.0000E+00     0.0000E+00     0.0000E+00     0.0000E+00     0.0000E+00     0.3843E-08     0.3843E-08     0.0000E+00     0.0000E+00     0.0000E+00     0.9667E-01
   365    12    31  2019        52         0  hru052               0.1267E+02     0.9305E+04     0.2916E+04     0.9862E+03     0.2036E+03     0.6639E-07     0.0000E+00     0.0000E+00     0.0000E+00     0.0000E+00     0.0000E+00     0.0000E+00     0.0000E+00     0.0000E+00     0.0000E+00     0.0000E+00    -0.2305E-08    -0.2305E-08     0.0000E+00     0.0000E+00     0.0000E+00     0.0000E+00     0.0000E+00     0.0000E+00     0.0000E+00     0.0000E+00     0.0000E+00     0.0000E+00     0.0000E+00     0.0000E+00     0.0000E+00     0.0000E+00     0.0000E+00     0.0000E+00     0.0000E+00     0.0000E+00     0.0000E+00     0.0000E+00     0.0000E+00     0.0000E+00     0.4641E+03     0.1849E-02     0.0000E+00     0.0000E+00     0.0000E+00     0.0000E+00     0.0000E+00     0.0000E+00     0.0000E+00     0.0000E+00     0.0000E+00     0.0000E+00     0.5595E-08     0.5595E-08     0.0000E+00     0.0000E+00     0.0000E+00     0.9665E-01
   365    12    31  2019        53         0  hru053               0.2819E+02     0.2064E+05     0.5959E+04     0.2192E+04     0.4515E+03     0.1049E-06     0.0000E+00     0.0000E+00     0.0000E+00     0.0000E+00     0.0000E+00     0.0000E+00     0.0000E+00     0.0000E+00     0.0000E+00     0.0000E+00    -0.5341E-08    -0.5341E-08     0.0000E+00     0.0000E+00     0.0000E+00     0.0000E+00     0.0000E+00     0.0000E+00     0.0000E+00     0.0000E+00     0.0000E+00     0.0000E+00     0.0000E+00     0.0000E+00     0.0000E+00     0.0000E+00     0.0000E+00     0.0000E+00     0.0000E+00     0.0000E+00     0.0000E+00     0.0000E+00     0.0000E+00     0.0000E+00     0.1071E+04     0.2921E-02     0.0000E+00     0.0000E+00     0.0000E+00     0.0000E+00     0.0000E+00     0.0000E+00     0.0000E+00     0.0000E+00     0.0000E+00     0.0000E+00     0.1291E-07     0.1291E-07     0.0000E+00     0.0000E+00     0.0000E+00     0.9288E-01
   365    12    31  2019        54         0  hru054               0.6646E+01     0.4895E+04     0.1536E+04     0.5199E+03     0.1071E+03     0.2625E-07     0.0000E+00     0.0000E+00     0.0000E+00     0.0000E+00     0.0000E+00     0.0000E+00     0.0000E+00     0.0000E+00     0.0000E+00     0.0000E+00    -0.1267E-08    -0.1267E-08     0.0000E+00     0.0000E+00     0.0000E+00     0.0000E+00     0.0000E+00     0.0000E+00     0.0000E+00     0.0000E+00     0.0000E+00     0.0000E+00     0.0000E+00     0.0000E+00     0.0000E+00     0.0000E+00     0.0000E+00     0.0000E+00     0.0000E+00     0.0000E+00     0.0000E+00     0.0000E+00     0.0000E+00     0.0000E+00     0.2441E+03     0.7312E-03     0.0000E+00     0.0000E+00     0.0000E+00     0.0000E+00     0.0000E+00     0.0000E+00     0.0000E+00     0.0000E+00     0.0000E+00     0.0000E+00     0.2942E-08     0.2942E-08     0.0000E+00     0.0000E+00     0.0000E+00     0.9666E-01
   365    12    31  2019       283         0  hru283               0.4072E+03     0.2999E+06     0.9407E+05     0.3187E+05     0.6561E+04     0.5834E-05     0.1885E-08     0.5522E-08     0.4866E-02     0.4097E+00     0.8370E-01     0.0000E+00     0.0000E+00     0.0000E+00     0.0000E+00     0.6038E-05     0.6988E-06     0.6988E-06     0.6038E-05     0.6038E-05     0.0000E+00     0.0000E+00     0.0000E+00     0.0000E+00     0.0000E+00     0.0000E+00     0.0000E+00     0.0000E+00     0.0000E+00     0.0000E+00     0.0000E+00     0.0000E+00     0.0000E+00     0.0000E+00     0.0000E+00     0.0000E+00     0.0000E+00     0.0000E+00     0.0000E+00     0.0000E+00     0.1496E+05     0.1622E+00     0.3174E-07     0.9470E-07     0.6033E-01     0.3670E+01     0.8519E+00     0.0000E+00     0.0000E+00     0.0000E+00     0.0000E+00     0.0000E+00     0.1245E-04     0.1245E-04     0.0000E+00     0.0000E+00     0.0000E+00     0.9665E-01
   365    12    31  2019       284         0  hru284               0.3057E+02     0.2251E+05     0.7068E+04     0.2391E+04     0.4925E+03     0.1132E-06     0.0000E+00     0.0000E+00     0.0000E+00     0.0000E+00     0.0000E+00     0.0000E+00     0.0000E+00     0.0000E+00     0.0000E+00     0.0000E+00    -0.5825E-08    -0.5825E-08     0.0000E+00     0.0000E+00     0.0000E+00     0.0000E+00     0.0000E+00     0.0000E+00     0.0000E+00     0.0000E+00     0.0000E+00     0.0000E+00     0.0000E+00     0.0000E+00     0.0000E+00     0.0000E+00     0.0000E+00     0.0000E+00     0.0000E+00     0.0000E+00     0.0000E+00     0.0000E+00     0.0000E+00     0.0000E+00     0.1122E+04     0.3154E-02     0.0000E+00     0.0000E+00     0.0000E+00     0.0000E+00     0.0000E+00     0.0000E+00     0.0000E+00     0.0000E+00     0.0000E+00     0.0000E+00     0.1353E-07     0.1353E-07     0.0000E+00     0.0000E+00     0.0000E+00     0.9670E-01
   365    12    31  2019       285         0  hru285               0.1220E+02     0.8985E+04     0.2820E+04     0.9543E+03     0.1966E+03     0.1544E-06     0.0000E+00     0.0000E+00     0.0000E+00     0.0000E+00     0.0000E+00     0.0000E+00     0.0000E+00     0.0000E+00     0.0000E+00     0.0000E+00    -0.1893E-08    -0.1893E-08     0.0000E+00     0.0000E+00     0.0000E+00     0.0000E+00     0.0000E+00     0.0000E+00     0.0000E+00     0.0000E+00     0.0000E+00     0.0000E+00     0.0000E+00     0.0000E+00     0.0000E+00     0.0000E+00     0.0000E+00     0.0000E+00     0.0000E+00     0.0000E+00     0.0000E+00     0.0000E+00     0.0000E+00     0.0000E+00     0.4478E+03     0.4300E-02     0.0000E+00     0.0000E+00     0.0000E+00     0.0000E+00     0.0000E+00     0.0000E+00     0.0000E+00     0.0000E+00     0.0000E+00     0.0000E+00     0.5401E-08     0.5401E-08     0.0000E+00     0.0000E+00     0.0000E+00     0.9671E-01
   365    12    31  2019       286         0  hru286               0.7123E+01     0.5246E+04     0.1647E+04     0.5573E+03     0.1148E+03     0.9802E-07     0.0000E+00     0.0000E+00     0.0000E+00     0.0000E+00     0.0000E+00     0.0000E+00     0.0000E+00     0.0000E+00     0.0000E+00     0.0000E+00    -0.1065E-08    -0.1065E-08     0.0000E+00     0.0000E+00     0.0000E+00     0.0000E+00     0.0000E+00     0.0000E+00     0.0000E+00     0.0000E+00     0.0000E+00     0.0000E+00     0.0000E+00     0.0000E+00     0.0000E+00     0.0000E+00     0.0000E+00     0.0000E+00     0.0000E+00     0.0000E+00     0.0000E+00     0.0000E+00     0.0000E+00     0.0000E+00     0.2615E+03     0.2730E-02     0.0000E+00     0.0000E+00     0.0000E+00     0.0000E+00     0.0000E+00     0.0000E+00     0.0000E+00     0.0000E+00     0.0000E+00     0.0000E+00     0.3154E-08     0.3154E-08     0.0000E+00     0.0000E+00     0.0000E+00     0.9671E-01
   365    12    31  2019       287         0  hru287               0.4184E+01     0.3082E+04     0.9674E+03     0.3273E+03     0.6741E+02     0.9239E-07     0.0000E+00     0.0000E+00     0.0000E+00     0.0000E+00     0.0000E+00     0.0000E+00     0.0000E+00     0.0000E+00     0.0000E+00     0.0000E+00    -0.5592E-09    -0.5592E-09     0.0000E+00     0.0000E+00     0.0000E+00     0.0000E+00     0.0000E+00     0.0000E+00     0.0000E+00     0.0000E+00     0.0000E+00     0.0000E+00     0.0000E+00     0.0000E+00     0.0000E+00     0.0000E+00     0.0000E+00     0.0000E+00     0.0000E+00     0.0000E+00     0.0000E+00     0.0000E+00     0.0000E+00     0.0000E+00     0.1536E+03     0.2573E-02     0.0000E+00     0.0000E+00     0.0000E+00     0.0000E+00     0.0000E+00     0.0000E+00     0.0000E+00     0.0000E+00     0.0000E+00     0.0000E+00     0.1854E-08     0.1854E-08     0.0000E+00     0.0000E+00     0.0000E+00     0.9670E-01
   366    12    31  2020        43         0  hru043               0.8709E+01     0.6102E+04     0.1974E+04     0.6572E+03     0.1390E+03    -0.1870E-08     0.0000E+00     0.0000E+00     0.0000E+00     0.0000E+00     0.0000E+00     0.0000E+00     0.0000E+00     0.0000E+00     0.0000E+00     0.0000E+00    -0.1870E-08    -0.1870E-08     0.0000E+00     0.0000E+00     0.0000E+00     0.0000E+00     0.0000E+00     0.0000E+00     0.0000E+00     0.0000E+00     0.0000E+00     0.0000E+00     0.0000E+00     0.0000E+00     0.0000E+00     0.0000E+00     0.0000E+00     0.0000E+00     0.0000E+00     0.0000E+00     0.0000E+00     0.0000E+00     0.0000E+00     0.0000E+00     0.2919E+03     0.1903E-06     0.7376E-09     0.2213E-08     0.1586E-05     0.1603E-04     0.2349E-04     0.0000E+00     0.0000E+00     0.0000E+00     0.0000E+00     0.0000E+00     0.1138E-05     0.1138E-05     0.0000E+00     0.0000E+00     0.0000E+00     0.5473E-01
   366    12    31  2020        44         0  hru044               0.1377E+02     0.9619E+04     0.2676E+04     0.1036E+04     0.2250E+03     0.2765E-01     0.1040E+00     0.5151E-01     0.4417E-02     0.3869E-02     0.8140E-02     0.0000E+00     0.0000E+00     0.0000E+00     0.0000E+00     0.0000E+00     0.4776E-03     0.5670E-03     0.0000E+00     0.0000E+00     0.0000E+00     0.0000E+00     0.0000E+00     0.0000E+00     0.0000E+00     0.0000E+00     0.0000E+00     0.0000E+00     0.0000E+00     0.0000E+00     0.0000E+00     0.0000E+00     0.0000E+00     0.0000E+00     0.0000E+00     0.0000E+00     0.0000E+00     0.0000E+00     0.0000E+00     0.0000E+00     0.5297E+03     0.5161E+01     0.9803E+01     0.5087E+01     0.2137E+00     0.1729E+00     0.4930E+00     0.0000E+00     0.0000E+00     0.0000E+00     0.0000E+00     0.0000E+00     0.7509E-01     0.8979E-01     0.0000E+00     0.0000E+00     0.0000E+00     0.4875E-01
   366    12    31  2020        45         0  hru045               0.6815E+01     0.4775E+04     0.1545E+04     0.5143E+03     0.1088E+03    -0.1463E-08     0.0000E+00     0.0000E+00     0.0000E+00     0.0000E+00     0.0000E+00     0.0000E+00     0.0000E+00     0.0000E+00     0.0000E+00     0.0000E+00    -0.1463E-08    -0.1463E-08     0.0000E+00     0.0000E+00     0.0000E+00     0.0000E+00     0.0000E+00     0.0000E+00     0.0000E+00     0.0000E+00     0.0000E+00     0.0000E+00     0.0000E+00     0.0000E+00     0.0000E+00     0.0000E+00     0.0000E+00     0.0000E+00     0.0000E+00     0.0000E+00     0.0000E+00     0.0000E+00     0.0000E+00     0.0000E+00     0.2284E+03     0.5220E-07     0.0000E+00     0.0000E+00     0.0000E+00     0.0000E+00     0.0000E+00     0.0000E+00     0.0000E+00     0.0000E+00     0.0000E+00     0.0000E+00     0.2741E-08     0.2741E-08     0.0000E+00     0.0000E+00     0.0000E+00     0.5473E-01
   366    12    31  2020        46         0  hru046               0.3194E+02     0.2238E+05     0.7240E+04     0.2410E+04     0.5096E+03    -0.6857E-08     0.0000E+00     0.0000E+00     0.0000E+00     0.0000E+00     0.0000E+00     0.0000E+00     0.0000E+00     0.0000E+00     0.0000E+00     0.0000E+00    -0.6857E-08    -0.6857E-08     0.0000E+00     0.0000E+00     0.0000E+00     0.0000E+00     0.0000E+00     0.0000E+00     0.0000E+00     0.0000E+00     0.0000E+00     0.0000E+00     0.0000E+00     0.0000E+00     0.0000E+00     0.0000E+00     0.0000E+00     0.0000E+00     0.0000E+00     0.0000E+00     0.0000E+00     0.0000E+00     0.0000E+00     0.0000E+00     0.1070E+04     0.3123E-06     0.0000E+00     0.0000E+00     0.0000E+00     0.0000E+00     0.0000E+00     0.0000E+00     0.0000E+00     0.0000E+00     0.0000E+00     0.0000E+00     0.1285E-07     0.1285E-07     0.0000E+00     0.0000E+00     0.0000E+00     0.5472E-01
   366    12    31  2020        47         0  hru047               0.5815E+02     0.4074E+05     0.1318E+05     0.4388E+04     0.9278E+03    -0.1248E-07     0.0000E+00     0.0000E+00     0.0000E+00     0.0000E+00     0.0000E+00     0.0000E+00     0.0000E+00     0.0000E+00     0.0000E+00     0.0000E+00    -0.1248E-07    -0.1248E-07     0.0000E+00     0.0000E+00     0.0000E+00     0.0000E+00     0.0000E+00     0.0000E+00     0.0000E+00     0.0000E+00     0.0000E+00     0.0000E+00     0.0000E+00     0.0000E+00     0.0000E+00     0.0000E+00     0.0000E+00     0.0000E+00     0.0000E+00     0.0000E+00     0.0000E+00     0.0000E+00     0.0000E+00     0.0000E+00     0.1949E+04     0.5208E-06     0.0000E+00     0.0000E+00     0.0000E+00     0.0000E+00     0.0000E+00     0.0000E+00     0.0000E+00     0.0000E+00     0.0000E+00     0.0000E+00     0.2339E-07     0.2339E-07     0.0000E+00     0.0000E+00     0.0000E+00     0.5472E-01
   366    12    31  2020        48         0  hru048               0.3640E+01     0.2550E+04     0.8255E+03     0.2747E+03     0.5807E+02    -0.7811E-09     0.0000E+00     0.0000E+00     0.0000E+00     0.0000E+00     0.0000E+00     0.0000E+00     0.0000E+00     0.0000E+00     0.0000E+00     0.0000E+00    -0.7811E-09    -0.7811E-09     0.0000E+00     0.0000E+00     0.0000E+00     0.0000E+00     0.0000E+00     0.0000E+00     0.0000E+00     0.0000E+00     0.0000E+00     0.0000E+00     0.0000E+00     0.0000E+00     0.0000E+00     0.0000E+00     0.0000E+00     0.0000E+00     0.0000E+00     0.0000E+00     0.0000E+00     0.0000E+00     0.0000E+00     0.0000E+00     0.1220E+03     0.8170E-08     0.0000E+00     0.0000E+00     0.0000E+00     0.0000E+00     0.0000E+00     0.0000E+00     0.0000E+00     0.0000E+00     0.0000E+00     0.0000E+00     0.1464E-08     0.1464E-08     0.0000E+00     0.0000E+00     0.0000E+00     0.5473E-01
   366    12    31  2020        49         0  hru049               0.4155E+01     0.2911E+04     0.9419E+03     0.3136E+03     0.6630E+02    -0.8919E-09     0.0000E+00     0.0000E+00     0.0000E+00     0.0000E+00     0.0000E+00     0.0000E+00     0.0000E+00     0.0000E+00     0.0000E+00     0.0000E+00    -0.8919E-09    -0.8919E-09     0.0000E+00     0.0000E+00     0.0000E+00     0.0000E+00     0.0000E+00     0.0000E+00     0.0000E+00     0.0000E+00     0.0000E+00     0.0000E+00     0.0000E+00     0.0000E+00     0.0000E+00     0.0000E+00     0.0000E+00     0.0000E+00     0.0000E+00     0.0000E+00     0.0000E+00     0.0000E+00     0.0000E+00     0.0000E+00     0.1392E+03     0.4590E-07     0.0000E+00     0.0000E+00     0.0000E+00     0.0000E+00     0.0000E+00     0.0000E+00     0.0000E+00     0.0000E+00     0.0000E+00     0.0000E+00     0.1671E-08     0.1671E-08     0.0000E+00     0.0000E+00     0.0000E+00     0.5472E-01
   366    12    31  2020        50         0  hru050               0.5956E+01     0.4173E+04     0.1350E+04     0.4495E+03     0.9503E+02    -0.1279E-08     0.0000E+00     0.0000E+00     0.0000E+00     0.0000E+00     0.0000E+00     0.0000E+00     0.0000E+00     0.0000E+00     0.0000E+00     0.0000E+00    -0.1279E-08    -0.1279E-08     0.0000E+00     0.0000E+00     0.0000E+00     0.0000E+00     0.0000E+00     0.0000E+00     0.0000E+00     0.0000E+00     0.0000E+00     0.0000E+00     0.0000E+00     0.0000E+00     0.0000E+00     0.0000E+00     0.0000E+00     0.0000E+00     0.0000E+00     0.0000E+00     0.0000E+00     0.0000E+00     0.0000E+00     0.0000E+00     0.1996E+03     0.2230E-06     0.0000E+00     0.0000E+00     0.0000E+00     0.0000E+00     0.0000E+00     0.0000E+00     0.0000E+00     0.0000E+00     0.0000E+00     0.0000E+00     0.2395E-08     0.2395E-08     0.0000E+00     0.0000E+00     0.0000E+00     0.5472E-01
   366    12    31  2020        51         0  hru051               0.9013E+01     0.6314E+04     0.2043E+04     0.6801E+03     0.1438E+03    -0.1935E-08     0.0000E+00     0.0000E+00     0.0000E+00     0.0000E+00     0.0000E+00     0.0000E+00     0.0000E+00     0.0000E+00     0.0000E+00     0.0000E+00    -0.1935E-08    -0.1935E-08     0.0000E+00     0.0000E+00     0.0000E+00     0.0000E+00     0.0000E+00     0.0000E+00     0.0000E+00     0.0000E+00     0.0000E+00     0.0000E+00     0.0000E+00     0.0000E+00     0.0000E+00     0.0000E+00     0.0000E+00     0.0000E+00     0.0000E+00     0.0000E+00     0.0000E+00     0.0000E+00     0.0000E+00     0.0000E+00     0.3021E+03     0.4343E-07     0.0000E+00     0.0000E+00     0.0000E+00     0.0000E+00     0.0000E+00     0.0000E+00     0.0000E+00     0.0000E+00     0.0000E+00     0.0000E+00     0.3625E-08     0.3625E-08     0.0000E+00     0.0000E+00     0.0000E+00     0.5473E-01
   366    12    31  2020        52         0  hru052               0.1312E+02     0.9190E+04     0.2973E+04     0.9899E+03     0.2094E+03    -0.2817E-08     0.0000E+00     0.0000E+00     0.0000E+00     0.0000E+00     0.0000E+00     0.0000E+00     0.0000E+00     0.0000E+00     0.0000E+00     0.0000E+00    -0.2817E-08    -0.2817E-08     0.0000E+00     0.0000E+00     0.0000E+00     0.0000E+00     0.0000E+00     0.0000E+00     0.0000E+00     0.0000E+00     0.0000E+00     0.0000E+00     0.0000E+00     0.0000E+00     0.0000E+00     0.0000E+00     0.0000E+00     0.0000E+00     0.0000E+00     0.0000E+00     0.0000E+00     0.0000E+00     0.0000E+00     0.0000E+00     0.4397E+03     0.6942E-07     0.0000E+00     0.0000E+00     0.0000E+00     0.0000E+00     0.0000E+00     0.0000E+00     0.0000E+00     0.0000E+00     0.0000E+00     0.0000E+00     0.5276E-08     0.5276E-08     0.0000E+00     0.0000E+00     0.0000E+00     0.5472E-01
   366    12    31  2020        53         0  hru053               0.2910E+02     0.2039E+05     0.5625E+04     0.2196E+04     0.4643E+03    -0.7218E-08     0.0000E+00     0.0000E+00     0.0000E+00     0.0000E+00     0.0000E+00     0.0000E+00     0.0000E+00     0.0000E+00     0.0000E+00     0.0000E+00    -0.7218E-08    -0.7218E-08     0.0000E+00     0.0000E+00     0.0000E+00     0.0000E+00     0.0000E+00     0.0000E+00     0.0000E+00     0.0000E+00     0.0000E+00     0.0000E+00     0.0000E+00     0.0000E+00     0.0000E+00     0.0000E+00     0.0000E+00     0.0000E+00     0.0000E+00     0.0000E+00     0.0000E+00     0.0000E+00     0.0000E+00     0.0000E+00     0.1056E+04     0.2133E-03     0.2265E-02     0.7932E-03     0.7823E-03     0.2272E-02     0.1561E-02     0.0000E+00     0.0000E+00     0.0000E+00     0.0000E+00     0.0000E+00     0.1496E-04     0.1663E-04     0.0000E+00     0.0000E+00     0.0000E+00     0.5052E-01
   366    12    31  2020        54         0  hru054               0.6901E+01     0.4835E+04     0.1564E+04     0.5208E+03     0.1101E+03    -0.1481E-08     0.0000E+00     0.0000E+00     0.0000E+00     0.0000E+00     0.0000E+00     0.0000E+00     0.0000E+00     0.0000E+00     0.0000E+00     0.0000E+00    -0.1481E-08    -0.1481E-08     0.0000E+00     0.0000E+00     0.0000E+00     0.0000E+00     0.0000E+00     0.0000E+00     0.0000E+00     0.0000E+00     0.0000E+00     0.0000E+00     0.0000E+00     0.0000E+00     0.0000E+00     0.0000E+00     0.0000E+00     0.0000E+00     0.0000E+00     0.0000E+00     0.0000E+00     0.0000E+00     0.0000E+00     0.0000E+00     0.2313E+03     0.2788E-07     0.0000E+00     0.0000E+00     0.0000E+00     0.0000E+00     0.0000E+00     0.0000E+00     0.0000E+00     0.0000E+00     0.0000E+00     0.0000E+00     0.2775E-08     0.2775E-08     0.0000E+00     0.0000E+00     0.0000E+00     0.5472E-01
   366    12    31  2020       283         0  hru283               0.4228E+03     0.2962E+06     0.9579E+05     0.3191E+05     0.6747E+04    -0.8332E-07     0.1704E-08     0.5107E-08     0.4503E-02     0.7192E-01     0.2246E-01     0.0000E+00     0.0000E+00     0.0000E+00     0.0000E+00     0.7526E-05     0.6616E-06     0.6616E-06     0.7526E-05     0.7526E-05     0.0000E+00     0.0000E+00     0.0000E+00     0.0000E+00     0.0000E+00     0.0000E+00     0.0000E+00     0.0000E+00     0.0000E+00     0.0000E+00     0.0000E+00     0.0000E+00     0.0000E+00     0.0000E+00     0.0000E+00     0.0000E+00     0.0000E+00     0.0000E+00     0.0000E+00     0.0000E+00     0.1419E+05     0.5928E-05     0.2772E-07     0.8243E-07     0.6201E-01     0.5034E+01     0.1116E+01     0.0000E+00     0.0000E+00     0.0000E+00     0.0000E+00     0.0000E+00     0.1200E-04     0.1200E-04     0.0000E+00     0.0000E+00     0.0000E+00     0.5467E-01
   366    12    31  2020       284         0  hru284               0.3174E+02     0.2224E+05     0.7195E+04     0.2395E+04     0.5064E+03    -0.6814E-08     0.0000E+00     0.0000E+00     0.0000E+00     0.0000E+00     0.0000E+00     0.0000E+00     0.0000E+00     0.0000E+00     0.0000E+00     0.0000E+00    -0.6814E-08    -0.6814E-08     0.0000E+00     0.0000E+00     0.0000E+00     0.0000E+00     0.0000E+00     0.0000E+00     0.0000E+00     0.0000E+00     0.0000E+00     0.0000E+00     0.0000E+00     0.0000E+00     0.0000E+00     0.0000E+00     0.0000E+00     0.0000E+00     0.0000E+00     0.0000E+00     0.0000E+00     0.0000E+00     0.0000E+00     0.0000E+00     0.1064E+04     0.1208E-06     0.0000E+00     0.0000E+00     0.0000E+00     0.0000E+00     0.0000E+00     0.0000E+00     0.0000E+00     0.0000E+00     0.0000E+00     0.0000E+00     0.1276E-07     0.1276E-07     0.0000E+00     0.0000E+00     0.0000E+00     0.5472E-01
   366    12    31  2020       285         0  hru285               0.1267E+02     0.8874E+04     0.2871E+04     0.9559E+03     0.2021E+03    -0.2719E-08     0.0000E+00     0.0000E+00     0.0000E+00     0.0000E+00     0.0000E+00     0.0000E+00     0.0000E+00     0.0000E+00     0.0000E+00     0.0000E+00    -0.2719E-08    -0.2719E-08     0.0000E+00     0.0000E+00     0.0000E+00     0.0000E+00     0.0000E+00     0.0000E+00     0.0000E+00     0.0000E+00     0.0000E+00     0.0000E+00     0.0000E+00     0.0000E+00     0.0000E+00     0.0000E+00     0.0000E+00     0.0000E+00     0.0000E+00     0.0000E+00     0.0000E+00     0.0000E+00     0.0000E+00     0.0000E+00     0.4245E+03     0.1571E-06     0.0000E+00     0.0000E+00     0.0000E+00     0.0000E+00     0.0000E+00     0.0000E+00     0.0000E+00     0.0000E+00     0.0000E+00     0.0000E+00     0.5094E-08     0.5094E-08     0.0000E+00     0.0000E+00     0.0000E+00     0.5473E-01
   366    12    31  2020       286         0  hru286               0.7396E+01     0.5182E+04     0.1677E+04     0.5582E+03     0.1180E+03    -0.1588E-08     0.0000E+00     0.0000E+00     0.0000E+00     0.0000E+00     0.0000E+00     0.0000E+00     0.0000E+00     0.0000E+00     0.0000E+00     0.0000E+00    -0.1588E-08    -0.1588E-08     0.0000E+00     0.0000E+00     0.0000E+00     0.0000E+00     0.0000E+00     0.0000E+00     0.0000E+00     0.0000E+00     0.0000E+00     0.0000E+00     0.0000E+00     0.0000E+00     0.0000E+00     0.0000E+00     0.0000E+00     0.0000E+00     0.0000E+00     0.0000E+00     0.0000E+00     0.0000E+00     0.0000E+00     0.0000E+00     0.2479E+03     0.9959E-07     0.0000E+00     0.0000E+00     0.0000E+00     0.0000E+00     0.0000E+00     0.0000E+00     0.0000E+00     0.0000E+00     0.0000E+00     0.0000E+00     0.2975E-08     0.2975E-08     0.0000E+00     0.0000E+00     0.0000E+00     0.5473E-01
   366    12    31  2020       287         0  hru287               0.4344E+01     0.3044E+04     0.9848E+03     0.3279E+03     0.6931E+02    -0.9326E-09     0.0000E+00     0.0000E+00     0.0000E+00     0.0000E+00     0.0000E+00     0.0000E+00     0.0000E+00     0.0000E+00     0.0000E+00     0.0000E+00    -0.9326E-09    -0.9326E-09     0.0000E+00     0.0000E+00     0.0000E+00     0.0000E+00     0.0000E+00     0.0000E+00     0.0000E+00     0.0000E+00     0.0000E+00     0.0000E+00     0.0000E+00     0.0000E+00     0.0000E+00     0.0000E+00     0.0000E+00     0.0000E+00     0.0000E+00     0.0000E+00     0.0000E+00     0.0000E+00     0.0000E+00     0.0000E+00     0.1456E+03     0.9328E-07     0.0000E+00     0.0000E+00     0.0000E+00     0.0000E+00     0.0000E+00     0.0000E+00     0.0000E+00     0.0000E+00     0.0000E+00     0.0000E+00     0.1747E-08     0.1747E-08     0.0000E+00     0.0000E+00     0.0000E+00     0.5472E-01
   365    12    31  2021        43         0  hru043               0.8686E+01     0.5442E+04     0.2156E+04     0.6572E+03     0.2035E+03     0.1148E-01     0.2125E+00     0.1530E+00     0.4528E-01     0.1774E+00     0.3088E-01     0.0000E+00     0.0000E+00     0.0000E+00     0.0000E+00     0.0000E+00     0.2571E-03     0.3074E-03     0.0000E+00     0.0000E+00     0.0000E+00     0.0000E+00     0.0000E+00     0.0000E+00     0.0000E+00     0.0000E+00     0.0000E+00     0.0000E+00     0.0000E+00     0.0000E+00     0.0000E+00     0.0000E+00     0.0000E+00     0.0000E+00     0.0000E+00     0.0000E+00     0.0000E+00     0.0000E+00     0.0000E+00     0.0000E+00     0.2214E+03     0.5058E-01     0.1422E+00     0.7522E-01     0.1654E-01     0.6222E-01     0.1832E-01     0.0000E+00     0.0000E+00     0.0000E+00     0.0000E+00     0.0000E+00     0.5168E-03     0.6174E-03     0.0000E+00     0.0000E+00     0.0000E+00     0.1825E+00
   365    12    31  2021        44         0  hru044               0.1413E+02     0.8579E+04     0.2974E+04     0.1039E+04     0.3564E+03     0.5685E+00     0.2346E+01     0.1236E+01     0.1200E+00     0.3883E-01     0.9855E-01     0.0000E+00     0.0000E+00     0.0000E+00     0.0000E+00     0.0000E+00     0.1296E-01     0.1550E-01     0.0000E+00     0.0000E+00     0.0000E+00     0.0000E+00     0.0000E+00     0.0000E+00     0.0000E+00     0.0000E+00     0.0000E+00     0.0000E+00     0.0000E+00     0.0000E+00     0.0000E+00     0.0000E+00     0.0000E+00     0.0000E+00     0.0000E+00     0.0000E+00     0.0000E+00     0.0000E+00     0.0000E+00     0.0000E+00     0.4016E+03     0.3722E+01     0.4577E+01     0.2380E+01     0.2323E+00     0.9914E-01     0.2566E+00     0.0000E+00     0.0000E+00     0.0000E+00     0.0000E+00     0.0000E+00     0.4817E-01     0.5756E-01     0.0000E+00     0.0000E+00     0.0000E+00     0.1773E+00
   365    12    31  2021        45         0  hru045               0.6797E+01     0.4258E+04     0.1685E+04     0.5143E+03     0.1540E+03     0.4109E-06     0.0000E+00     0.0000E+00     0.0000E+00     0.0000E+00     0.0000E+00     0.0000E+00     0.0000E+00     0.0000E+00     0.0000E+00     0.0000E+00    -0.7015E-09    -0.7015E-09     0.0000E+00     0.0000E+00     0.0000E+00     0.0000E+00     0.0000E+00     0.0000E+00     0.0000E+00     0.0000E+00     0.0000E+00     0.0000E+00     0.0000E+00     0.0000E+00     0.0000E+00     0.0000E+00     0.0000E+00     0.0000E+00     0.0000E+00     0.0000E+00     0.0000E+00     0.0000E+00     0.0000E+00     0.0000E+00     0.1715E+03     0.2200E-02     0.0000E+00     0.0000E+00     0.0000E+00     0.0000E+00     0.0000E+00     0.0000E+00     0.0000E+00     0.0000E+00     0.0000E+00     0.0000E+00     0.2078E-08     0.2078E-08     0.0000E+00     0.0000E+00     0.0000E+00     0.1814E+00
   365    12    31  2021        46         0  hru046               0.3186E+02     0.1996E+05     0.7900E+04     0.2410E+04     0.7226E+03     0.9329E-04     0.4827E-03     0.1646E-03     0.1187E+00     0.1543E-02     0.7656E-03     0.0000E+00     0.0000E+00     0.0000E+00     0.0000E+00     0.8125E-04     0.1525E-05     0.1734E-05     0.1676E-04     0.1598E-04     0.0000E+00     0.0000E+00     0.0000E+00     0.0000E+00     0.0000E+00     0.0000E+00     0.0000E+00     0.0000E+00     0.0000E+00     0.0000E+00     0.0000E+00     0.0000E+00     0.0000E+00     0.0000E+00     0.0000E+00     0.0000E+00     0.0000E+00     0.0000E+00     0.0000E+00     0.0000E+00     0.8044E+03     0.1656E-01     0.1161E-01     0.3968E-02     0.4107E-01     0.1312E-01     0.5223E-02     0.0000E+00     0.0000E+00     0.0000E+00     0.0000E+00     0.0000E+00     0.3975E-04     0.4735E-04     0.0000E+00     0.0000E+00     0.0000E+00     0.1814E+00
   365    12    31  2021        47         0  hru047               0.5800E+02     0.3633E+05     0.1437E+05     0.4388E+04     0.1314E+04     0.4104E-05     0.0000E+00     0.0000E+00     0.0000E+00     0.0000E+00     0.0000E+00     0.0000E+00     0.0000E+00     0.0000E+00     0.0000E+00     0.0000E+00    -0.5985E-08    -0.5985E-08     0.0000E+00     0.0000E+00     0.0000E+00     0.0000E+00     0.0000E+00     0.0000E+00     0.0000E+00     0.0000E+00     0.0000E+00     0.0000E+00     0.0000E+00     0.0000E+00     0.0000E+00     0.0000E+00     0.0000E+00     0.0000E+00     0.0000E+00     0.0000E+00     0.0000E+00     0.0000E+00     0.0000E+00     0.0000E+00     0.1464E+04     0.2197E-01     0.0000E+00     0.0000E+00     0.0000E+00     0.0000E+00     0.0000E+00     0.0000E+00     0.0000E+00     0.0000E+00     0.0000E+00     0.0000E+00     0.1774E-07     0.1774E-07     0.0000E+00     0.0000E+00     0.0000E+00     0.1814E+00
   365    12    31  2021        48         0  hru048               0.3630E+01     0.2274E+04     0.8949E+03     0.2747E+03     0.8227E+02     0.5743E-07     0.0000E+00     0.0000E+00     0.0000E+00     0.0000E+00     0.0000E+00     0.0000E+00     0.0000E+00     0.0000E+00     0.0000E+00     0.0000E+00    -0.4408E-09    -0.4408E-09     0.0000E+00     0.0000E+00     0.0000E+00     0.0000E+00     0.0000E+00     0.0000E+00     0.0000E+00     0.0000E+00     0.0000E+00     0.0000E+00     0.0000E+00     0.0000E+00     0.0000E+00     0.0000E+00     0.0000E+00     0.0000E+00     0.0000E+00     0.0000E+00     0.0000E+00     0.0000E+00     0.0000E+00     0.0000E+00     0.9201E+02     0.3074E-03     0.0000E+00     0.0000E+00     0.0000E+00     0.0000E+00     0.0000E+00     0.0000E+00     0.0000E+00     0.0000E+00     0.0000E+00     0.0000E+00     0.1109E-08     0.1109E-08     0.0000E+00     0.0000E+00     0.0000E+00     0.1809E+00
   365    12    31  2021        49         0  hru049               0.4144E+01     0.2596E+04     0.1022E+04     0.3136E+03     0.9391E+02     0.3589E-06     0.0000E+00     0.0000E+00     0.0000E+00     0.0000E+00     0.0000E+00     0.0000E+00     0.0000E+00     0.0000E+00     0.0000E+00     0.0000E+00    -0.4277E-09    -0.4277E-09     0.0000E+00     0.0000E+00     0.0000E+00     0.0000E+00     0.0000E+00     0.0000E+00     0.0000E+00     0.0000E+00     0.0000E+00     0.0000E+00     0.0000E+00     0.0000E+00     0.0000E+00     0.0000E+00     0.0000E+00     0.0000E+00     0.0000E+00     0.0000E+00     0.0000E+00     0.0000E+00     0.0000E+00     0.0000E+00     0.1050E+03     0.1922E-02     0.0000E+00     0.0000E+00     0.0000E+00     0.0000E+00     0.0000E+00     0.0000E+00     0.0000E+00     0.0000E+00     0.0000E+00     0.0000E+00     0.1272E-08     0.1272E-08     0.0000E+00     0.0000E+00     0.0000E+00     0.1810E+00
   365    12    31  2021        50         0  hru050               0.5940E+01     0.3722E+04     0.1465E+04     0.4495E+03     0.1346E+03     0.1769E-05     0.0000E+00     0.0000E+00     0.0000E+00     0.0000E+00     0.0000E+00     0.0000E+00     0.0000E+00     0.0000E+00     0.0000E+00     0.0000E+00    -0.4342E-09    -0.4342E-09     0.0000E+00     0.0000E+00     0.0000E+00     0.0000E+00     0.0000E+00     0.0000E+00     0.0000E+00     0.0000E+00     0.0000E+00     0.0000E+00     0.0000E+00     0.0000E+00     0.0000E+00     0.0000E+00     0.0000E+00     0.0000E+00     0.0000E+00     0.0000E+00     0.0000E+00     0.0000E+00     0.0000E+00     0.0000E+00     0.1505E+03     0.9473E-02     0.0000E+00     0.0000E+00     0.0000E+00     0.0000E+00     0.0000E+00     0.0000E+00     0.0000E+00     0.0000E+00     0.0000E+00     0.0000E+00     0.1826E-08     0.1826E-08     0.0000E+00     0.0000E+00     0.0000E+00     0.1810E+00
   365    12    31  2021        51         0  hru051               0.8989E+01     0.5631E+04     0.2217E+04     0.6801E+03     0.2037E+03     0.3296E-06     0.0000E+00     0.0000E+00     0.0000E+00     0.0000E+00     0.0000E+00     0.0000E+00     0.0000E+00     0.0000E+00     0.0000E+00     0.0000E+00    -0.9799E-09    -0.9799E-09     0.0000E+00     0.0000E+00     0.0000E+00     0.0000E+00     0.0000E+00     0.0000E+00     0.0000E+00     0.0000E+00     0.0000E+00     0.0000E+00     0.0000E+00     0.0000E+00     0.0000E+00     0.0000E+00     0.0000E+00     0.0000E+00     0.0000E+00     0.0000E+00     0.0000E+00     0.0000E+00     0.0000E+00     0.0000E+00     0.2278E+03     0.1765E-02     0.0000E+00     0.0000E+00     0.0000E+00     0.0000E+00     0.0000E+00     0.0000E+00     0.0000E+00     0.0000E+00     0.0000E+00     0.0000E+00     0.2759E-08     0.2759E-08     0.0000E+00     0.0000E+00     0.0000E+00     0.1809E+00
   365    12    31  2021        52         0  hru052               0.1308E+02     0.8196E+04     0.3225E+04     0.9899E+03     0.2965E+03     0.5289E-06     0.0000E+00     0.0000E+00     0.0000E+00     0.0000E+00     0.0000E+00     0.0000E+00     0.0000E+00     0.0000E+00     0.0000E+00     0.0000E+00    -0.1426E-08    -0.1426E-08     0.0000E+00     0.0000E+00     0.0000E+00     0.0000E+00     0.0000E+00     0.0000E+00     0.0000E+00     0.0000E+00     0.0000E+00     0.0000E+00     0.0000E+00     0.0000E+00     0.0000E+00     0.0000E+00     0.0000E+00     0.0000E+00     0.0000E+00     0.0000E+00     0.0000E+00     0.0000E+00     0.0000E+00     0.0000E+00     0.3316E+03     0.2832E-02     0.0000E+00     0.0000E+00     0.0000E+00     0.0000E+00     0.0000E+00     0.0000E+00     0.0000E+00     0.0000E+00     0.0000E+00     0.0000E+00     0.4016E-08     0.4016E-08     0.0000E+00     0.0000E+00     0.0000E+00     0.1809E+00
   365    12    31  2021        53         0  hru053               0.2995E+02     0.1818E+05     0.6462E+04     0.2202E+04     0.6577E+03    -0.6699E-08     0.0000E+00     0.0000E+00     0.0000E+00     0.0000E+00     0.0000E+00     0.0000E+00     0.0000E+00     0.0000E+00     0.0000E+00     0.0000E+00    -0.6699E-08    -0.6699E-08     0.0000E+00     0.0000E+00     0.0000E+00     0.0000E+00     0.0000E+00     0.0000E+00     0.0000E+00     0.0000E+00     0.0000E+00     0.0000E+00     0.0000E+00     0.0000E+00     0.0000E+00     0.0000E+00     0.0000E+00     0.0000E+00     0.0000E+00     0.0000E+00     0.0000E+00     0.0000E+00     0.0000E+00     0.0000E+00     0.7872E+03     0.9446E-08     0.0000E+00     0.0000E+00     0.0000E+00     0.0000E+00     0.0000E+00     0.0000E+00     0.0000E+00     0.0000E+00     0.0000E+00     0.0000E+00     0.9446E-08     0.9446E-08     0.0000E+00     0.0000E+00     0.0000E+00     0.1735E+00
   365    12    31  2021        54         0  hru054               0.6883E+01     0.4312E+04     0.1697E+04     0.5208E+03     0.1560E+03     0.2094E-06     0.0000E+00     0.0000E+00     0.0000E+00     0.0000E+00     0.0000E+00     0.0000E+00     0.0000E+00     0.0000E+00     0.0000E+00     0.0000E+00    -0.7764E-09    -0.7764E-09     0.0000E+00     0.0000E+00     0.0000E+00     0.0000E+00     0.0000E+00     0.0000E+00     0.0000E+00     0.0000E+00     0.0000E+00     0.0000E+00     0.0000E+00     0.0000E+00     0.0000E+00     0.0000E+00     0.0000E+00     0.0000E+00     0.0000E+00     0.0000E+00     0.0000E+00     0.0000E+00     0.0000E+00     0.0000E+00     0.1744E+03     0.1121E-02     0.0000E+00     0.0000E+00     0.0000E+00     0.0000E+00     0.0000E+00     0.0000E+00     0.0000E+00     0.0000E+00     0.0000E+00     0.0000E+00     0.2112E-08     0.2112E-08     0.0000E+00     0.0000E+00     0.0000E+00     0.1809E+00
   365    12    31  2021       283         0  hru283               0.4217E+03     0.2642E+06     0.1041E+06     0.3191E+05     0.9557E+04     0.4703E-04     0.1744E-08     0.5232E-08     0.5012E-02     0.4297E-01     0.1651E-01     0.0000E+00     0.0000E+00     0.0000E+00     0.0000E+00     0.3391E-05     0.6616E-06     0.6616E-06     0.3391E-05     0.3391E-05     0.0000E+00     0.0000E+00     0.0000E+00     0.0000E+00     0.0000E+00     0.0000E+00     0.0000E+00     0.0000E+00     0.0000E+00     0.0000E+00     0.0000E+00     0.0000E+00     0.0000E+00     0.0000E+00     0.0000E+00     0.0000E+00     0.0000E+00     0.0000E+00     0.0000E+00     0.0000E+00     0.1068E+05     0.2516E+00     0.8511E-03     0.2607E-03     0.4073E-01     0.1481E+01     0.3410E+00     0.0000E+00     0.0000E+00     0.0000E+00     0.0000E+00     0.0000E+00     0.1797E-04     0.1890E-04     0.0000E+00     0.0000E+00     0.0000E+00     0.1810E+00
   365    12    31  2021       284         0  hru284               0.3166E+02     0.1983E+05     0.7846E+04     0.2395E+04     0.7174E+03     0.9173E-06     0.0000E+00     0.0000E+00     0.0000E+00     0.0000E+00     0.0000E+00     0.0000E+00     0.0000E+00     0.0000E+00     0.0000E+00     0.0000E+00    -0.3592E-08    -0.3592E-08     0.0000E+00     0.0000E+00     0.0000E+00     0.0000E+00     0.0000E+00     0.0000E+00     0.0000E+00     0.0000E+00     0.0000E+00     0.0000E+00     0.0000E+00     0.0000E+00     0.0000E+00     0.0000E+00     0.0000E+00     0.0000E+00     0.0000E+00     0.0000E+00     0.0000E+00     0.0000E+00     0.0000E+00     0.0000E+00     0.7988E+03     0.4911E-02     0.0000E+00     0.0000E+00     0.0000E+00     0.0000E+00     0.0000E+00     0.0000E+00     0.0000E+00     0.0000E+00     0.0000E+00     0.0000E+00     0.9674E-08     0.9674E-08     0.0000E+00     0.0000E+00     0.0000E+00     0.1814E+00
   365    12    31  2021       285         0  hru285               0.1263E+02     0.7914E+04     0.3131E+04     0.9559E+03     0.2863E+03     0.1252E-05     0.0000E+00     0.0000E+00     0.0000E+00     0.0000E+00     0.0000E+00     0.0000E+00     0.0000E+00     0.0000E+00     0.0000E+00     0.0000E+00    -0.1162E-08    -0.1162E-08     0.0000E+00     0.0000E+00     0.0000E+00     0.0000E+00     0.0000E+00     0.0000E+00     0.0000E+00     0.0000E+00     0.0000E+00     0.0000E+00     0.0000E+00     0.0000E+00     0.0000E+00     0.0000E+00     0.0000E+00     0.0000E+00     0.0000E+00     0.0000E+00     0.0000E+00     0.0000E+00     0.0000E+00     0.0000E+00     0.3187E+03     0.6701E-02     0.0000E+00     0.0000E+00     0.0000E+00     0.0000E+00     0.0000E+00     0.0000E+00     0.0000E+00     0.0000E+00     0.0000E+00     0.0000E+00     0.3863E-08     0.3863E-08     0.0000E+00     0.0000E+00     0.0000E+00     0.1814E+00
   365    12    31  2021       286         0  hru286               0.7377E+01     0.4621E+04     0.1828E+04     0.5582E+03     0.1672E+03     0.7947E-06     0.0000E+00     0.0000E+00     0.0000E+00     0.0000E+00     0.0000E+00     0.0000E+00     0.0000E+00     0.0000E+00     0.0000E+00     0.0000E+00    -0.6394E-09    -0.6394E-09     0.0000E+00     0.0000E+00     0.0000E+00     0.0000E+00     0.0000E+00     0.0000E+00     0.0000E+00     0.0000E+00     0.0000E+00     0.0000E+00     0.0000E+00     0.0000E+00     0.0000E+00     0.0000E+00     0.0000E+00     0.0000E+00     0.0000E+00     0.0000E+00     0.0000E+00     0.0000E+00     0.0000E+00     0.0000E+00     0.1861E+03     0.4255E-02     0.0000E+00     0.0000E+00     0.0000E+00     0.0000E+00     0.0000E+00     0.0000E+00     0.0000E+00     0.0000E+00     0.0000E+00     0.0000E+00     0.2255E-08     0.2255E-08     0.0000E+00     0.0000E+00     0.0000E+00     0.1814E+00
   365    12    31  2021       287         0  hru287               0.4333E+01     0.2714E+04     0.1074E+04     0.3279E+03     0.9819E+02     0.7465E-06     0.0000E+00     0.0000E+00     0.0000E+00     0.0000E+00     0.0000E+00     0.0000E+00     0.0000E+00     0.0000E+00     0.0000E+00     0.0000E+00    -0.3620E-09    -0.3620E-09     0.0000E+00     0.0000E+00     0.0000E+00     0.0000E+00     0.0000E+00     0.0000E+00     0.0000E+00     0.0000E+00     0.0000E+00     0.0000E+00     0.0000E+00     0.0000E+00     0.0000E+00     0.0000E+00     0.0000E+00     0.0000E+00     0.0000E+00     0.0000E+00     0.0000E+00     0.0000E+00     0.0000E+00     0.0000E+00     0.1094E+03     0.3997E-02     0.0000E+00     0.0000E+00     0.0000E+00     0.0000E+00     0.0000E+00     0.0000E+00     0.0000E+00     0.0000E+00     0.0000E+00     0.0000E+00     0.1326E-08     0.1326E-08     0.0000E+00     0.0000E+00     0.0000E+00     0.1814E+00
   365    12    31  2022        43         0  hru043               0.8348E+01     0.4768E+04     0.1820E+04     0.6221E+03     0.1751E+03     0.3118E-03     0.1488E-02     0.8813E-03     0.1182E-02     0.1801E-02     0.7678E-03     0.0000E+00     0.0000E+00     0.0000E+00     0.0000E+00     0.0000E+00     0.4460E-05     0.5177E-05     0.0000E+00     0.0000E+00     0.0000E+00     0.0000E+00     0.0000E+00     0.0000E+00     0.0000E+00     0.0000E+00     0.0000E+00     0.0000E+00     0.0000E+00     0.0000E+00     0.0000E+00     0.0000E+00     0.0000E+00     0.0000E+00     0.0000E+00     0.0000E+00     0.0000E+00     0.0000E+00     0.0000E+00     0.0000E+00     0.2028E+03     0.1215E-01     0.1749E+00     0.1114E+00     0.3908E-01     0.1325E+00     0.3226E-01     0.0000E+00     0.0000E+00     0.0000E+00     0.0000E+00     0.0000E+00     0.2692E-03     0.3209E-03     0.0000E+00     0.0000E+00     0.0000E+00     0.1762E+00
   365    12    31  2022        44         0  hru044               0.1324E+02     0.7517E+04     0.2323E+04     0.9884E+03     0.2781E+03     0.1009E+00     0.1671E+00     0.8513E-01     0.1393E-01     0.4985E-02     0.1240E-01     0.0000E+00     0.0000E+00     0.0000E+00     0.0000E+00     0.0000E+00     0.1211E-02     0.1444E-02     0.0000E+00     0.0000E+00     0.0000E+00     0.0000E+00     0.0000E+00     0.0000E+00     0.0000E+00     0.0000E+00     0.0000E+00     0.0000E+00     0.0000E+00     0.0000E+00     0.0000E+00     0.0000E+00     0.0000E+00     0.0000E+00     0.0000E+00     0.0000E+00     0.0000E+00     0.0000E+00     0.0000E+00     0.0000E+00     0.3890E+03     0.4064E+01     0.7807E+01     0.4015E+01     0.1843E+00     0.1540E+00     0.4122E+00     0.0000E+00     0.0000E+00     0.0000E+00     0.0000E+00     0.0000E+00     0.5646E-01     0.6751E-01     0.0000E+00     0.0000E+00     0.0000E+00     0.1581E+00
   365    12    31  2022        45         0  hru045               0.6533E+01     0.3731E+04     0.1424E+04     0.4868E+03     0.1367E+03    -0.7821E-09     0.0000E+00     0.0000E+00     0.0000E+00     0.0000E+00     0.0000E+00     0.0000E+00     0.0000E+00     0.0000E+00     0.0000E+00     0.0000E+00    -0.7821E-09    -0.7821E-09     0.0000E+00     0.0000E+00     0.0000E+00     0.0000E+00     0.0000E+00     0.0000E+00     0.0000E+00     0.0000E+00     0.0000E+00     0.0000E+00     0.0000E+00     0.0000E+00     0.0000E+00     0.0000E+00     0.0000E+00     0.0000E+00     0.0000E+00     0.0000E+00     0.0000E+00     0.0000E+00     0.0000E+00     0.0000E+00     0.1582E+03     0.4098E-06     0.0000E+00     0.0000E+00     0.0000E+00     0.0000E+00     0.0000E+00     0.0000E+00     0.0000E+00     0.0000E+00     0.0000E+00     0.0000E+00     0.1898E-08     0.1898E-08     0.0000E+00     0.0000E+00     0.0000E+00     0.1763E+00
   365    12    31  2022        46         0  hru046               0.3062E+02     0.1749E+05     0.6674E+04     0.2281E+04     0.6408E+03     0.2066E-05     0.4970E-05     0.1780E-05     0.8372E-02     0.2466E-03     0.1718E-03     0.0000E+00     0.0000E+00     0.0000E+00     0.0000E+00     0.2596E-03     0.4678E-06     0.4726E-06     0.5317E-04     0.5066E-04     0.0000E+00     0.0000E+00     0.0000E+00     0.0000E+00     0.0000E+00     0.0000E+00     0.0000E+00     0.0000E+00     0.0000E+00     0.0000E+00     0.0000E+00     0.0000E+00     0.0000E+00     0.0000E+00     0.0000E+00     0.0000E+00     0.0000E+00     0.0000E+00     0.0000E+00     0.0000E+00     0.7414E+03     0.4586E-03     0.2025E-02     0.7179E-03     0.1210E+00     0.2113E-02     0.1783E-02     0.0000E+00     0.0000E+00     0.0000E+00     0.0000E+00     0.0000E+00     0.7030E-05     0.8079E-05     0.0000E+00     0.0000E+00     0.0000E+00     0.1763E+00
   365    12    31  2022        47         0  hru047               0.5574E+02     0.3184E+05     0.1215E+05     0.4154E+04     0.1166E+04    -0.6673E-08     0.0000E+00     0.0000E+00     0.0000E+00     0.0000E+00     0.0000E+00     0.0000E+00     0.0000E+00     0.0000E+00     0.0000E+00     0.0000E+00    -0.6673E-08    -0.6673E-08     0.0000E+00     0.0000E+00     0.0000E+00     0.0000E+00     0.0000E+00     0.0000E+00     0.0000E+00     0.0000E+00     0.0000E+00     0.0000E+00     0.0000E+00     0.0000E+00     0.0000E+00     0.0000E+00     0.0000E+00     0.0000E+00     0.0000E+00     0.0000E+00     0.0000E+00     0.0000E+00     0.0000E+00     0.0000E+00     0.1349E+04     0.4092E-05     0.0000E+00     0.0000E+00     0.0000E+00     0.0000E+00     0.0000E+00     0.0000E+00     0.0000E+00     0.0000E+00     0.0000E+00     0.0000E+00     0.1619E-07     0.1619E-07     0.0000E+00     0.0000E+00     0.0000E+00     0.1763E+00
   365    12    31  2022        48         0  hru048               0.3479E+01     0.1993E+04     0.7589E+03     0.2600E+03     0.7300E+02    -0.4177E-09     0.0000E+00     0.0000E+00     0.0000E+00     0.0000E+00     0.0000E+00     0.0000E+00     0.0000E+00     0.0000E+00     0.0000E+00     0.0000E+00    -0.4177E-09    -0.4177E-09     0.0000E+00     0.0000E+00     0.0000E+00     0.0000E+00     0.0000E+00     0.0000E+00     0.0000E+00     0.0000E+00     0.0000E+00     0.0000E+00     0.0000E+00     0.0000E+00     0.0000E+00     0.0000E+00     0.0000E+00     0.0000E+00     0.0000E+00     0.0000E+00     0.0000E+00     0.0000E+00     0.0000E+00     0.0000E+00     0.8468E+02     0.5769E-07     0.0000E+00     0.0000E+00     0.0000E+00     0.0000E+00     0.0000E+00     0.0000E+00     0.0000E+00     0.0000E+00     0.0000E+00     0.0000E+00     0.1016E-08     0.1016E-08     0.0000E+00     0.0000E+00     0.0000E+00     0.1761E+00
   365    12    31  2022        49         0  hru049               0.3983E+01     0.2275E+04     0.8685E+03     0.2968E+03     0.8333E+02    -0.4768E-09     0.0000E+00     0.0000E+00     0.0000E+00     0.0000E+00     0.0000E+00     0.0000E+00     0.0000E+00     0.0000E+00     0.0000E+00     0.0000E+00    -0.4768E-09    -0.4768E-09     0.0000E+00     0.0000E+00     0.0000E+00     0.0000E+00     0.0000E+00     0.0000E+00     0.0000E+00     0.0000E+00     0.0000E+00     0.0000E+00     0.0000E+00     0.0000E+00     0.0000E+00     0.0000E+00     0.0000E+00     0.0000E+00     0.0000E+00     0.0000E+00     0.0000E+00     0.0000E+00     0.0000E+00     0.0000E+00     0.9640E+02     0.3577E-06     0.0000E+00     0.0000E+00     0.0000E+00     0.0000E+00     0.0000E+00     0.0000E+00     0.0000E+00     0.0000E+00     0.0000E+00     0.0000E+00     0.1157E-08     0.1157E-08     0.0000E+00     0.0000E+00     0.0000E+00     0.1764E+00
   365    12    31  2022        50         0  hru050               0.5709E+01     0.3261E+04     0.1245E+04     0.4254E+03     0.1195E+03    -0.6835E-09     0.0000E+00     0.0000E+00     0.0000E+00     0.0000E+00     0.0000E+00     0.0000E+00     0.0000E+00     0.0000E+00     0.0000E+00     0.0000E+00    -0.6835E-09    -0.6835E-09     0.0000E+00     0.0000E+00     0.0000E+00     0.0000E+00     0.0000E+00     0.0000E+00     0.0000E+00     0.0000E+00     0.0000E+00     0.0000E+00     0.0000E+00     0.0000E+00     0.0000E+00     0.0000E+00     0.0000E+00     0.0000E+00     0.0000E+00     0.0000E+00     0.0000E+00     0.0000E+00     0.0000E+00     0.0000E+00     0.1382E+03     0.1762E-05     0.0000E+00     0.0000E+00     0.0000E+00     0.0000E+00     0.0000E+00     0.0000E+00     0.0000E+00     0.0000E+00     0.0000E+00     0.0000E+00     0.1658E-08     0.1658E-08     0.0000E+00     0.0000E+00     0.0000E+00     0.1764E+00
   365    12    31  2022        51         0  hru051               0.8639E+01     0.4935E+04     0.1884E+04     0.6438E+03     0.1808E+03    -0.1034E-08     0.0000E+00     0.0000E+00     0.0000E+00     0.0000E+00     0.0000E+00     0.0000E+00     0.0000E+00     0.0000E+00     0.0000E+00     0.0000E+00    -0.1034E-08    -0.1034E-08     0.0000E+00     0.0000E+00     0.0000E+00     0.0000E+00     0.0000E+00     0.0000E+00     0.0000E+00     0.0000E+00     0.0000E+00     0.0000E+00     0.0000E+00     0.0000E+00     0.0000E+00     0.0000E+00     0.0000E+00     0.0000E+00     0.0000E+00     0.0000E+00     0.0000E+00     0.0000E+00     0.0000E+00     0.0000E+00     0.2091E+03     0.3293E-06     0.0000E+00     0.0000E+00     0.0000E+00     0.0000E+00     0.0000E+00     0.0000E+00     0.0000E+00     0.0000E+00     0.0000E+00     0.0000E+00     0.2509E-08     0.2509E-08     0.0000E+00     0.0000E+00     0.0000E+00     0.1764E+00
   365    12    31  2022        52         0  hru052               0.1257E+02     0.7182E+04     0.2741E+04     0.9370E+03     0.2631E+03    -0.1505E-08     0.0000E+00     0.0000E+00     0.0000E+00     0.0000E+00     0.0000E+00     0.0000E+00     0.0000E+00     0.0000E+00     0.0000E+00     0.0000E+00    -0.1505E-08    -0.1505E-08     0.0000E+00     0.0000E+00     0.0000E+00     0.0000E+00     0.0000E+00     0.0000E+00     0.0000E+00     0.0000E+00     0.0000E+00     0.0000E+00     0.0000E+00     0.0000E+00     0.0000E+00     0.0000E+00     0.0000E+00     0.0000E+00     0.0000E+00     0.0000E+00     0.0000E+00     0.0000E+00     0.0000E+00     0.0000E+00     0.3044E+03     0.5282E-06     0.0000E+00     0.0000E+00     0.0000E+00     0.0000E+00     0.0000E+00     0.0000E+00     0.0000E+00     0.0000E+00     0.0000E+00     0.0000E+00     0.3653E-08     0.3653E-08     0.0000E+00     0.0000E+00     0.0000E+00     0.1763E+00
   365    12    31  2022        53         0  hru053               0.2789E+02     0.1593E+05     0.5954E+04     0.2079E+04     0.5836E+03    -0.3339E-08     0.0000E+00     0.0000E+00     0.0000E+00     0.0000E+00     0.0000E+00     0.0000E+00     0.0000E+00     0.0000E+00     0.0000E+00     0.0000E+00    -0.3339E-08    -0.3339E-08     0.0000E+00     0.0000E+00     0.0000E+00     0.0000E+00     0.0000E+00     0.0000E+00     0.0000E+00     0.0000E+00     0.0000E+00     0.0000E+00     0.0000E+00     0.0000E+00     0.0000E+00     0.0000E+00     0.0000E+00     0.0000E+00     0.0000E+00     0.0000E+00     0.0000E+00     0.0000E+00     0.0000E+00     0.0000E+00     0.6859E+03     0.8231E-08     0.0000E+00     0.0000E+00     0.0000E+00     0.0000E+00     0.0000E+00     0.0000E+00     0.0000E+00     0.0000E+00     0.0000E+00     0.0000E+00     0.8231E-08     0.8231E-08     0.0000E+00     0.0000E+00     0.0000E+00     0.1747E+00
   365    12    31  2022        54         0  hru054               0.6615E+01     0.3779E+04     0.1443E+04     0.4929E+03     0.1384E+03    -0.7919E-09     0.0000E+00     0.0000E+00     0.0000E+00     0.0000E+00     0.0000E+00     0.0000E+00     0.0000E+00     0.0000E+00     0.0000E+00     0.0000E+00    -0.7919E-09    -0.7919E-09     0.0000E+00     0.0000E+00     0.0000E+00     0.0000E+00     0.0000E+00     0.0000E+00     0.0000E+00     0.0000E+00     0.0000E+00     0.0000E+00     0.0000E+00     0.0000E+00     0.0000E+00     0.0000E+00     0.0000E+00     0.0000E+00     0.0000E+00     0.0000E+00     0.0000E+00     0.0000E+00     0.0000E+00     0.0000E+00     0.1601E+03     0.2094E-06     0.0000E+00     0.0000E+00     0.0000E+00     0.0000E+00     0.0000E+00     0.0000E+00     0.0000E+00     0.0000E+00     0.0000E+00     0.0000E+00     0.1921E-08     0.1921E-08     0.0000E+00     0.0000E+00     0.0000E+00     0.1764E+00
   365    12    31  2022       283         0  hru283               0.4041E+03     0.2315E+06     0.8768E+05     0.3020E+05     0.8481E+04    -0.4488E-07     0.1747E-08     0.5242E-08     0.3875E-02     0.4278E-03     0.4828E-03     0.0000E+00     0.0000E+00     0.0000E+00     0.0000E+00     0.3639E-05     0.6579E-06     0.6579E-06     0.3639E-05     0.3639E-05     0.0000E+00     0.0000E+00     0.0000E+00     0.0000E+00     0.0000E+00     0.0000E+00     0.0000E+00     0.0000E+00     0.0000E+00     0.0000E+00     0.0000E+00     0.0000E+00     0.0000E+00     0.0000E+00     0.0000E+00     0.0000E+00     0.0000E+00     0.0000E+00     0.0000E+00     0.0000E+00     0.9879E+04     0.4687E-04     0.1928E-07     0.5738E-07     0.3917E-01     0.2677E+01     0.5734E+00     0.0000E+00     0.0000E+00     0.0000E+00     0.0000E+00     0.0000E+00     0.8007E-05     0.8007E-05     0.0000E+00     0.0000E+00     0.0000E+00     0.1756E+00
   365    12    31  2022       284         0  hru284               0.3043E+02     0.1738E+05     0.6634E+04     0.2267E+04     0.6366E+03    -0.3642E-08     0.0000E+00     0.0000E+00     0.0000E+00     0.0000E+00     0.0000E+00     0.0000E+00     0.0000E+00     0.0000E+00     0.0000E+00     0.0000E+00    -0.3642E-08    -0.3642E-08     0.0000E+00     0.0000E+00     0.0000E+00     0.0000E+00     0.0000E+00     0.0000E+00     0.0000E+00     0.0000E+00     0.0000E+00     0.0000E+00     0.0000E+00     0.0000E+00     0.0000E+00     0.0000E+00     0.0000E+00     0.0000E+00     0.0000E+00     0.0000E+00     0.0000E+00     0.0000E+00     0.0000E+00     0.0000E+00     0.7365E+03     0.9175E-06     0.0000E+00     0.0000E+00     0.0000E+00     0.0000E+00     0.0000E+00     0.0000E+00     0.0000E+00     0.0000E+00     0.0000E+00     0.0000E+00     0.8839E-08     0.8839E-08     0.0000E+00     0.0000E+00     0.0000E+00     0.1763E+00
   365    12    31  2022       285         0  hru285               0.1214E+02     0.6935E+04     0.2647E+04     0.9047E+03     0.2541E+03    -0.1454E-08     0.0000E+00     0.0000E+00     0.0000E+00     0.0000E+00     0.0000E+00     0.0000E+00     0.0000E+00     0.0000E+00     0.0000E+00     0.0000E+00    -0.1454E-08    -0.1454E-08     0.0000E+00     0.0000E+00     0.0000E+00     0.0000E+00     0.0000E+00     0.0000E+00     0.0000E+00     0.0000E+00     0.0000E+00     0.0000E+00     0.0000E+00     0.0000E+00     0.0000E+00     0.0000E+00     0.0000E+00     0.0000E+00     0.0000E+00     0.0000E+00     0.0000E+00     0.0000E+00     0.0000E+00     0.0000E+00     0.2940E+03     0.1247E-05     0.0000E+00     0.0000E+00     0.0000E+00     0.0000E+00     0.0000E+00     0.0000E+00     0.0000E+00     0.0000E+00     0.0000E+00     0.0000E+00     0.3528E-08     0.3528E-08     0.0000E+00     0.0000E+00     0.0000E+00     0.1763E+00
   365    12    31  2022       286         0  hru286               0.7090E+01     0.4050E+04     0.1545E+04     0.5283E+03     0.1484E+03    -0.8488E-09     0.0000E+00     0.0000E+00     0.0000E+00     0.0000E+00     0.0000E+00     0.0000E+00     0.0000E+00     0.0000E+00     0.0000E+00     0.0000E+00    -0.8488E-09    -0.8488E-09     0.0000E+00     0.0000E+00     0.0000E+00     0.0000E+00     0.0000E+00     0.0000E+00     0.0000E+00     0.0000E+00     0.0000E+00     0.0000E+00     0.0000E+00     0.0000E+00     0.0000E+00     0.0000E+00     0.0000E+00     0.0000E+00     0.0000E+00     0.0000E+00     0.0000E+00     0.0000E+00     0.0000E+00     0.0000E+00     0.1716E+03     0.7918E-06     0.0000E+00     0.0000E+00     0.0000E+00     0.0000E+00     0.0000E+00     0.0000E+00     0.0000E+00     0.0000E+00     0.0000E+00     0.0000E+00     0.2060E-08     0.2060E-08     0.0000E+00     0.0000E+00     0.0000E+00     0.1763E+00
   365    12    31  2022       287         0  hru287               0.4164E+01     0.2379E+04     0.9080E+03     0.3103E+03     0.8713E+02    -0.4985E-09     0.0000E+00     0.0000E+00     0.0000E+00     0.0000E+00     0.0000E+00     0.0000E+00     0.0000E+00     0.0000E+00     0.0000E+00     0.0000E+00    -0.4985E-09    -0.4985E-09     0.0000E+00     0.0000E+00     0.0000E+00     0.0000E+00     0.0000E+00     0.0000E+00     0.0000E+00     0.0000E+00     0.0000E+00     0.0000E+00     0.0000E+00     0.0000E+00     0.0000E+00     0.0000E+00     0.0000E+00     0.0000E+00     0.0000E+00     0.0000E+00     0.0000E+00     0.0000E+00     0.0000E+00     0.0000E+00     0.1008E+03     0.7434E-06     0.0000E+00     0.0000E+00     0.0000E+00     0.0000E+00     0.0000E+00     0.0000E+00     0.0000E+00     0.0000E+00     0.0000E+00     0.0000E+00     0.1210E-08     0.1210E-08     0.0000E+00     0.0000E+00     0.0000E+00     0.1764E+00
   365    12    31  2023        43         0  hru043               0.8369E+01     0.6337E+04     0.1973E+04     0.6247E+03     0.2095E+03     0.2508E-02     0.1262E-01     0.6476E-02     0.1433E-02     0.2449E-02     0.1998E-02     0.0000E+00     0.0000E+00     0.0000E+00     0.0000E+00     0.0000E+00     0.2948E-04     0.3525E-04     0.0000E+00     0.0000E+00     0.0000E+00     0.0000E+00     0.0000E+00     0.0000E+00     0.0000E+00     0.0000E+00     0.0000E+00     0.0000E+00     0.0000E+00     0.0000E+00     0.0000E+00     0.0000E+00     0.0000E+00     0.0000E+00     0.0000E+00     0.0000E+00     0.0000E+00     0.0000E+00     0.0000E+00     0.0000E+00     0.3127E+03     0.2131E-01     0.9074E-01     0.4760E-01     0.1120E-01     0.1931E-01     0.1124E-01     0.0000E+00     0.0000E+00     0.0000E+00     0.0000E+00     0.0000E+00     0.2512E-03     0.3002E-03     0.0000E+00     0.0000E+00     0.0000E+00     0.2068E+00
   365    12    31  2023        44         0  hru044               0.1323E+02     0.9990E+04     0.2214E+04     0.9801E+03     0.3638E+03     0.3909E+00     0.7399E+00     0.3831E+00     0.1700E-01     0.1816E-01     0.4115E-01     0.0000E+00     0.0000E+00     0.0000E+00     0.0000E+00     0.0000E+00     0.6080E-02     0.7274E-02     0.0000E+00     0.0000E+00     0.0000E+00     0.0000E+00     0.0000E+00     0.0000E+00     0.0000E+00     0.0000E+00     0.0000E+00     0.0000E+00     0.0000E+00     0.0000E+00     0.0000E+00     0.0000E+00     0.0000E+00     0.0000E+00     0.0000E+00     0.0000E+00     0.0000E+00     0.0000E+00     0.0000E+00     0.0000E+00     0.5916E+03     0.4145E+01     0.8331E+01     0.4244E+01     0.3713E+00     0.2182E+00     0.4602E+00     0.0000E+00     0.0000E+00     0.0000E+00     0.0000E+00     0.0000E+00     0.5463E-01     0.6531E-01     0.0000E+00     0.0000E+00     0.0000E+00     0.1943E+00
   365    12    31  2023        45         0  hru045               0.6549E+01     0.4959E+04     0.1546E+04     0.4888E+03     0.1656E+03    -0.1516E-08     0.0000E+00     0.0000E+00     0.0000E+00     0.0000E+00     0.0000E+00     0.0000E+00     0.0000E+00     0.0000E+00     0.0000E+00     0.0000E+00    -0.1516E-08    -0.1516E-08     0.0000E+00     0.0000E+00     0.0000E+00     0.0000E+00     0.0000E+00     0.0000E+00     0.0000E+00     0.0000E+00     0.0000E+00     0.0000E+00     0.0000E+00     0.0000E+00     0.0000E+00     0.0000E+00     0.0000E+00     0.0000E+00     0.0000E+00     0.0000E+00     0.0000E+00     0.0000E+00     0.0000E+00     0.0000E+00     0.2440E+03     0.2927E-08     0.0000E+00     0.0000E+00     0.0000E+00     0.0000E+00     0.0000E+00     0.0000E+00     0.0000E+00     0.0000E+00     0.0000E+00     0.0000E+00     0.2927E-08     0.2927E-08     0.0000E+00     0.0000E+00     0.0000E+00     0.2057E+00
   365    12    31  2023        46         0  hru046               0.3069E+02     0.2324E+05     0.7239E+04     0.2291E+04     0.7763E+03     0.2082E-04     0.1195E-03     0.3927E-04     0.1110E-01     0.4302E-03     0.2919E-03     0.0000E+00     0.0000E+00     0.0000E+00     0.0000E+00     0.1219E-03     0.2882E-06     0.3360E-06     0.2462E-04     0.2343E-04     0.0000E+00     0.0000E+00     0.0000E+00     0.0000E+00     0.0000E+00     0.0000E+00     0.0000E+00     0.0000E+00     0.0000E+00     0.0000E+00     0.0000E+00     0.0000E+00     0.0000E+00     0.0000E+00     0.0000E+00     0.0000E+00     0.0000E+00     0.0000E+00     0.0000E+00     0.0000E+00     0.1144E+04     0.1547E-03     0.7382E-03     0.2425E-03     0.7556E-01     0.2858E-02     0.1541E-02     0.0000E+00     0.0000E+00     0.0000E+00     0.0000E+00     0.0000E+00     0.2545E-05     0.2901E-05     0.0000E+00     0.0000E+00     0.0000E+00     0.2057E+00
   365    12    31  2023        47         0  hru047               0.5588E+02     0.4231E+05     0.1318E+05     0.4171E+04     0.1413E+04    -0.1293E-07     0.0000E+00     0.0000E+00     0.0000E+00     0.0000E+00     0.0000E+00     0.0000E+00     0.0000E+00     0.0000E+00     0.0000E+00     0.0000E+00    -0.1293E-07    -0.1293E-07     0.0000E+00     0.0000E+00     0.0000E+00     0.0000E+00     0.0000E+00     0.0000E+00     0.0000E+00     0.0000E+00     0.0000E+00     0.0000E+00     0.0000E+00     0.0000E+00     0.0000E+00     0.0000E+00     0.0000E+00     0.0000E+00     0.0000E+00     0.0000E+00     0.0000E+00     0.0000E+00     0.0000E+00     0.0000E+00     0.2083E+04     0.2499E-07     0.0000E+00     0.0000E+00     0.0000E+00     0.0000E+00     0.0000E+00     0.0000E+00     0.0000E+00     0.0000E+00     0.0000E+00     0.0000E+00     0.2499E-07     0.2499E-07     0.0000E+00     0.0000E+00     0.0000E+00     0.2056E+00
   365    12    31  2023        48         0  hru048               0.3498E+01     0.2648E+04     0.8239E+03     0.2611E+03     0.8843E+02    -0.8095E-09     0.0000E+00     0.0000E+00     0.0000E+00     0.0000E+00     0.0000E+00     0.0000E+00     0.0000E+00     0.0000E+00     0.0000E+00     0.0000E+00    -0.8095E-09    -0.8095E-09     0.0000E+00     0.0000E+00     0.0000E+00     0.0000E+00     0.0000E+00     0.0000E+00     0.0000E+00     0.0000E+00     0.0000E+00     0.0000E+00     0.0000E+00     0.0000E+00     0.0000E+00     0.0000E+00     0.0000E+00     0.0000E+00     0.0000E+00     0.0000E+00     0.0000E+00     0.0000E+00     0.0000E+00     0.0000E+00     0.1304E+03     0.1565E-08     0.0000E+00     0.0000E+00     0.0000E+00     0.0000E+00     0.0000E+00     0.0000E+00     0.0000E+00     0.0000E+00     0.0000E+00     0.0000E+00     0.1565E-08     0.1565E-08     0.0000E+00     0.0000E+00     0.0000E+00     0.2055E+00
   365    12    31  2023        49         0  hru049               0.3993E+01     0.3023E+04     0.9395E+03     0.2981E+03     0.1009E+03    -0.9241E-09     0.0000E+00     0.0000E+00     0.0000E+00     0.0000E+00     0.0000E+00     0.0000E+00     0.0000E+00     0.0000E+00     0.0000E+00     0.0000E+00    -0.9241E-09    -0.9241E-09     0.0000E+00     0.0000E+00     0.0000E+00     0.0000E+00     0.0000E+00     0.0000E+00     0.0000E+00     0.0000E+00     0.0000E+00     0.0000E+00     0.0000E+00     0.0000E+00     0.0000E+00     0.0000E+00     0.0000E+00     0.0000E+00     0.0000E+00     0.0000E+00     0.0000E+00     0.0000E+00     0.0000E+00     0.0000E+00     0.1490E+03     0.1787E-08     0.0000E+00     0.0000E+00     0.0000E+00     0.0000E+00     0.0000E+00     0.0000E+00     0.0000E+00     0.0000E+00     0.0000E+00     0.0000E+00     0.1787E-08     0.1787E-08     0.0000E+00     0.0000E+00     0.0000E+00     0.2054E+00
   365    12    31  2023        50         0  hru050               0.5724E+01     0.4334E+04     0.1347E+04     0.4274E+03     0.1447E+03    -0.1325E-08     0.0000E+00     0.0000E+00     0.0000E+00     0.0000E+00     0.0000E+00     0.0000E+00     0.0000E+00     0.0000E+00     0.0000E+00     0.0000E+00    -0.1325E-08    -0.1325E-08     0.0000E+00     0.0000E+00     0.0000E+00     0.0000E+00     0.0000E+00     0.0000E+00     0.0000E+00     0.0000E+00     0.0000E+00     0.0000E+00     0.0000E+00     0.0000E+00     0.0000E+00     0.0000E+00     0.0000E+00     0.0000E+00     0.0000E+00     0.0000E+00     0.0000E+00     0.0000E+00     0.0000E+00     0.0000E+00     0.2135E+03     0.2562E-08     0.0000E+00     0.0000E+00     0.0000E+00     0.0000E+00     0.0000E+00     0.0000E+00     0.0000E+00     0.0000E+00     0.0000E+00     0.0000E+00     0.2562E-08     0.2562E-08     0.0000E+00     0.0000E+00     0.0000E+00     0.2054E+00
   365    12    31  2023        51         0  hru051               0.8661E+01     0.6558E+04     0.2038E+04     0.6467E+03     0.2190E+03    -0.2005E-08     0.0000E+00     0.0000E+00     0.0000E+00     0.0000E+00     0.0000E+00     0.0000E+00     0.0000E+00     0.0000E+00     0.0000E+00     0.0000E+00    -0.2005E-08    -0.2005E-08     0.0000E+00     0.0000E+00     0.0000E+00     0.0000E+00     0.0000E+00     0.0000E+00     0.0000E+00     0.0000E+00     0.0000E+00     0.0000E+00     0.0000E+00     0.0000E+00     0.0000E+00     0.0000E+00     0.0000E+00     0.0000E+00     0.0000E+00     0.0000E+00     0.0000E+00     0.0000E+00     0.0000E+00     0.0000E+00     0.3231E+03     0.3877E-08     0.0000E+00     0.0000E+00     0.0000E+00     0.0000E+00     0.0000E+00     0.0000E+00     0.0000E+00     0.0000E+00     0.0000E+00     0.0000E+00     0.3877E-08     0.3877E-08     0.0000E+00     0.0000E+00     0.0000E+00     0.2054E+00
   365    12    31  2023        52         0  hru052               0.1261E+02     0.9544E+04     0.2959E+04     0.9416E+03     0.3187E+03    -0.2918E-08     0.0000E+00     0.0000E+00     0.0000E+00     0.0000E+00     0.0000E+00     0.0000E+00     0.0000E+00     0.0000E+00     0.0000E+00     0.0000E+00    -0.2918E-08    -0.2918E-08     0.0000E+00     0.0000E+00     0.0000E+00     0.0000E+00     0.0000E+00     0.0000E+00     0.0000E+00     0.0000E+00     0.0000E+00     0.0000E+00     0.0000E+00     0.0000E+00     0.0000E+00     0.0000E+00     0.0000E+00     0.0000E+00     0.0000E+00     0.0000E+00     0.0000E+00     0.0000E+00     0.0000E+00     0.0000E+00     0.4708E+03     0.5649E-08     0.0000E+00     0.0000E+00     0.0000E+00     0.0000E+00     0.0000E+00     0.0000E+00     0.0000E+00     0.0000E+00     0.0000E+00     0.0000E+00     0.5649E-08     0.5649E-08     0.0000E+00     0.0000E+00     0.0000E+00     0.2052E+00
   365    12    31  2023        53         0  hru053               0.2796E+02     0.2117E+05     0.6447E+04     0.2098E+04     0.7070E+03    -0.6472E-08     0.0000E+00     0.0000E+00     0.0000E+00     0.0000E+00     0.0000E+00     0.0000E+00     0.0000E+00     0.0000E+00     0.0000E+00     0.0000E+00    -0.6472E-08    -0.6472E-08     0.0000E+00     0.0000E+00     0.0000E+00     0.0000E+00     0.0000E+00     0.0000E+00     0.0000E+00     0.0000E+00     0.0000E+00     0.0000E+00     0.0000E+00     0.0000E+00     0.0000E+00     0.0000E+00     0.0000E+00     0.0000E+00     0.0000E+00     0.0000E+00     0.0000E+00     0.0000E+00     0.0000E+00     0.0000E+00     0.1053E+04     0.1264E-07     0.0000E+00     0.0000E+00     0.0000E+00     0.0000E+00     0.0000E+00     0.0000E+00     0.0000E+00     0.0000E+00     0.0000E+00     0.0000E+00     0.1264E-07     0.1264E-07     0.0000E+00     0.0000E+00     0.0000E+00     0.2038E+00
   365    12    31  2023        54         0  hru054               0.6632E+01     0.5021E+04     0.1560E+04     0.4952E+03     0.1677E+03    -0.1535E-08     0.0000E+00     0.0000E+00     0.0000E+00     0.0000E+00     0.0000E+00     0.0000E+00     0.0000E+00     0.0000E+00     0.0000E+00     0.0000E+00    -0.1535E-08    -0.1535E-08     0.0000E+00     0.0000E+00     0.0000E+00     0.0000E+00     0.0000E+00     0.0000E+00     0.0000E+00     0.0000E+00     0.0000E+00     0.0000E+00     0.0000E+00     0.0000E+00     0.0000E+00     0.0000E+00     0.0000E+00     0.0000E+00     0.0000E+00     0.0000E+00     0.0000E+00     0.0000E+00     0.0000E+00     0.0000E+00     0.2474E+03     0.2969E-08     0.0000E+00     0.0000E+00     0.0000E+00     0.0000E+00     0.0000E+00     0.0000E+00     0.0000E+00     0.0000E+00     0.0000E+00     0.0000E+00     0.2969E-08     0.2969E-08     0.0000E+00     0.0000E+00     0.0000E+00     0.2054E+00
   365    12    31  2023       283         0  hru283               0.4063E+03     0.3077E+06     0.9539E+05     0.3036E+05     0.1028E+05    -0.8778E-07     0.2050E-08     0.6068E-08     0.8972E-02     0.7070E+00     0.1411E+00     0.0000E+00     0.0000E+00     0.0000E+00     0.0000E+00     0.6286E-05     0.6792E-06     0.6792E-06     0.6286E-05     0.6286E-05     0.0000E+00     0.0000E+00     0.0000E+00     0.0000E+00     0.0000E+00     0.0000E+00     0.0000E+00     0.0000E+00     0.0000E+00     0.0000E+00     0.0000E+00     0.0000E+00     0.0000E+00     0.0000E+00     0.0000E+00     0.0000E+00     0.0000E+00     0.0000E+00     0.0000E+00     0.0000E+00     0.1518E+05     0.1821E-06     0.2937E-07     0.8774E-07     0.6950E-01     0.3288E+01     0.7686E+00     0.0000E+00     0.0000E+00     0.0000E+00     0.0000E+00     0.0000E+00     0.1149E-04     0.1149E-04     0.0000E+00     0.0000E+00     0.0000E+00     0.2053E+00
   365    12    31  2023       284         0  hru284               0.3050E+02     0.2309E+05     0.7196E+04     0.2277E+04     0.7711E+03    -0.7059E-08     0.0000E+00     0.0000E+00     0.0000E+00     0.0000E+00     0.0000E+00     0.0000E+00     0.0000E+00     0.0000E+00     0.0000E+00     0.0000E+00    -0.7059E-08    -0.7059E-08     0.0000E+00     0.0000E+00     0.0000E+00     0.0000E+00     0.0000E+00     0.0000E+00     0.0000E+00     0.0000E+00     0.0000E+00     0.0000E+00     0.0000E+00     0.0000E+00     0.0000E+00     0.0000E+00     0.0000E+00     0.0000E+00     0.0000E+00     0.0000E+00     0.0000E+00     0.0000E+00     0.0000E+00     0.0000E+00     0.1136E+04     0.1364E-07     0.0000E+00     0.0000E+00     0.0000E+00     0.0000E+00     0.0000E+00     0.0000E+00     0.0000E+00     0.0000E+00     0.0000E+00     0.0000E+00     0.1364E-07     0.1364E-07     0.0000E+00     0.0000E+00     0.0000E+00     0.2056E+00
   365    12    31  2023       285         0  hru285               0.1217E+02     0.9216E+04     0.2872E+04     0.9085E+03     0.3078E+03    -0.2817E-08     0.0000E+00     0.0000E+00     0.0000E+00     0.0000E+00     0.0000E+00     0.0000E+00     0.0000E+00     0.0000E+00     0.0000E+00     0.0000E+00    -0.2817E-08    -0.2817E-08     0.0000E+00     0.0000E+00     0.0000E+00     0.0000E+00     0.0000E+00     0.0000E+00     0.0000E+00     0.0000E+00     0.0000E+00     0.0000E+00     0.0000E+00     0.0000E+00     0.0000E+00     0.0000E+00     0.0000E+00     0.0000E+00     0.0000E+00     0.0000E+00     0.0000E+00     0.0000E+00     0.0000E+00     0.0000E+00     0.4534E+03     0.5441E-08     0.0000E+00     0.0000E+00     0.0000E+00     0.0000E+00     0.0000E+00     0.0000E+00     0.0000E+00     0.0000E+00     0.0000E+00     0.0000E+00     0.5441E-08     0.5441E-08     0.0000E+00     0.0000E+00     0.0000E+00     0.2057E+00
   365    12    31  2023       286         0  hru286               0.7108E+01     0.5381E+04     0.1677E+04     0.5305E+03     0.1797E+03    -0.1645E-08     0.0000E+00     0.0000E+00     0.0000E+00     0.0000E+00     0.0000E+00     0.0000E+00     0.0000E+00     0.0000E+00     0.0000E+00     0.0000E+00    -0.1645E-08    -0.1645E-08     0.0000E+00     0.0000E+00     0.0000E+00     0.0000E+00     0.0000E+00     0.0000E+00     0.0000E+00     0.0000E+00     0.0000E+00     0.0000E+00     0.0000E+00     0.0000E+00     0.0000E+00     0.0000E+00     0.0000E+00     0.0000E+00     0.0000E+00     0.0000E+00     0.0000E+00     0.0000E+00     0.0000E+00     0.0000E+00     0.2648E+03     0.3177E-08     0.0000E+00     0.0000E+00     0.0000E+00     0.0000E+00     0.0000E+00     0.0000E+00     0.0000E+00     0.0000E+00     0.0000E+00     0.0000E+00     0.3177E-08     0.3177E-08     0.0000E+00     0.0000E+00     0.0000E+00     0.2057E+00
   365    12    31  2023       287         0  hru287               0.4175E+01     0.3161E+04     0.9844E+03     0.3116E+03     0.1055E+03    -0.9662E-09     0.0000E+00     0.0000E+00     0.0000E+00     0.0000E+00     0.0000E+00     0.0000E+00     0.0000E+00     0.0000E+00     0.0000E+00     0.0000E+00    -0.9662E-09    -0.9662E-09     0.0000E+00     0.0000E+00     0.0000E+00     0.0000E+00     0.0000E+00     0.0000E+00     0.0000E+00     0.0000E+00     0.0000E+00     0.0000E+00     0.0000E+00     0.0000E+00     0.0000E+00     0.0000E+00     0.0000E+00     0.0000E+00     0.0000E+00     0.0000E+00     0.0000E+00     0.0000E+00     0.0000E+00     0.0000E+00     0.1556E+03     0.1867E-08     0.0000E+00     0.0000E+00     0.0000E+00     0.0000E+00     0.0000E+00     0.0000E+00     0.0000E+00     0.0000E+00     0.0000E+00     0.0000E+00     0.1867E-08     0.1867E-08     0.0000E+00     0.0000E+00     0.0000E+00     0.2056E+00
   366    12    31  2024        43         0  hru043               0.8344E+01     0.6665E+04     0.2835E+04     0.6256E+03     0.1455E+02     0.0000E+00     0.0000E+00     0.0000E+00     0.0000E+00     0.0000E+00     0.0000E+00     0.0000E+00     0.0000E+00     0.0000E+00     0.0000E+00     0.0000E+00     0.0000E+00     0.0000E+00     0.0000E+00     0.0000E+00     0.0000E+00     0.0000E+00     0.0000E+00     0.0000E+00     0.0000E+00     0.0000E+00     0.0000E+00     0.0000E+00     0.0000E+00     0.0000E+00     0.0000E+00     0.0000E+00     0.0000E+00     0.0000E+00     0.0000E+00     0.0000E+00     0.0000E+00     0.0000E+00     0.0000E+00     0.0000E+00     0.2897E+03     0.6392E-01     0.2681E+00     0.1405E+00     0.3831E-01     0.5383E-01     0.3083E-01     0.0000E+00     0.0000E+00     0.0000E+00     0.0000E+00     0.0000E+00     0.7238E-03     0.8649E-03     0.0000E+00     0.0000E+00     0.0000E+00     0.0000E+00
   366    12    31  2024        44         0  hru044               0.1319E+02     0.1051E+05     0.4193E+04     0.9876E+03     0.2294E+02     0.2706E-08     0.4453E-08     0.1336E-07     0.4453E-08     0.4453E-08     0.5473E-07     0.0000E+00     0.0000E+00     0.0000E+00     0.0000E+00     0.2706E-05     0.2706E-05     0.2706E-05     0.2706E-05     0.2706E-05     0.0000E+00     0.0000E+00     0.0000E+00     0.0000E+00     0.0000E+00     0.0000E+00     0.0000E+00     0.0000E+00     0.0000E+00     0.0000E+00     0.0000E+00     0.0000E+00     0.0000E+00     0.0000E+00     0.0000E+00     0.0000E+00     0.0000E+00     0.0000E+00     0.0000E+00     0.0000E+00     0.5294E+03     0.8484E+01     0.1509E+02     0.7374E+01     0.5789E+00     0.3058E+00     0.7278E+00     0.0000E+00     0.0000E+00     0.0000E+00     0.0000E+00     0.0000E+00     0.1167E+00     0.1396E+00     0.0000E+00     0.0000E+00     0.0000E+00     0.0000E+00
   366    12    31  2024        45         0  hru045               0.6529E+01     0.5216E+04     0.2219E+04     0.4895E+03     0.1139E+02     0.0000E+00     0.0000E+00     0.0000E+00     0.0000E+00     0.0000E+00     0.0000E+00     0.0000E+00     0.0000E+00     0.0000E+00     0.0000E+00     0.0000E+00     0.0000E+00     0.0000E+00     0.0000E+00     0.0000E+00     0.0000E+00     0.0000E+00     0.0000E+00     0.0000E+00     0.0000E+00     0.0000E+00     0.0000E+00     0.0000E+00     0.0000E+00     0.0000E+00     0.0000E+00     0.0000E+00     0.0000E+00     0.0000E+00     0.0000E+00     0.0000E+00     0.0000E+00     0.0000E+00     0.0000E+00     0.0000E+00     0.2256E+03     0.1690E-02     0.0000E+00     0.0000E+00     0.0000E+00     0.0000E+00     0.0000E+00     0.0000E+00     0.0000E+00     0.0000E+00     0.0000E+00     0.0000E+00     0.2716E-08     0.2716E-08     0.0000E+00     0.0000E+00     0.0000E+00     0.0000E+00
   366    12    31  2024        46         0  hru046               0.3060E+02     0.2444E+05     0.1040E+05     0.2294E+04     0.5337E+02     0.0000E+00     0.0000E+00     0.0000E+00     0.0000E+00     0.0000E+00     0.0000E+00     0.0000E+00     0.0000E+00     0.0000E+00     0.0000E+00     0.0000E+00     0.0000E+00     0.0000E+00     0.0000E+00     0.0000E+00     0.0000E+00     0.0000E+00     0.0000E+00     0.0000E+00     0.0000E+00     0.0000E+00     0.0000E+00     0.0000E+00     0.0000E+00     0.0000E+00     0.0000E+00     0.0000E+00     0.0000E+00     0.0000E+00     0.0000E+00     0.0000E+00     0.0000E+00     0.0000E+00     0.0000E+00     0.0000E+00     0.1058E+04     0.1138E-01     0.6088E-02     0.1962E-02     0.1888E+00     0.9096E-02     0.4888E-02     0.0000E+00     0.0000E+00     0.0000E+00     0.0000E+00     0.0000E+00     0.1559E-04     0.1833E-04     0.0000E+00     0.0000E+00     0.0000E+00     0.0000E+00
   366    12    31  2024        47         0  hru047               0.5571E+02     0.4450E+05     0.1892E+05     0.4176E+04     0.9717E+02     0.0000E+00     0.0000E+00     0.0000E+00     0.0000E+00     0.0000E+00     0.0000E+00     0.0000E+00     0.0000E+00     0.0000E+00     0.0000E+00     0.0000E+00     0.0000E+00     0.0000E+00     0.0000E+00     0.0000E+00     0.0000E+00     0.0000E+00     0.0000E+00     0.0000E+00     0.0000E+00     0.0000E+00     0.0000E+00     0.0000E+00     0.0000E+00     0.0000E+00     0.0000E+00     0.0000E+00     0.0000E+00     0.0000E+00     0.0000E+00     0.0000E+00     0.0000E+00     0.0000E+00     0.0000E+00     0.0000E+00     0.1927E+04     0.1682E-01     0.0000E+00     0.0000E+00     0.0000E+00     0.0000E+00     0.0000E+00     0.0000E+00     0.0000E+00     0.0000E+00     0.0000E+00     0.0000E+00     0.2319E-07     0.2319E-07     0.0000E+00     0.0000E+00     0.0000E+00     0.0000E+00
   366    12    31  2024        48         0  hru048               0.3487E+01     0.2786E+04     0.1179E+04     0.2614E+03     0.6082E+01     0.0000E+00     0.0000E+00     0.0000E+00     0.0000E+00     0.0000E+00     0.0000E+00     0.0000E+00     0.0000E+00     0.0000E+00     0.0000E+00     0.0000E+00     0.0000E+00     0.0000E+00     0.0000E+00     0.0000E+00     0.0000E+00     0.0000E+00     0.0000E+00     0.0000E+00     0.0000E+00     0.0000E+00     0.0000E+00     0.0000E+00     0.0000E+00     0.0000E+00     0.0000E+00     0.0000E+00     0.0000E+00     0.0000E+00     0.0000E+00     0.0000E+00     0.0000E+00     0.0000E+00     0.0000E+00     0.0000E+00     0.1210E+03     0.2326E-03     0.0000E+00     0.0000E+00     0.0000E+00     0.0000E+00     0.0000E+00     0.0000E+00     0.0000E+00     0.0000E+00     0.0000E+00     0.0000E+00     0.1457E-08     0.1457E-08     0.0000E+00     0.0000E+00     0.0000E+00     0.0000E+00
   366    12    31  2024        49         0  hru049               0.3981E+01     0.3180E+04     0.1365E+04     0.2984E+03     0.6943E+01     0.0000E+00     0.0000E+00     0.0000E+00     0.0000E+00     0.0000E+00     0.0000E+00     0.0000E+00     0.0000E+00     0.0000E+00     0.0000E+00     0.0000E+00     0.0000E+00     0.0000E+00     0.0000E+00     0.0000E+00     0.0000E+00     0.0000E+00     0.0000E+00     0.0000E+00     0.0000E+00     0.0000E+00     0.0000E+00     0.0000E+00     0.0000E+00     0.0000E+00     0.0000E+00     0.0000E+00     0.0000E+00     0.0000E+00     0.0000E+00     0.0000E+00     0.0000E+00     0.0000E+00     0.0000E+00     0.0000E+00     0.1366E+03     0.1491E-02     0.0000E+00     0.0000E+00     0.0000E+00     0.0000E+00     0.0000E+00     0.0000E+00     0.0000E+00     0.0000E+00     0.0000E+00     0.0000E+00     0.1644E-08     0.1644E-08     0.0000E+00     0.0000E+00     0.0000E+00     0.0000E+00
   366    12    31  2024        50         0  hru050               0.5706E+01     0.4558E+04     0.1957E+04     0.4278E+03     0.9952E+01     0.0000E+00     0.0000E+00     0.0000E+00     0.0000E+00     0.0000E+00     0.0000E+00     0.0000E+00     0.0000E+00     0.0000E+00     0.0000E+00     0.0000E+00     0.0000E+00     0.0000E+00     0.0000E+00     0.0000E+00     0.0000E+00     0.0000E+00     0.0000E+00     0.0000E+00     0.0000E+00     0.0000E+00     0.0000E+00     0.0000E+00     0.0000E+00     0.0000E+00     0.0000E+00     0.0000E+00     0.0000E+00     0.0000E+00     0.0000E+00     0.0000E+00     0.0000E+00     0.0000E+00     0.0000E+00     0.0000E+00     0.1958E+03     0.7348E-02     0.0000E+00     0.0000E+00     0.0000E+00     0.0000E+00     0.0000E+00     0.0000E+00     0.0000E+00     0.0000E+00     0.0000E+00     0.0000E+00     0.2356E-08     0.2356E-08     0.0000E+00     0.0000E+00     0.0000E+00     0.0000E+00
   366    12    31  2024        51         0  hru051               0.8635E+01     0.6897E+04     0.2961E+04     0.6474E+03     0.1506E+02     0.0000E+00     0.0000E+00     0.0000E+00     0.0000E+00     0.0000E+00     0.0000E+00     0.0000E+00     0.0000E+00     0.0000E+00     0.0000E+00     0.0000E+00     0.0000E+00     0.0000E+00     0.0000E+00     0.0000E+00     0.0000E+00     0.0000E+00     0.0000E+00     0.0000E+00     0.0000E+00     0.0000E+00     0.0000E+00     0.0000E+00     0.0000E+00     0.0000E+00     0.0000E+00     0.0000E+00     0.0000E+00     0.0000E+00     0.0000E+00     0.0000E+00     0.0000E+00     0.0000E+00     0.0000E+00     0.0000E+00     0.2963E+03     0.1369E-02     0.0000E+00     0.0000E+00     0.0000E+00     0.0000E+00     0.0000E+00     0.0000E+00     0.0000E+00     0.0000E+00     0.0000E+00     0.0000E+00     0.3566E-08     0.3566E-08     0.0000E+00     0.0000E+00     0.0000E+00     0.0000E+00
   366    12    31  2024        52         0  hru052               0.1257E+02     0.1004E+05     0.4304E+04     0.9423E+03     0.2192E+02     0.0000E+00     0.0000E+00     0.0000E+00     0.0000E+00     0.0000E+00     0.0000E+00     0.0000E+00     0.0000E+00     0.0000E+00     0.0000E+00     0.0000E+00     0.0000E+00     0.0000E+00     0.0000E+00     0.0000E+00     0.0000E+00     0.0000E+00     0.0000E+00     0.0000E+00     0.0000E+00     0.0000E+00     0.0000E+00     0.0000E+00     0.0000E+00     0.0000E+00     0.0000E+00     0.0000E+00     0.0000E+00     0.0000E+00     0.0000E+00     0.0000E+00     0.0000E+00     0.0000E+00     0.0000E+00     0.0000E+00     0.4316E+03     0.2203E-02     0.0000E+00     0.0000E+00     0.0000E+00     0.0000E+00     0.0000E+00     0.0000E+00     0.0000E+00     0.0000E+00     0.0000E+00     0.0000E+00     0.5195E-08     0.5195E-08     0.0000E+00     0.0000E+00     0.0000E+00     0.0000E+00
   366    12    31  2024        53         0  hru053               0.2796E+02     0.2227E+05     0.8873E+04     0.2090E+04     0.4862E+02     0.0000E+00     0.0000E+00     0.0000E+00     0.0000E+00     0.0000E+00     0.0000E+00     0.0000E+00     0.0000E+00     0.0000E+00     0.0000E+00     0.0000E+00     0.0000E+00     0.0000E+00     0.0000E+00     0.0000E+00     0.0000E+00     0.0000E+00     0.0000E+00     0.0000E+00     0.0000E+00     0.0000E+00     0.0000E+00     0.0000E+00     0.0000E+00     0.0000E+00     0.0000E+00     0.0000E+00     0.0000E+00     0.0000E+00     0.0000E+00     0.0000E+00     0.0000E+00     0.0000E+00     0.0000E+00     0.0000E+00     0.1013E+04     0.4279E-02     0.1560E-02     0.5379E-03     0.8346E-03     0.2329E-02     0.1527E-02     0.0000E+00     0.0000E+00     0.0000E+00     0.0000E+00     0.0000E+00     0.1174E-04     0.1292E-04     0.0000E+00     0.0000E+00     0.0000E+00     0.0000E+00
   366    12    31  2024        54         0  hru054               0.6612E+01     0.5281E+04     0.2267E+04     0.4956E+03     0.1153E+02     0.0000E+00     0.0000E+00     0.0000E+00     0.0000E+00     0.0000E+00     0.0000E+00     0.0000E+00     0.0000E+00     0.0000E+00     0.0000E+00     0.0000E+00     0.0000E+00     0.0000E+00     0.0000E+00     0.0000E+00     0.0000E+00     0.0000E+00     0.0000E+00     0.0000E+00     0.0000E+00     0.0000E+00     0.0000E+00     0.0000E+00     0.0000E+00     0.0000E+00     0.0000E+00     0.0000E+00     0.0000E+00     0.0000E+00     0.0000E+00     0.0000E+00     0.0000E+00     0.0000E+00     0.0000E+00     0.0000E+00     0.2268E+03     0.8696E-03     0.0000E+00     0.0000E+00     0.0000E+00     0.0000E+00     0.0000E+00     0.0000E+00     0.0000E+00     0.0000E+00     0.0000E+00     0.0000E+00     0.2730E-08     0.2730E-08     0.0000E+00     0.0000E+00     0.0000E+00     0.0000E+00
   366    12    31  2024       283         0  hru283               0.4051E+03     0.3236E+06     0.1374E+06     0.3037E+05     0.7065E+03     0.0000E+00     0.0000E+00     0.0000E+00     0.0000E+00     0.0000E+00     0.0000E+00     0.0000E+00     0.0000E+00     0.0000E+00     0.0000E+00     0.0000E+00     0.0000E+00     0.0000E+00     0.0000E+00     0.0000E+00     0.0000E+00     0.0000E+00     0.0000E+00     0.0000E+00     0.0000E+00     0.0000E+00     0.0000E+00     0.0000E+00     0.0000E+00     0.0000E+00     0.0000E+00     0.0000E+00     0.0000E+00     0.0000E+00     0.0000E+00     0.0000E+00     0.0000E+00     0.0000E+00     0.0000E+00     0.0000E+00     0.1403E+05     0.1936E+00     0.4143E-02     0.1346E-02     0.1729E+00     0.5234E+01     0.1138E+01     0.0000E+00     0.0000E+00     0.0000E+00     0.0000E+00     0.0000E+00     0.3384E-04     0.3697E-04     0.0000E+00     0.0000E+00     0.0000E+00     0.0000E+00
   366    12    31  2024       284         0  hru284               0.3041E+02     0.2429E+05     0.1033E+05     0.2279E+04     0.5304E+02     0.0000E+00     0.0000E+00     0.0000E+00     0.0000E+00     0.0000E+00     0.0000E+00     0.0000E+00     0.0000E+00     0.0000E+00     0.0000E+00     0.0000E+00     0.0000E+00     0.0000E+00     0.0000E+00     0.0000E+00     0.0000E+00     0.0000E+00     0.0000E+00     0.0000E+00     0.0000E+00     0.0000E+00     0.0000E+00     0.0000E+00     0.0000E+00     0.0000E+00     0.0000E+00     0.0000E+00     0.0000E+00     0.0000E+00     0.0000E+00     0.0000E+00     0.0000E+00     0.0000E+00     0.0000E+00     0.0000E+00     0.1051E+04     0.3770E-02     0.0000E+00     0.0000E+00     0.0000E+00     0.0000E+00     0.0000E+00     0.0000E+00     0.0000E+00     0.0000E+00     0.0000E+00     0.0000E+00     0.1265E-07     0.1265E-07     0.0000E+00     0.0000E+00     0.0000E+00     0.0000E+00
   366    12    31  2024       285         0  hru285               0.1214E+02     0.9693E+04     0.4125E+04     0.9099E+03     0.2116E+02     0.0000E+00     0.0000E+00     0.0000E+00     0.0000E+00     0.0000E+00     0.0000E+00     0.0000E+00     0.0000E+00     0.0000E+00     0.0000E+00     0.0000E+00     0.0000E+00     0.0000E+00     0.0000E+00     0.0000E+00     0.0000E+00     0.0000E+00     0.0000E+00     0.0000E+00     0.0000E+00     0.0000E+00     0.0000E+00     0.0000E+00     0.0000E+00     0.0000E+00     0.0000E+00     0.0000E+00     0.0000E+00     0.0000E+00     0.0000E+00     0.0000E+00     0.0000E+00     0.0000E+00     0.0000E+00     0.0000E+00     0.4194E+03     0.5149E-02     0.0000E+00     0.0000E+00     0.0000E+00     0.0000E+00     0.0000E+00     0.0000E+00     0.0000E+00     0.0000E+00     0.0000E+00     0.0000E+00     0.5048E-08     0.5048E-08     0.0000E+00     0.0000E+00     0.0000E+00     0.0000E+00
   366    12    31  2024       286         0  hru286               0.7086E+01     0.5660E+04     0.2408E+04     0.5313E+03     0.1236E+02     0.0000E+00     0.0000E+00     0.0000E+00     0.0000E+00     0.0000E+00     0.0000E+00     0.0000E+00     0.0000E+00     0.0000E+00     0.0000E+00     0.0000E+00     0.0000E+00     0.0000E+00     0.0000E+00     0.0000E+00     0.0000E+00     0.0000E+00     0.0000E+00     0.0000E+00     0.0000E+00     0.0000E+00     0.0000E+00     0.0000E+00     0.0000E+00     0.0000E+00     0.0000E+00     0.0000E+00     0.0000E+00     0.0000E+00     0.0000E+00     0.0000E+00     0.0000E+00     0.0000E+00     0.0000E+00     0.0000E+00     0.2449E+03     0.3270E-02     0.0000E+00     0.0000E+00     0.0000E+00     0.0000E+00     0.0000E+00     0.0000E+00     0.0000E+00     0.0000E+00     0.0000E+00     0.0000E+00     0.2948E-08     0.2948E-08     0.0000E+00     0.0000E+00     0.0000E+00     0.0000E+00
   366    12    31  2024       287         0  hru287               0.4162E+01     0.3325E+04     0.1413E+04     0.3120E+03     0.7259E+01     0.0000E+00     0.0000E+00     0.0000E+00     0.0000E+00     0.0000E+00     0.0000E+00     0.0000E+00     0.0000E+00     0.0000E+00     0.0000E+00     0.0000E+00     0.0000E+00     0.0000E+00     0.0000E+00     0.0000E+00     0.0000E+00     0.0000E+00     0.0000E+00     0.0000E+00     0.0000E+00     0.0000E+00     0.0000E+00     0.0000E+00     0.0000E+00     0.0000E+00     0.0000E+00     0.0000E+00     0.0000E+00     0.0000E+00     0.0000E+00     0.0000E+00     0.0000E+00     0.0000E+00     0.0000E+00     0.0000E+00     0.1440E+03     0.3059E-02     0.0000E+00     0.0000E+00     0.0000E+00     0.0000E+00     0.0000E+00     0.0000E+00     0.0000E+00     0.0000E+00     0.0000E+00     0.0000E+00     0.1733E-08     0.1733E-08     0.0000E+00     0.0000E+00     0.0000E+00     0.0000E+00
