 Mini_CREATE               SWAT+ Jan 11 2024        MODULAR Rev 2024.61.0                                 
  jday   mon   day    yr    unit  gis_id  name                  precip     snofall      snomlt    surq_gen        latq    wateryld        perc          et     ecanopy      eplant       esoil   surq_cont          cn     sw_init    sw_final      sw_ave      sw_300    sno_init   sno_final     snopack         pet       qtile         irr  surq_runon  latq_runon    overbank    surq_cha    surq_res     surq_ls    latq_cha    latq_res     latq_ls     gwsoilq       satex  satex_chan   sw_change     lagsurf     laglatq    lagsatex    wet_evap
                                                                  mm            mm          mm          mm          mm          mm          mm          mm          mm          mm          mm          mm         ---          mm          mm          mm          mm          mm          mm          mm          mm          mm          mm          mm          mm          mm          mm          mm          mm          mm          mm          mm          mm          mm          mm          mm          mm          mm          mm          mm
   365    12    31  2023       1       0  hru001               792.783      47.884      47.868      26.683      15.910      42.592     201.260     553.444      82.347     455.327      15.771      26.678      77.861     383.796     299.679     218.344      26.305       0.000       0.000       0.260     690.130       0.000       0.000       0.000       0.000       0.000       0.000       0.000      26.678       0.000       0.000      15.910       0.000       0.000       0.000      -4.412       2.219     984.834       0.000       0.000
   365    12    31  2023       2       0  hru002               792.783      47.884      47.868      27.791      15.127      42.918     198.923     555.452      82.347     457.478      15.627      27.785      78.040     390.527     306.393     225.300      25.127       0.000       0.000       0.260     690.130       0.000       0.000       0.000       0.000       0.000       0.000       0.000      27.785       0.000       0.000      15.127       0.000       0.000       0.000      -4.413       2.850     936.384       0.000       0.000
   365    12    31  2023       3       0  hru003               792.783      47.883      47.867       0.000     394.561     394.561     122.349     541.782      82.348     441.050      18.384       0.000      29.536     339.140     305.522     186.578      27.186       0.000       0.000       0.260     690.117       0.000       0.000       0.000     263.978       0.000       0.000       0.000       0.000       0.000       0.000     394.561       0.000       0.000       0.000      -1.763       0.000    1259.937       0.000       0.000
   365    12    31  2023       4       0  hru004               792.783      47.884      47.868       0.000     221.627     221.627      14.035     558.607      82.346     457.746      18.516       0.000      24.013     285.759     265.698     199.273      43.375       0.000       0.000       0.260     690.138       0.000       0.000       0.000       0.000       0.000       0.000       0.000       0.000       0.000       0.000     221.627       0.000       0.000       0.000      -1.052       0.000     586.571       0.000       0.000
   365    12    31  2023       5       0  hru005               792.783      47.884      47.868       0.000     208.094     208.094      27.850     558.576      82.346     458.006      18.225       0.000      25.189     307.733     280.142     204.617      43.497       0.000       0.000       0.260     690.133       0.000       0.000       0.000       0.000       0.000       0.000       0.000       0.000       0.000       0.000     208.094       0.000       0.000       0.000      -1.447       0.000     550.754       0.000       0.000
   365    12    31  2023       6       0  hru006               792.783      47.883      47.867       0.000     216.518     216.518      19.281     558.558      82.347     457.838      18.372       0.000      24.475     294.708     271.554     201.512      43.438       0.000       0.000       0.260     690.125       0.000       0.000       0.000       0.000       0.000       0.000       0.000       0.000       0.000       0.000     216.518       0.000       0.000       0.000      -1.214       0.000     573.050       0.000       0.000
   365    12    31  2023       7       0  hru007               792.783      47.884      47.868       0.000     192.317     192.317      43.852     558.717      82.346     458.311      18.060       0.000      26.506     328.477     292.679     209.823      43.553       0.000       0.000       0.260     690.134       0.000       0.000       0.000       0.000       0.000       0.000       0.000       0.000       0.000       0.000     192.317       0.000       0.000       0.000      -1.878       0.000     508.999       0.000       0.000
   365    12    31  2023       8       0  hru008               792.783      47.884      47.868       0.000     222.347     222.347      13.293     558.616      82.346     457.728      18.542       0.000      23.945     284.413     264.863     198.920      43.362       0.000       0.000       0.260     690.139       0.000       0.000       0.000       0.000       0.000       0.000       0.000       0.000       0.000       0.000     222.347       0.000       0.000       0.000      -1.025       0.000     588.477       0.000       0.000
   365    12    31  2023       9       0  hru009               792.783      47.883      47.867     103.419     137.813     241.231     433.431     565.081      82.349     460.941      21.790     103.274      75.341     535.704     401.076     317.885      31.350       0.000       0.000       0.260     690.112       0.000       0.000     293.284     145.697       0.000     103.274       0.000       0.000     137.813       0.000       0.000       0.000       0.000       0.000      -7.061      36.181    2081.708       0.000       0.000
   365    12    31  2023      10       0  hru010               792.783      47.884      47.868       0.000     190.531     190.531      45.658     558.740      82.345     458.351      18.043       0.000      26.655     330.566     293.864     210.380      43.556       0.000       0.000       0.260     690.143       0.000       0.000       0.000       0.000       0.000       0.000       0.000       0.000       0.000       0.000     190.531       0.000       0.000       0.000      -1.925       0.000     504.271       0.000       0.000
   365    12    31  2023      11       0  hru011               792.783      47.883      47.867       0.000     191.988     191.988      44.212     558.694      82.349     458.285      18.059       0.000      26.537     328.891     292.934     209.950      43.555       0.000       0.000       0.260     690.112       0.000       0.000       0.000       0.000       0.000       0.000       0.000       0.000       0.000       0.000     191.988       0.000       0.000       0.000      -1.886       0.000     508.127       0.000       0.000
   365    12    31  2023      12       0  hru012               792.783      47.882      47.866       0.115     146.067     146.182      90.233     559.441      82.351     459.368      17.722       0.115      30.338     370.529     314.528     223.880      43.615       0.000       0.000       0.260     690.101       0.000       0.000       0.000       0.000       0.000       0.000       0.000       0.115       0.000       0.000     146.067       0.000       0.000       0.000      -2.937       0.007     386.589       0.000       0.000
   365    12    31  2023      13       0  hru013               792.783      47.882      47.866       0.000     200.326     200.326      35.757     558.612      82.350     458.123      18.138       0.000      25.842     318.503     286.871     207.269      43.532       0.000       0.000       0.260     690.105       0.000       0.000       0.000       0.000       0.000       0.000       0.000       0.000       0.000       0.000     200.326       0.000       0.000       0.000      -1.659       0.000     530.195       0.000       0.000
   365    12    31  2023      14       0  hru014               792.783      47.882      47.866       0.000     196.949     196.949      39.186     558.640      82.350     458.185      18.105       0.000      26.123     322.842     289.449     208.369      43.542       0.000       0.000       0.260     690.105       0.000       0.000       0.000       0.000       0.000       0.000       0.000       0.000       0.000       0.000     196.949       0.000       0.000       0.000      -1.751       0.000     521.257       0.000       0.000
   365    12    31  2023      15       0  hru015               792.783      47.883      47.867       0.000     209.279     209.279      26.656     558.559      82.348     457.969      18.243       0.000      25.091     306.009     279.043     204.213      43.492       0.000       0.000       0.260     690.122       0.000       0.000       0.000       0.000       0.000       0.000       0.000       0.000       0.000       0.000     209.279       0.000       0.000       0.000      -1.414       0.000     553.891       0.000       0.000
   365    12    31  2023      16       0  hru016               792.783      47.883      47.867      61.864    1061.467    1123.331     529.561     557.719      82.349     449.730      25.641      61.844      68.447     585.592     369.865     256.227      32.335       0.000       0.000       0.260     690.118       0.000       0.000       2.048    1403.526       0.000       0.000       0.000      61.844       0.000       0.000    1061.467       0.000       0.000       0.000     -11.315       4.738    3631.645       0.000       0.000
   365    12    31  2023      17       0  hru017               792.783      47.883      47.867       0.000     212.414     212.414      44.037     537.848      82.348     439.086      16.414       0.000      25.059     270.351     244.809     162.961      28.494       0.000       0.000       0.260     690.121       0.000       0.000       0.000       0.000       0.000       0.000       0.000       0.000       0.000       0.000     212.414       0.000       0.000       0.000      -1.340       0.000     635.260       0.000       0.000
   365    12    31  2023      18       0  hru018               792.783      47.883      47.867      42.993     773.287     816.280     325.276     563.274      82.348     459.379      21.547      42.993      41.784     469.073     382.894     252.168      28.831       0.000       0.000       0.260     690.123       0.000       0.000      61.335     845.858       0.000       0.000       0.000      42.993       0.000       0.000     773.287       0.000       0.000       0.000      -4.520       1.452    2469.307       0.000       0.000
   365    12    31  2023      19       0  hru019               792.783      47.882      47.866      85.924    1223.773    1309.697     361.214     576.091      82.351     465.403      28.336      85.876      55.761     473.391     453.317     321.445      50.313       0.000       0.000       0.260     690.097       0.000       0.000     495.726     957.230       0.000      85.876       0.000       0.000    1223.773       0.000       0.000       0.000       0.000       0.000      -1.053      10.338    3238.915       0.000       0.000
   365    12    31  2023      20       0  hru020               792.783      47.883      47.867      30.474    1148.665    1179.140     357.149     566.395      82.348     460.162      23.885      30.473      43.732     510.614     374.335     259.090      29.585       0.000       0.000       0.260     690.121       0.000       0.000      39.863    1261.974       0.000       0.000       0.000      30.473       0.000       0.000    1148.665       0.000       0.000       0.000      -7.148       1.988    3667.990       0.000       0.000
   365    12    31  2023      21       0  hru021               792.783      47.883      47.867       0.000     170.793     170.794      85.664     538.801      82.349     440.395      16.058       0.000      27.168     311.756     267.286     173.517      26.568       0.000       0.000       0.260     690.116       0.000       0.000       0.000       0.000       0.000       0.000       0.000       0.000       0.000       0.000     170.793       0.000       0.000       0.000      -2.332       0.000     545.388       0.000       0.000
   365    12    31  2023      22       0  hru022               792.783      47.883      47.867       0.000     163.645     163.645      92.450     539.326      82.349     440.957      16.019       0.000      27.531     317.748     270.099     175.628      26.569       0.000       0.000       0.260     690.113       0.000       0.000       0.000       0.000       0.000       0.000       0.000       0.000       0.000       0.000     163.645       0.000       0.000       0.000      -2.499       0.000     522.561       0.000       0.000
   365    12    31  2023      23       0  hru023               792.783      47.882      47.866       0.031     152.444     152.475      77.683     565.297      82.351     463.119      19.827       0.031      28.764     383.551     333.689     244.009      64.508       0.000       0.000       0.260     690.099       0.000       0.000       0.000       0.000       0.000       0.000       0.000       0.031       0.000       0.000     152.444       0.000       0.000       0.000      -2.615       0.003     122.669       0.000       0.000
   365    12    31  2023      24       0  hru024               792.783      47.882      47.866       0.065     140.205     140.270      89.990     565.378      82.351     463.270      19.757       0.064      29.697     391.611     338.114     247.636      64.516       0.000       0.000       0.260     690.099       0.000       0.000       0.000       0.000       0.000       0.000       0.000       0.064       0.000       0.000     140.205       0.000       0.000       0.000      -2.806       0.018     112.821       0.000       0.000
   365    12    31  2023      25       0  hru025               792.783      47.883      47.867       0.000     209.317     209.318      48.295     536.750      82.349     438.135      16.266       0.000      25.267     272.792     245.902     162.269      26.561       0.000       0.000       0.260     690.115       0.000       0.000       0.000       0.000       0.000       0.000       0.000       0.000       0.000       0.000     209.317       0.000       0.000       0.000      -1.410       0.000     668.406       0.000       0.000
   365    12    31  2023      26       0  hru026               792.783      47.882      47.866       0.000     173.392     173.392      94.891     539.515      82.351     441.011      16.154       0.000      27.686     320.361     271.869     176.460      26.611       0.000       0.000       0.260     690.099       0.000       0.000       0.000      12.326       0.000       0.000       0.000       0.000       0.000       0.000     173.392       0.000       0.000       0.000      -2.543       0.000     553.686       0.000       0.000
   365    12    31  2023      27       0  hru027               792.783      47.882      47.866       1.146     118.300     119.446     149.045     527.201      82.351     428.267      16.583       1.146      55.109     311.461     258.392     156.422      28.476       0.000       0.000       0.260     690.099       0.000       0.000       0.000       0.000       0.000       0.525       0.000       0.621      54.180       0.000      64.120       0.000       0.000       0.000      -2.783       0.243     680.621       0.000       0.000
   365    12    31  2023      28       0  hru028               792.783      47.884      47.868       0.000     212.244     212.245      45.380     536.675      82.345     438.049      16.281       0.000      25.124     269.288     243.655     161.395      26.559       0.000       0.000       0.260     690.142       0.000       0.000       0.000       0.000       0.000       0.000       0.000       0.000       0.000       0.000     212.244       0.000       0.000       0.000      -1.344       0.000     677.752       0.000       0.000
   365    12    31  2023      29       0  hru029               792.783      47.882      47.866       1.018     219.972     220.989      84.775     523.593      82.352     423.613      17.628       1.017      52.290     264.415     228.072     137.876      28.622       0.000       0.000       0.260     690.092       0.000       0.000       6.265      28.145       0.000       1.017       0.000       0.000     219.972       0.000       0.000       0.000       0.000       0.000      -1.906       0.005    1265.575       0.000       0.000
   365    12    31  2023      30       0  hru030               792.783      47.882      47.866       5.342      72.269      77.611     168.723     551.358      82.352     452.952      16.055       5.342      60.753     383.409     294.204     212.810      26.235       0.000       0.000       0.260     690.094       0.000       0.000       0.000       0.000       0.000       0.000       0.000       5.342       0.000       0.000      72.269       0.000       0.000       0.000      -4.679       0.029    1091.653       0.000       0.000
   365    12    31  2023      31       0  hru031               792.783      47.882      47.866      31.035     776.686     807.721     146.841     568.545      82.350     464.725      21.470      31.033      31.645     432.751     275.280     206.278      30.681       0.000       0.000       0.260     690.105       0.000       0.000     192.193     528.455       0.000       0.000       0.000      31.033       0.000       0.000     776.686       0.000       0.000       0.000      -8.259       1.676    2322.814       0.000       0.000
   365    12    31  2023      32       0  hru032               792.783      47.204      47.189      23.675      39.642      63.317     178.243     555.754      87.823     411.762      56.170      23.673      76.944     375.769     294.852     208.353      26.112       0.000       0.000       0.255     690.153       0.000       0.000       0.000       0.000       0.000       0.000       0.000      23.673       0.000       0.000      39.642       0.000       0.000       0.000      -4.244       0.555    2453.876       0.000       0.000
   365    12    31  2023      33       0  hru033               792.783      47.242      47.227       0.000     185.293     185.293      59.498     549.951      87.134     404.499      58.317       0.000      25.894     286.689     252.484     168.962      26.343       0.000       0.000       0.255     690.112       0.000       0.000       0.000       0.000       0.000       0.000       0.000       0.000       0.000       0.000     185.293       0.000       0.000       0.000      -1.794       0.000     591.689       0.000       0.000
   365    12    31  2023      34       0  hru034               792.783      50.547      50.527       1.962     263.340     265.302     194.459     334.212      35.871     137.599     160.741       1.962      62.425     332.789     311.160     234.409      35.016       0.000       0.000       0.279     690.043       0.000       0.000       0.000       0.000       0.000       0.000       0.000       1.962       0.000       0.000     263.340       0.000       0.000       0.000      -1.134       0.036    1925.192       0.000       0.000
   365    12    31  2023      35       0  hru035               792.783      50.547      50.527       0.000     370.074     370.074      91.827     331.919      35.871     137.405     158.644       0.000      30.017     275.150     256.965     210.489      31.709       0.000       0.000       0.279     690.045       0.000       0.000       0.000       0.000       0.000       0.000       0.000       0.000       0.000       0.000     370.074       0.000       0.000       0.000      -0.954       0.000    1181.743       0.000       0.000
   365    12    31  2023      36       0  hru036               792.783      50.547      50.527       0.012     212.543     212.555     249.916     331.538      35.873     137.408     158.258       0.011      38.381     359.846     336.919     251.783      31.707       0.000       0.000       0.279     690.029       0.000       0.000       0.000       0.000       0.000       0.000       0.000       0.011       0.000       0.000     212.543       0.000       0.000       0.000      -1.202       0.001     678.705       0.000       0.000
   365    12    31  2023      37       0  hru037               792.783      50.546      50.527      21.046      56.202      77.247     380.241     335.954      35.873     137.301     162.780      21.045      77.053     422.230     409.571     313.148      31.546       0.000       0.000       0.279     690.026       0.000       0.000       0.000       0.000       0.000       0.000       0.000      21.045       0.000       0.000      56.202       0.000       0.000       0.000      -0.664       0.459     848.948       0.000       0.000
   365    12    31  2023      38       0  hru038               792.783      50.546      50.527       0.000     329.568     329.569     132.429     331.876      35.873     137.398     158.604       0.000      32.037     300.973     281.254     221.110      31.713       0.000       0.000       0.279     690.023       0.000       0.000       0.000       0.000       0.000       0.000       0.000       0.000     184.232       0.000     145.336       0.000       0.000       0.000      -1.034       0.000    1052.399       0.000       0.000
   365    12    31  2023      39       0  hru039               792.783      50.546      50.527       0.000     379.102     379.103      82.792     331.915      35.873     137.396     158.646       0.000      29.584     268.978     251.160     208.127      31.705       0.000       0.000       0.279     690.023       0.000       0.000       0.000       0.000       0.000       0.000       0.000       0.000       0.000       0.000     379.102       0.000       0.000       0.000      -0.935       0.000    1210.574       0.000       0.000
   365    12    31  2023      40       0  hru040               792.783      50.547      50.528     106.213      60.558     166.771     398.339     339.374      35.867     137.584     165.923     106.211      88.485     419.433     403.928     322.654      31.698       0.000       0.000       0.279     690.080       0.000       0.000      41.487      69.467       0.000       0.000       0.000     106.211       0.000       0.000      60.558       0.000       0.000       0.000      -0.813       1.564    3748.606       0.000       0.000
   365    12    31  2023      41       0  hru041               792.783      50.547      50.527       2.807     537.064     539.871     259.306     353.954      35.873     137.660     180.421       2.807      39.475     390.260     321.453     256.828      33.512       0.000       0.000       0.279     690.032       0.000       0.000     129.763     226.746       0.000       0.000       0.000       2.807       0.000       0.000     537.064       0.000       0.000       0.000      -3.609       0.466    1714.986       0.000       0.000
   365    12    31  2023      42       0  hru042               792.783      50.547      50.527      22.296      46.236      68.531     388.389     336.485      35.873     137.302     163.310      22.293      77.480     424.514     412.580     315.974      31.605       0.000       0.000       0.279     690.028       0.000       0.000       0.000       0.000       0.000       0.000       0.000      22.293       0.000       0.000      46.236       0.000       0.000       0.000      -0.626       1.542     698.404       0.000       0.000
   365    12    31  2023      43       0  hru043               792.783      48.403      48.384     516.681       0.015     516.697       0.000     597.424      44.731     128.997     423.696     516.680       0.000      30.158      22.574      19.344      10.109       0.000       0.000       0.263     690.121       0.000       0.000       0.000      51.507       0.000       0.000       0.000     516.680       0.000       0.000       0.015       0.000       0.000       0.000      -0.398       7.430       0.234       0.000     220.906
   365    12    31  2023      44       0  hru044               792.783      48.403      48.385     528.581      19.222     547.803     108.284     773.281      49.875     321.176     402.229     528.576       0.000     152.437      67.314     146.849      15.671       0.000       0.000       0.263     690.125       0.000       0.000       0.000     389.208       0.000       0.000       0.000     528.576       0.000       0.000      19.222       0.000       0.000       0.000      -4.465      22.198     290.358       0.000     188.777
   365    12    31  2023      45       0  hru045               792.783      48.403      48.384     471.353       0.000     471.353       0.000     622.596      34.675      76.553     511.368     471.349       0.000      11.942      12.435       8.252       8.252       0.000       0.000       0.263     690.112       0.000       0.000       0.000       0.000       0.000       0.000       0.000     471.349       0.000       0.000       0.000       0.000       0.000       0.000       0.026      18.154       0.000       0.000     265.456
   365    12    31  2023      46       0  hru046               792.783      48.402      48.383     525.401      29.843     555.245      14.976     678.202      49.876     226.141     402.185     525.393       0.000     137.012      82.385      65.604      14.861       0.000       0.000       0.263     690.099       0.000       0.000       0.000     193.615       0.000       0.000       0.000     525.393       0.000       0.000      29.843       0.000       0.000       0.000      -2.865      39.076     102.105       0.000     208.087
   365    12    31  2023      47       0  hru047               792.783      48.402      48.383     471.653       0.000     471.653       0.000     622.193      34.703      76.506     510.983     471.641       0.000      12.237      12.730       8.538       8.538       0.000       0.000       0.263     690.090       0.000       0.000       0.000       0.000       0.000     471.641       0.000       0.000       0.000       0.000       0.000       0.000       0.000       0.000       0.026      51.889       0.000       0.000     265.317
   365    12    31  2023      48       0  hru048               792.783      48.402      48.383     473.594       0.000     473.594       0.000     620.068      35.086      75.743     509.239     473.585       0.000      13.736      14.229       9.903       9.903       0.000       0.000       0.263     690.085       0.000       0.000       0.000       0.000       0.000       0.000     473.585       0.000       0.000       0.000       0.000       0.000       0.000       0.000       0.026      35.828       0.000       0.000     264.754
   365    12    31  2023      49       0  hru049               792.783      48.402      48.383     476.201       0.000     476.201       0.000     614.597      35.588      76.014     502.995     476.198       0.000      13.298      13.728       9.623       9.623       0.000       0.000       0.263     690.098       0.000       0.000       0.000       0.000       0.000     476.198       0.000       0.000       0.000       0.000       0.000       0.000       0.000       0.000       0.023       8.786       0.000       0.000     261.390
   365    12    31  2023      50       0  hru050               792.783      48.402      48.383     476.199       0.000     476.199       0.000     614.600      35.588      76.014     502.998     476.198       0.000      13.297      13.728       9.623       9.623       0.000       0.000       0.263     690.097       0.000       0.000       0.000       0.000       0.000       0.000       0.000     476.198       0.000       0.000       0.000       0.000       0.000       0.000       0.023       3.026       0.000       0.000     261.393
   365    12    31  2023      51       0  hru051               792.783      48.403      48.384     476.212       0.000     476.212       0.000     614.553      35.586      76.011     502.956     476.203       0.000      13.301      13.731       9.625       9.625       0.000       0.000       0.263     690.116       0.000       0.000       0.000       0.000       0.000       0.000       0.000     476.203       0.000       0.000       0.000       0.000       0.000       0.000       0.023      36.562       0.000       0.000     261.354
   365    12    31  2023      52       0  hru052               792.783      48.403      48.384     520.583       0.683     521.266       0.393     655.384      48.252     197.464     409.668     520.573       0.000      79.242      33.002      50.690      15.941       0.000       0.000       0.263     690.122       0.000       0.000       0.000     119.685       0.000       0.000       0.000     520.573       0.000       0.000       0.683       0.000       0.000       0.000      -2.425      43.619       1.809       0.000     212.833
   365    12    31  2023      53       0  hru053               792.783      48.402      48.383     699.073     777.365    1476.439     360.341     801.807      49.878     342.311     409.618     699.040       0.000     576.882     291.044     254.855      39.390       0.000       0.000       0.263     690.097       0.000       0.000       0.000    1565.912       0.000       0.000       0.000     699.040       0.000       0.000     777.365       0.000       0.000       0.000     -14.992      90.356    2057.424       0.000     209.784
   365    12    31  2023      54       0  hru054               792.783      48.402      48.383     476.207       0.000     476.207       0.000     614.605      35.589      76.014     503.002     476.198       0.000      13.297      13.727       9.623       9.623       0.000       0.000       0.263     690.096       0.000       0.000       0.000       0.000       0.000       0.000       0.000     476.198       0.000       0.000       0.000       0.000       0.000       0.000       0.023      40.086       0.000       0.000     261.396
   365    12    31  2023      55       0  hru055               792.783      47.884      47.868      22.514      52.629      75.143     173.041     549.224      82.346     451.016      15.862      22.492      76.528     373.066     291.975     205.251      26.314       0.000       0.000       0.260     690.134       0.000       0.000       0.000       0.000       0.000       0.000       0.000      22.492       0.000       0.000      52.629       0.000       0.000       0.000      -4.253      12.573    3257.821       0.000       0.000
   365    12    31  2023      56       0  hru056               792.783      47.884      47.868       0.000     212.032     212.032      23.845     558.563      82.347     457.931      18.286       0.000      24.857     301.849     276.292     203.215      43.474       0.000       0.000       0.260     690.131       0.000       0.000       0.000       0.000       0.000       0.000       0.000       0.000       0.000       0.000     212.032       0.000       0.000       0.000      -1.340       0.000     561.178       0.000       0.000
   365    12    31  2023      57       0  hru057               792.783      47.885      47.869      24.386      35.608      59.994     186.058     551.381      82.344     453.229      15.808      24.359      77.146     378.362     294.573     211.279      26.305       0.000       0.000       0.260     690.148       0.000       0.000       0.000       0.000       0.000       0.000       0.000      24.359       0.000       0.000      35.608       0.000       0.000       0.000      -4.395      15.376    2204.163       0.000       0.000
   365    12    31  2023      58       0  hru058               792.783      47.885      47.869      63.117      61.389     124.506     215.185     557.037      82.344     457.888      16.805      63.086      78.621     391.101     316.366     225.850      26.629       0.000       0.000       0.260     690.149       0.000       0.000      63.495      36.202       0.000       0.000       0.000      63.086       0.000       0.000      61.389       0.000       0.000       0.000      -3.920      22.517    3800.037       0.000       0.000
   365    12    31  2023      59       0  hru059               792.783      47.884      47.868      25.679      24.496      50.175     194.631     552.584      82.344     454.459      15.781      25.652      77.554     381.503     297.097     215.289      26.305       0.000       0.000       0.260     690.145       0.000       0.000       0.000       0.000       0.000       0.000       0.000      25.652       0.000       0.000      24.496       0.000       0.000       0.000      -4.427      15.661    1516.322       0.000       0.000
   365    12    31  2023      60       0  hru060               792.783      47.884      47.868      15.951     167.903     183.854     185.353     556.390      82.346     456.458      17.586      15.942      62.008     402.922     305.573     220.613      26.696       0.000       0.000       0.260     690.137       0.000       0.000      16.187     110.814       0.000       0.000       0.000      15.942       0.000       0.000     167.903       0.000       0.000       0.000      -5.106       6.571    2536.236       0.000       0.000
   365    12    31  2023      61       0  hru061               792.783      47.883      47.867       4.871     218.786     223.657     132.008     525.330      82.349     424.987      17.994       4.870      54.884     317.097     247.360     146.816      26.625       0.000       0.000       0.260     690.113       0.000       0.000      20.933      63.424       0.000       0.000       0.000       4.870       0.000       0.000     218.786       0.000       0.000       0.000      -3.658       3.985     748.544       0.000       0.000
   365    12    31  2023      62       0  hru062               792.783      47.883      47.867     225.630     449.062     674.692     174.756     544.045      82.350     441.010      20.685     225.551      57.422     372.058     246.719     164.372      28.481       0.000       0.000       0.260     690.109       0.000       0.000     387.470     206.032       0.000     225.551       0.000       0.000     449.062       0.000       0.000       0.000       0.000       0.000      -6.574     139.362    1536.395       0.000       0.000
   365    12    31  2023      63       0  hru063               792.783      50.864      50.842      34.629      41.285      75.914     314.429     489.919      12.070      42.946     434.903      34.623      71.967     443.111     387.591     284.441      29.277       0.000       0.000       0.283     690.050       0.000       0.000      22.381      62.068       0.000       0.000       0.000      34.623       0.000       0.000      41.285       0.000       0.000       0.000      -2.912       1.923     623.625       0.000       0.000
   365    12    31  2023      64       0  hru064               792.783      50.839      50.819       0.000     268.760     268.760      17.857     507.436      10.379      28.675     468.383       0.000      25.871     287.740     270.087     233.253      47.301       0.000       0.000       0.283     690.062       0.000       0.000       0.000       0.000       0.000       0.000       0.000       0.000       0.000       0.000     268.760       0.000       0.000       0.000      -0.926       0.000     711.317       0.000       0.000
   365    12    31  2023      65       0  hru065               792.783      50.839      50.819       0.000     262.838     262.838      19.997     511.225      11.320      39.756     460.149       0.000      25.996     291.221     272.824     233.591      47.200       0.000       0.000       0.283     690.060       0.000       0.000       0.000       0.000       0.000       0.000       0.000       0.000       0.000       0.000     262.838       0.000       0.000       0.000      -0.965       0.000     695.643       0.000       0.000
   365    12    31  2023      66       0  hru066               792.783      50.872      50.849       0.000     272.667     272.668      14.095     507.269      10.202      28.928     468.139       0.000      25.607     281.954     265.876     232.136      47.261       0.000       0.000       0.283     690.054       0.000       0.000       0.000       0.000       0.000       0.000       0.000       0.000       0.000       0.000     272.667       0.000       0.000       0.000      -0.843       0.000     721.659       0.000       0.000
   365    12    31  2023      67       0  hru067               792.783      50.839      50.819       0.000     270.372     270.372      42.651     481.095      10.229      36.760     434.106       0.000      26.730     259.822     237.471     191.960      31.284       0.000       0.000       0.283     690.050       0.000       0.000       0.000       0.000       0.000       0.000       0.000       0.000       0.000       0.000     270.372       0.000       0.000       0.000      -1.172       0.000     808.594       0.000       0.000
   365    12    31  2023      68       0  hru068               792.783      50.872      50.849       0.000     243.568     243.568      40.547     509.986       9.055      34.328     466.602       0.000      27.451     316.548     294.678     238.562      47.055       0.000       0.000       0.283     690.033       0.000       0.000       0.000       0.000       0.000       0.000       0.000       0.000       0.000       0.000     243.568       0.000       0.000       0.000      -1.147       0.000     644.642       0.000       0.000
   365    12    31  2023      69       0  hru069               792.783      50.839      50.819       0.000     227.263     227.264      58.758     508.109       9.054      26.843     472.211       0.000      28.876     335.264     311.854     244.404      47.442       0.000       0.000       0.283     690.035       0.000       0.000       0.000       0.000       0.000       0.000       0.000       0.000       0.000       0.000     227.263       0.000       0.000       0.000      -1.228       0.000     601.489       0.000       0.000
   365    12    31  2023      70       0  hru070               792.783      50.800      50.780       0.006     202.464     202.469      75.630     516.131      14.259      52.931     448.941       0.006      30.021     353.652     327.827     246.433      46.603       0.000       0.000       0.283     690.033       0.000       0.000       0.000       0.000       0.000       0.000       0.000       0.006       0.000       0.000     202.464       0.000       0.000       0.000      -1.355       0.000     535.853       0.000       0.000
   365    12    31  2023      71       0  hru071               792.783      50.856      50.837       0.027     195.698     195.725      89.915     508.630       8.525      26.649     473.456       0.027      31.273     363.425     336.568     252.487      47.441       0.000       0.000       0.283     690.031       0.000       0.000       0.000       0.000       0.000       0.000       0.000       0.027       0.000       0.000     195.698       0.000       0.000       0.000      -1.409       0.001     517.948       0.000       0.000
   365    12    31  2023      72       0  hru072               792.783      50.856      50.837       0.000     229.830     229.831      52.608     511.698      10.785      39.070     461.844       0.000      28.334     329.941     306.666     241.600      46.963       0.000       0.000       0.283     690.028       0.000       0.000       0.000       0.000       0.000       0.000       0.000       0.000       0.000       0.000     229.830       0.000       0.000       0.000      -1.221       0.000     608.284       0.000       0.000
   365    12    31  2023      73       0  hru073               792.783      50.839      50.819     222.684      39.269     261.953     482.883     520.836      10.649      31.959     478.227     222.666      90.066     528.873     500.624     356.304      32.542       0.000       0.000       0.283     690.043       0.000       0.000     471.234       0.000       0.000       0.000       0.000     222.666       0.000       0.000      39.269       0.000       0.000       0.000      -1.482       9.836    2430.770       0.000       0.000
   365    12    31  2023      74       0  hru074               792.783      50.839      50.819      40.298      29.556      69.854     243.038     481.696      11.466      40.467     429.762      40.296      82.446     400.015     366.735     258.863      27.441       0.000       0.000       0.283     690.056       0.000       0.000       0.000       0.000       0.000       0.000       0.000      40.296       0.000       0.000      29.556       0.000       0.000       0.000      -1.746       1.134    1829.543       0.000       0.000
   365    12    31  2023      75       0  hru075               792.783      50.872      50.849      58.931      34.091      93.022     262.903     479.357       8.786      26.197     444.374      58.926      83.006     399.025     360.757     258.917      29.099       0.000       0.000       0.283     690.048       0.000       0.000      25.321      15.098       0.000       0.000       0.000      58.926       0.000       0.000      34.091       0.000       0.000       0.000      -2.007       3.104    2110.263       0.000       0.000
   365    12    31  2023      76       0  hru076               792.783      50.856      50.837       4.215     228.719     232.934     197.168     488.075      10.674      36.768     440.634       4.215      60.067     327.586     283.508     182.308      29.443       0.000       0.000       0.283     690.040       0.000       0.000       0.961     122.054       0.000       0.000       0.000       4.215       0.000       0.000     228.719       0.000       0.000       0.000      -2.312       0.565     782.527       0.000       0.000
   365    12    31  2023      77       0  hru077               792.783      50.872      50.849       8.860     861.951     870.811     318.142     560.447      11.472      39.156     509.820       8.860      42.515     430.113     349.201     269.005      32.838       0.000       0.000       0.283     690.029       0.000       0.000      23.715     928.334       0.000       0.000       0.000       8.860       0.000       0.000     861.951       0.000       0.000       0.000      -4.243       0.865    2752.435       0.000       0.000
   365    12    31  2023      78       0  hru078               792.783      50.856      50.837       2.685     424.201     426.886     191.548     508.005       7.895      24.994     475.116       2.684      34.697     365.400     313.105     233.033      30.823       0.000       0.000       0.283     690.034       0.000       0.000      14.026     316.725       0.000       0.000       0.000       2.684       0.000       0.000     424.201       0.000       0.000       0.000      -2.742       0.364    1354.586       0.000       0.000
   365    12    31  2023      79       0  hru079               792.783      50.872      50.849     166.669    1564.747    1731.416     866.670     584.061      10.936      40.890     532.234     166.639      67.504     728.814     708.403     411.388      44.779       0.000       0.000       0.283     690.022       0.000       0.000      23.682    2364.402       0.000       0.000       0.000     166.639       0.000       0.000    1564.747       0.000       0.000       0.000      -1.069       6.724    4996.650       0.000       0.000
   365    12    31  2023      80       0  hru080               792.783      50.800      50.780       0.000     260.235     260.236      55.116     478.806      11.460      38.231     429.115       0.000      27.324     269.859     245.873     193.518      29.188       0.000       0.000       0.283     690.038       0.000       0.000       0.000       0.000       0.000       0.000       0.000       0.000       0.000       0.000     260.235       0.000       0.000       0.000      -1.258       0.000     830.999       0.000       0.000
   365    12    31  2023      81       0  hru081               792.783      50.872      50.849    1449.587    2763.416    4213.003    1346.108     630.905       8.883      27.494     594.528    1449.465      81.441     728.814     728.814     537.167      78.974       0.000       0.000       0.283     690.036       0.000       0.000      32.279    5364.772       0.000       0.000       0.000    1449.465       0.000       0.000    2763.416       0.000       0.000       0.000       0.002     160.817    8824.314       0.000       0.000
   365    12    31  2023      82       0  hru082               792.783      50.839      50.819     159.218    1197.961    1357.179     646.925     597.948      10.387      30.200     557.361     159.102      60.195     589.996     417.234     357.236      37.037       0.000       0.000       0.283     690.025       0.000       0.000     273.680    1525.705       0.000       0.000       0.000     159.102       0.000       0.000    1197.961       0.000       0.000       0.000      -9.060      31.498    3825.403       0.000       0.000
   365    12    31  2023      83       0  hru083               792.783      50.872      50.849      44.958     697.839     742.796     507.926     547.220      10.082      29.331     507.808      44.891      52.920     554.714     504.616     320.102      36.076       0.000       0.000       0.283     690.018       0.000       0.000     409.434     592.898       0.000       0.000       0.000      44.891       0.000       0.000     697.839       0.000       0.000       0.000      -2.626       9.822    2228.382       0.000       0.000
   365    12    31  2023      84       0  hru084               792.783      50.872      50.849       0.005     258.982     258.987     180.766     496.219      10.193      36.511     449.516       0.005      33.734     365.564     319.252     228.319      29.987       0.000       0.000       0.283     690.019       0.000       0.000       1.150     139.519       0.000       0.000       0.000       0.005       0.000       0.000     258.982       0.000       0.000       0.000      -2.429       0.001     826.997       0.000       0.000
   365    12    31  2023      85       0  hru085               792.783      50.839      50.819       0.000     213.407     213.408     104.053     476.904      10.085      29.262     437.557       0.000      29.651     312.203     283.307     206.952      29.382       0.000       0.000       0.283     690.022       0.000       0.000       0.000       0.000       0.000       0.000       0.000       0.000     112.705       0.000     100.703       0.000       0.000       0.000      -1.515       0.000     681.465       0.000       0.000
   365    12    31  2023      86       0  hru086               792.783      50.852      50.832     197.252      84.829     282.081     413.726     514.238       9.790      36.803     467.646     197.175      77.763     492.546     441.464     321.747      31.345       0.000       0.000       0.283     690.021       0.000       0.000     253.432     160.894       0.000       0.000       0.000     197.175       0.000       0.000      84.829       0.000       0.000       0.000      -2.679      34.115    1281.377       0.000       0.000
   365    12    31  2023      87       0  hru087               792.783      50.852      50.832    1117.759    2158.353    3276.112     913.069     661.123      16.263      68.660     576.200    1117.659      86.091     576.882     576.882     482.924      89.078       0.000       0.000       0.283     690.015       0.000       0.000       0.002    4057.426       0.000       0.000       0.000    1117.659       0.000       0.000    2158.353       0.000       0.000       0.000      -0.006     146.237    5712.434       0.000       0.000
   365    12    31  2023      88       0  hru088               792.783      50.839      50.819       0.059     248.392     248.451     100.366     540.492      11.172      39.335     489.985       0.058      31.378     399.370     368.181     277.073      71.826       0.000       0.000       0.283     690.023       0.000       0.000       0.138      94.696       0.000       0.000       0.000       0.058       0.000       0.000     248.392       0.000       0.000       0.000      -1.636       0.018     199.877       0.000       0.000
   365    12    31  2023      89       0  hru089               792.783      50.857      50.834       0.977     486.525     487.502     246.261     501.793      12.536      43.703     445.554       0.977      37.872     454.589     371.995     245.190      30.638       0.000       0.000       0.283     690.032       0.000       0.000       0.001     438.177       0.000       0.000       0.000       0.977       0.000       0.000     486.525       0.000       0.000       0.000      -4.332       0.089    1553.601       0.000       0.000
   365    12    31  2023      90       0  hru090               792.783      50.872      50.849       0.306     474.138     474.444     220.448     502.211      11.408      37.025     453.778       0.305      36.438     422.817     349.845     238.957      30.672       0.000       0.000       0.283     690.015       0.000       0.000       0.001     400.243       0.000       0.000       0.000       0.305       0.000       0.000     474.138       0.000       0.000       0.000      -3.827       0.022    1514.047       0.000       0.000
   365    12    31  2023      91       0  hru091               792.783      50.872      50.849       0.059     157.701     157.761     105.191     531.231      11.408      37.048     482.776       0.059      31.417     403.098     376.985     276.635      71.038       0.000       0.000       0.283     690.019       0.000       0.000       0.000       0.000       0.000       0.000       0.000       0.059       0.000       0.000     157.701       0.000       0.000       0.000      -1.370       0.011     126.899       0.000       0.000
   365    12    31  2023      92       0  hru092               792.783      50.872      50.849      36.802      77.960     114.762     305.557     488.567       9.137      34.723     444.706      36.801      71.527     424.327     394.613     281.677      29.449       0.000       0.000       0.283     690.017       0.000       0.000      36.308      78.168       0.000       0.000       0.000      36.801       0.000       0.000      77.960       0.000       0.000       0.000      -1.558       0.488    1177.612       0.000       0.000
   365    12    31  2023      93       0  hru093               792.783      50.864      50.842      12.447     675.653     688.099     353.803     550.111      11.559      40.140     498.412      12.444      44.201     455.516     356.317     278.039      32.701       0.000       0.000       0.283     690.019       0.000       0.000      56.873     736.870       0.000      12.444       0.000       0.000     675.653       0.000       0.000       0.000       0.000       0.000      -5.202       4.223    2157.537       0.000       0.000
   365    12    31  2023      94       0  hru094               792.783      50.872      50.849       0.029     170.152     170.181      94.634     529.349       9.557      27.771     492.021       0.028      30.719     395.233     369.613     274.682      71.748       0.000       0.000       0.283     690.019       0.000       0.000       0.000       0.000       0.000       0.000       0.000       0.028       0.000       0.000     170.152       0.000       0.000       0.000      -1.344       0.007     136.918       0.000       0.000
   365    12    31  2023      95       0  hru095               792.783      50.872      50.849     339.519     560.660     900.179     626.624     529.906       7.601      24.288     498.017     339.511      82.980     632.597     632.597     400.476      51.592       0.000       0.000       0.283     690.012       0.000       0.000       0.002    1263.226       0.000     339.511       0.000       0.000     560.660       0.000       0.000       0.000       0.000       0.000       0.002       2.221    8468.967       0.000       0.000
   365    12    31  2023      96       0  hru096               792.783      50.828      50.808      45.314     654.562     699.876     148.213     573.511      11.385      38.765     523.360      45.287      36.084     480.264     364.455     297.501      74.472       0.000       0.000       0.283     690.014       0.000       0.000     158.909     463.474       0.000      45.287       0.000       0.000     654.562       0.000       0.000       0.000       0.000       0.000      -6.074       6.504     526.714       0.000       0.000
   365    12    31  2023      97       0  hru097               792.783      50.852      50.832       0.000     237.339     237.340      28.289     528.308       8.028      25.226     495.054       0.000      26.059     331.914     312.217     257.108      71.728       0.000       0.000       0.283     690.012       0.000       0.000       0.000       0.000       0.000       0.000       0.000       0.000       0.000       0.000     237.339       0.000       0.000       0.000      -1.033       0.000     190.983       0.000       0.000
   365    12    31  2023      98       0  hru098               792.783      50.833      50.810      14.201     106.994     121.195     231.154     482.421      11.553      41.758     429.110      14.201      67.033     403.320     364.400     254.731      28.821       0.000       0.000       0.283     690.010       0.000       0.000       7.240      32.525       0.000      14.201       0.000       0.000     106.994       0.000       0.000       0.000       0.000       0.000      -2.041       0.054    1616.182       0.000       0.000
   365    12    31  2023      99       0  hru099               792.783      50.864      50.842     342.935     276.576     619.511     553.012     564.111       9.154      28.576     526.381     342.928      84.483     532.286     480.896     375.308      37.125       0.000       0.000       0.283     690.011       0.000       0.000     281.311     659.489       0.000     342.928       0.000       0.000     276.576       0.000       0.000       0.000       0.000       0.000      -2.694       3.407    4177.773       0.000       0.000
   365    12    31  2023     100       0  hru100               792.783      50.839      50.819     123.568     239.365     362.933     567.418     533.814       9.054      26.843     497.917     123.510      82.479     632.597     551.807     378.953      41.324       0.000       0.000       0.283     690.015       0.000       0.000       3.724     662.317       0.000     123.510       0.000       0.000     239.365       0.000       0.000       0.000       0.000       0.000      -4.236      11.257    3615.688       0.000       0.000
   365    12    31  2023     101       0  hru101               792.783      50.872      50.849       0.000     422.762     422.762     114.234     494.608      10.460      40.984     443.164       0.000      30.422     326.916     297.241     208.765      30.000       0.000       0.000       0.283     690.065       0.000       0.000       0.000     237.135       0.000       0.000       0.000       0.000       0.000       0.000     422.762       0.000       0.000       0.000      -1.556       0.000    1349.990       0.000       0.000
   365    12    31  2023     102       0  hru102               792.783      51.311      51.288      12.937      24.582      37.519     267.680     490.422       9.241     117.173     364.007      12.933      68.857     430.419     377.944     265.790      28.311       0.000       0.000       0.283     690.056       0.000       0.000       0.000       0.000       0.000       0.000       0.000      12.933       0.000       0.000      24.582       0.000       0.000       0.000      -2.752       0.968     371.319       0.000       0.000
   365    12    31  2023     103       0  hru103               792.783      51.311      51.288     178.335    1894.978    2073.313     801.814     613.396       9.267     117.966     486.163     178.318      67.147     592.833     487.406     395.663      41.260       0.000       0.000       0.283     690.031       0.000       0.000     137.469    2552.127       0.000       0.000       0.000     178.318       0.000       0.000    1894.978       0.000       0.000       0.000      -5.528       8.906    6051.163       0.000       0.000
   365    12    31  2023     104       0  hru104               792.783      51.311      51.288      13.293      20.072      33.366     271.140     490.595      10.752     127.098     352.745      13.288      68.961     422.723     379.485     266.606      28.290       0.000       0.000       0.283     690.045       0.000       0.000       0.000       0.000       0.000       0.000       0.000      13.288       0.000       0.000      20.072       0.000       0.000       0.000      -2.267       1.742     303.196       0.000       0.000
   365    12    31  2023     105       0  hru105               792.783      47.933      47.919      29.546     407.461     437.006     245.535     342.874      33.830     152.156     156.888      29.543      38.413     457.043     324.757     247.869      33.203       0.000       0.000       0.259     690.123       0.000       0.000     151.967      73.380       0.000       0.000       0.000      29.543       0.000       0.000     407.461       0.000       0.000       0.000      -6.938       4.194    1301.129       0.000       0.000
   365    12    31  2023     106       0  hru106               792.783      51.311      51.288      40.357      53.589      93.946     224.252     497.929       5.711     126.745     365.474      40.346      80.703     392.487     349.005     238.817      28.235       0.000       0.000       0.283     690.057       0.000       0.000       9.168      11.700       0.000       0.000       0.000      40.346       0.000       0.000      53.589       0.000       0.000       0.000      -2.281       5.686    3317.247       0.000       0.000
   365    12    31  2023     107       0  hru107               792.783      51.311      51.288      99.260      15.611     114.871     268.299     505.660       7.024     138.457     360.179      99.233      82.468     435.502     351.792     258.072      28.280       0.000       0.000       0.283     690.056       0.000       0.000      75.254      16.289       0.000       0.000       0.000      99.233       0.000       0.000      15.611       0.000       0.000       0.000      -4.391      13.652     966.317       0.000       0.000
   365    12    31  2023     108       0  hru108               792.783      51.311      51.288      10.681      58.774      69.456     247.336     478.160       5.176     113.395     359.589      10.680      67.648     407.121     367.676     258.349      27.948       0.000       0.000       0.283     690.015       0.000       0.000       0.000       0.000       0.000       0.000       0.000      10.680       0.000       0.000      58.774       0.000       0.000       0.000      -2.069       0.373     887.808       0.000       0.000
   365    12    31  2023     109       0  hru109               792.783      50.579      50.556       2.187     152.979     155.166     150.965     488.305       8.790     181.472     298.043       2.187      57.362     293.465     262.624     164.803      26.959       0.000       0.000       0.275     690.028       0.000       0.000       0.000       0.000       0.000       0.000       0.000       2.187       0.000       0.000     152.979       0.000       0.000       0.000      -1.618       0.301     523.394       0.000       0.000
   365    12    31  2023     110       0  hru110               792.783      50.847      50.825       1.729     170.551     172.279     120.351     501.972       9.675     145.367     346.930       1.728      55.640     280.481     246.824     152.908      28.022       0.000       0.000       0.281     690.041       0.000       0.000       0.000       0.000       0.000       0.000       0.000       1.728       0.000       0.000     170.551       0.000       0.000       0.000      -1.765       0.235     583.512       0.000       0.000
   365    12    31  2023     111       0  hru111               792.783      50.803      50.780      38.234     609.596     647.830     371.256     573.523      10.156     163.014     400.353      38.229      67.511     392.522     308.111     229.233      30.858       0.000       0.000       0.280     690.035       0.000       0.000      57.258     737.910       0.000       0.000       0.000      38.229       0.000       0.000     609.596       0.000       0.000       0.000      -4.427       4.532    2085.636       0.000       0.000
   365    12    31  2023     112       0  hru112               792.783      50.862      50.839      44.982      14.067      59.049     264.117     484.981       8.972     159.269     316.740      44.935      82.520     400.463     362.048     254.895      27.275       0.000       0.000       0.280     690.057       0.000       0.000       8.927       4.345       0.000       0.000       0.000      44.935       0.000       0.000      14.067       0.000       0.000       0.000      -2.015      31.102     870.755       0.000       0.000
   365    12    31  2023     113       0  hru113               792.783      50.360      50.337       0.000     207.098     207.099      62.340     524.995      14.068     208.702     302.224       0.000      26.467     286.769     257.478     178.091      27.752       0.000       0.000       0.278     690.024       0.000       0.000       0.000       0.000       0.000       0.000       0.000       0.000       0.000       0.000     207.098       0.000       0.000       0.000      -1.536       0.000     661.320       0.000       0.000
   365    12    31  2023     114       0  hru114               792.783      51.311      51.288       1.135     565.108     566.243     180.347     536.719       7.464     149.474     379.780       1.134      34.067     377.328     324.116     225.783      30.192       0.000       0.000       0.283     690.021       0.000       0.000      18.798     468.703       0.000       0.000       0.000       1.134       0.000       0.000     565.108       0.000       0.000       0.000      -2.790       0.056    1804.540       0.000       0.000
   365    12    31  2023     115       0  hru115               792.783      51.276      51.253      21.985      41.619      63.604     271.318     519.431       6.715     170.023     342.693      21.979      68.780     430.810     364.772     265.508      28.208       0.000       0.000       0.283     690.062       0.000       0.000      10.261      47.690       0.000       0.000       0.000      21.979       0.000       0.000      41.619       0.000       0.000       0.000      -3.463       2.187     628.676       0.000       0.000
   365    12    31  2023     116       0  hru116               792.783      50.957      50.935       0.000     340.934     340.934     135.947     528.212       7.361     178.439     342.411       0.000      30.849     346.596     296.782     205.340      28.986       0.000       0.000       0.281     690.017       0.000       0.000       3.069     206.447       0.000       0.000       0.000       0.000       0.000       0.000     340.934       0.000       0.000       0.000      -2.612       0.000    1088.691       0.000       0.000
   365    12    31  2023     117       0  hru117               792.783      50.873      50.851       0.000     207.446     207.446      69.960     517.053       7.054     192.615     317.384       0.000      26.902     291.552     261.705     181.599      27.983       0.000       0.000       0.281     690.018       0.000       0.000       0.000       0.000       0.000       0.000       0.000       0.000       0.000       0.000     207.446       0.000       0.000       0.000      -1.565       0.000     662.430       0.000       0.000
   365    12    31  2023     118       0  hru118               792.783      50.954      50.932       0.000     206.001     206.001      71.891     516.588       6.875     192.183     317.531       0.000      26.997     293.455     263.172     182.080      28.000       0.000       0.000       0.281     690.016       0.000       0.000       0.000       0.000       0.000       0.000       0.000       0.000       0.000       0.000     206.001       0.000       0.000       0.000      -1.588       0.000     657.814       0.000       0.000
   365    12    31  2023     119       0  hru119               792.783      50.853      50.830      30.420      49.212      79.632     198.348     519.014       7.705     185.929     325.380      30.417      79.193     384.872     311.529     225.114      27.493       0.000       0.000       0.281     690.067       0.000       0.000       0.000       0.000       0.000       0.000       0.000      30.417       0.000       0.000      49.212       0.000       0.000       0.000      -3.847       1.508    3046.261       0.000       0.000
   365    12    31  2023     120       0  hru120               792.783      50.974      50.951       8.619     257.007     265.627     270.873     557.601      10.233     149.551     397.816       8.609      43.885     504.369     466.091     317.720      69.465       0.000       0.000       0.282     690.031       0.000       0.000       0.113     299.152       0.000       0.000       0.000       8.609       0.000       0.000     257.007       0.000       0.000       0.000      -2.007       1.584     206.809       0.000       0.000
   365    12    31  2023     121       0  hru121               792.783      51.063      51.040      18.968      44.467      63.435     282.032     479.333       7.721     121.612     349.999      18.962      69.656     420.204     381.328     270.380      28.034       0.000       0.000       0.282     690.022       0.000       0.000       8.763      21.139       0.000       0.000       0.000      18.962       0.000       0.000      44.467       0.000       0.000       0.000      -2.039       2.599     671.696       0.000       0.000
   365    12    31  2023     122       0  hru122               792.783      50.451      50.428      11.383     565.111     576.494     285.155     531.387      10.163     224.449     296.774      11.382      63.682     378.535     333.757     203.749      28.702       0.000       0.000       0.273     690.030       0.000       0.000       6.243     591.533       0.000       0.000       0.000      11.382       0.000       0.000     565.111       0.000       0.000       0.000      -2.348       1.127    1933.439       0.000       0.000
   365    12    31  2023     123       0  hru123               792.783      51.115      51.092       0.000     155.466     155.466     162.783     476.523       4.921     134.519     337.083       0.000      32.264     353.437     316.400     218.878      28.060       0.000       0.000       0.282     690.019       0.000       0.000       0.000       0.000       0.000       0.000       0.000       0.000       0.000       0.000     155.466       0.000       0.000       0.000      -1.942       0.000     496.443       0.000       0.000
   365    12    31  2023     124       0  hru124               792.783      50.412      50.392       2.183     217.945     220.128     141.632     489.074       9.947     175.313     303.814       2.183      57.312     289.539     257.037     164.455      27.471       0.000       0.000       0.278     690.037       0.000       0.000       0.703      55.589       0.000       0.000       0.000       2.183       0.000       0.000     217.945       0.000       0.000       0.000      -1.705       0.414     745.666       0.000       0.000
   365    12    31  2023     125       0  hru125               792.783      51.311      51.288     134.057      25.906     159.964     260.388     527.140       7.326     185.197     334.617     134.034      81.916     422.568     363.190     253.576      28.127       0.000       0.000       0.283     690.059       0.000       0.000     118.779      32.676       0.000       0.000       0.000     134.034       0.000       0.000      25.906       0.000       0.000       0.000      -3.115      13.781    1603.629       0.000       0.000
   365    12    31  2023     126       0  hru126               792.783      51.091      51.068      21.296     662.272     683.568     291.229     560.394       6.502     153.772     400.121      21.296      40.574     445.602     330.937     259.013      31.387       0.000       0.000       0.282     690.037       0.000       0.000      58.555     677.422       0.000       0.000       0.000      21.296       0.000       0.000     662.272       0.000       0.000       0.000      -6.014       6.747    2114.810       0.000       0.000
   365    12    31  2023     127       0  hru127               792.783      51.311      51.288     324.057      31.561     355.618     305.917     524.086       8.124     169.869     346.093     324.021      83.799     469.275     366.874     274.722      28.619       0.000       0.000       0.283     690.056       0.000       0.000     321.610      65.619       0.000       0.000       0.000     324.021       0.000       0.000      31.561       0.000       0.000       0.000      -5.371      20.344    1953.666       0.000       0.000
   365    12    31  2023     128       0  hru128               792.783      50.823      50.800      14.587     100.210     114.797     197.735     533.011      11.267     225.440     296.303      14.586      63.817     408.307     341.929     234.415      27.515       0.000       0.000       0.275     690.063       0.000       0.000      10.201      38.755       0.000       0.000       0.000      14.586       0.000       0.000     100.210       0.000       0.000       0.000      -3.481       0.132    1513.713       0.000       0.000
   365    12    31  2023     129       0  hru129               792.783      51.311      51.288      34.346      16.252      50.598     226.920     518.392      11.833     190.631     315.927      34.341      80.542     397.494     339.621     239.088      27.650       0.000       0.000       0.283     690.060       0.000       0.000       0.000       0.000       0.000       0.000       0.000      34.341       0.000       0.000      16.252       0.000       0.000       0.000      -3.035       2.377    1006.045       0.000       0.000
   365    12    31  2023     130       0  hru130               792.783      51.160      51.137      45.760     248.043     293.803     351.917     553.786       7.562     207.466     338.758      45.750      67.407     448.328     370.380     265.432      32.246       0.000       0.000       0.282     690.038       0.000       0.000      45.372     357.063       0.000       0.000       0.000      45.750       0.000       0.000     248.043       0.000       0.000       0.000      -4.089       5.411    1813.362       0.000       0.000
   365    12    31  2023     131       0  hru131               792.783      50.805      50.782      15.890      32.638      48.528     238.980     527.519      10.313     203.892     313.314      15.886      66.498     426.268     330.952     250.950      27.764       0.000       0.000       0.280     690.057       0.000       0.000      11.402       5.683       0.000       0.000       0.000      15.886       0.000       0.000      32.638       0.000       0.000       0.000      -4.999       1.158     493.008       0.000       0.000
   365    12    31  2023     132       0  hru132               792.783      50.874      50.851      70.094      15.172      85.266     235.169     542.579       7.833     250.624     284.122      70.075      80.272     425.805     331.900     238.735      27.174       0.000       0.000       0.281     690.058       0.000       0.000      46.937      18.248       0.000       0.000       0.000      70.075       0.000       0.000      15.172       0.000       0.000       0.000      -4.926       9.288     939.164       0.000       0.000
   365    12    31  2023     133       0  hru133               792.783      51.311      51.288       0.000     192.804     192.804     115.872     485.800       9.144     116.234     360.422       0.000      29.979     323.565     292.424     207.014      28.252       0.000       0.000       0.283     690.022       0.000       0.000       0.000       0.000       0.000       0.000       0.000       0.000       0.000       0.000     192.804       0.000       0.000       0.000      -1.633       0.000     615.673       0.000       0.000
   365    12    31  2023     134       0  hru134               792.783      50.715      50.693      35.860      23.139      58.999     242.539     493.467       8.536     192.348     292.583      35.832      81.466     391.338     350.513     244.848      26.787       0.000       0.000       0.281     690.048       0.000       0.000       0.000       0.000       0.000       0.000       0.000      35.832       0.000       0.000      23.139       0.000       0.000       0.000      -2.141      17.032    1432.355       0.000       0.000
   365    12    31  2023     135       0  hru135               792.783      51.311      51.288       8.334     441.744     450.078     238.824     510.655      11.638     171.118     327.899       8.334      61.490     363.192     307.971     190.181      29.826       0.000       0.000       0.283     690.028       0.000       0.000       4.834     398.879       0.000       0.000       0.000       8.334       0.000       0.000     441.744       0.000       0.000       0.000      -2.896       0.399    1511.359       0.000       0.000
   365    12    31  2023     136       0  hru136               792.783      46.459      46.448    9803.883    3476.415   13280.298    1142.178     455.751      52.604     228.980     174.168    9803.703      88.798     624.319     624.319     546.024     137.766       0.000       0.000       0.249     690.158       0.000       0.000       3.322   14081.867       0.000       0.000       0.000    9803.703       0.000       0.000    3476.415       0.000       0.000       0.000      -0.009     433.551    2797.410       0.000       0.000
   365    12    31  2023     137       0  hru137               792.783      47.201      47.186     655.289    2495.312    3150.601     736.539     505.889      41.050     289.512     175.327     655.193      65.286     591.535     485.881     379.864      39.756       0.000       0.000       0.254     690.140       0.000       0.000    1205.399    2388.149       0.000       0.000       0.000     655.193       0.000       0.000    2495.312       0.000       0.000       0.000      -5.540      46.031    7968.185       0.000       0.000
   365    12    31  2023     138       0  hru138               792.783      48.739      48.721      58.378      26.681      85.059     339.420     369.855      26.100     201.339     142.416      58.371      86.202     436.073     407.965     295.174      30.570       0.000       0.000       0.264     690.088       0.000       0.000       0.000       0.000       0.000       0.000       0.000      58.371       0.000       0.000      26.681       0.000       0.000       0.000      -1.474       3.521    1651.601       0.000       0.000
   365    12    31  2023     139       0  hru139               792.783      47.551      47.535       0.016     226.790     226.805      87.009     480.085      37.285     296.674     146.126       0.015      31.018     355.430     335.493     237.713      45.790       0.000       0.000       0.256     690.103       0.000       0.000       0.000       0.000       0.000       0.000       0.000       0.015       0.000       0.000     226.790       0.000       0.000       0.000      -1.046       0.001     600.236       0.000       0.000
   365    12    31  2023     140       0  hru140               792.783      47.554      47.538       0.000     286.988     286.988     151.361     469.337      37.350     292.771     139.217       0.000      31.678     347.435     318.717     207.089      28.493       0.000       0.000       0.256     690.104       0.000       0.000       0.000     113.331       0.000       0.000       0.000       0.000       0.000       0.000     286.988       0.000       0.000       0.000      -1.506       0.000     916.427       0.000       0.000
   365    12    31  2023     141       0  hru141               792.783      51.115      51.092      27.103     199.153     226.255     329.398     532.347       7.840     132.052     392.455      27.089      66.717     447.569     354.475     261.051      32.666       0.000       0.000       0.282     690.039       0.000       0.000      25.923     264.196       0.000       0.000       0.000      27.089       0.000       0.000     199.153       0.000       0.000       0.000      -4.883       4.715    1455.942       0.000       0.000
   365    12    31  2023     142       0  hru142               792.783      50.929      50.906       0.000     218.686     218.686      52.227     523.441      10.100     196.863     316.479       0.000      25.950     275.563     248.062     174.715      28.075       0.000       0.000       0.281     690.018       0.000       0.000       0.000       0.000       0.000       0.000       0.000       0.000       0.000       0.000     218.686       0.000       0.000       0.000      -1.442       0.000     698.322       0.000       0.000
   365    12    31  2023     143       0  hru143               792.783      51.185      51.162      80.159     531.945     612.104     493.065     562.651       6.915     123.872     431.864      80.137      73.015     525.196     390.002     307.432      34.855       0.000       0.000       0.282     690.037       0.000       0.000      53.227     813.860       0.000       0.000       0.000      80.137       0.000       0.000     531.945       0.000       0.000       0.000      -7.092       7.831    3888.880       0.000       0.000
   365    12    31  2023     144       0  hru144               792.783      50.831      50.808      15.409      26.120      41.530     262.168     504.164       8.424     139.170     356.570      15.403      68.259     434.478     331.385     261.768      28.250       0.000       0.000       0.280     690.044       0.000       0.000       3.796       5.732       0.000       0.000       0.000      15.403       0.000       0.000      26.120       0.000       0.000       0.000      -5.407       1.616     394.557       0.000       0.000
   365    12    31  2023     145       0  hru145               792.783      50.853      50.831       5.446      92.431      97.877     185.327     522.186      11.049     167.151     343.986       5.445      59.425     375.781     307.460     213.417      31.077       0.000       0.000       0.281     690.044       0.000       0.000       3.549       5.359       0.000       0.000       0.000       5.445       0.000       0.000      92.431       0.000       0.000       0.000      -3.584       0.928     675.735       0.000       0.000
   365    12    31  2023     146       0  hru146               792.783      50.498      50.475      56.104     127.325     183.429     457.353     554.960      11.918     179.590     363.451      56.080      78.054     541.916     434.863     335.212      32.627       0.000       0.000       0.279     690.022       0.000       0.000       0.000     396.758       0.000       0.000       0.000      56.080       0.000       0.000     127.325       0.000       0.000       0.000      -5.614       5.670    1923.285       0.000       0.000
   365    12    31  2023     147       0  hru147               792.783      51.125      51.102     102.861     210.161     313.022     512.125     564.834       7.214     193.394     364.226     102.850      79.805     594.500     511.723     356.406      37.078       0.000       0.000       0.282     690.039       0.000       0.000      23.545     568.513       0.000       0.000       0.000       0.000       0.000       0.000       0.000       0.000       0.000       0.000      -4.340       3.174    3174.552       0.000       0.000
   365    12    31  2023     148       0  hru148               792.783      48.522      48.503      95.268      57.376     152.644     253.459     552.650      23.190     250.606     278.853      95.263      81.684     417.972     350.943     250.350      27.101       0.000       0.000       0.266     690.136       0.000       0.000      75.462      86.687       0.000       0.000       0.000      95.263       0.000       0.000      57.376       0.000       0.000       0.000      -3.516       2.584    3551.621       0.000       0.000
   365    12    31  2023     149       0  hru149               792.783      46.037      46.024       3.120     326.270     329.389     145.713     497.353      49.990     307.728     139.635       3.120      31.413     378.560     284.749     203.340      29.101       0.000       0.000       0.248     690.201       0.000       0.000      84.620      89.804       0.000       0.000       0.000       3.120       0.000       0.000     326.270       0.000       0.000       0.000      -4.920       0.524    1041.865       0.000       0.000
   365    12    31  2023     150       0  hru150               792.783      47.081      47.069      11.185     287.765     298.949     367.296     450.407      37.387     286.546     126.473      11.171      65.979     444.005     361.844     229.505      31.880       0.000       0.000       0.256     690.127       0.000       0.000       0.000     319.344       0.000       0.000       0.000      11.171       0.000       0.000     287.765       0.000       0.000       0.000      -4.310       4.287    1655.611       0.000       0.000
   365    12    31  2023     151       0  hru151               792.783      48.438      48.425      32.703      89.921     122.624     357.986     395.243      26.133     245.666     123.444      32.662      74.961     454.916     385.299     301.281      29.162       0.000       0.000       0.264     690.101       0.000       0.000      17.648      61.343       0.000       0.000       0.000      32.662       0.000       0.000      89.921       0.000       0.000       0.000      -3.651      13.713    1358.281       0.000       0.000
   365    12    31  2023     152       0  hru152               792.783      50.298      50.277      22.588      57.322      79.911     292.525     498.678       8.855     194.133     295.690      22.586      70.120     436.481     383.826     273.357      27.410       0.000       0.000       0.278     690.112       0.000       0.000      10.556      64.837       0.000       0.000       0.000      22.586       0.000       0.000      57.322       0.000       0.000       0.000      -2.761       0.527     865.876       0.000       0.000
   365    12    31  2023     153       0  hru153               792.783      49.766      49.745      41.573      13.698      55.272     256.699     489.901      15.009     190.356     284.536      41.547      82.140     391.168     355.115     251.016      26.713       0.000       0.000       0.276     690.049       0.000       0.000       4.477       2.675       0.000       0.000       0.000      41.547       0.000       0.000      13.698       0.000       0.000       0.000      -1.891      17.353     847.952       0.000       0.000
   365    12    31  2023     154       0  hru154               792.783      49.447      49.426      47.923      14.675      62.599     264.391     492.933      16.372     195.910     280.650      47.887      82.421     399.051     356.385     254.180      26.691       0.000       0.000       0.274     690.044       0.000       0.000      14.343      10.497       0.000       0.000       0.000      47.887       0.000       0.000      14.675       0.000       0.000       0.000      -2.238      23.654     908.431       0.000       0.000
   365    12    31  2023     155       0  hru155               792.783      49.391      49.371     398.202      27.511     425.713     288.812     544.854      15.690     249.674     279.490     398.159      82.813     455.822     361.762     264.596      27.365       0.000       0.000       0.273     690.127       0.000       0.000     407.273      54.185       0.000       0.000       0.000     398.159       0.000       0.000      27.511       0.000       0.000       0.000      -4.933      25.701    1702.962       0.000       0.000
   365    12    31  2023     156       0  hru156               792.783      50.155      50.133       0.009     403.887     403.895      69.888     558.403      10.447     268.935     279.021       0.008      27.118     298.492     258.634     181.757      28.052       0.000       0.000       0.278     690.114       0.000       0.000      14.232     222.729       0.000       0.000       0.000       0.008       0.000       0.000     403.887       0.000       0.000       0.000      -2.090       0.000    1289.716       0.000       0.000
   365    12    31  2023     157       0  hru157               792.783      50.730      50.708      11.334      35.844      47.178     257.075     491.168       7.807     186.776     296.586      11.323      67.862     422.066     373.813     259.889      26.989       0.000       0.000       0.280     690.039       0.000       0.000       0.000       0.000       0.000       0.000       0.000      11.323       0.000       0.000      35.844       0.000       0.000       0.000      -2.531       3.716     541.431       0.000       0.000
   365    12    31  2023     158       0  hru158               792.783      49.926      49.906       8.890      60.510      69.400     226.880     498.533      13.029     241.009     244.495       8.887      65.766     402.184     365.312     247.307      26.127       0.000       0.000       0.276     690.107       0.000       0.000       0.000       0.000       0.000       0.000       0.000       8.887       0.000       0.000      60.509       0.000       0.000       0.000      -1.934       1.496     914.018       0.000       0.000
   365    12    31  2023     159       0  hru159               792.783      49.346      49.327      73.396      50.451     123.847     238.059     559.387      18.300     283.054     258.033      73.391      80.720     430.553     331.727     242.413      27.005       0.000       0.000       0.274     690.126       0.000       0.000      53.838      69.097       0.000       0.000       0.000      73.391       0.000       0.000      50.451       0.000       0.000       0.000      -5.183       2.159    3122.964       0.000       0.000
   365    12    31  2023     160       0  hru160               792.783      51.311      51.288       0.706     347.867     348.574     148.399     491.715       4.418     139.554     347.743       0.706      32.029     353.922     298.835     217.897      29.206       0.000       0.000       0.283     690.022       0.000       0.000      24.702     168.132       0.000       0.000       0.000       0.706       0.000       0.000     347.867       0.000       0.000       0.000      -2.889       0.047    1110.832       0.000       0.000
   365    12    31  2023     161       0  hru161               792.783      51.097      51.074      18.935     700.613     719.548     308.629     568.868      12.150     202.151     354.566      18.934      41.277     483.226     354.109     258.697      31.102       0.000       0.000       0.281     690.024       0.000       0.000      25.520     771.470       0.000      18.934       0.000       0.000     700.613       0.000       0.000       0.000       0.000       0.000      -6.772       2.343    2237.240       0.000       0.000
   365    12    31  2023     162       0  hru162               792.783      48.278      48.264      34.930     139.805     174.735     420.319     361.869      29.583     214.662     117.625      34.906      78.512     478.395     454.282     325.833      31.325       0.000       0.000       0.262     690.079       0.000       0.000       0.000     162.665       0.000       0.000       0.000      34.906       0.000       0.000     139.805       0.000       0.000       0.000      -1.264       7.247    2111.800       0.000       0.000
   365    12    31  2023     163       0  hru163               792.783      50.872      50.849       0.003     243.269     243.272     154.869     489.845      10.147      37.223     442.475       0.002      32.350     351.188     314.397     221.009      29.749       0.000       0.000       0.283     690.021       0.000       0.000       1.314      91.887       0.000       0.000       0.000       0.002       0.000       0.000     243.269       0.000       0.000       0.000      -1.929       0.000     776.822       0.000       0.000
   365    12    31  2023     164       0  hru164               792.783      50.856      50.837       0.000     413.715     413.716      58.207     549.644      10.854      39.681     499.109       0.000      28.484     350.284     332.800     267.495      72.126       0.000       0.000       0.283     690.014       0.000       0.000       0.000     227.757       0.000       0.000       0.000       0.000     413.715       0.000       0.000       0.000       0.000       0.000      -0.917       0.000     332.909       0.000       0.000
   365    12    31  2023     165       0  hru165               792.783      50.815      50.795      30.781     671.427     702.207     313.168     541.233      10.545      29.769     500.919      30.775      65.987     376.090     350.015     219.213      33.532       0.000       0.000       0.283     690.031       0.000       0.000     721.448      40.979       0.000       0.000       0.000      30.775       0.000       0.000     671.427       0.000       0.000       0.000      -1.367       1.757    2297.181       0.000       0.000
   365    12    31  2023     166       0  hru166               792.783      50.872      50.849    1743.763    2779.938    4523.701    1467.992     654.740      10.193      31.529     613.018    1743.682      86.661     728.814     728.814     570.266      82.925       0.000       0.000       0.283     690.022       0.000       0.000     400.562    5453.001       0.000       0.000       0.000    1743.682       0.000       0.000    2779.938       0.000       0.000       0.000       0.002      80.542    8877.072       0.000       0.000
   365    12    31  2023     167       0  hru167               792.783      50.839      50.819      24.130     544.890     569.020     243.484     536.778      11.539      42.753     482.485      24.130      37.706     431.047     311.517     246.882      31.569       0.000       0.000       0.283     690.039       0.000       0.000      72.001     477.808       0.000       0.000       0.000      24.130       0.000       0.000     544.890       0.000       0.000       0.000      -6.269       2.326    1739.977       0.000       0.000
   365    12    31  2023     168       0  hru168               792.783      50.839      50.819       3.536     128.065     131.601     177.744     485.249       9.520      28.730     446.999       3.536      60.323     355.614     322.119     221.648      32.449       0.000       0.000       0.283     690.043       0.000       0.000       0.000       0.000       0.000       0.000       0.000       3.536       0.000       0.000     128.065       0.000       0.000       0.000      -1.757       0.180     936.244       0.000       0.000
   365    12    31  2023     169       0  hru169               792.783      50.825      50.803      22.777     270.855     293.632     279.531     514.660      13.756      50.675     450.229      22.775      64.899     409.672     362.384     249.668      33.084       0.000       0.000       0.283     690.041       0.000       0.000      19.772     272.680       0.000       0.000       0.000      22.775       0.000       0.000     270.855       0.000       0.000       0.000      -2.481       2.837    1980.134       0.000       0.000
   365    12    31  2023     170       0  hru170               792.783      50.828      50.808       0.000     239.493     239.493      74.669     480.043      10.790      39.241     430.011       0.000      28.169     288.307     262.817     198.056      29.128       0.000       0.000       0.283     690.035       0.000       0.000       0.000       0.000       0.000       0.000       0.000       0.000       0.000       0.000     239.493       0.000       0.000       0.000      -1.337       0.000     764.764       0.000       0.000
   365    12    31  2023     171       0  hru171               792.783      46.107      46.096       4.168     692.783     696.952     244.637     497.940      55.543     296.814     145.584       4.168      37.471     393.585     323.960     235.836      30.340       0.000       0.000       0.247     690.174       0.000       0.000      18.637     624.149       0.000       0.000       0.000       4.168       0.000       0.000     692.783       0.000       0.000       0.000      -3.651       1.271    2212.240       0.000       0.000
   365    12    31  2023     172       0  hru172               792.783      47.845      47.831      93.611    1737.904    1831.515     754.239     515.169      35.577     328.160     151.431      93.601      64.535     600.015     515.591     379.668      39.447       0.000       0.000       0.259     690.111       0.000       0.000      23.434    2279.833       0.000       0.000       0.000      93.601       0.000       0.000    1737.904       0.000       0.000       0.000      -4.427       6.076    5549.584       0.000       0.000
   365    12    31  2023     173       0  hru173               792.783      46.156      46.143       4.475     271.876     276.352     177.415     491.226      53.739     293.976     143.510       4.475      58.238     323.832     265.150     166.577      28.291       0.000       0.000       0.247     690.174       0.000       0.000       2.695     146.283       0.000       0.000       0.000       4.475       0.000       0.000     271.876       0.000       0.000       0.000      -3.078       0.326     930.183       0.000       0.000
   365    12    31  2023     174       0  hru174               792.783      47.537      47.521       5.216     430.303     435.519     199.797     432.543      38.449     243.385     150.709       5.215      60.522     327.754     278.343     182.224      30.199       0.000       0.000       0.256     690.114       0.000       0.000       3.429     268.885       0.000       0.000       0.000       5.215       0.000       0.000     430.303       0.000       0.000       0.000      -2.592       0.433    1472.215       0.000       0.000
   365    12    31  2023     175       0  hru175               792.783      48.340      48.325       3.827     361.523     365.351     202.942     364.142      29.049     215.028     120.065       3.827      61.380     308.893     273.549     187.851      30.182       0.000       0.000       0.264     690.094       0.000       0.000       2.319     135.403       0.000       0.000       0.000       3.827       0.000       0.000     361.523       0.000       0.000       0.000      -1.854       0.534    1236.895       0.000       0.000
   365    12    31  2023     176       0  hru176               792.783      49.079      49.062       7.235     946.077     953.312     368.824     377.844      22.630     225.654     129.559       7.234      46.033     477.830     414.391     283.020      32.897       0.000       0.000       0.266     690.031       0.000       0.000      16.189     887.385       0.000       0.000       0.000       7.234       0.000       0.000     946.077       0.000       0.000       0.000      -3.327       0.514    3021.073       0.000       0.000
   365    12    31  2023     177       0  hru177               792.783      50.872      50.849       3.634     169.688     173.323     164.418     488.329       8.714      27.274     452.341       3.634      59.866     348.840     316.321     218.805      32.644       0.000       0.000       0.283     690.034       0.000       0.000       0.983      30.526       0.000       0.000       0.000       3.634       0.000       0.000     169.688       0.000       0.000       0.000      -1.706       0.268    1240.539       0.000       0.000
   365    12    31  2023     178       0  hru178               792.783      50.872      50.849       3.816     118.521     122.336     187.532     484.817       8.928      27.155     448.734       3.815      60.737     362.164     326.903     224.234      32.443       0.000       0.000       0.283     690.037       0.000       0.000       0.000       0.000       0.000       0.000       0.000       3.815       0.000       0.000     118.521       0.000       0.000       0.000      -1.850       0.205     866.466       0.000       0.000
   365    12    31  2023     179       0  hru179               792.783      50.872      50.849       0.000     199.365     199.365      66.169     528.513       7.601      24.289     496.623       0.000      28.704     372.162     349.108     267.321      71.792       0.000       0.000       0.283     690.016       0.000       0.000       0.000       0.000       0.000       0.000       0.000       0.000       0.000       0.000     199.365       0.000       0.000       0.000      -1.209       0.000     160.425       0.000       0.000
   365    12    31  2023     180       0  hru180               792.783      48.085      48.071       0.020     353.091     353.112     125.631     366.288      32.916     179.104     154.267       0.020      31.350     322.537     269.919     213.193      34.078       0.000       0.000       0.261     690.121       0.000       0.000      35.907      13.349       0.000       0.000       0.000       0.020       0.000       0.000     353.091       0.000       0.000       0.000      -2.760       0.008    1055.980       0.000       0.000
   365    12    31  2023     181       0  hru181               792.783      50.614      50.593       6.109     356.667     362.775     221.412     506.361       8.195     182.463     315.704       6.108      60.882     348.945     303.596     186.674      28.306       0.000       0.000       0.280     690.030       0.000       0.000       2.662     292.627       0.000       0.000       0.000       6.108       0.000       0.000     356.667       0.000       0.000       0.000      -2.378       0.517    1220.280       0.000       0.000
   365    12    31  2023     182       0  hru182               792.783      50.616      50.594       0.000     198.743     198.743     108.473     487.238       7.721     173.076     306.441       0.000      29.550     318.370     287.735     204.057      27.518       0.000       0.000       0.279     690.021       0.000       0.000       0.000       0.000       0.000       0.000       0.000       0.000       0.000       0.000     198.743       0.000       0.000       0.000      -1.607       0.000     634.638       0.000       0.000
   365    12    31  2023     183       0  hru183               792.783      50.334      50.313       0.000     160.688     160.688      90.112     544.430      11.827     256.838     275.765       0.000      27.424     320.355     275.810     180.306      27.314       0.000       0.000       0.277     690.033       0.000       0.000       0.000       0.000       0.000       0.000       0.000       0.000       0.000       0.000     160.688       0.000       0.000       0.000      -2.336       0.000     513.117       0.000       0.000
   365    12    31  2023     184       0  hru184               792.783      50.049      50.027     124.135      57.422     181.557     199.016     545.773      13.617     254.755     277.401     124.127      78.771     405.476     330.591     223.548      27.195       0.000       0.000       0.275     690.052       0.000       0.000     120.884       8.352       0.000       0.000       0.000     124.127       0.000       0.000      57.422       0.000       0.000       0.000      -3.928       5.721    3554.503       0.000       0.000
   365    12    31  2023     185       0  hru185               792.783      49.969      49.946       8.406      39.069      47.475     193.496     556.064      13.950     278.927     263.187       8.404      63.004     404.487     326.126     228.979      26.681       0.000       0.000       0.271     690.079       0.000       0.000       0.000       0.000       0.000       0.000       0.000       8.404       0.000       0.000      39.069       0.000       0.000       0.000      -4.110       0.710     590.148       0.000       0.000
   365    12    31  2023     186       0  hru186               792.783      51.311      51.288     217.022      28.873     245.895     280.571     506.408       6.872     145.456     354.081     216.988      82.852     450.852     361.442     263.386      28.594       0.000       0.000       0.283     690.053       0.000       0.000     208.210      26.995       0.000       0.000       0.000     216.988       0.000       0.000      28.873       0.000       0.000       0.000      -4.690      18.984    1787.280       0.000       0.000
   365    12    31  2023     187       0  hru187               792.783      51.311      51.288      37.531      15.632      53.162     240.584     502.426      11.306     149.048     342.071      37.523      81.248     410.205     347.240     245.516      28.067       0.000       0.000       0.283     690.055       0.000       0.000       0.000       0.000       0.000       0.000       0.000      37.523       0.000       0.000      15.632       0.000       0.000       0.000      -3.303       3.447     967.619       0.000       0.000
   365    12    31  2023     188       0  hru188               792.783      51.311      51.288      65.249      23.056      88.304     247.515     510.446       8.063     157.690     344.693      65.239      81.609     406.524     358.603     248.597      28.122       0.000       0.000       0.283     690.059       0.000       0.000      39.044      11.845       0.000       0.000       0.000      65.239       0.000       0.000      23.056       0.000       0.000       0.000      -2.514       5.492    1427.171       0.000       0.000
   365    12    31  2023     189       0  hru189               792.783      51.311      51.288     159.079      42.567     201.646     264.217     517.215       8.223     177.459     331.533     159.065      82.213     432.771     362.957     256.290      28.266       0.000       0.000       0.283     690.057       0.000       0.000     156.177      30.255       0.000       0.000       0.000     159.065       0.000       0.000      42.567       0.000       0.000       0.000      -3.662       7.509    2634.922       0.000       0.000
   365    12    31  2023     190       0  hru190               792.783      51.205      51.183      14.742      77.924      92.666     242.949     498.656       7.190     180.807     310.659      14.741      67.183     416.031     363.626     255.542      28.231       0.000       0.000       0.283     690.045       0.000       0.000      11.542      26.980       0.000       0.000       0.000      14.741       0.000       0.000      77.924       0.000       0.000       0.000      -2.748       0.189    1177.065       0.000       0.000
   365    12    31  2023     191       0  hru191               792.783      49.945      49.922     152.752      60.560     213.312     269.334     535.226      17.469     205.147     312.610     152.747      82.469     424.097     367.362     257.953      27.718       0.000       0.000       0.275     690.069       0.000       0.000     138.504      83.414       0.000       0.000       0.000     152.747       0.000       0.000      60.560       0.000       0.000       0.000      -2.976       3.135    3748.753       0.000       0.000
   365    12    31  2023     192       0  hru192               792.783      49.938      49.916     108.122      57.492     165.614     220.200     548.134      15.191     251.434     281.510     108.118      79.845     406.219     329.928     233.697      27.119       0.000       0.000       0.273     690.061       0.000       0.000      97.936      38.828       0.000       0.000       0.000     108.118       0.000       0.000      57.492       0.000       0.000       0.000      -4.001       2.598    3558.854       0.000       0.000
   365    12    31  2023     193       0  hru193               792.783      47.519      47.502      32.918      39.542      72.460     369.503     443.287      38.298     257.405     147.584      32.905      74.903     479.143     319.789     301.627      30.390       0.000       0.000       0.256     690.125       0.000       0.000       4.663      79.156       0.000       0.000       0.000      32.905       0.000       0.000      39.542       0.000       0.000       0.000      -8.358       3.646     597.302       0.000       0.000
   365    12    31  2023     194       0  hru194               792.783      51.311      51.288      25.358      79.324     104.682     268.154     501.924      12.005     146.385     343.534      25.346      68.800     435.787     381.759     265.440      28.631       0.000       0.000       0.283     690.048       0.000       0.000      43.822      35.038       0.000       0.000       0.000      25.346       0.000       0.000      79.324       0.000       0.000       0.000      -2.833       4.161    1198.213       0.000       0.000
   365    12    31  2023     195       0  hru195               792.783      51.311      51.288      34.759      17.324      52.083     228.222     515.575       7.831     193.632     314.112      34.754      80.556     397.724     340.545     239.380      27.774       0.000       0.000       0.283     690.059       0.000       0.000       0.000       0.000       0.000       0.000       0.000      34.754       0.000       0.000      17.324       0.000       0.000       0.000      -2.999       2.566    1072.378       0.000       0.000
   365    12    31  2023     196       0  hru196               792.783      51.311      51.288      31.871      41.541      73.412     206.882     515.731       7.786     192.388     315.558      31.867      79.615     390.012     332.936     229.803      27.909       0.000       0.000       0.283     690.058       0.000       0.000       0.000       0.000       0.000       0.000       0.000      31.867       0.000       0.000      41.541       0.000       0.000       0.000      -2.994       1.864    2571.431       0.000       0.000
   365    12    31  2023     197       0  hru197               792.783      51.311      51.288       0.000     213.572     213.572      33.370     547.133      12.045     195.123     339.965       0.000      25.564     341.817     319.136     242.872      67.792       0.000       0.000       0.283     690.014       0.000       0.000       0.000       0.000       0.000       0.000       0.000       0.000      74.509       0.000     139.063       0.000       0.000       0.000      -1.189       0.000     171.858       0.000       0.000
   365    12    31  2023     198       0  hru198               792.783      51.071      51.048      30.746    1203.574    1234.320     451.680     587.095       9.950     225.928     351.218      30.737      49.642     527.469     402.016     300.285      33.069       0.000       0.000       0.280     690.036       0.000       0.000      46.140    1426.926       0.000       0.000       0.000      30.737       0.000       0.000    1203.574       0.000       0.000       0.000      -6.579       2.629    3843.329       0.000       0.000
   365    12    31  2023     199       0  hru199               792.783      51.072      51.049      82.747      21.679     104.426     269.566     527.636      10.376     223.069     294.191      82.737      82.086     440.055     369.651     256.344      27.716       0.000       0.000       0.282     690.063       0.000       0.000      72.087      32.947       0.000       0.000       0.000      82.737       0.000       0.000      21.679       0.000       0.000       0.000      -3.693       4.366    1341.943       0.000       0.000
   365    12    31  2023     200       0  hru200               792.783      51.007      50.984      56.949      17.296      74.245     239.617     525.550      10.839     225.043     289.668      56.942      80.657     417.414     345.585     241.938      27.531       0.000       0.000       0.282     690.058       0.000       0.000      29.033      13.738       0.000       0.000       0.000      56.942       0.000       0.000      17.296       0.000       0.000       0.000      -3.768       3.477    1070.633       0.000       0.000
   365    12    31  2023     201       0  hru201               792.783      51.125      51.102       0.000     377.421     377.421      84.077     487.628       6.184     164.295     317.149       0.000      28.619     296.564     269.995     198.544      28.202       0.000       0.000       0.282     690.054       0.000       0.000       0.000     154.818       0.000       0.000       0.000       0.000       0.000       0.000     377.421       0.000       0.000       0.000      -1.393       0.000    1205.205       0.000       0.000
   365    12    31  2023     202       0  hru202               792.783      51.172      51.149       7.629      77.523      85.152     192.759     518.246       9.945     180.712     327.590       7.629      63.735     398.580     338.019     234.646      27.738       0.000       0.000       0.282     690.064       0.000       0.000       0.000       0.000       0.000       0.000       0.000       7.629       0.000       0.000      77.523       0.000       0.000       0.000      -3.176       0.177    1171.011       0.000       0.000
   365    12    31  2023     203       0  hru203               792.783      50.366      50.343       0.000     295.851     295.852      56.526     542.984      11.713     247.149     284.122       0.000      26.077     281.062     252.516     174.361      27.732       0.000       0.000       0.270     690.060       0.000       0.000       0.000     100.884       0.000       0.000       0.000       0.000       0.000       0.000     295.854       0.000       0.000       0.000      -1.497       0.000     944.731       0.000       0.000
   365    12    31  2023     204       0  hru204               792.783      51.137      51.114      34.544      50.816      85.360     205.432     528.484      12.773     193.577     322.133      34.542      79.471     398.219     323.780     228.916      27.865       0.000       0.000       0.282     690.058       0.000       0.000       6.668      15.589       0.000       0.000       0.000      34.542       0.000       0.000      50.816       0.000       0.000       0.000      -3.904       0.996    3145.587       0.000       0.000
   365    12    31  2023     205       0  hru205               792.783      46.230      46.221       0.850     317.116     317.966      72.868     403.291      52.041     242.100     109.150       0.850      54.513     225.216     201.477     145.377      28.930       0.000       0.000       0.250     690.200       0.000       0.000       0.000       0.000       0.000       0.000       0.000       0.850       0.000       0.000     317.116       0.000       0.000       0.000      -1.245       0.015    1084.964       0.000       0.000
   365    12    31  2023     206       0  hru206               792.783      46.343      46.334      17.006      51.526      68.532     316.112     410.683      51.244     246.878     112.561      17.004      72.379     444.240     399.299     284.367      29.304       0.000       0.000       0.251     690.176       0.000       0.000       0.000       0.000       0.000       0.000       0.000      17.004       0.000       0.000      51.526       0.000       0.000       0.000      -2.357       0.611     778.319       0.000       0.000
   365    12    31  2023     207       0  hru207               792.783      50.724      50.701      22.773     688.399     711.172     291.239     535.634      10.274     238.035     287.324      22.766      40.033     516.064     344.661     254.680      29.572       0.000       0.000       0.280     690.028       0.000       0.000      31.952     703.569       0.000       0.000       0.000      22.766       0.000       0.000     688.399       0.000       0.000       0.000      -8.990       2.927    2198.240       0.000       0.000
   365    12    31  2023     208       0  hru208               792.783      50.636      50.613      37.468     381.848     419.316     426.399     558.208      10.108     155.597     392.503      37.453      70.253     503.584     371.827     287.376      33.371       0.000       0.000       0.280     690.040       0.000       0.000      15.600     587.998       0.000       0.000       0.000      37.453       0.000       0.000     381.848       0.000       0.000       0.000      -6.911       4.016    2791.568       0.000       0.000
   365    12    31  2023     209       0  hru209               792.783      51.042      51.019      24.874      40.567      65.441     269.653     515.694       7.925     149.155     358.614      24.841      68.724     439.160     366.084     265.051      28.494       0.000       0.000       0.282     690.053       0.000       0.000      25.177      28.783       0.000       0.000       0.000      24.841       0.000       0.000      40.567       0.000       0.000       0.000      -3.832      11.813     612.773       0.000       0.000
   365    12    31  2023     210       0  hru210               792.783      50.871      50.849      31.693      67.713      99.406     319.091     539.545       8.340     186.696     344.509      31.682      71.719     457.149     413.741     284.188      29.233       0.000       0.000       0.281     690.052       0.000       0.000     142.373      20.396       0.000       0.000       0.000      31.682       0.000       0.000      67.713       0.000       0.000       0.000      -2.276       2.656    1022.831       0.000       0.000
   365    12    31  2023     211       0  hru211               792.783      51.089      51.066      39.136      27.669      66.806     278.440     530.122       8.471     193.259     328.391      39.111      69.018     450.503     363.241     267.345      28.470       0.000       0.000       0.282     690.042       0.000       0.000      54.744      23.097       0.000       0.000       0.000      39.111       0.000       0.000      27.669       0.000       0.000       0.000      -4.576       8.554     417.957       0.000       0.000
   365    12    31  2023     212       0  hru212               792.783      51.283      51.260       3.190     250.120     253.310     155.764     517.223       6.230     186.663     324.330       3.189      57.185     311.623     261.938     162.713      28.480       0.000       0.000       0.283     690.038       0.000       0.000       1.253     129.534       0.000       0.000       0.000       3.189       0.000       0.000     250.120       0.000       0.000       0.000      -2.606       0.357     855.748       0.000       0.000
   365    12    31  2023     213       0  hru213               792.783      50.648      50.625      37.125      15.048      52.173     220.194     539.959      10.732     257.701     271.526      37.118      79.561     392.904     341.693     231.464      27.044       0.000       0.000       0.280     690.060       0.000       0.000       3.498      13.288       0.000       0.000       0.000      37.118       0.000       0.000      15.048       0.000       0.000       0.000      -2.686       3.330     931.493       0.000       0.000
   365    12    31  2023     214       0  hru214               792.783      50.495      50.472      10.748      29.807      40.555     230.377     526.696      11.459     198.196     317.041      10.744      65.927     418.608     328.795     247.630      27.592       0.000       0.000       0.280     690.054       0.000       0.000       0.000       0.000       0.000       0.000       0.000      10.744       0.000       0.000      29.807       0.000       0.000       0.000      -4.710       1.117     450.251       0.000       0.000
   365    12    31  2023     215       0  hru215               792.783      50.437      50.414      11.039      25.676      36.716     233.510     527.021      12.124     201.048     313.849      11.035      66.056     423.956     341.034     248.657      27.520       0.000       0.000       0.279     690.060       0.000       0.000       0.000       0.000       0.000       0.000       0.000      11.035       0.000       0.000      25.676       0.000       0.000       0.000      -4.349       1.127     387.851       0.000       0.000
   365    12    31  2023     216       0  hru216               792.783      50.942      50.919      10.213      38.801      49.014     225.327     521.392       7.471     192.941     320.980      10.211      65.776     415.850     362.003     247.043      27.552       0.000       0.000       0.281     690.060       0.000       0.000       0.000       0.000       0.000       0.000       0.000      10.211       0.000       0.000      38.801       0.000       0.000       0.000      -2.824       0.648     586.104       0.000       0.000
   365    12    31  2023     217       0  hru217               792.783      50.319      50.297      55.835      61.705     117.540     294.832     545.547      17.225     209.105     319.217      55.818      69.920     471.928     380.242     274.059      28.507       0.000       0.000       0.279     690.057       0.000       0.000      54.744     105.232       0.000       0.000       0.000      55.818       0.000       0.000      61.705       0.000       0.000       0.000      -4.809       4.043     932.077       0.000       0.000
   365    12    31  2023     218       0  hru218               792.783      50.733      50.711       8.719      53.555      62.274     201.619     533.805       9.009     227.083     297.713       8.718      63.934     416.785     328.168     235.404      27.217       0.000       0.000       0.280     690.053       0.000       0.000       0.000       0.000       0.000       0.000       0.000       8.718       0.000       0.000      53.555       0.000       0.000       0.000      -4.648       0.150     808.969       0.000       0.000
   365    12    31  2023     219       0  hru219               792.783      50.667      50.644      11.272      21.089      32.361     238.517     527.016       7.157     204.014     315.845      11.266      66.363     423.624     328.146     249.687      27.586       0.000       0.000       0.280     690.046       0.000       0.000       0.000       0.000       0.000       0.000       0.000      11.266       0.000       0.000      21.089       0.000       0.000       0.000      -5.008       1.754     318.560       0.000       0.000
   365    12    31  2023     220       0  hru220               792.783      50.370      50.347      43.171      13.097      56.269     210.164     554.040      11.025     283.606     259.409      43.161      79.022     403.144     322.858     226.413      26.593       0.000       0.000       0.277     690.064       0.000       0.000      16.627       6.740       0.000       0.000       0.000      43.161       0.000       0.000      13.097       0.000       0.000       0.000      -4.211       4.854     810.744       0.000       0.000
   365    12    31  2023     221       0  hru221               792.783      47.186      47.171       0.270     244.440     244.710     139.302     480.022      38.955     317.268     123.799       0.269      34.942     423.363     338.341     278.498      69.407       0.000       0.000       0.253     690.092       0.000       0.000       1.023      65.682       0.000       0.269       0.000       0.000     244.440       0.000       0.000       0.000       0.000       0.000      -4.459       0.098     196.697       0.000       0.000
   365    12    31  2023     222       0  hru222               792.783      50.277      50.257    2665.406     432.862    3098.268    1056.718     651.594      10.651     239.864     401.079    2665.241      94.567     632.597     632.597     551.381     101.387       0.000       0.000       0.278     690.030       0.000       0.000       0.231    4013.077       0.000       0.000       0.000    2665.241       0.000       0.000     432.862       0.000       0.000       0.000       0.003     355.138    6538.534       0.000       0.000
   365    12    31  2023     223       0  hru223               792.783      50.989      50.966      16.940      38.282      55.223     281.635     477.258       6.688     147.378     323.193      16.937      69.540     417.923     380.640     269.770      27.656       0.000       0.000       0.281     690.018       0.000       0.000       5.979      13.339       0.000       0.000       0.000      16.937       0.000       0.000      38.282       0.000       0.000       0.000      -1.955       1.682     578.269       0.000       0.000
   365    12    31  2023     224       0  hru224               792.783      50.136      50.115       0.000     237.253     237.253      72.208     484.795      11.706     196.644     276.445       0.000      27.807     287.114     260.779     193.895      27.102       0.000       0.000       0.277     690.055       0.000       0.000       0.000       0.000       0.000       0.000       0.000       0.000       0.000       0.000     237.253       0.000       0.000       0.000      -1.381       0.000     757.610       0.000       0.000
   365    12    31  2023     225       0  hru225               792.783      50.704      50.682       4.173     232.300     236.473      84.159     532.657       9.818     229.409     293.430       4.172      53.532     258.870     221.387     138.507      27.625       0.000       0.000       0.280     690.043       0.000       0.000      24.238      34.183       0.000       0.000       0.000       4.172       0.000       0.000     232.300       0.000       0.000       0.000      -1.966       0.364     794.779       0.000       0.000
   365    12    31  2023     226       0  hru226               792.783      50.487      50.464      39.890      45.824      85.714     197.053     538.635      10.593     241.873     286.169      39.886      78.876     390.806     338.643     223.282      27.105       0.000       0.000       0.279     690.059       0.000       0.000      15.667       9.982       0.000       0.000       0.000      39.886       0.000       0.000      45.824       0.000       0.000       0.000      -2.736       1.700    2836.557       0.000       0.000
   365    12    31  2023     227       0  hru227               792.783      50.959      50.936       4.590     299.469     304.059      99.396     530.309       8.181     205.723     316.405       4.590      54.363     272.772     233.823     143.735      28.267       0.000       0.000       0.282     690.035       0.000       0.000      16.594     122.192       0.000       0.000       0.000       4.590       0.000       0.000     299.469       0.000       0.000       0.000      -2.043       0.426    1024.586       0.000       0.000
   365    12    31  2023     228       0  hru228               792.783      49.913      49.892      10.668      47.925      58.593     254.693     481.399      14.846     197.226     269.327      10.667      67.732     406.860     371.678     258.654      26.545       0.000       0.000       0.277     690.015       0.000       0.000       0.000       0.000       0.000       0.000       0.000      10.667       0.000       0.000      47.925       0.000       0.000       0.000      -1.845       0.316     723.917       0.000       0.000
   365    12    31  2023     229       0  hru229               792.783      50.442      50.419       0.000     206.778     206.778     109.579     478.063      11.585     178.691     287.786       0.000      29.577     317.092     287.116     203.839      27.355       0.000       0.000       0.279     690.026       0.000       0.000       0.000       0.000       0.000       0.000       0.000       0.000       0.000       0.000     206.778       0.000       0.000       0.000      -1.572       0.000     660.296       0.000       0.000
   365    12    31  2023     230       0  hru230               792.783      49.339      49.316       1.499     147.605     149.104     106.145     539.269      20.227     285.650     233.392       1.498      53.742     277.766     245.771     137.995      26.355       0.000       0.000       0.265     690.035       0.000       0.000       0.000       0.000       0.000       0.000       0.000       1.498       0.000       0.000     147.605       0.000       0.000       0.000      -1.678       0.100     505.009       0.000       0.000
   365    12    31  2023     231       0  hru231               792.783      50.231      50.212      29.004      60.612      89.616     302.546     494.296       9.568     190.498     294.229      28.990      70.753     435.939     392.307     277.151      27.424       0.000       0.000       0.277     690.031       0.000       0.000      21.922      69.329       0.000       0.000       0.000      28.990       0.000       0.000      60.612       0.000       0.000       0.000      -2.288       5.278     915.572       0.000       0.000
   365    12    31  2023     232       0  hru232               792.783      50.428      50.406       0.000     183.875     183.876      61.933     548.806      10.588     267.512     270.706       0.000      25.979     292.007     259.632     171.176      27.134       0.000       0.000       0.279     690.072       0.000       0.000       0.000       0.000       0.000       0.000       0.000       0.000       0.000       0.000     183.875       0.000       0.000       0.000      -1.698       0.000     587.163       0.000       0.000
   365    12    31  2023     233       0  hru233               792.783      50.450      50.428       0.000     176.135     176.136      67.783     550.873      10.675     268.793     271.405       0.000      26.220     299.770     263.951     172.362      27.139       0.000       0.000       0.279     690.071       0.000       0.000       0.000       0.000       0.000       0.000       0.000       0.000       0.000       0.000     176.135       0.000       0.000       0.000      -1.878       0.000     562.446       0.000       0.000
   365    12    31  2023     234       0  hru234               792.783      50.636      50.614       0.000     243.813     243.814      61.837     488.469       9.590     173.242     305.637       0.000      27.338     276.808     253.219     191.496      27.340       0.000       0.000       0.279     690.070       0.000       0.000       0.000       0.000       0.000       0.000       0.000       0.000       0.000       0.000     243.813       0.000       0.000       0.000      -1.237       0.000     778.560       0.000       0.000
   365    12    31  2023     235       0  hru235               792.783      50.179      50.157      81.628      61.487     143.115     251.310     557.123      12.820     258.615     285.688      81.623      81.151     433.820     342.657     248.207      27.444       0.000       0.000       0.278     690.080       0.000       0.000      58.790      94.807       0.000       0.000       0.000      81.623       0.000       0.000      61.487       0.000       0.000       0.000      -4.781       2.336    3806.117       0.000       0.000
   365    12    31  2023     236       0  hru236               792.783      49.846      49.824      26.328      32.747      59.075     173.931     563.962      15.720     307.711     240.531      26.323      77.337     385.185     310.687     209.942      26.279       0.000       0.000       0.277     690.073       0.000       0.000       0.000       0.000       0.000       0.000       0.000      26.323       0.000       0.000      32.747       0.000       0.000       0.000      -3.907       2.090    2027.060       0.000       0.000
   365    12    31  2023     237       0  hru237               792.783      50.002      49.980       0.000     237.113     237.113      70.070     487.060      13.216     211.674     262.171       0.000      27.653     285.620     259.537     192.738      26.836       0.000       0.000       0.277     690.071       0.000       0.000       0.000       0.000       0.000       0.000       0.000       0.000       0.000       0.000     237.113       0.000       0.000       0.000      -1.368       0.000     757.164       0.000       0.000
   365    12    31  2023     238       0  hru238               792.783      50.237      50.215      28.083      25.617      53.700     182.891     560.050      13.852     310.884     235.314      28.079      77.617     388.843     318.970     213.201      26.197       0.000       0.000       0.276     690.055       0.000       0.000       0.000       0.000       0.000       0.000       0.000      28.079       0.000       0.000      25.617       0.000       0.000       0.000      -3.665       1.455    1585.720       0.000       0.000
   365    12    31  2023     239       0  hru239               792.783      47.883      47.867       5.372     399.089     404.461     222.964     537.490      82.350     434.939      20.201       5.372      59.490     356.611     298.704     175.795      27.455       0.000       0.000       0.260     690.109       0.000       0.000       4.418     364.499       0.000       0.000       0.000       5.372       0.000       0.000     399.089       0.000       0.000       0.000      -3.037       0.464    1365.422       0.000       0.000
   365    12    31  2023     240       0  hru240               792.783      47.882      47.866      58.955    4441.890    4500.846     267.724     577.035      82.350     461.566      33.119      58.954      45.762     556.691     456.816     280.281      49.847       0.000       0.000       0.260     690.106       0.000       0.000       0.007    4542.710       0.000       0.000       0.000      58.954       0.000       0.000    4441.890       0.000       0.000       0.000      -5.238       0.284   11756.191       0.000       0.000
   365    12    31  2023     241       0  hru241               792.783      47.883      47.867       0.008     247.014     247.022      47.208     561.397      82.349     459.977      19.071       0.008      27.124     330.242     296.213     214.329      44.306       0.000       0.000       0.260     690.117       0.000       0.000      35.353      25.452       0.000       0.008       0.000       0.000     247.014       0.000       0.000       0.000       0.000       0.000      -1.785       0.004     653.762       0.000       0.000
   365    12    31  2023     242       0  hru242               792.783      47.883      47.868       0.107     176.885     176.992      70.859     559.414      82.347     458.987      18.079       0.107      28.812     358.132     307.994     218.512      43.739       0.000       0.000       0.260     690.127       0.000       0.000       8.776       2.892       0.000       0.000       0.000       0.107       0.000       0.000     176.885       0.000       0.000       0.000      -2.630       0.033     468.154       0.000       0.000
   365    12    31  2023     243       0  hru243               792.783      47.883      47.867       0.795     156.914     157.709     117.209     520.101      82.347     420.925      16.829       0.795      53.997     282.823     241.881     141.014      26.292       0.000       0.000       0.260     690.124       0.000       0.000       0.000       0.000       0.000       0.000       0.000       0.795       0.000       0.000     156.914       0.000       0.000       0.000      -2.147       0.094     536.856       0.000       0.000
   365    12    31  2023     244       0  hru244               792.783      47.883      47.867       0.002     180.944     180.947      55.397     558.807      82.347     458.493      17.967       0.002      27.459     341.064     299.678     213.373      43.578       0.000       0.000       0.260     690.126       0.000       0.000       0.000       0.000       0.000       0.000       0.000       0.002       0.000       0.000     180.944       0.000       0.000       0.000      -2.171       0.000     478.899       0.000       0.000
   365    12    31  2023     245       0  hru245               792.783      47.882      47.866       0.000     210.159     210.159      26.206     558.581      82.350     457.966      18.265       0.000      25.058     305.276     278.631     204.116      43.494       0.000       0.000       0.260     690.104       0.000       0.000       0.052       0.414       0.000       0.000       0.000       0.000       0.000       0.000     210.159       0.000       0.000       0.000      -1.398       0.000     556.219       0.000       0.000
   365    12    31  2023     246       0  hru246               792.783      50.547      50.527      17.067      90.939     108.006     351.241     334.317      35.871     137.308     161.138      17.066      75.493     413.844     399.077     303.120      31.384       0.000       0.000       0.279     690.039       0.000       0.000       0.000       0.000       0.000       0.000       0.000      17.066       0.000       0.000      90.939       0.000       0.000       0.000      -0.774       0.188    1373.671       0.000       0.000
   365    12    31  2023     247       0  hru247               792.783      49.012      48.992      43.197      49.384      92.581     230.548     507.759      19.353     247.166     241.240      43.179      80.752     396.244     349.795     238.567      26.045       0.000       0.000       0.269     690.115       0.000       0.000      21.317      14.185       0.000       0.000       0.000      43.179       0.000       0.000      49.384       0.000       0.000       0.000      -2.436       9.612    3056.903       0.000       0.000
   365    12    31  2023     248       0  hru248               792.783      51.137      51.114      41.987      18.397      60.384     258.230     484.641       6.074     170.852     307.715      41.943      82.231     399.693     362.915     252.380      27.131       0.000       0.000       0.281     690.050       0.000       0.000       6.097       2.364       0.000       0.000       0.000      41.943       0.000       0.000      18.397       0.000       0.000       0.000      -1.929      28.393    1138.804       0.000       0.000
   365    12    31  2023     249       0  hru249               792.783      51.005      50.982      37.893      16.546      54.439     255.101     485.048       6.429     177.181     301.438      37.875      82.090     395.937     362.487     250.887      26.959       0.000       0.000       0.279     690.057       0.000       0.000       0.000       0.000       0.000       0.000       0.000      37.875       0.000       0.000      16.546       0.000       0.000       0.000      -1.754      10.840    1024.216       0.000       0.000
   365    12    31  2023     250       0  hru250               792.783      49.724      49.703      35.425      26.850      62.275     242.697     489.725      17.577     242.808     229.341      35.420      81.377     391.921     356.740     243.703      25.773       0.000       0.000       0.275     690.067       0.000       0.000       0.000       0.000       0.000       0.000       0.000      35.420       0.000       0.000      26.850       0.000       0.000       0.000      -1.845       2.404    1662.062       0.000       0.000
   365    12    31  2023     251       0  hru251               792.783      47.883      47.867       0.065     254.198     254.263      39.384     560.725      82.347     459.357      19.021       0.065      26.365     325.023     289.634     210.481      43.880       0.000       0.000       0.260     690.126       0.000       0.000      13.644      45.759       0.000       0.000       0.000       0.065       0.000       0.000     254.198       0.000       0.000       0.000      -1.856       0.021     672.777       0.000       0.000
   365    12    31  2023     252       0  hru252               792.783      47.882      47.867   61560.102    5691.612   67251.719    1688.497     612.244      82.350     463.195      66.699   61559.180      87.921     576.882     576.882     506.171     102.632       0.000       0.000       0.260     690.107       0.000       0.000       9.364   68747.211       0.000       0.000       0.000   61559.180       0.000       0.000    5691.612       0.000       0.000       0.000      -0.002    2311.208   15063.786       0.000       0.000
   365    12    31  2023     253       0  hru253               792.783      47.883      47.867       4.561     603.052     607.613     120.216     567.117      82.350     461.409      23.358       4.556      34.447     406.402     332.953     239.661      47.402       0.000       0.000       0.260     690.109       0.000       0.000     435.156      62.592       0.000       0.000       0.000       4.556       0.000       0.000     603.052       0.000       0.000       0.000      -3.852       1.585    1596.076       0.000       0.000
   365    12    31  2023     254       0  hru254               792.783      47.883      47.867       0.060     440.626     440.686      65.205     562.535      82.347     459.424      20.764       0.060      28.789     352.534     307.911     218.948      44.263       0.000       0.000       0.260     690.125       0.000       0.000       0.066     272.790       0.000       0.000       0.000       0.060       0.000       0.000     440.626       0.000       0.000       0.000      -2.341       0.018    1166.188       0.000       0.000
   365    12    31  2023     255       0  hru255               792.783      47.882      47.867       0.000     188.952     188.952      47.302     558.711      82.350     458.328      18.033       0.000      26.792     332.411     294.944     210.916      43.563       0.000       0.000       0.260     690.107       0.000       0.000       0.000       0.000       0.000       0.000       0.000       0.000       0.000       0.000     188.952       0.000       0.000       0.000      -1.965       0.000     500.092       0.000       0.000
   365    12    31  2023     256       0  hru256               792.783      47.884      47.868      24.035      38.487      62.521     183.842     551.041      82.345     452.881      15.816      24.033      77.041     377.505     294.153     210.257      26.313       0.000       0.000       0.260     690.142       0.000       0.000       0.000       0.000       0.000       0.000       0.000      24.033       0.000       0.000      38.487       0.000       0.000       0.000      -4.372       0.484    2382.370       0.000       0.000
   365    12    31  2023     257       0  hru257               792.783      47.883      47.867       0.000     199.524     199.524      36.551     558.638      82.348     458.161      18.129       0.000      25.906     319.529     287.478     207.514      43.533       0.000       0.000       0.260     690.122       0.000       0.000       0.000       0.000       0.000       0.000       0.000       0.000       0.000       0.000     199.524       0.000       0.000       0.000      -1.681       0.000     528.074       0.000       0.000
   365    12    31  2023     258       0  hru258               792.783      47.882      47.866       0.438     342.209     342.647      98.064     562.057      82.350     459.761      19.945       0.438      31.553     386.250     321.947     227.907      44.178       0.000       0.000       0.260     690.105       0.000       0.000       0.000     206.278       0.000       0.000       0.000       0.438       0.000       0.000     342.209       0.000       0.000       0.000      -3.373       0.180     905.712       0.000       0.000
   365    12    31  2023     259       0  hru259               792.783      47.884      47.868      24.164      37.346      61.511     184.731     551.165      82.346     453.004      15.815      24.162      77.083     377.847     294.320     210.665      26.305       0.000       0.000       0.260     690.133       0.000       0.000       0.000       0.000       0.000       0.000       0.000      24.162       0.000       0.000      37.346       0.000       0.000       0.000      -4.381       0.870    2311.791       0.000       0.000
   365    12    31  2023     260       0  hru260               792.783      47.884      47.868      44.605      38.742      83.347     207.211     555.335      82.345     456.536      16.454      44.596      78.156     392.735     301.123     221.458      26.468       0.000       0.000       0.260     690.139       0.000       0.000      25.912      22.150       0.000       0.000       0.000      44.596       0.000       0.000      38.742       0.000       0.000       0.000      -4.805       4.474    2398.208       0.000       0.000
   365    12    31  2023     261       0  hru261               792.783      47.884      47.868      29.817      55.284      85.102     211.215     553.848      82.346     455.064      16.438      29.809      78.146     398.904     304.453     222.647      26.455       0.000       0.000       0.260     690.136       0.000       0.000       0.000      52.089       0.000       0.000       0.000      29.809       0.000       0.000      55.284       0.000       0.000       0.000      -4.954       3.492    3422.176       0.000       0.000
   365    12    31  2023     262       0  hru262               792.783      47.884      47.868       0.000     205.022     205.022      30.960     558.605      82.347     458.067      18.191       0.000      25.445     312.102     282.915     205.672      43.511       0.000       0.000       0.260     690.131       0.000       0.000       0.000       0.000       0.000       0.000       0.000       0.000       0.000     134.236      70.786       0.000       0.000       0.000      -1.531       0.000     542.625       0.000       0.000
   365    12    31  2023     263       0  hru263               792.783      47.884      47.868      39.172      53.488      92.660     199.571     555.395      82.346     456.549      16.500      39.170      77.864     384.184     297.192     218.156      26.484       0.000       0.000       0.260     690.135       0.000       0.000      19.443      30.514       0.000       0.000       0.000      39.170       0.000       0.000      53.488       0.000       0.000       0.000      -4.563       1.310    3310.996       0.000       0.000
   365    12    31  2023     264       0  hru264               792.783      47.883      47.867      55.667    1078.502    1134.169     409.115     573.598      82.348     464.224      27.027      55.628      55.262     559.059     447.330     323.397      51.416       0.000       0.000       0.260     690.125       0.000       0.000       0.001    1317.302       0.000      55.628       0.000       0.000    1078.502       0.000       0.000       0.000       0.000       0.000      -5.860       6.903    2854.432       0.000       0.000
   365    12    31  2023     265       0  hru265               792.783      47.884      47.868       0.000     438.151     438.151      33.548     561.439      82.347     458.160      20.932       0.000      26.147     311.977     289.058     209.733      43.933       0.000       0.000       0.260     690.128       0.000       0.000       0.000     238.749       0.000       0.000       0.000       0.000     438.151       0.000       0.000       0.000       0.000       0.000      -1.202       0.000    1159.637       0.000       0.000
   365    12    31  2023     266       0  hru266               792.783      47.883      47.867       0.000     210.490     210.491      25.425     558.555      82.348     457.945      18.261       0.000      24.989     304.204     277.866     203.783      43.485       0.000       0.000       0.260     690.121       0.000       0.000       0.000       0.000       0.000       0.000       0.000       0.000     210.490       0.000       0.000       0.000       0.000       0.000      -1.382       0.000     557.097       0.000       0.000
   365    12    31  2023     267       0  hru267               792.783      47.884      47.868       0.000     192.583     192.583      43.587     558.709      82.347     458.300      18.063       0.000      26.484     328.164     292.504     209.743      43.553       0.000       0.000       0.260     690.129       0.000       0.000       0.000       0.000       0.000       0.000       0.000       0.000       0.000       0.000     192.583       0.000       0.000       0.000      -1.870       0.000     509.702       0.000       0.000
   365    12    31  2023     268       0  hru268               792.783      47.883      47.867       0.188     263.154     263.342      36.909     561.605      82.348     459.958      19.299       0.188      26.274     324.271     288.188     210.641      44.192       0.000       0.000       0.260     690.121       0.000       0.000      44.866      21.942       0.000       0.188       0.000       0.000     263.154       0.000       0.000       0.000       0.000       0.000      -1.893       0.058     696.480       0.000       0.000
   365    12    31  2023     269       0  hru269               792.783      47.884      47.868       0.242     272.672     272.913      33.489     561.445      82.346     459.757      19.342       0.241      25.959     320.800     284.157     208.980      44.068       0.000       0.000       0.260     690.136       0.000       0.000      41.558      31.152       0.000       0.000       0.241       0.000       0.000     272.672       0.000       0.000       0.000       0.000      -1.922       0.064     721.670       0.000       0.000
   365    12    31  2023     270       0  hru270               792.783      47.883      47.868       0.000     262.980     262.980      17.980     560.633      82.347     459.015      19.270       0.000      24.773     289.675     273.320     205.208      44.279       0.000       0.000       0.260     690.127       0.000       0.000      47.631       0.000       0.000       0.000       0.000       0.000       0.000       0.000     262.980       0.000       0.000       0.000      -0.858       0.000     696.019       0.000       0.000
   365    12    31  2023     271       0  hru271               792.783      47.883      47.867      27.648     302.090     329.737     315.599     553.432      82.348     451.158      19.925      27.633      62.527     412.514     297.738     207.391      29.917       0.000       0.000       0.260     690.120       0.000       0.000      70.958     328.660       0.000       0.000       0.000      27.633       0.000       0.000     302.090       0.000       0.000       0.000      -6.020      11.058    1738.026       0.000       0.000
   365    12    31  2023     272       0  hru272               792.783      47.883      47.867       5.541     213.758     219.300     162.699     532.269      82.347     431.789      18.133       5.541      55.974     333.071     260.698     162.310      29.068       0.000       0.000       0.260     690.127       0.000       0.000      34.943      82.465       0.000       0.000       0.000       5.541       0.000       0.000     213.758       0.000       0.000       0.000      -3.796       1.858    1229.827       0.000       0.000
   365    12    31  2023     273       0  hru273               792.783      47.883      47.867      13.183     293.313     306.496     332.930     550.649      82.348     448.432      19.869      13.172      63.005     425.661     310.626     210.846      29.602       0.000       0.000       0.260     690.120       0.000       0.000      11.097     379.834       0.000       0.000       0.000      13.172       0.000       0.000     293.313       0.000       0.000       0.000      -6.033       5.635    1687.531       0.000       0.000
   365    12    31  2023     274       0  hru274               792.783      48.745      48.725      82.282      40.425     122.707     259.858     515.657      20.374     257.978     237.305      82.230      82.232     422.458     365.575     259.871      25.173       0.000       0.000       0.269     690.128       0.000       0.000      69.370      32.931       0.000       0.000       0.000      82.230       0.000       0.000      40.425       0.000       0.000       0.000      -2.984      27.539    2502.379       0.000       0.000
   365    12    31  2023     275       0  hru275               792.783      49.138      49.120      71.149      33.775     104.924     304.819     509.186      18.905     244.445     245.836      71.088      83.670     436.670     368.995     270.652      26.555       0.000       0.000       0.271     690.127       0.000       0.000      31.243      91.205       0.000       0.000       0.000      71.088       0.000       0.000      33.775       0.000       0.000       0.000      -3.550      29.398    2090.722       0.000       0.000
   365    12    31  2023     276       0  hru276               792.783      49.697      49.676      35.879      27.348      63.227     245.582     488.731      17.480     232.781     238.470      35.853      81.522     393.007     357.140     245.274      25.924       0.000       0.000       0.273     690.056       0.000       0.000       1.585       1.201       0.000       0.000       0.000      35.853       0.000       0.000      27.348       0.000       0.000       0.000      -1.881      15.094    1692.846       0.000       0.000
   365    12    31  2023     277       0  hru277               792.783      49.656      49.635      49.464      31.403      80.867     259.563     494.248      17.899     245.770     230.579      49.428      82.074     404.187     364.046     251.072      25.967       0.000       0.000       0.274     690.119       0.000       0.000      20.267      19.414       0.000       0.000       0.000      49.428       0.000       0.000      31.403       0.000       0.000       0.000      -2.105      21.559    1943.874       0.000       0.000
   365    12    31  2023     278       0  hru278               792.783      47.882      47.866       0.000     365.783     371.733       9.882     563.030      82.351     461.028      19.650       0.000      15.485     343.330     315.369     224.517      44.387       0.000       0.000       0.260     690.098       5.950       0.000       0.451     149.713       0.000       0.000       0.000       0.000       0.000       0.000     365.783       0.000       0.000       0.000      -1.467       0.000     968.105       0.000       0.000
   365    12    31  2023     279       0  hru279               792.783      47.882      47.866       0.000     200.895     252.950      40.556     548.105      82.351     449.480      16.274       0.000      37.158     321.044     293.850     199.129      28.630       0.000       0.000       0.260     690.098      52.055       0.000       0.000      46.416       0.000       0.000       0.000       0.000       0.000       0.000     200.895       0.000       0.000       0.000      -1.426       0.000    1155.818       0.000       0.000
   365    12    31  2023     280       0  hru280               792.783      47.882      47.866       0.000     166.620     208.311      39.927     547.011      82.351     448.900      15.760       0.000      37.158     320.770     290.789     197.596      28.483       0.000       0.000       0.260     690.099      41.690       0.000       0.000       0.000       0.000       0.000       0.000       0.000       0.000       0.000     166.620       0.000       0.000       0.000      -1.572       0.000     958.624       0.000       0.000
   365    12    31  2023     281       0  hru281               792.783      50.547      50.527       0.000     435.634     437.905      12.739     343.147      35.873     137.696     169.578       0.000      15.485     333.586     316.459     266.740      52.098       0.000       0.000       0.279     690.031       2.270       0.000       0.000       0.000       0.000       0.000       0.000       0.000       0.000       0.000     435.634       0.000       0.000       0.000      -0.898       0.000    1152.977       0.000       0.000
   365    12    31  2023     282       0  hru282               792.783      50.546      50.527       0.000     407.873     408.100       9.284     376.239      35.874     137.600     202.764       0.000      15.410     345.826     331.095     281.645      75.554       0.000       0.000       0.279     690.023       0.227       0.000       0.000       0.000       0.000       0.000       0.000       0.000       0.000       0.000     407.869       0.000       0.000       0.000      -0.773       0.000     328.208       0.000       0.000
   365    12    31  2023     283       0  hru283               792.783      48.402      48.383     524.535       0.790     525.325       0.694     658.559      49.023     208.138     401.398     524.506       0.000      76.486      33.003      48.880      14.148       0.000       0.000       0.263     690.092       0.000       0.000       0.000     130.910       0.000     524.506       0.000       0.000       0.790       0.000       0.000       0.000       0.000       0.000      -2.281     138.768      97.465       0.000     208.471
   365    12    31  2023     284       0  hru284               792.783      48.402      48.383     471.690       0.000     471.690       0.000     622.437      34.699      76.581     511.157     471.676       0.000      12.036      12.530       8.347       8.347       0.000       0.000       0.263     690.087       0.000       0.000       0.000       0.000       0.000       0.000       0.000     471.676       0.000       0.000       0.000       0.000       0.000       0.000       0.026      59.511       0.000       0.000     265.601
   365    12    31  2023     285       0  hru285               792.783      48.403      48.384     471.355       0.000     471.355       0.000     622.573      34.674      76.552     511.347     471.351       0.000      11.944      12.437       8.254       8.254       0.000       0.000       0.263     690.121       0.000       0.000       0.000       0.000       0.000       0.000       0.000     471.351       0.000       0.000       0.000       0.000       0.000       0.000       0.026      15.408       0.000       0.000     265.437
   365    12    31  2023     286       0  hru286               792.783      48.403      48.384     471.353       0.000     471.353       0.000     622.575      34.674      76.552     511.349     471.351       0.000      11.944      12.436       8.254       8.254       0.000       0.000       0.263     690.120       0.000       0.000       0.000       0.000       0.000       0.000       0.000     471.351       0.000       0.000       0.000       0.000       0.000       0.000       0.026      10.426       0.000       0.000     265.438
   365    12    31  2023     287       0  hru287               792.783      48.402      48.383     471.643       0.000     471.643       0.000     622.188      34.703      76.506     510.979     471.641       0.000      12.238      12.731       8.538       8.538       0.000       0.000       0.263     690.092       0.000       0.000       0.000       0.000       0.000       0.000       0.000     471.641       0.000       0.000       0.000       0.000       0.000       0.000       0.026       3.784       0.000       0.000     265.313
   365    12    31  2023     288       0  hru288               792.783      50.839      50.819       8.417    1371.116    2188.453      49.269     618.400      10.909      41.335     566.156       8.417      16.422     442.858     346.391     333.658      54.021       0.000       0.000       0.283     690.026     808.919       0.000       0.001    2057.536       0.000       0.000       0.000       8.417       0.000       0.000    1371.116       0.000       0.000       0.000      -5.061       0.167    3628.883       0.000       0.000
   365    12    31  2023     289       0  hru289               792.783      50.872      50.849       0.000     478.488     633.642      27.493     550.647      12.096      52.813     485.738       0.000      15.590     364.787     344.099     283.752      48.923       0.000       0.000       0.283     690.018     155.154       0.000      40.229     376.379       0.000       0.000       0.000       0.000     183.878       0.000     294.610       0.000       0.000       0.000      -1.085       0.000    1266.397       0.000       0.000
   365    12    31  2023     290       0  hru290               792.783      50.839      50.819       0.000     272.303     286.729      30.794     476.334       8.468      26.017     441.850       0.000      15.574     353.491     343.746     237.744      29.405       0.000       0.000       0.283     690.023      14.426       0.000       0.000       0.000       0.000       0.000       0.000       0.000       0.000       0.000     272.303       0.000       0.000       0.000      -0.511       0.000     869.534       0.000       0.000
   365    12    31  2023     291       0  hru291               792.783      50.849      50.827       0.488     521.617    1531.880      94.757     598.720      10.391      41.107     547.222       0.488      37.799     426.295     347.357     324.608      37.288       0.000       0.000       0.283     690.013    1009.774       0.000     594.891     833.595       0.000       0.000       0.000       0.488       0.000       0.000     521.617       0.000       0.000       0.000      -4.141       0.032    3001.044       0.000       0.000
   365    12    31  2023     292       0  hru292               792.783      50.815      50.795       0.000     413.555     433.938      15.174     543.175      10.459      35.698     497.018       0.000      15.547     378.538     369.862     280.941      72.243       0.000       0.000       0.283     690.018      20.383       0.000       0.018     198.495       0.000       0.000       0.000       0.000     276.854       0.000     136.701       0.000       0.000       0.000      -0.455       0.000     332.780       0.000       0.000
   365    12    31  2023     293       0  hru293               792.783      50.848      50.825       0.000     240.583     252.101      12.413     529.257       9.422      27.309     492.526       0.000      15.550     378.000     366.237     273.288      71.717       0.000       0.000       0.283     690.011      11.518       0.000       0.000       0.000       0.000       0.000       0.000       0.000       0.000     240.583       0.000       0.000       0.000       0.000      -0.617       0.000     193.593       0.000       0.000
   365    12    31  2023     294       0  hru294               792.783      51.311      51.288     228.683      39.815    1383.308      40.203     568.645       5.731     128.520     434.394     228.682      54.818     438.600     284.333     279.144      35.308       0.000       0.000       0.283     690.053    1114.810       0.000     511.753     679.553       0.000       0.000       0.000     228.682       0.000       0.000      39.815       0.000       0.000       0.000      -8.091       5.499    2464.614       0.000       0.000
   365    12    31  2023     295       0  hru295               792.783      50.820      50.797      75.428      87.485     836.585      30.869     562.606       8.105     192.593     361.909      75.428      54.342     393.001     240.618     245.109      30.827       0.000       0.000       0.281     690.061     673.672       0.000     239.755     387.854       0.000       0.000       0.000      75.428       0.000       0.000      87.485       0.000       0.000       0.000      -7.992       0.385    5415.443       0.000       0.000
   365    12    31  2023     296       0  hru296               792.783      47.547      47.530       0.000     533.430    1222.168      24.954     497.301      37.718     306.328     153.256       0.000      15.586     382.744     302.791     277.199      49.045       0.000       0.000       0.256     690.100     688.738       0.000      39.337     907.569       0.000       0.000       0.000       0.000       0.000       0.000     533.430       0.000       0.000       0.000      -4.194       0.000    1411.810       0.000       0.000
   365    12    31  2023     297       0  hru297               792.783      50.552      50.530       1.679     367.351     989.817      48.746     576.980      11.619     181.005     384.357       1.679      37.818     379.495     237.411     232.714      33.551       0.000       0.000       0.280     690.015     620.787       0.000     116.786     696.931       0.000       0.000       0.000       1.679       0.000       0.000     367.351       0.000       0.000       0.000      -7.452       0.089    2113.500       0.000       0.000
   365    12    31  2023     298       0  hru298               792.783      47.499      47.486       0.000     238.154     339.244      10.816     443.620      39.352     253.363     150.905       0.000      15.566     302.524     298.872     238.820      47.992       0.000       0.000       0.256     690.100     101.090       0.000       0.000       0.000       0.000       0.000       0.000       0.000       0.000       0.000     238.154       0.000       0.000       0.000      -0.192       0.000     630.314       0.000       0.000
   365    12    31  2023     299       0  hru299               792.783      50.839      50.819       0.000    1042.630    1675.177      38.386     585.583      10.172      30.284     545.127       0.000      15.541     454.868     437.726     332.506      77.031       0.000       0.000       0.283     690.017     632.547       0.000       0.001    1505.530       0.000       0.000       0.000       0.000       0.000       0.000    1042.630       0.000       0.000       0.000      -0.899       0.000     838.986       0.000       0.000
   365    12    31  2023     300       0  hru300               792.783      49.121      49.104       0.000      33.370     417.126       0.830     375.651      22.255     225.296     128.101       0.000      15.596     255.000     255.000     239.778      49.522       0.000       0.000       0.267     690.028     383.756       0.000       0.000       0.000       0.000       0.000       0.000       0.000       0.000       0.000      33.370       0.000       0.000       0.000      -0.000       0.000      88.319       0.000       0.000
   365    12    31  2023     301       0  hru301               792.783      47.545      47.529       0.000     274.391     523.599      15.891     512.214      36.835     320.936     154.442       0.000      15.541     334.168     330.458     268.542      68.017       0.000       0.000       0.256     690.095     249.207       0.000       0.000     258.117       0.000       0.000       0.000       0.000     274.391       0.000       0.000       0.000       0.000       0.000      -0.195       0.000     220.798       0.000       0.000
   365    12    31  2023     302       0  hru302               792.783      50.833      50.813       0.000     389.131     427.238      16.367     543.730      13.066      50.559     480.105       0.000      15.549     379.671     375.171     280.955      71.410       0.000       0.000       0.283     690.015      38.106       0.000       0.000     193.593       0.000       0.000       0.000       0.000       0.000       0.000     389.131       0.000       0.000       0.000      -0.236       0.000     313.127       0.000       0.000
   365    12    31  2023     303       0  hru303               792.783      51.310      51.287       0.000     739.920     820.759      27.794     584.715      12.006     196.995     375.713       0.000      15.515     380.252     372.066     308.335      71.937       0.000       0.000       0.283     690.015      80.838       0.000       2.908     636.091       0.000       0.000       0.000       0.000       0.000       0.000     739.920       0.000       0.000       0.000      -0.429       0.000     595.401       0.000       0.000
   365    12    31  2023     304       0  hru304               792.783      47.882      47.866       0.000     453.363     463.492      11.030     564.381      82.351     461.582      20.448       0.000      15.484     345.025     317.461     226.101      44.662       0.000       0.000       0.260     690.102      10.129       0.000       3.243     240.908       0.000       0.000       0.000       0.000     316.706       0.000     136.657       0.000       0.000       0.000      -1.446       0.000    1199.900       0.000       0.000
   365    12    31  2023     305       0  hru305               792.783      47.882      47.866       0.747       5.956     200.799      33.628     559.149      82.351     461.457      15.342       0.747      53.452     325.765     321.857     258.459      33.063       0.000       0.000       0.260     690.102     194.096       0.000       0.000       0.000       0.000       0.000       0.000       0.747       0.000       0.000       5.956       0.000       0.000       0.000      -0.205       0.124     734.428       0.000       0.000
   365    12    31  2023     306       0  hru306               792.783      47.882      47.866      24.627     532.207     785.742      23.444     567.621      82.351     463.125      22.145      24.627      15.619     464.472     344.034     251.763      45.343       0.000       0.000       0.260     690.101     228.908       0.000     220.464     355.133       0.000       0.000       0.000      24.627       0.000       0.000     532.207       0.000       0.000       0.000      -6.317       3.455    1408.573       0.000       0.000
   365    12    31  2023     307       0  hru307               792.783      47.882      47.866    5458.506      74.401    7684.132      91.578     583.856      82.351     463.541      37.964    5457.975      70.849     648.891     648.891     465.276      73.246       0.000       0.000       0.260     690.101    2151.223       0.000    2467.036    5098.937       0.000    5457.975       0.000       0.000      74.401       0.000       0.000       0.000       0.000       0.000       0.000     891.631    9174.395       0.000       0.000
   365    12    31  2023     308       0  hru308               792.783      47.882      47.866   20207.418     105.162   23034.164     122.442     610.899      82.351     463.098      65.450   20207.000      79.198     648.891     648.891     534.284      90.484       0.000       0.000       0.260     690.101    2721.585       0.000      29.365   22944.734       0.000       0.000       0.000   20207.000       0.000       0.000     105.162       0.000       0.000       0.000       0.000     971.438   12967.518       0.000       0.000
   365    12    31  2023     309       0  hru309               792.783      47.882      47.866       0.000     229.693     254.575      12.318     560.069      82.351     459.704      18.014       0.000      15.481     346.230     316.490     224.141      43.720       0.000       0.000       0.260     690.102      24.882       0.000       0.000      31.907       0.000       0.000       0.000       0.000       0.000       0.000     229.693       0.000       0.000       0.000      -1.560       0.000     607.920       0.000       0.000
   365    12    31  2023     310       0  hru310               792.783      47.884      47.868       5.308      47.325     325.969      36.489     561.315      82.347     461.998      16.971       5.307      53.442     322.182     316.380     262.216      26.099       0.000       0.000       0.260     690.129     273.336       0.000      74.906      54.542       0.000       0.000       0.000       5.307       0.000       0.000      47.325       0.000       0.000       0.000      -0.304       1.048    2929.456       0.000       0.000
   365    12    31  2023     311       0  hru311               792.783      47.883      47.868       0.000     308.284     323.507      10.768     564.014      82.347     462.556      19.110       0.000      15.484     345.395     311.430     224.770      44.248       0.000       0.000       0.260     690.127      15.223       0.000      10.716      92.490       0.000       0.000       0.000       0.000       0.000     119.851     188.432       0.000       0.000       0.000      -1.782       0.000     815.923       0.000       0.000
   365    12    31  2023     312       0  hru312               792.783      47.882      47.866       0.747      17.336     201.380      33.015     559.170      82.351     461.455      15.364       0.747      53.452     325.735     321.832     256.250      33.069       0.000       0.000       0.260     690.101     183.297       0.000       0.000       0.000       0.000       0.747       0.000       0.000      17.336       0.000       0.000       0.000       0.000       0.000      -0.205       0.022    2137.729       0.000       0.000
   365    12    31  2023     313       0  hru313               792.783      47.883      47.867       0.000     232.620     232.620       3.342     558.579      82.347     457.911      18.321       0.000      15.484     302.448     275.770     203.126      43.459       0.000       0.000       0.260     690.126       0.000       0.000       0.000       0.000       0.000       0.000       0.000       0.000     232.620       0.000       0.000       0.000       0.000       0.000      -1.399       0.000     615.667       0.000       0.000
   365    12    31  2023     314       0  hru314               792.783      49.341      49.320       0.001       4.916     308.206       0.532     484.946      19.041     234.612     231.293       0.000      37.899     192.500     192.500     171.290      25.718       0.000       0.000       0.272     690.030     303.289       0.000       0.000       0.000       0.000       0.000       0.000       0.000       0.000       0.000       4.916       0.000       0.000       0.000       0.001       0.000      74.260       0.000       0.000
