 Mini_CREATE               SWAT+ Jan 11 2024        MODULAR Rev 2024.61.0                                 
  jday   mon   day    yr    unit  gis_id  name            grzn        grzp        lab_min_p   act_sta_p       fertn            fertp            fixn             denit            act_nit_n        act_sta_n        org_lab_p        rsd_nitorg_n     rsd_laborg_p    no3atmo          nh4atmo          nuptake          puptake                gwsoiln          gwsoilp
                                                          kgha        kgha        kgha        kgha             kgha             kgha             kgha             kgha             kgha             kgha             kgha             kgha             kgha             kgha             kgha             kgha             kgha                    kgha             kgha
   365    12    31  2023       1       0  hru001         0.000       0.000      -9.419     -11.549            0.000            0.000            0.000            1.995            1.376            8.474            0.228           48.433            5.101            5.490            4.941           53.357            7.342            0.000            0.000
   365    12    31  2023       2       0  hru002         0.000       0.000      -9.479     -11.646            0.000            0.000            0.000            1.983            1.378            8.487            0.228           48.519            5.107            5.490            4.941           53.521            7.361            0.000            0.000
   365    12    31  2023       3       0  hru003         0.000       0.000      -7.817      -9.889            0.000            0.000            0.000            1.283            0.999            8.427            0.162           46.047            4.882            5.490            4.941           46.934            6.699            0.000            0.000
   365    12    31  2023       4       0  hru004         0.000       0.000      -8.597     -11.813            0.000            0.000            0.000            2.236            1.621            7.957            0.271           46.301            4.917            5.490            4.941           48.447            6.839            0.000            0.000
   365    12    31  2023       5       0  hru005         0.000       0.000      -8.765     -11.885            0.000            0.000            0.000            2.310            1.629            7.994            0.273           46.605            4.945            5.490            4.941           49.167            6.921            0.000            0.000
   365    12    31  2023       6       0  hru006         0.000       0.000      -8.666     -11.842            0.000            0.000            0.000            2.271            1.625            7.975            0.272           46.450            4.931            5.490            4.941           48.799            6.879            0.000            0.000
   365    12    31  2023       7       0  hru007         0.000       0.000      -8.928     -11.955            0.000            0.000            0.000            2.369            1.635            8.015            0.274           46.780            4.961            5.490            4.941           49.589            6.968            0.000            0.000
   365    12    31  2023       8       0  hru008         0.000       0.000      -8.587     -11.809            0.000            0.000            0.000            2.231            1.620            7.953            0.271           46.274            4.914            5.490            4.941           48.383            6.831            0.000            0.000
   365    12    31  2023       9       0  hru009         0.000       0.000     -10.894     -12.451            0.000            0.000            0.000            1.393            1.495            7.751            0.249           44.320            4.591            5.490            4.941           43.380            6.157            0.000            0.000
   365    12    31  2023      10       0  hru010         0.000       0.000      -8.945     -11.962            0.000            0.000            0.000            2.372            1.636            8.017            0.274           46.796            4.963            5.490            4.941           49.630            6.973            0.000            0.000
   365    12    31  2023      11       0  hru011         0.000       0.000      -8.931     -11.956            0.000            0.000            0.000            2.369            1.635            8.015            0.274           46.783            4.961            5.490            4.941           49.597            6.969            0.000            0.000
   365    12    31  2023      12       0  hru012         0.000       0.000      -9.311     -12.122            0.000            0.000            0.000            2.449            1.651            8.056            0.276           47.142            4.995            5.490            4.941           50.490            7.067            0.000            0.000
   365    12    31  2023      13       0  hru013         0.000       0.000      -8.849     -11.920            0.000            0.000            0.000            2.349            1.632            8.005            0.273           46.699            4.954            5.490            4.941           49.393            6.946            0.000            0.000
   365    12    31  2023      14       0  hru014         0.000       0.000      -8.883     -11.935            0.000            0.000            0.000            2.356            1.633            8.010            0.273           46.735            4.957            5.490            4.941           49.480            6.956            0.000            0.000
   365    12    31  2023      15       0  hru015         0.000       0.000      -8.752     -11.879            0.000            0.000            0.000            2.307            1.628            7.992            0.272           46.587            4.943            5.490            4.941           49.123            6.916            0.000            0.000
   365    12    31  2023      16       0  hru016         0.000       0.000      -9.918     -11.479            0.000            0.000            0.000            1.273            1.473            7.265            0.246           41.007            4.372            5.490            4.941           37.200            5.523            0.000            0.000
   365    12    31  2023      17       0  hru017         0.000       0.000      -7.170      -9.343            0.000            0.000            0.000            1.414            0.988            8.686            0.160           47.840            5.046            5.490            4.941           51.562            7.165            0.000            0.000
   365    12    31  2023      18       0  hru018         0.000       0.000      -8.745     -10.345            0.000            0.000            0.000            1.138            1.055            8.097            0.172           44.113            4.704            5.490            4.941           42.403            6.230            0.000            0.000
   365    12    31  2023      19       0  hru019         0.000       0.000     -11.141     -13.076            0.000            0.000            0.000            1.406            1.780            7.010            0.299           40.629            4.333            5.490            4.941           34.628            5.318            0.000            0.000
   365    12    31  2023      20       0  hru020         0.000       0.000      -8.760     -10.374            0.000            0.000            0.000            1.008            1.054            7.847            0.172           42.462            4.543            5.490            4.941           38.893            5.831            0.000            0.000
   365    12    31  2023      21       0  hru021         0.000       0.000      -7.685      -9.817            0.000            0.000            0.000            1.433            0.992            8.722            0.161           48.103            5.071            5.490            4.941           52.215            7.239            0.000            0.000
   365    12    31  2023      22       0  hru022         0.000       0.000      -7.723      -9.834            0.000            0.000            0.000            1.437            0.993            8.727            0.161           48.145            5.075            5.490            4.941           52.322            7.251            0.000            0.000
   365    12    31  2023      23       0  hru023         0.000       0.000      -6.950      -9.589            0.000            0.000            0.000           15.286           10.909            0.817            1.867           45.681            4.863            5.490            4.941           48.043            6.703            0.000            0.000
   365    12    31  2023      24       0  hru024         0.000       0.000      -7.039      -9.628            0.000            0.000            0.000           15.369           10.939            0.807            1.872           45.753            4.870            5.490            4.941           48.185            6.719            0.000            0.000
   365    12    31  2023      25       0  hru025         0.000       0.000      -7.449      -9.717            0.000            0.000            0.000            1.412            0.985            8.696            0.160           47.864            5.048            5.490            4.941           51.600            7.169            0.000            0.000
   365    12    31  2023      26       0  hru026         0.000       0.000      -7.731      -9.838            0.000            0.000            0.000            1.433            0.994            8.709            0.161           48.023            5.064            5.490            4.941           52.017            7.220            0.000            0.000
   365    12    31  2023      27       0  hru027         0.000       0.000      -8.377     -10.353            0.000            0.000            0.000            1.431            1.002            8.633            0.163           47.656            5.023            5.490            4.941           51.808            7.131            0.000            0.000
   365    12    31  2023      28       0  hru028         0.000       0.000      -7.428      -9.708            0.000            0.000            0.000            1.410            0.984            8.693            0.160           47.843            5.046            5.490            4.941           51.547            7.163            0.000            0.000
   365    12    31  2023      29       0  hru029         0.000       0.000      -7.986     -10.187            0.000            0.000            0.000            1.377            0.987            8.529            0.160           46.860            4.949            5.490            4.941           49.851            6.922            0.000            0.000
   365    12    31  2023      30       0  hru030         0.000       0.000      -9.315     -11.621            0.000            0.000            0.000            1.897            1.381            8.413            0.229           47.986            5.065            5.490            4.941           51.873            7.229            0.000            0.000
   365    12    31  2023      31       0  hru031         0.000       0.000      -7.691      -9.632            0.000            0.000            0.000            1.139            1.039            8.103            0.169           44.168            4.717            5.490            4.941           42.712            6.269            0.000            0.000
   365    12    31  2023      32       0  hru032         0.000       0.000      -9.401     -11.722            0.000            0.000            0.000            0.492            1.188            0.807            0.203            9.383            1.912            5.490            4.941           18.912            4.021            0.000            0.000
   365    12    31  2023      33       0  hru033         0.000       0.000      -7.689     -10.022            0.000            0.000            0.000            0.325            0.809            1.032            0.138            8.971            1.843            5.490            4.941           18.234            3.909            0.000            0.000
   365    12    31  2023      34       0  hru034         0.000       0.000      -9.459     -11.625            0.000            0.000            0.000            0.574            1.337            1.446            0.228           14.321            2.497            5.490            4.941           22.593            4.462            0.000            0.000
   365    12    31  2023      35       0  hru035         0.000       0.000      -7.969     -10.172            0.000            0.000            0.000            0.420            0.924            1.743            0.157           14.263            2.489            5.490            4.941           22.468            4.443            0.000            0.000
   365    12    31  2023      36       0  hru036         0.000       0.000      -8.672     -10.469            0.000            0.000            0.000            0.429            0.941            1.737            0.160           14.306            2.496            5.490            4.941           22.571            4.461            0.000            0.000
   365    12    31  2023      37       0  hru037         0.000       0.000     -10.682     -12.411            0.000            0.000            0.000            0.513            1.382            1.350            0.236           13.891            2.419            5.490            4.941           21.796            4.305            0.000            0.000
   365    12    31  2023      38       0  hru038         0.000       0.000      -8.196     -10.266            0.000            0.000            0.000            0.422            0.929            1.741            0.158           14.269            2.490            5.490            4.941           22.487            4.446            0.000            0.000
   365    12    31  2023      39       0  hru039         0.000       0.000      -7.913     -10.148            0.000            0.000            0.000            0.420            0.923            1.744            0.157           14.262            2.489            5.490            4.941           22.464            4.442            0.000            0.000
   365    12    31  2023      40       0  hru040         0.000       0.000     -10.520     -12.250            0.000            0.000            0.000            0.566            1.376            1.350            0.235           14.015            2.432            5.490            4.941           22.140            4.358            0.000            0.000
   365    12    31  2023      41       0  hru041         0.000       0.000      -8.804     -10.553            0.000            0.000            0.000            0.351            0.946            1.575            0.161           13.238            2.319            5.490            4.941           20.491            4.080            0.000            0.000
   365    12    31  2023      42       0  hru042         0.000       0.000     -10.732     -12.432            0.000            0.000            0.000            0.509            1.385            1.344            0.237           13.859            2.413            5.490            4.941           21.743            4.294            0.000            0.000
   365    12    31  2023      43       0  hru043         0.000       0.000      -8.728     -11.414            0.000            0.000            0.000            0.049            0.751            3.961            0.127           21.084            4.015            5.490            4.941           25.001            5.645            0.000            0.000
   365    12    31  2023      44       0  hru044         0.000       0.000      -9.536     -11.889            0.000            0.000            0.000            0.392            1.038            3.939            0.176           21.596            4.624            5.490            4.941           24.149            6.129            0.000            0.000
   365    12    31  2023      45       0  hru045         0.000       0.000      -8.029     -11.016            0.000            0.000            0.000            0.004            0.570            3.332            0.097           16.905            2.861            5.490            4.941           20.434            3.503            0.000            0.000
   365    12    31  2023      46       0  hru046         0.000       0.000      -8.496     -10.917            0.000            0.000            0.000            0.332            0.954            4.205            0.162           22.702            4.754            5.490            4.941           25.541            6.306            0.000            0.000
   365    12    31  2023      47       0  hru047         0.000       0.000      -8.206     -11.256            0.000            0.000            0.000            0.000            0.302            3.529            0.050           16.865            2.858            5.490            4.941           20.286            3.495            0.000            0.000
   365    12    31  2023      48       0  hru048         0.000       0.000      -6.901      -9.712            0.000            0.000            0.000            0.000            4.247            0.551            0.728           16.851            2.811            5.490            4.941           20.642            3.386            0.000            0.000
   365    12    31  2023      49       0  hru049         0.000       0.000      -8.679     -11.922            0.000            0.000            0.000            0.000            0.678            3.281            0.115           17.064            2.898            5.490            4.941           20.693            3.566            0.000            0.000
   365    12    31  2023      50       0  hru050         0.000       0.000      -8.679     -11.922            0.000            0.000            0.000            0.000            0.678            3.281            0.115           17.064            2.898            5.490            4.941           20.693            3.566            0.000            0.000
   365    12    31  2023      51       0  hru051         0.000       0.000      -8.679     -11.922            0.000            0.000            0.000            0.000            0.678            3.281            0.115           17.063            2.898            5.490            4.941           20.692            3.566            0.000            0.000
   365    12    31  2023      52       0  hru052         0.000       0.000      -9.515     -12.360            0.000            0.000            0.000            0.098            0.975            4.332            0.166           23.538            4.835            5.490            4.941           27.827            6.629            0.000            0.000
   365    12    31  2023      53       0  hru053         0.000       0.000     -11.602     -13.365            0.000            0.000            0.000            0.258            1.379            3.298            0.235           19.398            4.163            5.490            4.941           20.379            5.289            0.000            0.000
   365    12    31  2023      54       0  hru054         0.000       0.000      -8.679     -11.922            0.000            0.000            0.000            0.000            0.678            3.281            0.115           17.064            2.898            5.490            4.941           20.693            3.566            0.000            0.000
   365    12    31  2023      55       0  hru055         0.000       0.000      -9.279     -11.484            0.000            0.000            0.000            1.983            1.361            8.465            0.226           48.278            5.092            5.490            4.941           52.991            7.308            0.000            0.000
   365    12    31  2023      56       0  hru056         0.000       0.000      -8.720     -11.865            0.000            0.000            0.000            2.296            1.627            7.987            0.272           46.541            4.939            5.490            4.941           49.013            6.903            0.000            0.000
   365    12    31  2023      57       0  hru057         0.000       0.000      -9.345     -11.514            0.000            0.000            0.000            1.989            1.368            8.473            0.227           48.358            5.098            5.490            4.941           53.165            7.325            0.000            0.000
   365    12    31  2023      58       0  hru058         0.000       0.000      -9.559     -11.640            0.000            0.000            0.000            1.925            1.390            8.362            0.231           47.714            5.037            5.490            4.941           51.636            7.167            0.000            0.000
   365    12    31  2023      59       0  hru059         0.000       0.000      -9.387     -11.533            0.000            0.000            0.000            1.993            1.373            8.477            0.228           48.408            5.100            5.490            4.941           53.288            7.336            0.000            0.000
   365    12    31  2023      60       0  hru060         0.000       0.000      -9.409     -11.679            0.000            0.000            0.000            1.812            1.395            8.241            0.232           46.869            4.962            5.490            4.941           49.221            6.952            0.000            0.000
   365    12    31  2023      61       0  hru061         0.000       0.000      -8.517     -10.772            0.000            0.000            0.000            1.811            1.354            8.173            0.225           46.371            4.905            5.490            4.941           48.815            6.814            0.000            0.000
   365    12    31  2023      62       0  hru062         0.000       0.000      -9.123     -11.203            0.000            0.000            0.000            1.596            1.389            7.816            0.231           44.205            4.715            5.490            4.941           44.028            6.331            0.000            0.000
   365    12    31  2023      63       0  hru063         0.000       0.000      -9.362     -11.785            0.000            0.000            0.000            1.280            1.292           -0.766            0.221            0.773            0.122            5.490            4.941            1.784            0.282            0.000            0.000
   365    12    31  2023      64       0  hru064         0.000       0.000      -7.961     -11.654            0.000            0.000            0.000            1.937            1.536           -0.929            0.263            0.856            0.136            5.490            4.941            1.944            0.310            0.000            0.000
   365    12    31  2023      65       0  hru065         0.000       0.000      -7.994     -11.669            0.000            0.000            0.000            1.909            1.535           -0.926            0.263            0.851            0.134            5.490            4.941            2.066            0.328            0.000            0.000
   365    12    31  2023      66       0  hru066         0.000       0.000      -7.916     -11.635            0.000            0.000            0.000            1.971            1.535           -0.929            0.263            0.847            0.135            5.490            4.941            1.917            0.306            0.000            0.000
   365    12    31  2023      67       0  hru067         0.000       0.000      -6.446      -9.197            0.000            0.000            0.000            1.125            0.844           -0.415            0.145            0.869            0.139            5.490            4.941            2.015            0.322            0.000            0.000
   365    12    31  2023      68       0  hru068         0.000       0.000      -8.203     -11.757            0.000            0.000            0.000            1.866            1.537           -0.930            0.263            0.845            0.134            5.490            4.941            2.010            0.324            0.000            0.000
   365    12    31  2023      69       0  hru069         0.000       0.000      -8.357     -11.822            0.000            0.000            0.000            1.861            1.547           -0.934            0.265            0.866            0.137            5.490            4.941            1.944            0.309            0.000            0.000
   365    12    31  2023      70       0  hru070         0.000       0.000      -8.516     -11.892            0.000            0.000            0.000            1.803            1.535           -0.935            0.263            0.807            0.128            5.490            4.941            2.207            0.360            0.000            0.000
   365    12    31  2023      71       0  hru071         0.000       0.000      -8.600     -11.928            0.000            0.000            0.000            1.861            1.553           -0.944            0.266            0.845            0.134            5.490            4.941            1.915            0.306            0.000            0.000
   365    12    31  2023      72       0  hru072         0.000       0.000      -8.307     -11.802            0.000            0.000            0.000            1.876            1.539           -0.932            0.264            0.847            0.134            5.490            4.941            1.959            0.311            0.000            0.000
   365    12    31  2023      73       0  hru073         0.000       0.000     -10.138     -12.021            0.000            0.000            0.000            0.982            1.339           -0.826            0.230            0.669            0.106            5.490            4.941            1.123            0.177            0.000            0.000
   365    12    31  2023      74       0  hru074         0.000       0.000      -8.859     -11.511            0.000            0.000            0.000            1.638            1.256           -0.725            0.215            0.867            0.137            5.490            4.941            1.944            0.310            0.000            0.000
   365    12    31  2023      75       0  hru075         0.000       0.000      -8.880     -11.465            0.000            0.000            0.000            1.552            1.265           -0.743            0.217            0.810            0.129            5.490            4.941            1.847            0.301            0.000            0.000
   365    12    31  2023      76       0  hru076         0.000       0.000      -8.226     -10.785            0.000            0.000            0.000            1.210            1.271           -0.733            0.218            0.853            0.135            5.490            4.941            1.979            0.316            0.000            0.000
   365    12    31  2023      77       0  hru077         0.000       0.000      -8.225     -10.228            0.000            0.000            0.000            0.644            0.894           -0.455            0.153            0.833            0.132            5.490            4.941            2.004            0.327            0.000            0.000
   365    12    31  2023      78       0  hru078         0.000       0.000      -7.571      -9.939            0.000            0.000            0.000            0.813            0.871           -0.440            0.149            0.841            0.134            5.490            4.941            1.914            0.305            0.000            0.000
   365    12    31  2023      79       0  hru079         0.000       0.000      -9.702     -10.881            0.000            0.000            0.000            0.468            0.965           -0.564            0.165            0.523            0.084            5.490            4.941            0.746            0.119            0.000            0.000
   365    12    31  2023      80       0  hru080         0.000       0.000      -6.778      -9.595            0.000            0.000            0.000            1.101            0.842           -0.415            0.144            0.842            0.133            5.490            4.941            1.946            0.311            0.000            0.000
   365    12    31  2023      81       0  hru081         0.000       0.000     -10.750     -11.409            0.000            0.000            0.000            0.311            1.054           -0.679            0.181            0.242            0.041            5.490            4.941            0.183            0.032            0.000            0.000
   365    12    31  2023      82       0  hru082         0.000       0.000      -9.249     -10.701            0.000            0.000            0.000            0.577            0.938           -0.520            0.161            0.707            0.112            5.490            4.941            1.272            0.202            0.000            0.000
   365    12    31  2023      83       0  hru083         0.000       0.000      -8.775     -10.458            0.000            0.000            0.000            0.585            0.914           -0.493            0.157            0.684            0.108            5.490            4.941            1.522            0.244            0.000            0.000
   365    12    31  2023      84       0  hru084         0.000       0.000      -7.465      -9.890            0.000            0.000            0.000            0.928            0.864           -0.434            0.148            0.830            0.131            5.490            4.941            1.988            0.317            0.000            0.000
   365    12    31  2023      85       0  hru085         0.000       0.000      -7.059      -9.715            0.000            0.000            0.000            1.107            0.851           -0.423            0.146            0.858            0.136            5.490            4.941            1.951            0.311            0.000            0.000
   365    12    31  2023      86       0  hru086         0.000       0.000      -9.911     -12.122            0.000            0.000            0.000            1.011            1.324           -0.818            0.227            0.638            0.102            5.490            4.941            1.457            0.233            0.000            0.000
   365    12    31  2023      87       0  hru087         0.000       0.000     -13.213     -14.016            0.000            0.000            0.000            0.555            1.784           -1.203            0.306            0.323            0.055            5.490            4.941            0.338            0.059            0.000            0.000
   365    12    31  2023      88       0  hru088         0.000       0.000      -6.644      -9.707            0.000            0.000            0.000           13.331           11.548           -8.392            1.980            0.766            0.122            5.490            4.941            2.143            0.342            0.000            0.000
   365    12    31  2023      89       0  hru089         0.000       0.000      -7.812     -10.039            0.000            0.000            0.000            0.689            0.869           -0.452            0.149            0.743            0.118            5.490            4.941            2.108            0.339            0.000            0.000
   365    12    31  2023      90       0  hru090         0.000       0.000      -7.705      -9.994            0.000            0.000            0.000            0.728            0.868           -0.428            0.149            0.877            0.139            5.490            4.941            2.031            0.323            0.000            0.000
   365    12    31  2023      91       0  hru091         0.000       0.000      -6.638      -9.704            0.000            0.000            0.000           14.204           11.536           -8.381            1.978            0.770            0.123            5.490            4.941            2.072            0.332            0.000            0.000
   365    12    31  2023      92       0  hru092         0.000       0.000      -9.319     -11.775            0.000            0.000            0.000            1.229            1.292           -0.762            0.221            0.793            0.126            5.490            4.941            1.834            0.292            0.000            0.000
   365    12    31  2023      93       0  hru093         0.000       0.000      -8.284     -10.251            0.000            0.000            0.000            0.684            0.896           -0.469            0.154            0.802            0.127            5.490            4.941            1.901            0.301            0.000            0.000
   365    12    31  2023      94       0  hru094         0.000       0.000      -6.555      -9.667            0.000            0.000            0.000           14.305           11.529           -8.366            1.976            0.830            0.132            5.490            4.941            1.959            0.319            0.000            0.000
   365    12    31  2023      95       0  hru095         0.000       0.000     -10.818     -12.565            0.000            0.000            0.000            0.687            1.417           -0.940            0.243            0.350            0.056            5.490            4.941            0.427            0.069            0.000            0.000
   365    12    31  2023      96       0  hru096         0.000       0.000      -7.093      -9.916            0.000            0.000            0.000           10.954           11.805           -8.570            2.024            0.861            0.137            5.490            4.941            1.960            0.316            0.000            0.000
   365    12    31  2023      97       0  hru097         0.000       0.000      -5.996      -9.429            0.000            0.000            0.000           14.248           11.399           -8.256            1.954            0.830            0.132            5.490            4.941            1.914            0.312            0.000            0.000
   365    12    31  2023      98       0  hru098         0.000       0.000      -8.914     -11.610            0.000            0.000            0.000            1.299            1.269           -0.736            0.217            0.865            0.137            5.490            4.941            1.988            0.316            0.000            0.000
   365    12    31  2023      99       0  hru099         0.000       0.000     -10.554     -12.489            0.000            0.000            0.000            0.842            1.378           -0.911            0.236            0.497            0.079            5.490            4.941            0.773            0.122            0.000            0.000
   365    12    31  2023     100       0  hru100         0.000       0.000     -10.714     -12.414            0.000            0.000            0.000            0.824            1.396           -0.912            0.239            0.386            0.062            5.490            4.941            0.510            0.081            0.000            0.000
   365    12    31  2023     101       0  hru101         0.000       0.000      -7.194      -9.768            0.000            0.000            0.000            0.807            0.850           -0.415            0.146            0.869            0.138            5.490            4.941            2.027            0.329            0.000            0.000
   365    12    31  2023     102       0  hru102         0.000       0.000     -12.797     -13.478           37.764            2.518           73.162            4.218            1.494            8.250            0.251           39.760            3.374            5.490            4.941          135.876           13.789            0.000            0.000
   365    12    31  2023     103       0  hru103         0.000       0.000     -11.325     -11.686           37.764            2.518           45.421            1.974            1.086            4.107            0.184           20.926            1.985            5.490            4.941           75.147            8.177            0.000            0.000
   365    12    31  2023     104       0  hru104         0.000       0.000     -13.404     -13.586           50.352            3.357           61.112            3.883            1.481            7.728            0.250           35.832            3.810            5.490            4.941          135.029           16.666            0.000            0.000
   365    12    31  2023     105       0  hru105         0.000       0.000     -10.060     -10.857           45.107            5.245           50.581            2.736            1.040            5.736            0.176           28.808            3.557            5.490            4.941          111.341           14.280            0.000            0.000
   365    12    31  2023     106       0  hru106         0.000       0.000     -12.059     -12.894           34.617            2.937          110.808            5.354            1.536           11.002            0.256           49.255            3.130            5.490            4.941          178.651           13.388            0.000            0.000
   365    12    31  2023     107       0  hru107         0.000       0.000     -10.245     -11.972           58.744            8.392           43.096            2.756            1.399            5.454            0.237           21.130            3.425            5.490            4.941          119.203           15.017            0.000            0.000
   365    12    31  2023     108       0  hru108         0.000       0.000      51.556      32.775          485.425          153.154           20.653           27.203            3.275           74.689            0.650            9.925            1.738            5.490            4.941          106.463           15.119            0.000            0.000
   365    12    31  2023     109       0  hru109         0.000       0.000      24.057       9.965          328.600           99.026           21.944           16.515            2.211           37.591            0.407            9.068            1.280            5.490            4.941          127.996           18.952            0.000            0.000
   365    12    31  2023     110       0  hru110         0.000       0.000     -12.641     -12.812           44.583            2.727           40.572            3.155            1.323            4.157            0.225           18.906            2.645            5.490            4.941           96.862           15.918            0.000            0.000
   365    12    31  2023     111       0  hru111         0.000       0.000     -12.328     -12.576           50.877            4.773           23.465            2.824            1.407            3.032            0.242           14.197            2.393            5.490            4.941           73.847           14.513            0.000            0.000
   365    12    31  2023     112       0  hru112         0.000       0.000      53.225      29.753          567.772          178.068           21.715           33.181            3.039           67.866            0.594            3.928            1.732            5.490            4.941          126.107           21.210            0.000            0.000
   365    12    31  2023     113       0  hru113         0.000       0.000      -7.522      -8.947           73.168           15.473           40.151            1.558            0.902            3.253            0.151            6.888            2.906            5.490            4.941          120.401           22.065            0.000            0.000
   365    12    31  2023     114       0  hru114         0.000       0.000      87.464      56.784          646.185          228.263           90.004           22.724            3.380           93.418            0.702           43.662            2.317            5.490            4.941          210.878           14.532            0.000            0.000
   365    12    31  2023     115       0  hru115         0.000       0.000     -12.621     -13.072           77.364            7.920           23.335            2.596            1.381            4.524            0.237           15.251            2.879            5.490            4.941          110.898           18.916            0.000            0.000
   365    12    31  2023     116       0  hru116         0.000       0.000     -11.439     -11.395           66.612            6.923           40.763            2.085            0.969            5.016            0.164           17.890            2.973            5.490            4.941          116.625           19.686            0.000            0.000
   365    12    31  2023     117       0  hru117         0.000       0.000     -10.709     -11.052           72.906            8.969           22.871            1.947            0.930            4.573            0.160           15.431            3.341            5.490            4.941          109.260           21.370            0.000            0.000
   365    12    31  2023     118       0  hru118         0.000       0.000     -10.758     -11.059           72.906            8.969           23.008            1.979            0.929            4.546            0.159           15.303            3.286            5.490            4.941          109.035           21.420            0.000            0.000
   365    12    31  2023     119       0  hru119         0.000       0.000     -11.277     -11.992           72.381            9.966           79.211            4.465            1.407            7.216            0.238           24.790            1.678            5.490            4.941          166.326           18.716            0.000            0.000
   365    12    31  2023     120       0  hru120         0.000       0.000     -11.411     -11.765           44.583            2.727           40.428           22.432           11.791           -4.672            2.019           13.849            2.214            5.490            4.941           87.127           13.511            0.000            0.000
   365    12    31  2023     121       0  hru121         0.000       0.000      49.977      31.621          481.229          152.105           43.956           28.252            3.279           74.719            0.639            8.989            1.919            5.490            4.941          123.844           15.948            0.000            0.000
   365    12    31  2023     122       0  hru122         0.000       0.000      21.597       8.332          332.796          100.704           22.940           12.134            2.267           37.076            0.418            6.080            1.155            5.490            4.941          121.913           22.282            0.000            0.000
   365    12    31  2023     123       0  hru123         0.000       0.000      21.170       6.887          326.764           94.410           23.600           13.132            1.767           35.066            0.335           12.857            2.773            5.490            4.941          124.750           18.553            0.000            0.000
   365    12    31  2023     124       0  hru124         0.000       0.000      20.848      11.786          285.066           81.612            0.000           13.268            2.385           44.249            0.455            4.593            1.782            5.490            4.941          114.285           22.123            0.000            0.000
   365    12    31  2023     125       0  hru125         0.000       0.000      -9.941     -11.363           94.410           13.637           51.487            2.649            1.410            6.333            0.239           16.873            4.178            5.490            4.941          159.139           21.331            0.000            0.000
   365    12    31  2023     126       0  hru126         0.000       0.000     -11.563     -11.632           60.842            5.245           54.772            1.827            1.022            4.793            0.172           16.242            3.046            5.490            4.941          121.722           16.512            0.000            0.000
   365    12    31  2023     127       0  hru127         0.000       0.000     -11.681     -12.565           83.920           10.070           25.020            1.975            1.376            4.402            0.234           11.590            3.897            5.490            4.941          119.507           19.770            0.000            0.000
   365    12    31  2023     128       0  hru128         0.000       0.000     -10.100     -11.532          110.932           14.004            0.000            1.954            1.337            4.333            0.230           11.081            4.122            5.490            4.941          120.928           22.559            0.000            0.000
   365    12    31  2023     129       0  hru129         0.000       0.000     -12.761     -12.544          110.407           11.277            0.000            1.879            1.337            4.549            0.230            9.046            4.574            5.490            4.941          122.090           26.060            0.000            0.000
   365    12    31  2023     130       0  hru130         0.000       0.000      29.500      12.959          398.096          119.796            0.000           15.619            2.466           44.582            0.460           13.796            3.534            5.490            4.941          140.999           23.952            0.000            0.000
   365    12    31  2023     131       0  hru131         0.000       0.000     -13.078     -13.245          102.802           10.070            0.000            2.024            1.339            3.774            0.230            7.390            3.446            5.490            4.941          109.373           23.152            0.000            0.000
   365    12    31  2023     132       0  hru132         0.000       0.000      -9.472     -11.145          104.376           17.413           65.867            3.584            1.418            7.938            0.240           21.736            3.983            5.490            4.941          185.299           24.140            0.000            0.000
   365    12    31  2023     133       0  hru133         0.000       0.000     124.803      88.670          999.436          318.267            0.000           46.212            4.718          146.201            1.109            3.772            0.811            5.490            4.941          138.937           20.818            0.000            0.000
   365    12    31  2023     134       0  hru134         0.000       0.000      22.523      10.017          347.744           97.452            0.000           19.716            2.265           39.905            0.425            4.848            1.253            5.490            4.941          114.663           20.308            0.000            0.000
   365    12    31  2023     135       0  hru135         0.000       0.000     -12.704     -12.831           25.176            1.678          228.527           13.223            2.087           30.243            0.328          173.699            9.588            5.490            4.941          324.122           20.637            0.000            0.000
   365    12    31  2023     136       0  hru136         0.000       0.000     -11.785     -12.030            0.000            0.000           19.629            6.231           13.570           -8.563            2.326           13.088            0.736            5.490            4.941           23.929            1.383            0.000            0.000
   365    12    31  2023     137       0  hru137         0.000       0.000     -11.240     -11.749            0.000            0.000           75.573            2.062            1.133            6.410            0.189           44.204            2.379            5.490            4.941           83.814            5.506            0.000            0.000
   365    12    31  2023     138       0  hru138         0.000       0.000     -14.556     -13.683           41.698            5.193           91.901            6.310            1.588           10.395            0.266           56.744            4.686            5.490            4.941          167.273           22.248            0.000            0.000
   365    12    31  2023     139       0  hru139         0.000       0.000     -12.524     -13.621           25.176            1.678           69.509            6.713            1.699            7.830            0.286           48.767            4.038            5.490            4.941          120.230           14.443            0.000            0.000
   365    12    31  2023     140       0  hru140         0.000       0.000     -11.283     -11.506           25.176            1.678           70.086            3.947            1.034            8.466            0.171           49.403            4.128            5.490            4.941          121.759           14.700            0.000            0.000
   365    12    31  2023     141       0  hru141         0.000       0.000     -10.720     -12.101           32.519            5.455           48.743            2.794            1.403            4.265            0.238           21.863            3.179            5.490            4.941           92.634           12.556            0.000            0.000
   365    12    31  2023     142       0  hru142         0.000       0.000      -6.547      -9.011           70.545           15.473           22.704            1.436            0.913            4.036            0.157           10.550            3.741            5.490            4.941          104.667           19.993            0.000            0.000
   365    12    31  2023     143       0  hru143         0.000       0.000     -11.414     -12.558           32.519            5.455           46.335            2.763            1.457            4.648            0.248           23.985            2.941            5.490            4.941           85.635           11.984            0.000            0.000
   365    12    31  2023     144       0  hru144         0.000       0.000     -11.324     -12.394           33.568            4.773           47.841            2.994            1.398            4.779            0.237           23.455            3.441            5.490            4.941           96.964           13.810            0.000            0.000
   365    12    31  2023     145       0  hru145         0.000       0.000     -12.177     -12.618           50.877            4.773           22.840            2.582            1.295            2.823            0.221           11.627            2.736            5.490            4.941           82.281           16.300            0.000            0.000
   365    12    31  2023     146       0  hru146         0.000       0.000      -9.702     -11.705           51.926           13.217           40.706            2.061            1.451            4.032            0.248           16.221            3.272            5.490            4.941           96.651           16.041            0.000            0.000
   365    12    31  2023     147       0  hru147         0.000       0.000     -13.018     -13.271           94.410            9.651            0.000            2.265            1.449            3.172            0.248            8.956            3.470            5.490            4.941           88.987           19.325            0.000            0.000
   365    12    31  2023     148       0  hru148         0.000       0.000      -8.819     -10.892           97.295           22.449           17.721            2.234            1.306            2.496            0.222            2.878            1.311            5.490            4.941          114.545           24.913            0.000            0.000
   365    12    31  2023     149       0  hru149         0.000       0.000      -6.533      -8.473           47.205           11.015            0.000            2.013            0.856            1.589            0.146            2.706            0.668            5.490            4.941           49.465           12.313            0.000            0.000
   365    12    31  2023     150       0  hru150         0.000       0.000      -8.828      -9.628           70.021           14.948            0.000            2.269            0.932            2.168            0.161            2.403            0.770            5.490            4.941           66.976           18.460            0.000            0.000
   365    12    31  2023     151       0  hru151         0.000       0.000      16.467       8.319          245.204           74.479            0.000           12.286            2.431           42.710            0.460            1.986            0.817            5.490            4.941           65.437           16.179            0.000            0.000
   365    12    31  2023     152       0  hru152         0.000       0.000      24.045      10.996          343.286           99.812           55.590           16.982            2.369           41.207            0.430            8.419            1.744            5.490            4.941          161.856           19.884            0.000            0.000
   365    12    31  2023     153       0  hru153         0.000       0.000      55.575      38.930          536.302          163.120            0.000           32.886            3.345           80.957            0.671            3.875            0.623            5.490            4.941          134.752           23.185            0.000            0.000
   365    12    31  2023     154       0  hru154         0.000       0.000      55.422      38.710          536.302          163.120            0.000           32.071            3.348           80.832            0.673            2.750            0.511            5.490            4.941          131.431           22.782            0.000            0.000
   365    12    31  2023     155       0  hru155         0.000       0.000      -7.399     -10.276           99.393           21.400           17.406            2.686            1.317            2.744            0.224            5.981            1.942            5.490            4.941          117.315           20.526            0.000            0.000
   365    12    31  2023     156       0  hru156         0.000       0.000      -6.038      -9.009          106.474           22.029           70.716            1.803            0.956            4.907            0.160            8.225            2.647            5.490            4.941          179.952           23.587            0.000            0.000
   365    12    31  2023     157       0  hru157         0.000       0.000      75.140      49.330          648.283          208.751            0.000           36.726            3.517           86.806            0.704            7.890            1.697            5.490            4.941          133.055           20.480            0.000            0.000
   365    12    31  2023     158       0  hru158         0.000       0.000      24.168      10.125          361.119          104.638            0.000           16.787            2.213           38.309            0.415            6.718            1.334            5.490            4.941          128.893           23.331            0.000            0.000
   365    12    31  2023     159       0  hru159         0.000       0.000      -9.569     -11.352          126.929           19.721            0.000            3.583            1.349            5.080            0.232           16.219            3.364            5.490            4.941          133.929           25.722            0.000            0.000
   365    12    31  2023     160       0  hru160         0.000       0.000      71.378      51.644          547.841          179.956           63.418           24.114            3.452           97.405            0.731           56.014            4.355            5.490            4.941          175.712           19.226            0.000            0.000
   365    12    31  2023     161       0  hru161         0.000       0.000     186.160     138.396         1210.810          428.779            0.000           35.859            5.840          183.707            1.410           15.134            3.017            5.490            4.941          183.555           23.597            0.000            0.000
   365    12    31  2023     162       0  hru162         0.000       0.000      22.348       7.622          339.090           99.393            0.000           14.390            2.257           33.636            0.415            9.543            1.886            5.490            4.941           83.942           15.383            0.000            0.000
   365    12    31  2023     163       0  hru163         0.000       0.000      -7.353      -9.839            0.000            0.000            0.000            0.960            0.858           -0.439            0.147            0.753            0.120            5.490            4.941            2.083            0.338            0.000            0.000
   365    12    31  2023     164       0  hru164         0.000       0.000      -6.354      -9.580            0.000            0.000            0.000           12.271           11.511           -8.343            1.973            0.767            0.122            5.490            4.941            2.099            0.336            0.000            0.000
   365    12    31  2023     165       0  hru165         0.000       0.000      -9.055     -11.146            0.000            0.000            0.000            0.720            1.323           -0.777            0.227            0.832            0.133            5.490            4.941            1.973            0.325            0.000            0.000
   365    12    31  2023     166       0  hru166         0.000       0.000     -10.936     -11.555            0.000            0.000            0.000            0.288            1.071           -0.702            0.184            0.223            0.039            5.490            4.941            0.134            0.026            0.000            0.000
   365    12    31  2023     167       0  hru167         0.000       0.000      -7.831     -10.065            0.000            0.000            0.000            0.732            0.877           -0.439            0.150            0.867            0.138            5.490            4.941            2.014            0.322            0.000            0.000
   365    12    31  2023     168       0  hru168         0.000       0.000      -8.330     -11.077            0.000            0.000            0.000            1.473            1.253           -0.722            0.215            0.832            0.132            5.490            4.941            1.960            0.316            0.000            0.000
   365    12    31  2023     169       0  hru169         0.000       0.000      -8.871     -11.319            0.000            0.000            0.000            1.114            1.275           -0.734            0.218            0.860            0.136            5.490            4.941            1.992            0.317            0.000            0.000
   365    12    31  2023     170       0  hru170         0.000       0.000      -6.901      -9.647            0.000            0.000            0.000            1.093            0.843           -0.413            0.145            0.878            0.139            5.490            4.941            2.028            0.322            0.000            0.000
   365    12    31  2023     171       0  hru171         0.000       0.000     -10.890     -11.280           50.352            3.357            0.000            2.075            0.901            2.035            0.154            8.271            3.307            5.490            4.941           55.217           13.723            0.000            0.000
   365    12    31  2023     172       0  hru172         0.000       0.000      -8.996      -9.869           47.992            5.612            0.000            1.798            0.965            0.774            0.165            4.900            1.841            5.490            4.941           31.280            7.459            0.000            0.000
   365    12    31  2023     173       0  hru173         0.000       0.000     -11.600     -12.354           44.058            2.937            0.000            1.979            1.261            2.380            0.215            8.960            3.087            5.490            4.941           55.184           13.576            0.000            0.000
   365    12    31  2023     174       0  hru174         0.000       0.000     -14.880     -13.850           44.058            2.937           75.792            4.979            1.538           10.486            0.256           55.496            5.434            5.490            4.941          152.625           22.908            0.000            0.000
   365    12    31  2023     175       0  hru175         0.000       0.000      17.453       9.268          269.331           79.724            0.000           13.592            2.451           43.444            0.469            2.982            1.167            5.490            4.941           87.703           23.402            0.000            0.000
   365    12    31  2023     176       0  hru176         0.000       0.000      20.245       6.754          321.257           94.777           78.332            9.966            1.902           35.929            0.352           16.802            3.022            5.490            4.941          153.795           18.229            0.000            0.000
   365    12    31  2023     177       0  hru177         0.000       0.000      -8.275     -11.051            0.000            0.000            0.000            1.419            1.253           -0.719            0.215            0.854            0.136            5.490            4.941            1.918            0.306            0.000            0.000
   365    12    31  2023     178       0  hru178         0.000       0.000      -8.367     -11.092            0.000            0.000            0.000            1.489            1.255           -0.723            0.215            0.850            0.135            5.490            4.941            1.908            0.304            0.000            0.000
   365    12    31  2023     179       0  hru179         0.000       0.000      -6.333      -9.572            0.000            0.000            0.000           14.312           11.478           -8.326            1.968            0.839            0.134            5.490            4.941            1.881            0.301            0.000            0.000
   365    12    31  2023     180       0  hru180         0.000       0.000     -10.661     -11.071           44.058            4.616          146.017            5.352            1.207           12.535            0.196           52.261            3.214            5.490            4.941          217.370           16.049            0.000            0.000
   365    12    31  2023     181       0  hru181         0.000       0.000      18.578       9.928          277.723           79.724           50.160           11.384            2.481           46.330            0.466           13.213            1.580            5.490            4.941          152.950           21.766            0.000            0.000
   365    12    31  2023     182       0  hru182         0.000       0.000      20.648      11.958          277.723           79.724           47.879           12.276            2.053           46.647            0.403           13.312            1.540            5.490            4.941          156.082           21.781            0.000            0.000
   365    12    31  2023     183       0  hru183         0.000       0.000      -8.295      -9.741          100.966           20.718           67.062            2.165            0.964            6.385            0.166           13.007            2.530            5.490            4.941          177.989           27.377            0.000            0.000
   365    12    31  2023     184       0  hru184         0.000       0.000      -9.270     -10.939           87.854           19.511           84.722            2.191            1.307            3.237            0.218            4.488            1.686            5.490            4.941          173.147           24.062            0.000            0.000
   365    12    31  2023     185       0  hru185         0.000       0.000      -9.328     -10.975          102.802           22.186           64.316            2.513            1.326            3.747            0.225            3.733            1.501            5.490            4.941          169.483           26.857            0.000            0.000
   365    12    31  2023     186       0  hru186         0.000       0.000     -12.769     -13.018           56.646            5.402           46.887            3.508            1.425            6.475            0.241           30.085            4.402            5.490            4.941          123.721           18.111            0.000            0.000
   365    12    31  2023     187       0  hru187         0.000       0.000     -14.069     -13.810           69.234            4.616           46.188            3.755            1.432            7.388            0.242           31.086            4.441            5.490            4.941          138.671           20.652            0.000            0.000
   365    12    31  2023     188       0  hru188         0.000       0.000      -9.680     -11.267           79.986           11.487           26.643            2.271            1.358            4.372            0.232           14.535            3.795            5.490            4.941          120.223           18.309            0.000            0.000
   365    12    31  2023     189       0  hru189         0.000       0.000     -10.958     -11.902           93.623           12.326            0.000            1.840            1.352            4.099            0.232            9.760            4.474            5.490            4.941          104.902           22.140            0.000            0.000
   365    12    31  2023     190       0  hru190         0.000       0.000     -14.354     -14.140           49.303            4.406          143.467            9.597            1.747           17.722            0.286          102.304            7.030            5.490            4.941          239.403           23.197            0.000            0.000
   365    12    31  2023     191       0  hru191         0.000       0.000     -11.344     -11.948           76.315           14.266           40.798            2.493            1.349            3.584            0.230           13.189            1.154            5.490            4.941          124.597           21.654            0.000            0.000
   365    12    31  2023     192       0  hru192         0.000       0.000      -8.713     -10.536          104.638           19.511           15.398            3.089            1.299            3.223            0.222            9.342            1.789            5.490            4.941          122.513           23.112            0.000            0.000
   365    12    31  2023     193       0  hru193         0.000       0.000      34.477      19.132          360.856          116.229            0.000           21.706            2.733           53.108            0.518           17.445            2.900            5.490            4.941           90.143           14.677            0.000            0.000
   365    12    31  2023     194       0  hru194         0.000       0.000     -14.217     -14.040           69.234            4.616           51.823            3.662            1.477            7.689            0.249           32.864            4.434            5.490            4.941          141.317           20.271            0.000            0.000
   365    12    31  2023     195       0  hru195         0.000       0.000      32.738      18.058          407.275          121.002            0.000           22.488            2.632           53.509            0.497           24.731            4.655            5.490            4.941          166.781           27.330            0.000            0.000
   365    12    31  2023     196       0  hru196         0.000       0.000      32.387      16.465          405.964          121.474            0.000           19.744            2.540           50.156            0.477           24.919            4.864            5.490            4.941          163.836           26.342            0.000            0.000
   365    12    31  2023     197       0  hru197         0.000       0.000      68.017      48.986          557.020          175.393            0.000          166.816           13.154           78.732            2.294           20.449            4.807            5.490            4.941          161.222           27.395            0.000            0.000
   365    12    31  2023     198       0  hru198         0.000       0.000      31.407      16.777          408.848          121.841            0.000           11.103            2.210           47.919            0.437           11.247            4.342            5.490            4.941          133.310           26.736            0.000            0.000
   365    12    31  2023     199       0  hru199         0.000       0.000      32.830      17.659          414.880          123.572            0.000           20.829            2.660           54.306            0.501           26.509            4.712            5.490            4.941          170.851           27.249            0.000            0.000
   365    12    31  2023     200       0  hru200         0.000       0.000      33.272      18.044          414.880          123.572            0.000           22.140            2.645           54.634            0.498           27.492            4.822            5.490            4.941          174.980           27.766            0.000            0.000
   365    12    31  2023     201       0  hru201         0.000       0.000      19.223       5.818          344.335           93.099            0.000           11.672            1.727           34.544            0.332            8.108            3.005            5.490            4.941          112.272           21.947            0.000            0.000
   365    12    31  2023     202       0  hru202         0.000       0.000     -16.305     -14.918           86.543            3.357           17.076            2.793            1.331            3.732            0.227           10.191            3.004            5.490            4.941          109.661           23.121            0.000            0.000
   365    12    31  2023     203       0  hru203         0.000       0.000     -12.683     -11.735          109.096           12.326            0.000            1.469            0.900            3.868            0.156            5.726            2.394            5.490            4.941          115.162           28.354            0.000            0.000
   365    12    31  2023     204       0  hru204         0.000       0.000     -17.131     -15.311          110.145            5.035            0.000            3.120            1.319            4.118            0.227            7.735            3.538            5.490            4.941          113.617           27.394            0.000            0.000
   365    12    31  2023     205       0  hru205         0.000       0.000      -5.042      -8.552           84.969           15.735           16.153            3.189            1.345            4.975            0.230           21.903            3.105            5.490            4.941          115.047           15.319            0.000            0.000
   365    12    31  2023     206       0  hru206         0.000       0.000      -6.399      -9.565           84.969           15.735           14.039            3.503            1.404            4.532            0.240           21.907            3.125            5.490            4.941          108.057           14.253            0.000            0.000
   365    12    31  2023     207       0  hru207         0.000       0.000      25.309      12.819          347.482          100.022           56.992           10.506            2.096           46.500            0.398           21.473            2.761            5.490            4.941          182.495           21.155            0.000            0.000
   365    12    31  2023     208       0  hru208         0.000       0.000     -12.701     -13.222           51.401            5.455           23.084            2.683            1.386            3.180            0.238           14.014            2.288            5.490            4.941           75.087           14.688            0.000            0.000
   365    12    31  2023     209       0  hru209         0.000       0.000     -15.721     -14.887           59.793            1.678           50.208            3.358            1.401            4.887            0.238           19.077            2.278            5.490            4.941          117.883           18.129            0.000            0.000
   365    12    31  2023     210       0  hru210         0.000       0.000     -14.561     -13.901           81.298            5.245           17.552            2.310            1.371            3.299            0.234            8.944            3.008            5.490            4.941          101.570           20.181            0.000            0.000
   365    12    31  2023     211       0  hru211         0.000       0.000     -13.386     -13.521          102.802           10.070            0.000            1.918            1.353            3.564            0.233            5.680            3.294            5.490            4.941          107.884           23.003            0.000            0.000
   365    12    31  2023     212       0  hru212         0.000       0.000      28.541      12.343          379.738          116.229           69.940           18.068            2.516           49.050            0.449           42.620            4.392            5.490            4.941          210.622           25.186            0.000            0.000
   365    12    31  2023     213       0  hru213         0.000       0.000     -13.518     -13.111          114.603           12.536            0.000            2.630            1.320            4.695            0.227            8.585            3.609            5.490            4.941          123.421           27.665            0.000            0.000
   365    12    31  2023     214       0  hru214         0.000       0.000     -16.243     -14.852           86.543            3.724            0.000            2.762            1.309            2.688            0.225            5.716            2.378            5.490            4.941           87.762           22.332            0.000            0.000
   365    12    31  2023     215       0  hru215         0.000       0.000     -16.269     -14.894           86.543            3.724            0.000            2.821            1.307            2.636            0.225            5.768            2.379            5.490            4.941           87.833           22.316            0.000            0.000
   365    12    31  2023     216       0  hru216         0.000       0.000      29.108      12.504          393.375          118.118            0.000           18.609            2.426           44.837            0.452           15.996            2.713            5.490            4.941          141.660           23.067            0.000            0.000
   365    12    31  2023     217       0  hru217         0.000       0.000     -18.036     -15.916          103.851            3.357            0.000            2.873            1.355            3.457            0.233            5.244            2.559            5.490            4.941          102.294           25.669            0.000            0.000
   365    12    31  2023     218       0  hru218         0.000       0.000     -15.275     -14.355           93.361            8.182           69.439            3.577            1.396            6.472            0.237           16.008            2.854            5.490            4.941          170.630           25.670            0.000            0.000
   365    12    31  2023     219       0  hru219         0.000       0.000     -12.373     -12.889           81.822           10.070           23.568            2.399            1.342            3.882            0.230           10.324            3.137            5.490            4.941          111.953           21.342            0.000            0.000
   365    12    31  2023     220       0  hru220         0.000       0.000      -7.109      -9.544          108.834           19.249           49.602            3.731            1.382            7.249            0.234           23.643            4.055            5.490            4.941          175.444           22.359            0.000            0.000
   365    12    31  2023     221       0  hru221         0.000       0.000      -6.892      -9.298           68.447           16.784            0.000           16.959           11.248           -5.666            1.930            2.213            1.688            5.490            4.941           70.240           19.662            0.000            0.000
   365    12    31  2023     222       0  hru222         0.000       0.000      -8.410     -10.983           90.476           17.571            4.651            2.257            1.632           -0.190            0.279            1.172            0.215            5.490            4.941           14.693            1.603            0.000            0.000
   365    12    31  2023     223       0  hru223         0.000       0.000      49.966      31.626          514.797          156.511            0.000           28.125            3.238           74.874            0.647            7.115            2.989            5.490            4.941          111.422           21.509            0.000            0.000
   365    12    31  2023     224       0  hru224         0.000       0.000      19.280      11.302          294.507           81.403            0.000           11.921            1.970           44.836            0.393            3.658            2.459            5.490            4.941          128.662           27.681            0.000            0.000
   365    12    31  2023     225       0  hru225         0.000       0.000      33.495      16.340          397.572          125.146            0.000           15.769            2.291           44.130            0.431            8.215            2.688            5.490            4.941          148.558           26.390            0.000            0.000
   365    12    31  2023     226       0  hru226         0.000       0.000      31.508      14.711          397.572          125.146            0.000           18.257            2.346           44.274            0.443            9.036            2.862            5.490            4.941          152.410           27.645            0.000            0.000
   365    12    31  2023     227       0  hru227         0.000       0.000     -12.589     -12.460           91.788            8.969            0.000            2.642            1.250            2.862            0.216            6.758            3.241            5.490            4.941           92.227           23.508            0.000            0.000
   365    12    31  2023     228       0  hru228         0.000       0.000      18.859      10.307          293.458           84.969            0.000           14.486            2.369           44.158            0.456            2.752            1.797            5.490            4.941          116.241           26.847            0.000            0.000
   365    12    31  2023     229       0  hru229         0.000       0.000      24.154       9.103          349.842          103.222            0.000           13.011            1.714           34.573            0.338            5.934            2.847            5.490            4.941          118.416           23.411            0.000            0.000
   365    12    31  2023     230       0  hru230         0.000       0.000      -6.303      -9.234          119.848           27.274            0.000            2.660            1.218            3.264            0.211            3.336            2.499            5.490            4.941          121.363           28.450            0.000            0.000
   365    12    31  2023     231       0  hru231         0.000       0.000      18.619      10.477          292.934           79.304            0.000           13.968            2.438           44.557            0.458           10.516            2.113            5.490            4.941          117.738           21.455            0.000            0.000
   365    12    31  2023     232       0  hru232         0.000       0.000      -5.768      -8.611          106.474           22.029           69.412            2.295            0.956            6.117            0.162           14.038            2.434            5.490            4.941          185.099           23.537            0.000            0.000
   365    12    31  2023     233       0  hru233         0.000       0.000      -5.971      -8.650          106.474           22.029           64.073            2.405            0.955            6.088            0.162           14.625            2.452            5.490            4.941          180.107           24.058            0.000            0.000
   365    12    31  2023     234       0  hru234         0.000       0.000      58.719      34.307          585.867          181.058           48.379           26.917            2.651           70.047            0.538           13.003            0.963            5.490            4.941          170.602           20.130            0.000            0.000
   365    12    31  2023     235       0  hru235         0.000       0.000     -12.482     -12.643          117.488           14.476            0.000            3.268            1.321            3.627            0.227            6.994            2.441            5.490            4.941          116.719           25.708            0.000            0.000
   365    12    31  2023     236       0  hru236         0.000       0.000     -12.429     -12.433          111.981           15.473            0.000            2.578            1.247            3.141            0.215            3.468            1.646            5.490            4.941          113.737           27.062            0.000            0.000
   365    12    31  2023     237       0  hru237         0.000       0.000      23.709      14.424          297.654           84.969            0.000           11.650            1.946           44.196            0.388            4.098            1.673            5.490            4.941          125.010           23.371            0.000            0.000
   365    12    31  2023     238       0  hru238         0.000       0.000      -7.726      -9.409          113.030           20.823           76.079            3.208            1.318            5.096            0.222           13.044            3.136            5.490            4.941          200.180           25.496            0.000            0.000
   365    12    31  2023     239       0  hru239         0.000       0.000      -8.964     -10.981            0.000            0.000            0.000            1.662            1.394            7.879            0.232           44.605            4.749            5.490            4.941           44.978            6.395            0.000            0.000
   365    12    31  2023     240       0  hru240         0.000       0.000     -10.230     -12.670            0.000            0.000            0.000            1.065            1.703            6.417            0.287           37.067            4.023            5.490            4.941           29.208            4.571            0.000            0.000
   365    12    31  2023     241       0  hru241         0.000       0.000      -8.936     -11.971            0.000            0.000            0.000            2.274            1.646            7.903            0.276           46.092            4.898            5.490            4.941           47.953            6.799            0.000            0.000
   365    12    31  2023     242       0  hru242         0.000       0.000      -9.153     -12.055            0.000            0.000            0.000            2.389            1.646            8.009            0.275           46.816            4.965            5.490            4.941           49.724            6.987            0.000            0.000
   365    12    31  2023     243       0  hru243         0.000       0.000      -8.458     -10.734            0.000            0.000            0.000            1.880            1.337            8.307            0.222           47.184            4.975            5.490            4.941           50.717            7.000            0.000            0.000
   365    12    31  2023     244       0  hru244         0.000       0.000      -9.034     -12.001            0.000            0.000            0.000            2.389            1.639            8.025            0.274           46.874            4.970            5.490            4.941           49.835            6.996            0.000            0.000
   365    12    31  2023     245       0  hru245         0.000       0.000      -8.747     -11.877            0.000            0.000            0.000            2.305            1.629            7.991            0.273           46.577            4.942            5.490            4.941           49.098            6.913            0.000            0.000
   365    12    31  2023     246       0  hru246         0.000       0.000     -10.501     -12.337            0.000            0.000            0.000            0.531            1.375            1.369            0.235           13.999            2.439            5.490            4.941           21.989            4.343            0.000            0.000
   365    12    31  2023     247       0  hru247         0.000       0.000      25.305      12.311          363.741          104.113            0.000           18.851            2.241           39.531            0.418            3.982            0.693            5.490            4.941          130.070           22.678            0.000            0.000
   365    12    31  2023     248       0  hru248         0.000       0.000      22.650      10.413          339.614           94.358           49.704           22.345            2.457           46.219            0.454           26.034            2.891            5.490            4.941          171.672           18.923            0.000            0.000
   365    12    31  2023     249       0  hru249         0.000       0.000      22.546      10.321          339.614           94.358           48.889           22.232            2.446           46.120            0.453           24.806            2.840            5.490            4.941          170.993           19.113            0.000            0.000
   365    12    31  2023     250       0  hru250         0.000       0.000      23.422       8.269          367.413          104.638            0.000           17.945            2.086           34.350            0.384           11.083            1.791            5.490            4.941          137.798           21.930            0.000            0.000
   365    12    31  2023     251       0  hru251         0.000       0.000      -8.846     -11.925            0.000            0.000            0.000            2.260            1.639            7.894            0.274           45.993            4.889            5.490            4.941           47.765            6.778            0.000            0.000
   365    12    31  2023     252       0  hru252         0.000       0.000     -15.112     -14.998            0.000            0.000            0.000            0.453            1.997            5.100            0.337           31.323            2.674            5.490            4.941           20.818            2.677            0.000            0.000
   365    12    31  2023     253       0  hru253         0.000       0.000      -9.521     -12.324            0.000            0.000            0.000            1.750            1.673            7.421            0.281           42.947            4.596            5.490            4.941           40.665            6.025            0.000            0.000
   365    12    31  2023     254       0  hru254         0.000       0.000      -9.020     -12.013            0.000            0.000            0.000            2.079            1.644            7.671            0.275           44.496            4.747            5.490            4.941           44.181            6.398            0.000            0.000
   365    12    31  2023     255       0  hru255         0.000       0.000      -8.960     -11.969            0.000            0.000            0.000            2.375            1.636            8.019            0.274           46.811            4.964            5.490            4.941           49.667            6.977            0.000            0.000
   365    12    31  2023     256       0  hru256         0.000       0.000      -9.332     -11.511            0.000            0.000            0.000            1.989            1.366            8.462            0.226           48.344            5.097            5.490            4.941           53.134            7.322            0.000            0.000
   365    12    31  2023     257       0  hru257         0.000       0.000      -8.857     -11.924            0.000            0.000            0.000            2.350            1.632            8.007            0.273           46.708            4.954            5.490            4.941           49.414            6.949            0.000            0.000
   365    12    31  2023     258       0  hru258         0.000       0.000      -9.298     -12.130            0.000            0.000            0.000            2.193            1.654            7.767            0.277           45.187            4.812            5.490            4.941           45.837            6.578            0.000            0.000
   365    12    31  2023     259       0  hru259         0.000       0.000      -9.336     -11.513            0.000            0.000            0.000            1.989            1.367            8.463            0.227           48.349            5.097            5.490            4.941           53.144            7.323            0.000            0.000
   365    12    31  2023     260       0  hru260         0.000       0.000      -9.478     -11.596            0.000            0.000            0.000            1.957            1.382            8.389            0.229           47.992            5.061            5.490            4.941           52.371            7.240            0.000            0.000
   365    12    31  2023     261       0  hru261         0.000       0.000      -9.458     -11.578            0.000            0.000            0.000            1.933            1.377            8.351            0.228           47.727            5.034            5.490            4.941           51.792            7.175            0.000            0.000
   365    12    31  2023     262       0  hru262         0.000       0.000      -8.799     -11.899            0.000            0.000            0.000            2.333            1.630            7.999            0.273           46.641            4.948            5.490            4.941           49.253            6.931            0.000            0.000
   365    12    31  2023     263       0  hru263         0.000       0.000      -9.429     -11.573            0.000            0.000            0.000            1.968            1.380            8.387            0.229           48.015            5.064            5.490            4.941           52.391            7.243            0.000            0.000
   365    12    31  2023     264       0  hru264         0.000       0.000     -11.146     -13.023            0.000            0.000            0.000            1.600            1.769            7.078            0.297           41.167            4.349            5.490            4.941           36.628            5.490            0.000            0.000
   365    12    31  2023     265       0  hru265         0.000       0.000      -8.693     -11.870            0.000            0.000            0.000            2.021            1.632            7.652            0.273           44.256            4.724            5.490            4.941           43.389            6.304            0.000            0.000
   365    12    31  2023     266       0  hru266         0.000       0.000      -8.738     -11.873            0.000            0.000            0.000            2.302            1.628            7.990            0.272           46.568            4.941            5.490            4.941           49.077            6.910            0.000            0.000
   365    12    31  2023     267       0  hru267         0.000       0.000      -8.926     -11.954            0.000            0.000            0.000            2.368            1.635            8.015            0.274           46.777            4.961            5.490            4.941           49.582            6.968            0.000            0.000
   365    12    31  2023     268       0  hru268         0.000       0.000      -8.813     -11.916            0.000            0.000            0.000            2.225            1.641            7.866            0.275           45.825            4.874            5.490            4.941           47.370            6.738            0.000            0.000
   365    12    31  2023     269       0  hru269         0.000       0.000      -8.770     -11.895            0.000            0.000            0.000            2.208            1.638            7.851            0.274           45.714            4.863            5.490            4.941           47.136            6.713            0.000            0.000
   365    12    31  2023     270       0  hru270         0.000       0.000      -8.629     -11.846            0.000            0.000            0.000            2.181            1.635            7.877            0.274           45.833            4.874            5.490            4.941           47.284            6.716            0.000            0.000
   365    12    31  2023     271       0  hru271         0.000       0.000      -9.076     -10.713            0.000            0.000            0.000            1.255            1.052            8.228            0.171           45.207            4.809            5.490            4.941           46.221            6.571            0.000            0.000
   365    12    31  2023     272       0  hru272         0.000       0.000      -8.422     -10.389            0.000            0.000            0.000            1.351            1.012            8.453            0.165           46.498            4.922            5.490            4.941           49.081            6.857            0.000            0.000
   365    12    31  2023     273       0  hru273         0.000       0.000      -9.086     -10.702            0.000            0.000            0.000            1.254            1.048            8.219            0.171           45.101            4.798            5.490            4.941           45.928            6.533            0.000            0.000
   365    12    31  2023     274       0  hru274         0.000       0.000      24.484      11.611          363.741          104.113            0.000           18.291            2.262           39.593            0.422            4.435            0.792            5.490            4.941          127.328           22.842            0.000            0.000
   365    12    31  2023     275       0  hru275         0.000       0.000      24.089      11.507          363.741          104.113            0.000           17.843            2.277           39.726            0.425            5.002            0.841            5.490            4.941          128.653           23.297            0.000            0.000
   365    12    31  2023     276       0  hru276         0.000       0.000      24.326       8.995          367.413          104.638            0.000           19.481            2.084           34.102            0.385           10.740            1.651            5.490            4.941          133.713           20.394            0.000            0.000
   365    12    31  2023     277       0  hru277         0.000       0.000      23.519       8.396          367.413          104.638            0.000           17.651            2.100           34.516            0.387           11.855            1.843            5.490            4.941          136.403           21.599            0.000            0.000
   365    12    31  2023     278       0  hru278         0.000       0.000      -8.525     -11.787            0.000            0.000            0.000            2.257            1.663            7.842            0.278           45.674            4.858            5.490            4.941           46.676            6.662            0.000            0.000
   365    12    31  2023     279       0  hru279         0.000       0.000      -7.830     -10.113            0.000            0.000            0.000            1.461            1.042            8.669            0.169           48.087            5.079            5.490            4.941           52.716            7.279            0.000            0.000
   365    12    31  2023     280       0  hru280         0.000       0.000      -7.807     -10.099            0.000            0.000            0.000            1.484            1.041            8.734            0.169           48.519            5.117            5.490            4.941           53.735            7.383            0.000            0.000
   365    12    31  2023     281       0  hru281         0.000       0.000      -8.816     -12.129            0.000            0.000            0.000            0.728            1.640            1.206            0.280           14.191            2.475            5.490            4.941           22.252            4.396            0.000            0.000
   365    12    31  2023     282       0  hru282         0.000       0.000      -7.185      -9.976            0.000            0.000            0.000            5.463           11.784           -6.330            2.020           13.473            2.282            5.490            4.941           27.413            5.484            0.000            0.000
   365    12    31  2023     283       0  hru283         0.000       0.000      -9.057     -11.688            0.000            0.000            0.000            0.129            0.448            4.820            0.074           23.862            4.924            5.490            4.941           27.943            6.690            0.000            0.000
   365    12    31  2023     284       0  hru284         0.000       0.000      -7.358     -10.014            0.000            0.000            0.000            0.000            0.418            3.445            0.070           16.888            2.862            5.490            4.941           20.341            3.505            0.000            0.000
   365    12    31  2023     285       0  hru285         0.000       0.000      -8.136     -11.187            0.000            0.000            0.000            0.004            0.585            3.322            0.099           16.913            2.861            5.490            4.941           20.456            3.503            0.000            0.000
   365    12    31  2023     286       0  hru286         0.000       0.000      -8.029     -11.016            0.000            0.000            0.000            0.004            0.570            3.332            0.097           16.905            2.861            5.490            4.941           20.434            3.503            0.000            0.000
   365    12    31  2023     287       0  hru287         0.000       0.000      -8.206     -11.256            0.000            0.000            0.000            0.000            0.302            3.529            0.050           16.865            2.858            5.490            4.941           20.286            3.495            0.000            0.000
   365    12    31  2023     288       0  hru288         0.000       0.000     -11.662     -13.323            0.000            0.000            0.000            0.883            1.637           -1.017            0.281            0.804            0.128            5.490            4.941            1.871            0.301            0.000            0.000
   365    12    31  2023     289       0  hru289         0.000       0.000      -8.744     -11.994            0.000            0.000            0.000            1.324            1.578           -0.953            0.270            0.899            0.143            5.490            4.941            2.078            0.333            0.000            0.000
   365    12    31  2023     290       0  hru290         0.000       0.000      -6.601      -9.520            0.000            0.000            0.000            1.146            0.865           -0.433            0.148            0.851            0.135            5.490            4.941            1.927            0.307            0.000            0.000
   365    12    31  2023     291       0  hru291         0.000       0.000      -9.936     -11.234            0.000            0.000            0.000            0.528            0.964           -0.514            0.165            0.801            0.127            5.490            4.941            1.771            0.283            0.000            0.000
   365    12    31  2023     292       0  hru292         0.000       0.000      -5.922      -9.398            0.000            0.000            0.000           12.667           11.609           -8.422            1.990            0.861            0.137            5.490            4.941            1.949            0.311            0.000            0.000
   365    12    31  2023     293       0  hru293         0.000       0.000      -5.842      -9.366            0.000            0.000            0.000           14.402           11.518           -8.356            1.975            0.857            0.136            5.490            4.941            1.939            0.309            0.000            0.000
   365    12    31  2023     294       0  hru294         0.000       0.000     -13.975     -13.861           34.617            2.937          123.886            4.753            1.622           10.788            0.270           48.750            3.054            5.490            4.941          178.376           13.120            0.000            0.000
   365    12    31  2023     295       0  hru295         0.000       0.000     -12.055     -12.430           72.381            9.966           84.606            4.288            1.455            6.950            0.246           25.268            1.666            5.490            4.941          165.532           18.421            0.000            0.000
   365    12    31  2023     296       0  hru296         0.000       0.000     -14.429     -14.440           25.176            1.678           68.903            5.160            1.768            7.464            0.298           47.113            3.937            5.490            4.941          110.959           13.501            0.000            0.000
   365    12    31  2023     297       0  hru297         0.000       0.000      -8.994     -10.573           51.926           13.217           50.467            1.898            1.057            5.136            0.179           19.422            3.601            5.490            4.941          112.543           17.886            0.000            0.000
   365    12    31  2023     298       0  hru298         0.000       0.000     -14.910     -14.801           25.176            1.678          112.921           10.767            1.982           17.329            0.326           90.814            6.261            5.490            4.941          196.863           22.106            0.000            0.000
   365    12    31  2023     299       0  hru299         0.000       0.000      -8.525     -10.498            0.000            0.000            0.000            9.535           12.049           -8.764            2.066            0.845            0.134            5.490            4.941            1.952            0.312            0.000            0.000
   365    12    31  2023     300       0  hru300         0.000       0.000      19.586       5.280          321.257           94.777           76.703           28.695            2.540           35.416            0.455           16.836            3.078            5.490            4.941          161.215           19.240            0.000            0.000
   365    12    31  2023     301       0  hru301         0.000       0.000     -11.307     -11.737           25.176            1.678           54.895           32.671           11.309            1.431            1.936           41.675            3.584            5.490            4.941          100.240           14.847            0.000            0.000
   365    12    31  2023     302       0  hru302         0.000       0.000      -6.036      -9.445            0.000            0.000            0.000           12.513           11.570           -8.405            1.983            0.779            0.124            5.490            4.941            2.115            0.340            0.000            0.000
   365    12    31  2023     303       0  hru303         0.000       0.000      67.800      48.505          557.020          175.393            0.000          154.805           14.054           77.006            2.450           13.718            4.505            5.490            4.941          142.755           25.948            0.000            0.000
   365    12    31  2023     304       0  hru304         0.000       0.000      -8.522     -11.791            0.000            0.000            0.000            2.159            1.661            7.740            0.278           44.996            4.795            5.490            4.941           45.192            6.504            0.000            0.000
   365    12    31  2023     305       0  hru305         0.000       0.000      -9.268     -11.623            0.000            0.000            0.000            1.053            0.813            9.060            0.128           49.498            5.200            5.490            4.941           55.656            7.611            0.000            0.000
   365    12    31  2023     306       0  hru306         0.000       0.000      -9.434     -12.233            0.000            0.000            0.000            1.964            1.684            7.501            0.282           43.604            4.659            5.490            4.941           42.214            6.197            0.000            0.000
   365    12    31  2023     307       0  hru307         0.000       0.000     -14.064     -14.217            0.000            0.000            0.000            0.443            0.907            6.998            0.145           38.431            3.681            5.490            4.941           31.701            4.351            0.000            0.000
   365    12    31  2023     308       0  hru308         0.000       0.000     -14.635     -14.340            0.000            0.000            0.000            0.296            0.941            6.164            0.152           32.588            2.726            5.490            4.941           23.031            2.710            0.000            0.000
   365    12    31  2023     309       0  hru309         0.000       0.000      -8.719     -11.860            0.000            0.000            0.000            2.404            1.652            8.019            0.276           46.889            4.971            5.490            4.941           49.875            7.001            0.000            0.000
   365    12    31  2023     310       0  hru310         0.000       0.000      -9.294     -11.568            0.000            0.000            0.000            1.917            1.430            8.324            0.237           47.707            5.030            5.490            4.941           51.646            7.173            0.000            0.000
   365    12    31  2023     311       0  hru311         0.000       0.000      -8.608     -11.819            0.000            0.000            0.000            2.312            1.663            7.903            0.278           46.149            4.903            5.490            4.941           48.058            6.811            0.000            0.000
   365    12    31  2023     312       0  hru312         0.000       0.000      -9.226     -11.606            0.000            0.000            0.000            1.052            0.812            9.056            0.127           49.466            5.198            5.490            4.941           55.578            7.603            0.000            0.000
   365    12    31  2023     313       0  hru313         0.000       0.000      -8.484     -11.760            0.000            0.000            0.000            2.288            1.626            7.981            0.272           46.503            4.935            5.490            4.941           48.933            6.894            0.000            0.000
   365    12    31  2023     314       0  hru314         0.000       0.000      25.155       9.361          367.413          104.638            0.000           23.524            2.060           34.655            0.379           14.710            2.086            5.490            4.941          140.443           20.540            0.000            0.000
