 Mini_CREATE               SWAT+ Jan 11 2024        MODULAR Rev 2024.61.0                                 
   jday   mon   day    yr   unit  gis_id  name                     lai       bioms       yield     residue     sol_tmp       strsw       strsa     strstmp       strsn       strsp       strss        nplt       percn       pplnt         tmx         tmn       tmpav     solarad      wndspd        rhum     phubas0     lai_max      bm_max     bm_grow       c_gro
                                                             m**2/m**2        kgha        kgha        kgha        degc         ---         ---         ---         ---         ---         ---        kgha        kgha        kgha        degc        degc        degc      mj/m^2         m/s        frac        degc   m**2/m**2       kg/ha       kg/ha       kg/ha
   365    12    31  2023       1       0  hru001                 2.510   73201.219       0.000    2553.794       8.284       3.292      41.194     117.625     113.886       0.016       0.000     418.674       3.643      54.530      12.744       5.267       9.005      10.786       4.202       0.810       0.475       0.000       0.000       0.000       0.000
   365    12    31  2023       2       0  hru002                 2.510   73282.844       0.000    2554.829       8.310       2.685      44.099     117.625     113.370       0.015       0.000     420.177       3.571      54.714      12.744       5.267       9.005      10.786       4.202       0.810       0.475       0.000       0.000       0.000       0.000
   365    12    31  2023       3       0  hru003                 2.510   70467.586       0.000    2466.842       8.146       6.302       1.752     117.625     124.028       0.027       0.000     378.531       1.835      49.719      12.744       5.267       9.005      10.786       4.202       0.810       0.475       0.000       0.000       0.000       0.000
   365    12    31  2023       4       0  hru004                 2.510   70577.664       0.000    2489.713       8.287       2.442       0.146     117.625     124.779       0.026       0.000     381.025       0.300      50.221      12.744       5.267       9.005      10.786       4.202       0.810       0.475       0.000       0.000       0.000       0.000
   365    12    31  2023       5       0  hru005                 2.510   70982.719       0.000    2502.728       8.290       2.367       0.277     117.625     123.353       0.023       0.000     387.710       0.647      50.972      12.744       5.267       9.005      10.786       4.202       0.810       0.475       0.000       0.000       0.000       0.000
   365    12    31  2023       6       0  hru006                 2.510   70776.859       0.000    2496.106       8.288       2.408       0.174     117.625     124.051       0.023       0.000     384.254       0.432      50.585      12.744       5.267       9.005      10.786       4.202       0.810       0.475       0.000       0.000       0.000       0.000
   365    12    31  2023       7       0  hru007                 2.510   71216.172       0.000    2510.276       8.294       2.282       0.841     117.625     122.558       0.021       0.000     391.660       1.042      51.414      12.744       5.267       9.005      10.786       4.202       0.810       0.475       0.000       0.000       0.000       0.000
   365    12    31  2023       8       0  hru008                 2.510   70541.672       0.000    2488.563       8.287       2.447       0.143     117.625     124.910       0.026       0.000     380.436       0.282      50.154      12.744       5.267       9.005      10.786       4.202       0.810       0.475       0.000       0.000       0.000       0.000
   365    12    31  2023       9       0  hru009                 2.510   65690.078       0.000    2292.710       8.490       1.115     125.771     117.625     115.118       0.043       0.000     349.318       8.646      46.368      12.744       5.267       9.005      10.786       4.202       0.810       0.475       0.000       0.000       0.000       0.000
   365    12    31  2023      10       0  hru010                 2.510   71238.453       0.000    2510.997       8.295       2.275       0.962     117.625     122.477       0.021       0.000     392.046       1.086      51.457      12.744       5.267       9.005      10.786       4.202       0.810       0.475       0.000       0.000       0.000       0.000
   365    12    31  2023      11       0  hru011                 2.510   71220.523       0.000    2510.417       8.295       2.277       0.864     117.625     122.543       0.021       0.000     391.736       1.051      51.422      12.744       5.267       9.005      10.786       4.202       0.810       0.475       0.000       0.000       0.000       0.000
   365    12    31  2023      12       0  hru012                 2.510   71707.844       0.000    2523.761       8.314       1.912       8.557     117.625     120.823       0.020       0.000     399.367       2.084      52.296      12.744       5.267       9.005      10.786       4.202       0.810       0.475       0.000       0.000       0.000       0.000
   365    12    31  2023      13       0  hru013                 2.510   71108.695       0.000    2506.796       8.292       2.321       0.467     117.625     122.905       0.021       0.000     389.845       0.843      51.210      12.744       5.267       9.005      10.786       4.202       0.810       0.475       0.000       0.000       0.000       0.000
   365    12    31  2023      14       0  hru014                 2.510   71156.461       0.000    2508.341       8.293       2.303       0.599     117.625     122.743       0.021       0.000     390.658       0.928      51.301      12.744       5.267       9.005      10.786       4.202       0.810       0.475       0.000       0.000       0.000       0.000
   365    12    31  2023      15       0  hru015                 2.510   70958.711       0.000    2501.957       8.289       2.371       0.256     117.625     123.443       0.023       0.000     387.291       0.617      50.926      12.744       5.267       9.005      10.786       4.202       0.810       0.475       0.000       0.000       0.000       0.000
   365    12    31  2023      16       0  hru016                 2.510   62588.066       0.000    2199.688       8.283       4.720      86.430     117.625     141.387       0.060       0.000     304.150       4.440      40.681      12.744       5.267       9.005      10.786       4.202       0.810       0.475       0.000       0.000       0.000       0.000
   365    12    31  2023      17       0  hru017                 2.510   72437.273       0.000    2535.446       8.107       7.417       0.003     117.625     116.795       0.018       0.000     405.194       0.904      52.789      12.744       5.267       9.005      10.786       4.202       0.810       0.475       0.000       0.000       0.000       0.000
   365    12    31  2023      18       0  hru018                 2.510   67498.453       0.000    2365.109       8.323       1.790      31.393     117.625     134.989       0.036       0.000     336.351       3.374      44.919      12.744       5.267       9.005      10.786       4.202       0.810       0.475       0.000       0.000       0.000       0.000
   365    12    31  2023      19       0  hru019                 2.510   62673.172       0.000    2218.451       8.478       0.019     102.667     117.625     137.623       0.059       0.000     307.790       3.101      41.223      12.744       5.267       9.005      10.786       4.202       0.810       0.475       0.000       0.000       0.000       0.000
   365    12    31  2023      20       0  hru020                 2.510   65199.023       0.000    2290.719       8.330       2.385      44.554     117.625     141.963       0.046       0.000     314.802       3.066      42.141      12.744       5.267       9.005      10.786       4.202       0.810       0.475       0.000       0.000       0.000       0.000
   365    12    31  2023      21       0  hru021                 2.510   72796.031       0.000    2541.319       8.122       7.090       0.350     117.625     115.592       0.017       0.000     411.087       1.733      53.477      12.744       5.267       9.005      10.786       4.202       0.810       0.475       0.000       0.000       0.000       0.000
   365    12    31  2023      22       0  hru022                 2.510   72857.555       0.000    2543.260       8.127       6.958       0.500     117.625     115.457       0.017       0.000     411.983       1.855      53.579      12.744       5.267       9.005      10.786       4.202       0.810       0.475       0.000       0.000       0.000       0.000
   365    12    31  2023      23       0  hru023                 2.510   69727.367       0.000    2413.752       8.366       0.448       4.244     117.625     131.147       0.029       0.000     373.538       0.947      49.268      12.744       5.267       9.005      10.786       4.202       0.810       0.475       0.000       0.000       0.000       0.000
   365    12    31  2023      24       0  hru024                 2.510   69820.555       0.000    2416.837       8.372       0.396       6.767     117.625     130.869       0.028       0.000     374.603       1.079      49.389      12.744       5.267       9.005      10.786       4.202       0.810       0.475       0.000       0.000       0.000       0.000
   365    12    31  2023      25       0  hru025                 2.510   72459.359       0.000    2532.016       8.101       7.628       0.012     117.625     116.582       0.018       0.000     405.582       1.014      52.824      12.744       5.267       9.005      10.786       4.202       0.810       0.475       0.000       0.000       0.000       0.000
   365    12    31  2023      26       0  hru026                 2.510   72698.570       0.000    2538.611       8.128       6.936       0.569     117.625     116.028       0.018       0.000     409.626       1.882      53.312      12.744       5.267       9.005      10.786       4.202       0.810       0.475       0.000       0.000       0.000       0.000
   365    12    31  2023      27       0  hru027                 2.510   72123.367       0.000    2526.387       8.015       9.955       3.475     117.625     115.517       0.020       0.000     407.135       2.837      52.744      12.744       5.267       9.005      10.786       4.202       0.810       0.475       0.000       0.000       0.000       0.000
   365    12    31  2023      28       0  hru028                 2.510   72430.945       0.000    2531.111       8.100       7.660       0.004     117.625     116.674       0.018       0.000     405.087       0.954      52.765      12.744       5.267       9.005      10.786       4.202       0.810       0.475       0.000       0.000       0.000       0.000
   365    12    31  2023      29       0  hru029                 2.510   71033.719       0.000    2485.990       7.953      10.881       0.261     117.625     118.621       0.023       0.000     391.799       1.629      50.927      12.744       5.267       9.005      10.786       4.202       0.810       0.475       0.000       0.000       0.000       0.000
   365    12    31  2023      30       0  hru030                 2.510   72729.992       0.000    2547.281       8.271       3.730      28.484     117.625     117.053       0.017       0.000     408.803       3.629      53.385      12.744       5.267       9.005      10.786       4.202       0.810       0.475       0.000       0.000       0.000       0.000
   365    12    31  2023      31       0  hru031                 2.510   67657.672       0.000    2374.968       8.295       0.240       6.658     117.625     135.545       0.035       0.000     339.249       1.633      45.217      12.744       5.267       9.005      10.786       4.202       0.810       0.475       0.000       0.000       0.000       0.000
   365    12    31  2023      32       0  hru032                 2.146   46152.652     352.005    2694.113       8.327       2.347      29.813     156.101      28.914       0.734       0.000      39.897       1.752       9.500      12.744       5.267       9.005      10.786       4.202       0.810       0.475       0.000       0.000       0.000       0.000
   365    12    31  2023      33       0  hru033                 2.135   44866.930     339.892    2598.806       8.226       4.597       0.070     155.298      33.750       0.734       0.000      36.968       0.452       8.976      12.744       5.267       9.005      10.786       4.202       0.810       0.475       0.000       0.000       0.000       0.000
   365    12    31  2023      34       0  hru034                 0.549   29836.752       0.000    1079.014       8.460       0.030       5.022     140.090     112.893       0.734       0.000      87.002       0.978      22.821      12.744       5.267       9.005      10.786       4.202       0.810       0.475       0.000       0.000       0.000       0.000
   365    12    31  2023      35       0  hru035                 0.548   29726.443       0.000    1073.930       8.439       0.171       0.021     140.090     113.315       0.734       0.000      86.413       0.393      22.722      12.744       5.267       9.005      10.786       4.202       0.810       0.475       0.000       0.000       0.000       0.000
   365    12    31  2023      36       0  hru036                 0.548   29808.955       0.000    1075.251       8.458       0.166       8.116     140.090     112.629       0.734       0.000      87.140       1.147      22.872      12.744       5.267       9.005      10.786       4.202       0.810       0.475       0.000       0.000       0.000       0.000
   365    12    31  2023      37       0  hru037                 0.548   28904.203       0.000    1041.010       8.516       0.214     108.431     140.090     114.212       0.734       0.000      84.032       2.529      22.064      12.744       5.267       9.005      10.786       4.202       0.810       0.475       0.000       0.000       0.000       0.000
   365    12    31  2023      38       0  hru038                 0.548   29737.850       0.000    1074.675       8.441       0.169       0.223     140.090     113.204       0.734       0.000      86.593       0.583      22.758      12.744       5.267       9.005      10.786       4.202       0.810       0.475       0.000       0.000       0.000       0.000
   365    12    31  2023      39       0  hru039                 0.548   29724.668       0.000    1074.392       8.439       0.170       0.006     140.090     113.367       0.734       0.000      86.368       0.351      22.713      12.744       5.267       9.005      10.786       4.202       0.810       0.475       0.000       0.000       0.000       0.000
   365    12    31  2023      40       0  hru040                 0.549   29034.232       0.000    1044.111       8.515       0.053     135.378     140.090     107.229       0.734       0.000      86.841       1.901      22.683      12.744       5.267       9.005      10.786       4.202       0.810       0.475       0.000       0.000       0.000       0.000
   365    12    31  2023      41       0  hru041                 0.549   27877.070       0.000    1008.447       8.467       0.014      14.126     140.090     124.342       0.734       0.000      78.640       0.970      20.846      12.744       5.267       9.005      10.786       4.202       0.810       0.475       0.000       0.000       0.000       0.000
   365    12    31  2023      42       0  hru042                 0.548   28832.975       0.000    1038.502       8.517       0.213     112.734     140.090     114.108       0.734       0.000      83.896       2.619      22.026      12.744       5.267       9.005      10.786       4.202       0.810       0.475       0.000       0.000       0.000       0.000
   365    12    31  2023      43       0  hru043                 1.477   54744.867       0.000    1661.231       8.040      67.524       0.000     163.281      55.038       0.534       0.000      85.384       0.000      32.051      12.744       5.267       9.005      10.786       4.202       0.810       0.475       0.000       0.000       0.000       0.000
   365    12    31  2023      44       0  hru044                 1.685   60680.348       0.000    2066.007       8.236       8.004      25.856     163.281     158.154       0.392       0.000      65.861       2.413      26.393      12.744       5.267       9.005      10.786       4.202       0.810       0.475       0.000       0.000       0.000       0.000
   365    12    31  2023      45       0  hru045                 1.086   41519.609       0.000    1176.251       8.303     104.513       0.000     163.281       3.170       0.734       0.000     108.873       0.000      22.769      12.744       5.267       9.005      10.786       4.202       0.810       0.475       0.000       0.000       0.000       0.000
   365    12    31  2023      46       0  hru046                 1.685   62334.523       0.000    2100.005       7.776      37.844       0.000     163.281     139.266       0.326       0.000      69.089       0.344      27.531      12.744       5.267       9.005      10.786       4.202       0.810       0.475       0.000       0.000       0.000       0.000
   365    12    31  2023      47       0  hru047                 1.089   41467.871       0.000    1176.216       8.309     104.580       0.000     163.281       3.464       0.734       0.000     107.230       0.000      22.685      12.744       5.267       9.005      10.786       4.202       0.810       0.475       0.000       0.000       0.000       0.000
   365    12    31  2023      48       0  hru048                 1.101   40713.914       0.000    1150.881       8.362     105.702       0.000     163.281       0.156       0.734       0.000     114.247       0.000      21.973      12.744       5.267       9.005      10.786       4.202       0.810       0.475       0.000       0.000       0.000       0.000
   365    12    31  2023      49       0  hru049                 1.122   41907.078       0.000    1218.465       8.306     109.714       0.000     163.281       4.049       0.734       0.000     109.082       0.000      22.876      12.744       5.267       9.005      10.786       4.202       0.810       0.475       0.000       0.000       0.000       0.000
   365    12    31  2023      50       0  hru050                 1.122   41907.207       0.000    1218.469       8.306     109.714       0.000     163.281       4.049       0.734       0.000     109.082       0.000      22.876      12.744       5.267       9.005      10.786       4.202       0.810       0.475       0.000       0.000       0.000       0.000
   365    12    31  2023      51       0  hru051                 1.122   41905.359       0.000    1218.413       8.306     109.714       0.000     163.281       4.048       0.734       0.000     109.079       0.000      22.873      12.744       5.267       9.005      10.786       4.202       0.810       0.475       0.000       0.000       0.000       0.000
   365    12    31  2023      52       0  hru052                 1.630   63913.203       0.000    2099.418       8.076      47.346       0.000     163.281     120.620       0.278       0.000      75.148       0.000      28.787      12.744       5.267       9.005      10.786       4.202       0.810       0.475       0.000       0.000       0.000       0.000
   365    12    31  2023      53       0  hru053                 1.685   54666.086       0.000    1864.380       8.373       1.475      95.029     163.281     166.767       0.561       0.000      60.480       1.219      24.193      12.744       5.267       9.005      10.786       4.202       0.810       0.475       0.000       0.000       0.000       0.000
   365    12    31  2023      54       0  hru054                 1.122   41907.383       0.000    1218.475       8.306     109.715       0.000     163.281       4.049       0.734       0.000     109.083       0.000      22.876      12.744       5.267       9.005      10.786       4.202       0.810       0.475       0.000       0.000       0.000       0.000
   365    12    31  2023      55       0  hru055                 2.510   73082.609       0.000    2551.828       8.232       4.378      30.171     117.625     115.170       0.016       0.000     415.694       3.169      54.161      12.744       5.267       9.005      10.786       4.202       0.810       0.475       0.000       0.000       0.000       0.000
   365    12    31  2023      56       0  hru056                 2.510   70897.156       0.000    2499.975       8.289       2.386       0.215     117.625     123.647       0.023       0.000     386.264       0.546      50.811      12.744       5.267       9.005      10.786       4.202       0.810       0.475       0.000       0.000       0.000       0.000
   365    12    31  2023      57       0  hru057                 2.510   73159.680       0.000    2553.197       8.256       3.671      35.167     117.625     114.647       0.016       0.000     416.944       3.395      54.319      12.744       5.267       9.005      10.786       4.202       0.810       0.475       0.000       0.000       0.000       0.000
   365    12    31  2023      58       0  hru058                 2.510   72272.047       0.000    2523.001       8.302       2.519      46.062     117.625     117.076       0.018       0.000     405.689       3.796      53.051      12.744       5.267       9.005      10.786       4.202       0.810       0.475       0.000       0.000       0.000       0.000
   365    12    31  2023      59       0  hru059                 2.510   73193.547       0.000    2553.717       8.272       3.454      38.551     117.625     114.191       0.016       0.000     417.982       3.529      54.446      12.744       5.267       9.005      10.786       4.202       0.810       0.475       0.000       0.000       0.000       0.000
   365    12    31  2023      60       0  hru060                 2.510   71229.836       0.000    2497.879       8.298       2.707      34.562     117.625     121.860       0.022       0.000     388.812       3.450      51.076      12.744       5.267       9.005      10.786       4.202       0.810       0.475       0.000       0.000       0.000       0.000
   365    12    31  2023      61       0  hru061                 2.510   70439.383       0.000    2478.961       7.974      10.551       3.331     117.625     121.065       0.027       0.000     384.335       2.610      50.045      12.744       5.267       9.005      10.786       4.202       0.810       0.475       0.000       0.000       0.000       0.000
   365    12    31  2023      62       0  hru062                 2.510   67686.133       0.000    2386.454       8.078       6.331      10.737     117.625     132.499       0.035       0.000     350.458       2.608      46.282      12.744       5.267       9.005      10.786       4.202       0.810       0.475       0.000       0.000       0.000       0.000
   365    12    31  2023      63       0  hru063                 2.510   71702.406       0.000    2505.159       8.388       1.644      61.441     117.625     116.310       0.021       0.000     401.713       5.145      52.619      12.744       5.267       9.005      10.786       4.202       0.810       0.475       0.000       0.000       0.000       0.000
   365    12    31  2023      64       0  hru064                 2.510   70548.125       0.000    2488.770       8.287       2.446       0.143     117.625     124.888       0.026       0.000     380.541       0.285      50.166      12.744       5.267       9.005      10.786       4.202       0.810       0.475       0.000       0.000       0.000       0.000
   365    12    31  2023      65       0  hru065                 2.510   70638.398       0.000    2491.665       8.287       2.432       0.152     117.625     124.557       0.025       0.000     381.983       0.334      50.329      12.744       5.267       9.005      10.786       4.202       0.810       0.475       0.000       0.000       0.000       0.000
   365    12    31  2023      66       0  hru066                 2.510   70367.039       0.000    2482.980       8.286       2.472       0.127     117.625     125.519       0.027       0.000     377.566       0.210      49.830      12.744       5.267       9.005      10.786       4.202       0.810       0.475       0.000       0.000       0.000       0.000
   365    12    31  2023      67       0  hru067                 2.510   72312.094       0.000    2531.431       8.105       7.494       0.000     117.625     117.237       0.019       0.000     403.083       0.695      52.557      12.744       5.267       9.005      10.786       4.202       0.810       0.475       0.000       0.000       0.000       0.000
   365    12    31  2023      68       0  hru068                 2.510   71056.914       0.000    2505.128       8.291       2.341       0.373     117.625     123.091       0.023       0.000     388.979       0.761      51.113      12.744       5.267       9.005      10.786       4.202       0.810       0.475       0.000       0.000       0.000       0.000
   365    12    31  2023      69       0  hru069                 2.510   71258.461       0.000    2511.644       8.296       2.263       1.086     117.625     122.400       0.021       0.000     392.386       1.126      51.495      12.744       5.267       9.005      10.786       4.202       0.810       0.475       0.000       0.000       0.000       0.000
   365    12    31  2023      70       0  hru070                 2.510   71431.055       0.000    2517.265       8.301       2.182       2.808     117.625     121.745       0.021       0.000     395.254       1.496      51.822      12.744       5.267       9.005      10.786       4.202       0.810       0.475       0.000       0.000       0.000       0.000
   365    12    31  2023      71       0  hru071                 2.510   71539.750       0.000    2519.641       8.306       2.109       4.644     117.625     121.383       0.021       0.000     396.933       1.723      52.017      12.744       5.267       9.005      10.786       4.202       0.810       0.475       0.000       0.000       0.000       0.000
   365    12    31  2023      72       0  hru072                 2.510   71202.578       0.000    2509.835       8.294       2.284       0.776     117.625     122.602       0.021       0.000     391.429       1.016      51.388      12.744       5.267       9.005      10.786       4.202       0.810       0.475       0.000       0.000       0.000       0.000
   365    12    31  2023      73       0  hru073                 2.510   62447.543       0.000    2165.154       8.514       0.953     143.836     117.625     108.132       0.059       0.000     339.970       8.834      45.208      12.744       5.267       9.005      10.786       4.202       0.810       0.475       0.000       0.000       0.000       0.000
   365    12    31  2023      74       0  hru074                 2.510   73274.273       0.000    2555.781       8.298       2.923      41.338     117.625     113.674       0.014       0.000     419.507       3.457      54.631      12.744       5.267       9.005      10.786       4.202       0.810       0.475       0.000       0.000       0.000       0.000
   365    12    31  2023      75       0  hru075                 2.510   72731.062       0.000    2537.524       8.298       2.964      44.870     117.625     114.840       0.016       0.000     413.923       3.784      53.985      12.744       5.267       9.005      10.786       4.202       0.810       0.475       0.000       0.000       0.000       0.000
   365    12    31  2023      76       0  hru076                 2.510   70309.797       0.000    2473.565       8.021      10.087       8.728     117.625     121.853       0.027       0.000     382.131       3.265      49.867      12.744       5.267       9.005      10.786       4.202       0.810       0.475       0.000       0.000       0.000       0.000
   365    12    31  2023      77       0  hru077                 2.510   67491.992       0.000    2365.037       8.362       1.209      37.347     117.625     133.187       0.036       0.000     342.492       2.935      45.563      12.744       5.267       9.005      10.786       4.202       0.810       0.475       0.000       0.000       0.000       0.000
   365    12    31  2023      78       0  hru078                 2.510   70488.258       0.000    2465.705       8.224       3.887       9.289     117.625     124.567       0.026       0.000     379.302       2.440      49.916      12.744       5.267       9.005      10.786       4.202       0.810       0.475       0.000       0.000       0.000       0.000
   365    12    31  2023      79       0  hru079                 2.510   57940.121       0.000    2012.358       8.565       0.299     130.256     117.625     150.890       0.103       0.000     252.942       6.169      34.359      12.744       5.267       9.005      10.786       4.202       0.810       0.475       0.000       0.000       0.000       0.000
   365    12    31  2023      80       0  hru080                 2.510   72421.414       0.000    2530.808       8.099       7.663       0.003     117.625     116.708       0.018       0.000     404.913       0.933      52.744      12.744       5.267       9.005      10.786       4.202       0.810       0.475       0.000       0.000       0.000       0.000
   365    12    31  2023      81       0  hru081                 2.510   48087.566       0.000    1647.749       8.611       0.453     192.332     117.625      78.649       0.288       0.000     255.844       5.986      34.320      12.744       5.267       9.005      10.786       4.202       0.810       0.475       0.000       0.000       0.000       0.000
   365    12    31  2023      82       0  hru082                 2.510   63182.906       0.000    2207.708       8.501       0.152     108.260     117.625     126.203       0.054       0.000     315.718       4.598      42.275      12.744       5.267       9.005      10.786       4.202       0.810       0.475       0.000       0.000       0.000       0.000
   365    12    31  2023      83       0  hru083                 2.510   65330.359       0.000    2287.154       8.439       0.541      80.109     117.625     135.157       0.044       0.000     326.443       5.231      43.567      12.744       5.267       9.005      10.786       4.202       0.810       0.475       0.000       0.000       0.000       0.000
   365    12    31  2023      84       0  hru084                 2.510   71772.727       0.000    2508.350       8.202       4.619       6.289     117.625     120.066       0.020       0.000     396.626       2.602      51.946      12.744       5.267       9.005      10.786       4.202       0.810       0.475       0.000       0.000       0.000       0.000
   365    12    31  2023      85       0  hru085                 2.510   72778.016       0.000    2540.747       8.120       7.128       0.311     117.625     115.656       0.017       0.000     410.789       1.694      53.444      12.744       5.267       9.005      10.786       4.202       0.810       0.475       0.000       0.000       0.000       0.000
   365    12    31  2023      86       0  hru086                 2.510   67545.227       0.000    2357.152       8.478       0.544     110.278     117.625     113.813       0.036       0.000     371.636       6.923      49.071      12.744       5.267       9.005      10.786       4.202       0.810       0.475       0.000       0.000       0.000       0.000
   365    12    31  2023      87       0  hru087                 2.510   39127.109       0.000    1383.854       8.542       0.017     213.870     117.625      32.093       0.584       0.000     252.742       6.471      32.514      12.744       5.267       9.005      10.786       4.202       0.810       0.475       0.000       0.000       0.000       0.000
   365    12    31  2023      88       0  hru088                 2.510   69256.648       0.000    2399.205       8.380       0.365       6.683     117.625     132.933       0.030       0.000     368.054       0.994      48.584      12.744       5.267       9.005      10.786       4.202       0.810       0.475       0.000       0.000       0.000       0.000
   365    12    31  2023      89       0  hru089                 2.510   68534.086       0.000    2400.683       8.198       5.257      21.240     117.625     131.182       0.032       0.000     353.445       3.365      46.816      12.744       5.267       9.005      10.786       4.202       0.810       0.475       0.000       0.000       0.000       0.000
   365    12    31  2023      90       0  hru090                 2.510   69175.188       0.000    2422.427       8.191       5.247      14.629     117.625     129.104       0.030       0.000     359.897       2.986      47.605      12.744       5.267       9.005      10.786       4.202       0.810       0.475       0.000       0.000       0.000       0.000
   365    12    31  2023      91       0  hru091                 2.510   69829.297       0.000    2417.116       8.372       0.391       7.017     117.625     130.838       0.028       0.000     374.716       1.092      49.402      12.744       5.267       9.005      10.786       4.202       0.810       0.475       0.000       0.000       0.000       0.000
   365    12    31  2023      92       0  hru092                 2.510   71579.648       0.000    2502.836       8.381       1.238      58.293     117.625     118.548       0.020       0.000     396.247       4.989      51.993      12.744       5.267       9.005      10.786       4.202       0.810       0.475       0.000       0.000       0.000       0.000
   365    12    31  2023      93       0  hru093                 2.510   67952.078       0.000    2378.432       8.370       0.846      40.797     117.625     130.720       0.034       0.000     348.649       3.636      46.299      12.744       5.267       9.005      10.786       4.202       0.810       0.475       0.000       0.000       0.000       0.000
   365    12    31  2023      94       0  hru094                 2.510   69753.664       0.000    2414.597       8.368       0.434       4.935     117.625     131.067       0.029       0.000     373.856       0.986      49.305      12.744       5.267       9.005      10.786       4.202       0.810       0.475       0.000       0.000       0.000       0.000
   365    12    31  2023      95       0  hru095                 2.510   60425.852       0.000    2100.712       8.579       1.288     136.668     117.625     136.470       0.074       0.000     287.130      10.047      38.541      12.744       5.267       9.005      10.786       4.202       0.810       0.475       0.000       0.000       0.000       0.000
   365    12    31  2023      96       0  hru096                 2.510   67186.117       0.000    2333.017       8.442       0.031      17.769     117.625     141.076       0.037       0.000     340.602       1.271      45.231      12.744       5.267       9.005      10.786       4.202       0.810       0.475       0.000       0.000       0.000       0.000
   365    12    31  2023      97       0  hru097                 2.510   69262.141       0.000    2400.199       8.351       0.581       0.011     117.625     132.877       0.030       0.000     366.840       0.283      48.502      12.744       5.267       9.005      10.786       4.202       0.810       0.475       0.000       0.000       0.000       0.000
   365    12    31  2023      98       0  hru098                 2.510   72254.438       0.000    2531.007       8.294       2.891      33.515     117.625     118.396       0.019       0.000     402.884       3.790      52.716      12.744       5.267       9.005      10.786       4.202       0.810       0.475       0.000       0.000       0.000       0.000
   365    12    31  2023      99       0  hru099                 2.510   61437.293       0.000    2137.363       8.542       0.141     157.033     117.625      97.678       0.070       0.000     337.414       8.606      44.742      12.744       5.267       9.005      10.786       4.202       0.810       0.475       0.000       0.000       0.000       0.000
   365    12    31  2023     100       0  hru100                 2.510   63245.926       0.000    2202.164       8.549       1.142     139.661     117.625     116.490       0.053       0.000     327.807       9.567      43.566      12.744       5.267       9.005      10.786       4.202       0.810       0.475       0.000       0.000       0.000       0.000
   365    12    31  2023     101       0  hru101                 2.510   70068.523       0.000    2455.281       8.119       7.088       0.681     117.625     125.517       0.028       0.000     368.888       1.806      48.611      12.744       5.267       9.005      10.786       4.202       0.810       0.475       0.000       0.000       0.000       0.000
   365    12    31  2023     102       0  hru102                 0.183     784.755     902.599     650.206       8.476       0.374       5.430      27.989       0.000       0.005       0.000       0.000      21.913       0.000      12.744       5.267       9.005      10.786       4.202       0.810       0.475       0.000       0.000       0.000       0.000
   365    12    31  2023     103       0  hru103                 0.182     391.583     467.481     331.948       8.471       0.000      67.639      27.326       0.000       0.809       0.000       0.000       7.966       0.000      12.744       5.267       9.005      10.786       4.202       0.810       0.475       0.000       0.000       0.000       0.000
   365    12    31  2023     104       0  hru104                 0.246    1082.548    1394.036    1075.178       8.478       0.407       5.776      25.246       1.596       0.000       0.000       0.000      19.852       0.000      12.744       5.267       9.005      10.786       4.202       0.810       0.475       0.000       0.000       0.000       0.000
   365    12    31  2023     105       0  hru105                 2.244     964.668    1999.098     771.512       8.352       0.076       0.930      26.282       5.412       0.000       0.000       0.000       8.336       0.000      12.744       5.267       9.005      10.786       4.202       0.810       0.475       0.000       0.000       0.000       0.000
   365    12    31  2023     106       0  hru106                 0.249     880.864    1636.568     765.016       8.437       0.323       3.036      27.222       0.000       0.004       0.000       0.000      18.957       0.000      12.744       5.267       9.005      10.786       4.202       0.810       0.475       0.000       0.000       0.000       0.000
   365    12    31  2023     107       0  hru107                 0.350    1139.069    2630.708    1149.772       8.410       0.451       8.710      27.308       8.179       0.000       0.000       0.000      11.138       0.000      12.744       5.267       9.005      10.786       4.202       0.810       0.475       0.000       0.000       0.000       0.000
   365    12    31  2023     108       0  hru108                 0.384    1207.529    3674.842     600.950       8.445       6.427       0.490      27.636      11.017       0.002       0.000       0.000     131.523       0.000      12.744       5.267       9.005      10.786       4.202       0.810       0.475       0.000       0.000       0.000       0.000
   365    12    31  2023     109       0  hru109                 0.915    1471.466    3816.837     561.720       8.269      10.934       0.472      59.272      27.975       0.578       0.000      66.023      43.896       4.724      12.744       5.267       9.005      10.786       4.202       0.810       0.475       0.000       0.000       0.000       0.000
   365    12    31  2023     110       0  hru110                 0.487    1179.776    2325.307     975.562       8.184       2.735       0.178      65.683      17.527       0.000       0.000       0.000       6.332       0.000      12.744       5.267       9.005      10.786       4.202       0.810       0.475       0.000       0.000       0.000       0.000
   365    12    31  2023     111       0  hru111                 0.497    1062.859    2138.903     919.367       8.379       0.322      25.394      61.946      27.095       0.000       0.000       0.000       8.491       0.000      12.744       5.267       9.005      10.786       4.202       0.810       0.475       0.000       0.000       0.000       0.000
   365    12    31  2023     112       0  hru112                 0.848    1550.078    4628.452     627.733       8.397      11.334      20.424      61.394      21.804       0.000       0.000       0.000     149.255       0.000      12.744       5.267       9.005      10.786       4.202       0.810       0.475       0.000       0.000       0.000       0.000
   365    12    31  2023     113       0  hru113                 0.963    1871.809    3715.697    1030.325       8.153       3.225       0.060      70.936      37.012       0.000       0.000       0.000       2.099       0.000      12.744       5.267       9.005      10.786       4.202       0.810       0.475       0.000       0.000       0.000       0.000
   365    12    31  2023     114       0  hru114                 0.407    1510.183    5458.636     758.632       8.364       0.190       0.006      31.163       0.000       0.000       0.000       0.000      56.250       0.000      12.744       5.267       9.005      10.786       4.202       0.810       0.475       0.000       0.000       0.000       0.000
   365    12    31  2023     115       0  hru115                 0.467    1320.113    3236.024    1081.221       8.397       0.602      18.116      48.175      14.884       0.009       0.000       0.000      12.282       0.000      12.744       5.267       9.005      10.786       4.202       0.810       0.475       0.000       0.000       0.000       0.000
   365    12    31  2023     116       0  hru116                 0.632    1552.309    2946.460    1102.635       8.237       1.468       1.050      58.288      20.972       0.000       0.000       0.000       4.938       0.000      12.744       5.267       9.005      10.786       4.202       0.810       0.475       0.000       0.000       0.000       0.000
   365    12    31  2023     117       0  hru117                 0.699    1691.789    3102.365    1209.625       8.191       2.369       0.000      54.765      28.170       0.001       0.000       0.000       2.787       0.000      12.744       5.267       9.005      10.786       4.202       0.810       0.475       0.000       0.000       0.000       0.000
   365    12    31  2023     118       0  hru118                 0.687    1753.176    3108.668    1197.812       8.188       2.364       0.000      56.060      26.853       0.000       0.000       0.000       2.919       0.000      12.744       5.267       9.005      10.786       4.202       0.810       0.475       0.000       0.000       0.000       0.000
   365    12    31  2023     119       0  hru119                 0.731    1416.358    3847.726     820.285       8.349       0.567       8.640      69.751      15.225       0.114       0.000      22.796      14.187       4.370      12.744       5.267       9.005      10.786       4.202       0.810       0.475       0.000       0.000       0.000       0.000
   365    12    31  2023     120       0  hru120                 0.477    1080.379    2116.357     885.287       8.411       0.000      25.004      66.174      21.372       0.335       0.000       0.000       5.314       0.000      12.744       5.267       9.005      10.786       4.202       0.810       0.475       0.000       0.000       0.000       0.000
   365    12    31  2023     121       0  hru121                 0.569    1365.273    3785.353     650.983       8.441       8.774      13.520      41.593      13.806       0.003       0.000       0.000     148.084       0.000      12.744       5.267       9.005      10.786       4.202       0.810       0.475       0.000       0.000       0.000       0.000
   365    12    31  2023     122       0  hru122                 1.160    2049.914    4289.596     559.722       8.300       8.081      11.015      69.236      44.212       1.195       0.000      46.982      36.960       4.724      12.744       5.267       9.005      10.786       4.202       0.810       0.475       0.000       0.000       0.000       0.000
   365    12    31  2023     123       0  hru123                 0.598    1391.586    3175.595     831.776       8.308      12.391       0.570      38.134      12.111       0.000       0.000       0.000      41.737       0.000      12.744       5.267       9.005      10.786       4.202       0.810       0.475       0.000       0.000       0.000       0.000
   365    12    31  2023     124       0  hru124                 1.033    1760.857    4490.047     560.256       8.252      12.677       1.164      63.706      28.633       1.177       0.000      15.464      35.300       1.939      12.744       5.267       9.005      10.786       4.202       0.810       0.475       0.000       0.000       0.000       0.000
   365    12    31  2023     125       0  hru125                 0.488    1420.790    4139.703    1382.244       8.360       0.636       8.910      26.778      10.983       0.000       0.000       0.000      10.907       0.000      12.744       5.267       9.005      10.786       4.202       0.810       0.475       0.000       0.000       0.000       0.000
   365    12    31  2023     126       0  hru126                 0.434    1261.576    2731.588    1187.906       8.378       0.132       5.031      43.838      10.804       0.105       0.000      21.644       5.489       2.595      12.744       5.267       9.005      10.786       4.202       0.810       0.475       0.000       0.000       0.000       0.000
   365    12    31  2023     127       0  hru127                 0.420    1467.273    3308.817    1375.356       8.401       0.424      18.511      26.662      11.102       0.001       0.000       0.000       8.554       0.000      12.744       5.267       9.005      10.786       4.202       0.810       0.475       0.000       0.000       0.000       0.000
   365    12    31  2023     128       0  hru128                 0.679    1789.490    3638.510    1375.010       8.314       0.914       9.701      37.283      28.287       0.000       0.000       0.000       6.434       0.000      12.744       5.267       9.005      10.786       4.202       0.810       0.475       0.000       0.000       0.000       0.000
   365    12    31  2023     129       0  hru129                 0.482    1789.903    3732.791    1675.445       8.347       0.710       5.824      22.955      12.358       0.000       0.000       0.000       6.282       0.000      12.744       5.267       9.005      10.786       4.202       0.810       0.475       0.000       0.000       0.000       0.000
   365    12    31  2023     130       0  hru130                 0.592    1821.351    3595.597    1719.312       8.404       0.224      19.089      44.897      19.637       0.000       0.000       0.000       6.970       0.000      12.744       5.267       9.005      10.786       4.202       0.810       0.475       0.000       0.000       0.000       0.000
   365    12    31  2023     131       0  hru131                 0.635    1619.336    3758.924    1309.957       8.348       0.986      16.742      47.097      19.862       0.000       0.000       0.000       8.701       0.000      12.744       5.267       9.005      10.786       4.202       0.810       0.475       0.000       0.000       0.000       0.000
   365    12    31  2023     132       0  hru132                 0.918    1868.889    4417.510    1352.365       8.276       1.517      22.211      47.167      30.381       0.105       0.000      14.813      14.172       1.153      12.744       5.267       9.005      10.786       4.202       0.810       0.475       0.000       0.000       0.000       0.000
   365    12    31  2023     133       0  hru133                 0.501    1574.681    6477.424     262.501       8.312       7.800       0.000      32.470       2.513       0.000       0.000       0.000     124.350       0.000      12.744       5.267       9.005      10.786       4.202       0.810       0.475       0.000       0.000       0.000       0.000
   365    12    31  2023     134       0  hru134                 0.984    1608.182    4154.267     542.495       8.355      12.964      24.351      84.120      31.281       0.105       0.000      40.809      93.124       8.179      12.744       5.267       9.005      10.786       4.202       0.810       0.475       0.000       0.000       0.000       0.000
   365    12    31  2023     135       0  hru135                 0.467    2817.460     705.775    2564.591       8.327       0.737       1.592      39.583       0.433       0.013       0.000       0.000      35.127       0.000      12.744       5.267       9.005      10.786       4.202       0.810       0.475       0.000       0.000       0.000       0.000
   365    12    31  2023     136       0  hru136                 2.342     130.311       0.000     110.800       8.506       0.000     108.522      34.788       0.612       2.066       0.000       0.000       6.435       0.000      12.744       5.267       9.005      10.786       4.202       0.810       0.475       0.000       0.000       0.000       0.000
   365    12    31  2023     137       0  hru137                 2.221     797.647     660.668     533.416       8.470       0.050      52.380      25.500      10.438       0.044       0.000       0.000       9.709       0.000      12.744       5.267       9.005      10.786       4.202       0.810       0.475       0.000       0.000       0.000       0.000
   365    12    31  2023     138       0  hru138                 2.537    2219.252    4777.842    1282.250       8.402       1.086      46.516      40.782      27.946       0.003       0.000       0.000      24.876       0.000      12.744       5.267       9.005      10.786       4.202       0.810       0.475       0.000       0.000       0.000       0.000
   365    12    31  2023     139       0  hru139                 2.180    1328.996    2081.090     600.071       8.398       0.125       0.630      26.159      20.932       0.001       0.000       0.000       6.857       0.000      12.744       5.267       9.005      10.786       4.202       0.810       0.475       0.000       0.000       0.000       0.000
   365    12    31  2023     140       0  hru140                 2.198    1299.839    2079.955     589.913       8.184       0.361       0.217      25.176      20.089       0.000       0.000       0.000       9.221       0.000      12.744       5.267       9.005      10.786       4.202       0.810       0.475       0.000       0.000       0.000       0.000
   365    12    31  2023     141       0  hru141                 0.359    1260.947    1674.315    1022.614       8.463       0.232       6.290      36.509      20.115       0.105       0.000       2.865      10.376       0.386      12.744       5.267       9.005      10.786       4.202       0.810       0.475       0.000       0.000       0.000       0.000
   365    12    31  2023     142       0  hru142                 0.802    1835.221    3476.159    1089.420       8.158       1.113       0.000      41.100      38.176       0.262       0.000      13.660       1.523       1.726      12.744       5.267       9.005      10.786       4.202       0.810       0.475       0.000       0.000       0.000       0.000
   365    12    31  2023     143       0  hru143                 0.320    1033.683    1517.904     910.147       8.490       0.097      24.323      36.259      16.162       0.124       0.000      11.612      11.831       1.429      12.744       5.267       9.005      10.786       4.202       0.810       0.475       0.000       0.000       0.000       0.000
   365    12    31  2023     144       0  hru144                 0.418    1192.637    1901.064    1097.000       8.448       0.588      16.970      42.716      17.737       0.004       0.000       0.000      14.831       0.000      12.744       5.267       9.005      10.786       4.202       0.810       0.475       0.000       0.000       0.000       0.000
   365    12    31  2023     145       0  hru145                 0.549    1224.842    2475.593    1059.609       8.341       1.119       6.374      62.906      28.418       0.000       0.000       0.000       8.188       0.000      12.744       5.267       9.005      10.786       4.202       0.810       0.475       0.000       0.000       0.000       0.000
   365    12    31  2023     146       0  hru146                 0.752    1510.829    2452.579     960.723       8.474       0.559      66.523      42.101      24.863       0.334       0.000      20.001      17.083       2.467      12.744       5.267       9.005      10.786       4.202       0.810       0.475       0.000       0.000       0.000       0.000
   365    12    31  2023     147       0  hru147                 0.525    1322.277    2794.891    1279.749       8.506       0.432      58.805      38.527      16.527       0.121       0.000      17.705      17.267       2.124      12.744       5.267       9.005      10.786       4.202       0.810       0.475       0.000       0.000       0.000       0.000
   365    12    31  2023     148       0  hru148                 1.287    1964.442    4417.210     651.055       8.363       1.795      33.205      96.532      39.456       1.782       0.000       0.000       7.190       0.000      12.744       5.267       9.005      10.786       4.202       0.810       0.475       0.000       0.000       0.000       0.000
   365    12    31  2023     149       0  hru149                 2.355     812.394    2260.683     543.056       8.209       4.142       1.714      68.387     103.240       0.157       0.000      11.211       2.615       2.503      12.744       5.267       9.005      10.786       4.202       0.810       0.475       0.000       0.000       0.000       0.000
   365    12    31  2023     150       0  hru150                 2.896    1516.507    3198.097     463.947       8.197       3.464      25.646      81.926      92.991       0.839       0.000      13.602       7.532       2.902      12.744       5.267       9.005      10.786       4.202       0.810       0.475       0.000       0.000       0.000       0.000
   365    12    31  2023     151       0  hru151                 2.754    1233.374    3345.797     426.805       8.426      14.423      46.879      61.344      89.969       0.107       0.000      22.570      82.623       3.490      12.744       5.267       9.005      10.786       4.202       0.810       0.475       0.000       0.000       0.000       0.000
   365    12    31  2023     152       0  hru152                 1.027    1507.660    4305.796     649.101       8.412      12.513      26.284      66.166      25.420       0.625       0.000       0.000      94.626       0.000      12.744       5.267       9.005      10.786       4.202       0.810       0.475       0.000       0.000       0.000       0.000
   365    12    31  2023     153       0  hru153                 1.144    1790.397    4911.683     319.107       8.370      13.198      22.833      85.969      24.649       0.262       0.000      24.895     167.663       4.716      12.744       5.267       9.005      10.786       4.202       0.810       0.475       0.000       0.000       0.000       0.000
   365    12    31  2023     154       0  hru154                 1.252    1944.979    4982.111     282.847       8.376      12.472      26.480      91.565      23.713       0.711       0.000      30.130     168.753       6.504      12.744       5.267       9.005      10.786       4.202       0.810       0.475       0.000       0.000       0.000       0.000
   365    12    31  2023     155       0  hru155                 1.165    1872.664    3747.389     774.102       8.356       1.625      43.689      88.783      38.225       0.550       0.000       0.000      10.907       0.000      12.744       5.267       9.005      10.786       4.202       0.810       0.475       0.000       0.000       0.000       0.000
   365    12    31  2023     156       0  hru156                 1.186    2081.635    4492.856     948.303       8.142       1.402       0.275      72.612      46.317       1.183       0.000      23.059       1.990       2.819      12.744       5.267       9.005      10.786       4.202       0.810       0.475       0.000       0.000       0.000       0.000
   365    12    31  2023     157       0  hru157                 0.863    1565.861    4804.353     635.627       8.384      12.579      19.073      82.906      24.179       0.105       0.000      11.612     184.495       1.429      12.744       5.267       9.005      10.786       4.202       0.810       0.475       0.000       0.000       0.000       0.000
   365    12    31  2023     158       0  hru158                 1.378    2226.734    4380.485     535.313       8.339      16.490      22.426      85.597      49.728       0.907       0.000      19.741      78.141       1.522      12.744       5.267       9.005      10.786       4.202       0.810       0.475       0.000       0.000       0.000       0.000
   365    12    31  2023     159       0  hru159                 1.154    2162.759    3300.656    1291.102       8.313       1.876      33.635      74.650      41.732       0.987       0.000       0.000      11.853       0.000      12.744       5.267       9.005      10.786       4.202       0.810       0.475       0.000       0.000       0.000       0.000
   365    12    31  2023     160       0  hru160                 0.454    1859.648    3743.624    1228.275       8.382       8.788       0.034      31.113       4.638       0.040       0.000       0.000      70.265       0.000      12.744       5.267       9.005      10.786       4.202       0.810       0.475       0.000       0.000       0.000       0.000
   365    12    31  2023     161       0  hru161                 0.660    2311.364    8880.216     887.480       8.345       0.294       9.471      44.184       6.739       0.000       0.000       0.000     128.968       0.000      12.744       5.267       9.005      10.786       4.202       0.810       0.475       0.000       0.000       0.000       0.000
   365    12    31  2023     162       0  hru162                 2.864    1283.781    3019.068     761.301       8.429       8.780      81.966      75.597      67.470       0.000       0.000       0.000      97.093       0.000      12.744       5.267       9.005      10.786       4.202       0.810       0.475       0.000       0.000       0.000       0.000
   365    12    31  2023     163       0  hru163                 2.510   71937.008       0.000    2514.615       8.163       5.728       3.000     117.625     119.108       0.020       0.000     398.176       2.412      52.088      12.744       5.267       9.005      10.786       4.202       0.810       0.475       0.000       0.000       0.000       0.000
   365    12    31  2023     164       0  hru164                 2.510   68508.125       0.000    2376.313       8.392       0.285       0.257     117.625     136.003       0.032       0.000     357.871       0.493      47.363      12.744       5.267       9.005      10.786       4.202       0.810       0.475       0.000       0.000       0.000       0.000
   365    12    31  2023     165       0  hru165                 2.510   63060.984       0.000    2231.222       8.286       2.101      25.043     117.625     147.296       0.058       0.000     298.392       4.068      40.094      12.744       5.267       9.005      10.786       4.202       0.810       0.475       0.000       0.000       0.000       0.000
   365    12    31  2023     166       0  hru166                 2.510   38253.785       0.000    1318.949       8.611       0.222     216.863     117.625      54.000       0.601       0.000     214.373       7.276      28.873      12.744       5.267       9.005      10.786       4.202       0.810       0.475       0.000       0.000       0.000       0.000
   365    12    31  2023     167       0  hru167                 2.510   69186.453       0.000    2421.772       8.316       0.942      19.253     117.625     129.412       0.030       0.000     361.014       2.873      47.818      12.744       5.267       9.005      10.786       4.202       0.810       0.475       0.000       0.000       0.000       0.000
   365    12    31  2023     168       0  hru168                 2.510   72885.984       0.000    2554.480       8.168       5.925       7.280     117.625     116.042       0.017       0.000     411.560       2.945      53.570      12.744       5.267       9.005      10.786       4.202       0.810       0.475       0.000       0.000       0.000       0.000
   365    12    31  2023     169       0  hru169                 2.510   70346.516       0.000    2463.746       8.262       3.245      28.870     117.625     125.065       0.027       0.000     374.847       4.114      49.466      12.744       5.267       9.005      10.786       4.202       0.810       0.475       0.000       0.000       0.000       0.000
   365    12    31  2023     170       0  hru170                 2.510   72571.781       0.000    2535.585       8.106       7.491       0.071     117.625     116.229       0.018       0.000     407.533       1.259      53.035      12.744       5.267       9.005      10.786       4.202       0.810       0.475       0.000       0.000       0.000       0.000
   365    12    31  2023     171       0  hru171                 2.214     740.529    1180.326     633.601       8.301       0.144       5.263      20.743      35.390       0.003       0.000       0.000       2.037       0.000      12.744       5.267       9.005      10.786       4.202       0.810       0.475       0.000       0.000       0.000       0.000
   365    12    31  2023     172       0  hru172                 2.415     455.074     618.268     305.334       8.450       0.057      61.120      31.909      27.342       0.006       0.000       0.000       5.578       0.000      12.744       5.267       9.005      10.786       4.202       0.810       0.475       0.000       0.000       0.000       0.000
   365    12    31  2023     173       0  hru173                 2.150     728.901    1541.408     571.339       8.087       9.141       0.832      30.415     133.538       0.003       0.000       0.000       1.844       0.000      12.744       5.267       9.005      10.786       4.202       0.810       0.475       0.000       0.000       0.000       0.000
   365    12    31  2023     174       0  hru174                 2.303    2176.208    4562.463    1658.576       8.238       3.885       1.067      30.106      54.144       0.003       0.000       0.000       9.067       0.000      12.744       5.267       9.005      10.786       4.202       0.810       0.475       0.000       0.000       0.000       0.000
   365    12    31  2023     175       0  hru175                 3.094    1895.698    4480.165     542.595       8.301       8.740       2.290      70.553      79.238       0.738       0.000      18.761      35.251       2.467      12.744       5.267       9.005      10.786       4.202       0.810       0.475       0.000       0.000       0.000       0.000
   365    12    31  2023     176       0  hru176                 2.841    1712.929    4091.795    1007.225       8.374       3.945      20.263      50.651      72.306       0.000       0.000       0.000      35.091       0.000      12.744       5.267       9.005      10.786       4.202       0.810       0.475       0.000       0.000       0.000       0.000
   365    12    31  2023     177       0  hru177                 2.510   72494.062       0.000    2542.286       8.163       6.011       5.789     117.625     117.319       0.018       0.000     406.101       2.696      52.936      12.744       5.267       9.005      10.786       4.202       0.810       0.475       0.000       0.000       0.000       0.000
   365    12    31  2023     178       0  hru178                 2.510   72954.422       0.000    2556.662       8.177       5.730       8.472     117.625     115.916       0.016       0.000     412.413       3.066      53.697      12.744       5.267       9.005      10.786       4.202       0.810       0.475       0.000       0.000       0.000       0.000
   365    12    31  2023     179       0  hru179                 2.510   69554.766       0.000    2408.730       8.359       0.512       1.224     117.625     131.698       0.029       0.000     371.474       0.699      49.030      12.744       5.267       9.005      10.786       4.202       0.810       0.475       0.000       0.000       0.000       0.000
   365    12    31  2023     180       0  hru180                 2.376    1247.161    3677.498    1172.683       8.284       2.425       0.020      26.873      27.989       0.000       0.000       0.000       7.991       0.000      12.744       5.267       9.005      10.786       4.202       0.810       0.475       0.000       0.000       0.000       0.000
   365    12    31  2023     181       0  hru181                 1.027    1708.986    4508.846     612.818       8.295      10.993       3.072      62.548      26.425       0.424       0.000      26.169      37.668       3.176      12.744       5.267       9.005      10.786       4.202       0.810       0.475       0.000       0.000       0.000       0.000
   365    12    31  2023     182       0  hru182                 0.970    1791.841    4552.438     589.596       8.301      12.194       0.003      60.947      24.270       1.262       0.000      23.059      34.082       2.819      12.744       5.267       9.005      10.786       4.202       0.810       0.475       0.000       0.000       0.000       0.000
   365    12    31  2023     183       0  hru183                 1.175    2230.990    5452.382     956.546       8.075       2.650       0.015      67.370      40.808       0.930       0.000      20.001       4.051       2.467      12.744       5.267       9.005      10.786       4.202       0.810       0.475       0.000       0.000       0.000       0.000
   365    12    31  2023     184       0  hru184                 1.247    2045.109    4486.342     831.345       8.289       1.778      25.753      84.379      34.146       0.719       0.000       0.000       6.299       0.000      12.744       5.267       9.005      10.786       4.202       0.810       0.475       0.000       0.000       0.000       0.000
   365    12    31  2023     185       0  hru185                 1.396    2161.661    5172.330     742.463       8.286       3.048      24.560      82.898      39.437       1.761       0.000       0.000       6.852       0.000      12.744       5.267       9.005      10.786       4.202       0.810       0.475       0.000       0.000       0.000       0.000
   365    12    31  2023     186       0  hru186                 0.330    1459.036    1971.318    1554.089       8.439       0.569      13.135      23.469       6.987       0.001       0.000       0.000      14.456       0.000      12.744       5.267       9.005      10.786       4.202       0.810       0.475       0.000       0.000       0.000       0.000
   365    12    31  2023     187       0  hru187                 0.354    1664.982    2284.479    1738.986       8.410       0.691       7.240      25.409       3.598       0.000       0.000       0.000      13.583       0.000      12.744       5.267       9.005      10.786       4.202       0.810       0.475       0.000       0.000       0.000       0.000
   365    12    31  2023     188       0  hru188                 0.404    1312.232    3207.626    1204.150       8.364       0.552       5.706      27.109       9.376       0.004       0.000       0.000       8.015       0.000      12.744       5.267       9.005      10.786       4.202       0.810       0.475       0.000       0.000       0.000       0.000
   365    12    31  2023     189       0  hru189                 0.443    1457.445    3098.434    1552.937       8.394       0.510       6.606      21.663      15.899       0.000       0.000       0.000       7.318       0.000      12.744       5.267       9.005      10.786       4.202       0.810       0.475       0.000       0.000       0.000       0.000
   365    12    31  2023     190       0  hru190                 0.505    2332.082    1916.319    2141.145       8.471       0.557       8.563      46.427       6.196       0.106       0.000       2.512      41.832       0.340      12.744       5.267       9.005      10.786       4.202       0.810       0.475       0.000       0.000       0.000       0.000
   365    12    31  2023     191       0  hru191                 0.895    1692.899    3128.409     745.759       8.395       1.775      28.602      69.173      23.600       1.194       0.000       0.000       7.801       0.000      12.744       5.267       9.005      10.786       4.202       0.810       0.475       0.000       0.000       0.000       0.000
   365    12    31  2023     192       0  hru192                 1.073    1887.445    3349.964     914.063       8.300       2.649      30.218      82.979      35.648       0.367       0.000       0.000       9.951       0.000      12.744       5.267       9.005      10.786       4.202       0.810       0.475       0.000       0.000       0.000       0.000
   365    12    31  2023     193       0  hru193                 2.308    1175.822    1985.369    1284.552       8.439       0.766      41.051      25.130      59.849       0.000       0.000       0.000      15.554       0.000      12.744       5.267       9.005      10.786       4.202       0.810       0.475       0.000       0.000       0.000       0.000
   365    12    31  2023     194       0  hru194                 0.355    1646.506    2246.897    1741.637       8.459       0.507       7.761      24.787       3.132       0.004       0.000       0.000      15.091       0.000      12.744       5.267       9.005      10.786       4.202       0.810       0.475       0.000       0.000       0.000       0.000
   365    12    31  2023     195       0  hru195                 0.479    2097.309    3376.365    2129.458       8.371       0.844       7.888      22.373      10.198       0.002       0.000       0.000       8.156       0.000      12.744       5.267       9.005      10.786       4.202       0.810       0.475       0.000       0.000       0.000       0.000
   365    12    31  2023     196       0  hru196                 0.469    1934.010    3228.988    2101.120       8.356       0.812       4.518      22.007       9.266       0.000       0.000       0.000       7.158       0.000      12.744       5.267       9.005      10.786       4.202       0.810       0.475       0.000       0.000       0.000       0.000
   365    12    31  2023     197       0  hru197                 0.477    2096.578    3029.026    2421.459       8.352       0.233       0.000      19.698      11.223       0.000       0.000       0.000       0.738       0.000      12.744       5.267       9.005      10.786       4.202       0.810       0.475       0.000       0.000       0.000       0.000
   365    12    31  2023     198       0  hru198                 0.699    2071.007    3306.628    1902.237       8.400       0.221      35.850      32.812      21.759       0.008       0.000       0.000       5.875       0.000      12.744       5.267       9.005      10.786       4.202       0.810       0.475       0.000       0.000       0.000       0.000
   365    12    31  2023     199       0  hru199                 0.627    2249.469    4605.547    1883.254       8.388       0.876      15.644      31.322      16.612       0.105       0.000       8.481      99.070       0.669      12.744       5.267       9.005      10.786       4.202       0.810       0.475       0.000       0.000       0.000       0.000
   365    12    31  2023     200       0  hru200                 0.656    2280.303    4620.529    1899.380       8.354       1.245      11.857      32.766      16.355       0.105       0.000      22.566      95.727       1.732      12.744       5.267       9.005      10.786       4.202       0.810       0.475       0.000       0.000       0.000       0.000
   365    12    31  2023     201       0  hru201                 0.755    1689.386    3894.884     991.585       8.285      13.271       0.126      60.084      22.608       0.000       0.000       0.000      16.839       0.000      12.744       5.267       9.005      10.786       4.202       0.810       0.475       0.000       0.000       0.000       0.000
   365    12    31  2023     202       0  hru202                 0.508    1626.439    3220.908    1423.468       8.375       0.908      14.421      68.184      16.560       0.000       0.000       0.000       9.299       0.000      12.744       5.267       9.005      10.786       4.202       0.810       0.475       0.000       0.000       0.000       0.000
   365    12    31  2023     203       0  hru203                 0.949    2094.601    4345.673    1241.883       8.154       1.177       0.055      69.284      29.359       1.959       0.000       0.000       1.272       0.000      12.744       5.267       9.005      10.786       4.202       0.810       0.475       0.000       0.000       0.000       0.000
   365    12    31  2023     204       0  hru204                 0.528    1882.087    3515.273    1654.463       8.336       0.805      12.660      62.760      15.939       0.381       0.000       2.865       8.240       0.386      12.744       5.267       9.005      10.786       4.202       0.810       0.475       0.000       0.000       0.000       0.000
   365    12    31  2023     205       0  hru205                 2.941    1831.641    3012.576    1048.698       8.143       3.154       0.013      66.258      82.987       0.000       0.000       0.000       2.937       0.000      12.744       5.267       9.005      10.786       4.202       0.810       0.475       0.000       0.000       0.000       0.000
   365    12    31  2023     206       0  hru206                 2.887    1586.455    2567.091    1018.120       8.376       0.770      48.043      65.909      75.498       0.000       0.000       0.000      17.505       0.000      12.744       5.267       9.005      10.786       4.202       0.810       0.475       0.000       0.000       0.000       0.000
   365    12    31  2023     207       0  hru207                 1.130    2048.037    4438.222     939.628       8.310      10.876      15.166      58.739      41.126       0.315       0.000      48.770      33.045       4.422      12.744       5.267       9.005      10.786       4.202       0.810       0.475       0.000       0.000       0.000       0.000
   365    12    31  2023     208       0  hru208                 0.464    1149.002    2128.972     904.304       8.449       0.111      21.713      58.865      27.341       0.160       0.000       6.736      10.703       0.861      12.744       5.267       9.005      10.786       4.202       0.810       0.475       0.000       0.000       0.000       0.000
   365    12    31  2023     209       0  hru209                 0.411    1444.596    2740.794    1076.105       8.415       0.618      19.148      65.368      10.902       0.159       0.000       2.865      15.278       0.386      12.744       5.267       9.005      10.786       4.202       0.810       0.475       0.000       0.000       0.000       0.000
   365    12    31  2023     210       0  hru210                 0.576    1361.498    3335.306    1231.048       8.417       0.657      34.430      69.831      20.630       0.024       0.000       0.000      12.781       0.000      12.744       5.267       9.005      10.786       4.202       0.810       0.475       0.000       0.000       0.000       0.000
   365    12    31  2023     211       0  hru211                 0.517    1616.933    3877.481    1276.531       8.376       0.722      18.069      47.762      17.669       0.000       0.000       0.000       8.912       0.000      12.744       5.267       9.005      10.786       4.202       0.810       0.475       0.000       0.000       0.000       0.000
   365    12    31  2023     212       0  hru212                 0.478    2069.937    4360.350    1733.106       8.186       0.522       0.528      51.813       2.630       0.000       0.000       0.000      39.186       0.000      12.744       5.267       9.005      10.786       4.202       0.810       0.475       0.000       0.000       0.000       0.000
   365    12    31  2023     213       0  hru213                 0.965    2267.463    3975.504    1480.305       8.274       1.268      21.013      65.505      39.245       0.105       0.000      20.953       9.494       1.612      12.744       5.267       9.005      10.786       4.202       0.810       0.475       0.000       0.000       0.000       0.000
   365    12    31  2023     214       0  hru214                 0.643    1531.087    3434.485    1166.792       8.364       0.988      28.088      87.201      28.499       0.121       0.000       0.000      12.134       0.000      12.744       5.267       9.005      10.786       4.202       0.810       0.475       0.000       0.000       0.000       0.000
   365    12    31  2023     215       0  hru215                 0.668    1539.753    3407.313    1169.273       8.374       0.801      29.824      87.696      28.600       0.022       0.000       0.000      11.877       0.000      12.744       5.267       9.005      10.786       4.202       0.810       0.475       0.000       0.000       0.000       0.000
   365    12    31  2023     216       0  hru216                 0.583    1612.676    5058.958    1092.542       8.364       1.095      13.881      72.392      13.989       0.000       0.000       0.000      72.869       0.000      12.744       5.267       9.005      10.786       4.202       0.810       0.475       0.000       0.000       0.000       0.000
   365    12    31  2023     217       0  hru217                 0.698    1818.053    3727.526    1314.142       8.401       0.936      40.118      86.785      25.276       0.789       0.000       7.921      11.894       1.001      12.744       5.267       9.005      10.786       4.202       0.810       0.475       0.000       0.000       0.000       0.000
   365    12    31  2023     218       0  hru218                 0.831    1935.644    4700.394    1291.216       8.326       0.920      21.194      80.532      29.082       0.000       0.000       0.000      12.838       0.000      12.744       5.267       9.005      10.786       4.202       0.810       0.475       0.000       0.000       0.000       0.000
   365    12    31  2023     219       0  hru219                 0.733    1641.143    3580.071    1153.562       8.322       1.030      23.181      61.230      25.985       0.000       0.000       0.000      11.462       0.000      12.744       5.267       9.005      10.786       4.202       0.810       0.475       0.000       0.000       0.000       0.000
   365    12    31  2023     220       0  hru220                 1.095    1981.880    4103.891    1214.836       8.213       1.753      27.137      64.833      45.264       0.000       0.000       0.000      12.672       0.000      12.744       5.267       9.005      10.786       4.202       0.810       0.475       0.000       0.000       0.000       0.000
   365    12    31  2023     221       0  hru221                 3.030    1701.514    3674.520     619.676       8.271       1.101       7.421      70.347     109.985       2.352       0.000      24.933       1.536       3.493      12.744       5.267       9.005      10.786       4.202       0.810       0.475       0.000       0.000       0.000       0.000
   365    12    31  2023     222       0  hru222                 1.027     116.948     313.161      66.044       8.560       0.016     157.094      63.339       5.411       0.910       0.000       0.000      50.010       0.000      12.744       5.267       9.005      10.786       4.202       0.810       0.475       0.000       0.000       0.000       0.000
   365    12    31  2023     223       0  hru223                 0.631    1700.085    4019.705     957.548       8.428       9.521      10.655      37.927      19.635       0.002       0.000       0.000     148.089       0.000      12.744       5.267       9.005      10.786       4.202       0.810       0.475       0.000       0.000       0.000       0.000
   365    12    31  2023     224       0  hru224                 1.208    2184.279    4356.859     684.860       8.268      16.880       0.000      69.862      33.778       1.932       0.000      17.573      21.876       2.186      12.744       5.267       9.005      10.786       4.202       0.810       0.475       0.000       0.000       0.000       0.000
   365    12    31  2023     225       0  hru225                 0.917    2350.636    6312.480     957.405       7.961       2.616       0.317      74.061      31.745       0.000       0.000       0.000      22.088       0.000      12.744       5.267       9.005      10.786       4.202       0.810       0.475       0.000       0.000       0.000       0.000
   365    12    31  2023     226       0  hru226                 0.993    2380.443    6464.340     990.537       8.238       0.994      17.091      73.030      32.726       0.000       0.000       0.000      57.196       0.000      12.744       5.267       9.005      10.786       4.202       0.810       0.475       0.000       0.000       0.000       0.000
   365    12    31  2023     227       0  hru227                 0.717    1746.971    3534.705    1271.920       8.023       3.681       0.605      78.336      34.853       0.000       0.000       0.000       3.589       0.000      12.744       5.267       9.005      10.786       4.202       0.810       0.475       0.000       0.000       0.000       0.000
   365    12    31  2023     228       0  hru228                 1.312    2215.755    4476.232     503.658       8.335      19.671      29.746      81.705      48.086       1.056       0.000      26.385      84.895       3.758      12.744       5.267       9.005      10.786       4.202       0.810       0.475       0.000       0.000       0.000       0.000
   365    12    31  2023     229       0  hru229                 1.086    1971.082    4123.948     712.329       8.227      18.096       0.320      62.389      37.435       0.000       0.000       0.000      28.383       0.000      12.744       5.267       9.005      10.786       4.202       0.810       0.475       0.000       0.000       0.000       0.000
   365    12    31  2023     230       0  hru230                 1.588    2640.569    4677.271     808.902       7.792       7.987       0.609      92.247      63.972       0.725       0.000      28.027       3.956       2.932      12.744       5.267       9.005      10.786       4.202       0.810       0.475       0.000       0.000       0.000       0.000
   365    12    31  2023     231       0  hru231                 1.050    1678.022    3756.044     601.115       8.402      14.253      33.383      68.136      28.763       1.445       0.000       0.000      89.325       0.000      12.744       5.267       9.005      10.786       4.202       0.810       0.475       0.000       0.000       0.000       0.000
   365    12    31  2023     232       0  hru232                 1.190    2082.630    4588.325     892.148       8.054       3.632       0.083      73.166      40.178       0.367       0.000      20.001       3.223       2.467      12.744       5.267       9.005      10.786       4.202       0.810       0.475       0.000       0.000       0.000       0.000
   365    12    31  2023     233       0  hru233                 1.208    2143.356    4595.352     894.520       8.063       3.619       0.114      71.755      40.013       1.328       0.000      26.169       3.649       3.176      12.744       5.267       9.005      10.786       4.202       0.810       0.475       0.000       0.000       0.000       0.000
   365    12    31  2023     234       0  hru234                 0.936    1705.947    4610.178     407.597       8.302      14.727       0.023      66.098      21.408       0.382       0.000       0.000      35.627       0.000      12.744       5.267       9.005      10.786       4.202       0.810       0.475       0.000       0.000       0.000       0.000
   365    12    31  2023     235       0  hru235                 1.015    2019.894    3522.917    1172.646       8.326       1.825      37.284      80.900      37.053       0.894       0.000       0.000      12.096       0.000      12.744       5.267       9.005      10.786       4.202       0.810       0.475       0.000       0.000       0.000       0.000
   365    12    31  2023     236       0  hru236                 1.465    2314.119    4654.703     790.454       8.179       3.957      24.914     111.770      60.961       1.875       0.000       9.410       7.423       1.175      12.744       5.267       9.005      10.786       4.202       0.810       0.475       0.000       0.000       0.000       0.000
   365    12    31  2023     237       0  hru237                 1.414    2020.677    3924.785     507.529       8.256      20.650       0.051      84.355      48.770       0.907       0.000      17.573      20.888       2.186      12.744       5.267       9.005      10.786       4.202       0.810       0.475       0.000       0.000       0.000       0.000
   365    12    31  2023     238       0  hru238                 1.343    2363.002    4403.360    1059.422       8.196       1.859      18.324      81.803      53.756       0.906       0.000      32.725       9.331       7.808      12.744       5.267       9.005      10.786       4.202       0.810       0.475       0.000       0.000       0.000       0.000
   365    12    31  2023     239       0  hru239                 2.510   68195.844       0.000    2405.110       8.075       7.902      13.578     117.625     129.942       0.033       0.000     353.567       3.319      46.582      12.744       5.267       9.005      10.786       4.202       0.810       0.475       0.000       0.000       0.000       0.000
   365    12    31  2023     240       0  hru240                 2.510   57609.613       0.000    2057.490       8.402       1.028      57.865     117.625     171.198       0.123       0.000     238.964       0.913      32.574      12.744       5.267       9.005      10.786       4.202       0.810       0.475       0.000       0.000       0.000       0.000
   365    12    31  2023     241       0  hru241                 2.510   70305.508       0.000    2481.103       8.309       1.714       1.205     117.625     125.546       0.027       0.000     379.607       1.052      50.000      12.744       5.267       9.005      10.786       4.202       0.810       0.475       0.000       0.000       0.000       0.000
   365    12    31  2023     242       0  hru242                 2.510   71277.164       0.000    2510.958       8.305       2.074       4.424     117.625     122.229       0.021       0.000     393.694       1.658      51.638      12.744       5.267       9.005      10.786       4.202       0.810       0.475       0.000       0.000       0.000       0.000
   365    12    31  2023     243       0  hru243                 2.510   71458.875       0.000    2511.713       7.946      11.630       1.394     117.625     117.045       0.021       0.000     398.188       2.495      51.567      12.744       5.267       9.005      10.786       4.202       0.810       0.475       0.000       0.000       0.000       0.000
   365    12    31  2023     244       0  hru244                 2.510   71347.852       0.000    2515.896       8.298       2.224       1.816     117.625     122.048       0.021       0.000     393.911       1.317      51.668      12.744       5.267       9.005      10.786       4.202       0.810       0.475       0.000       0.000       0.000       0.000
   365    12    31  2023     245       0  hru245                 2.510   70944.625       0.000    2501.499       8.290       2.361       0.249     117.625     123.490       0.023       0.000     387.059       0.605      50.900      12.744       5.267       9.005      10.786       4.202       0.810       0.475       0.000       0.000       0.000       0.000
   365    12    31  2023     246       0  hru246                 0.548   29141.400       0.000    1049.514       8.510       0.213      93.000     140.090     114.191       0.734       0.000      84.678       2.205      22.235      12.744       5.267       9.005      10.786       4.202       0.810       0.475       0.000       0.000       0.000       0.000
   365    12    31  2023     247       0  hru247                 1.506    2206.952    4128.177     354.630       8.332      14.060      28.206     101.519      42.329       1.522       0.000      40.351      84.184       8.570      12.744       5.267       9.005      10.786       4.202       0.810       0.475       0.000       0.000       0.000       0.000
   365    12    31  2023     248       0  hru248                 0.683    1518.502    3860.879     936.819       8.393      11.846      13.204      38.587      15.786       0.000       0.000       0.000      92.681       0.000      12.744       5.267       9.005      10.786       4.202       0.810       0.475       0.000       0.000       0.000       0.000
   365    12    31  2023     249       0  hru249                 0.722    1640.456    3974.647     915.970       8.385      11.806      12.486      39.447      17.608       0.000       0.000       0.000      91.307       0.000      12.744       5.267       9.005      10.786       4.202       0.810       0.475       0.000       0.000       0.000       0.000
   365    12    31  2023     250       0  hru250                 1.376    1965.882    3624.289     592.668       8.336      22.849      32.551      88.187      49.649       1.130       0.000       0.000      67.750       0.000      12.744       5.267       9.005      10.786       4.202       0.810       0.475       0.000       0.000       0.000       0.000
   365    12    31  2023     251       0  hru251                 2.510   70183.320       0.000    2477.710       8.303       1.948       0.959     117.625     125.892       0.027       0.000     378.350       0.861      49.856      12.744       5.267       9.005      10.786       4.202       0.810       0.475       0.000       0.000       0.000       0.000
   365    12    31  2023     252       0  hru252                 2.510   37823.426       0.000    1324.473       8.552       0.075     214.905     117.625      51.833       0.634       0.000     210.913       2.718      27.953      12.744       5.267       9.005      10.786       4.202       0.810       0.475       0.000       0.000       0.000       0.000
   365    12    31  2023     253       0  hru253                 2.510   65999.828       0.000    2336.906       8.353       1.062      22.793     117.625     140.836       0.042       0.000     330.568       1.861      44.002      12.744       5.267       9.005      10.786       4.202       0.810       0.475       0.000       0.000       0.000       0.000
   365    12    31  2023     254       0  hru254                 2.510   68154.953       0.000    2410.733       8.313       1.864       3.467     117.625     133.228       0.033       0.000     352.901       1.084      46.775      12.744       5.267       9.005      10.786       4.202       0.810       0.475       0.000       0.000       0.000       0.000
   365    12    31  2023     255       0  hru255                 2.510   71258.258       0.000    2511.637       8.296       2.262       1.084     117.625     122.401       0.021       0.000     392.383       1.125      51.495      12.744       5.267       9.005      10.786       4.202       0.810       0.475       0.000       0.000       0.000       0.000
   365    12    31  2023     256       0  hru256                 2.510   73149.961       0.000    2553.915       8.251       3.742      34.322     117.625     114.778       0.016       0.000     416.695       3.358      54.291      12.744       5.267       9.005      10.786       4.202       0.810       0.475       0.000       0.000       0.000       0.000
   365    12    31  2023     257       0  hru257                 2.510   71120.078       0.000    2507.164       8.292       2.319       0.494     117.625     122.863       0.021       0.000     390.045       0.863      51.233      12.744       5.267       9.005      10.786       4.202       0.810       0.475       0.000       0.000       0.000       0.000
   365    12    31  2023     258       0  hru258                 2.510   69064.211       0.000    2437.924       8.322       1.761      11.687     117.625     129.840       0.031       0.000     365.344       1.785      48.252      12.744       5.267       9.005      10.786       4.202       0.810       0.475       0.000       0.000       0.000       0.000
   365    12    31  2023     259       0  hru259                 2.510   73153.078       0.000    2553.004       8.253       3.712      34.648     117.625     114.718       0.016       0.000     416.782       3.373      54.301      12.744       5.267       9.005      10.786       4.202       0.810       0.475       0.000       0.000       0.000       0.000
   365    12    31  2023     260       0  hru260                 2.510   72609.062       0.000    2533.623       8.293       2.999      43.511     117.625     115.460       0.018       0.000     411.958       3.736      53.752      12.744       5.267       9.005      10.786       4.202       0.810       0.475       0.000       0.000       0.000       0.000
   365    12    31  2023     261       0  hru261                 2.510   72223.477       0.000    2521.130       8.286       3.334      47.404     117.625     116.133       0.018       0.000     407.895       3.810      53.271      12.744       5.267       9.005      10.786       4.202       0.810       0.475       0.000       0.000       0.000       0.000
   365    12    31  2023     262       0  hru262                 2.510   71030.812       0.000    2504.290       8.290       2.352       0.339     117.625     123.181       0.023       0.000     388.542       0.725      51.064      12.744       5.267       9.005      10.786       4.202       0.810       0.475       0.000       0.000       0.000       0.000
   365    12    31  2023     263       0  hru263                 2.510   72666.781       0.000    2536.447       8.284       2.998      40.234     117.625     115.773       0.018       0.000     411.477       3.498      53.706      12.744       5.267       9.005      10.786       4.202       0.810       0.475       0.000       0.000       0.000       0.000
   365    12    31  2023     264       0  hru264                 2.510   62196.402       0.000    2199.618       8.466       0.350     110.710     117.625     137.969       0.062       0.000     303.884       4.169      40.693      12.744       5.267       9.005      10.786       4.202       0.810       0.475       0.000       0.000       0.000       0.000
   365    12    31  2023     265       0  hru265                 2.510   68104.648       0.000    2410.625       8.296       2.311       0.357     117.625     133.574       0.034       0.000     349.837       0.541      46.447      12.744       5.267       9.005      10.786       4.202       0.810       0.475       0.000       0.000       0.000       0.000
   365    12    31  2023     266       0  hru266                 2.510   70932.656       0.000    2501.116       8.289       2.377       0.236     117.625     123.529       0.023       0.000     386.859       0.586      50.878      12.744       5.267       9.005      10.786       4.202       0.810       0.475       0.000       0.000       0.000       0.000
   365    12    31  2023     267       0  hru267                 2.510   71212.836       0.000    2510.168       8.294       2.283       0.824     117.625     122.569       0.021       0.000     391.602       1.036      51.407      12.744       5.267       9.005      10.786       4.202       0.810       0.475       0.000       0.000       0.000       0.000
   365    12    31  2023     268       0  hru268                 2.510   69956.156       0.000    2469.711       8.305       1.719       1.167     117.625     126.683       0.028       0.000     375.455       0.816      49.521      12.744       5.267       9.005      10.786       4.202       0.810       0.475       0.000       0.000       0.000       0.000
   365    12    31  2023     269       0  hru269                 2.510   69810.602       0.000    2465.337       8.302       1.790       1.119     117.625     127.124       0.028       0.000     373.836       0.723      49.331      12.744       5.267       9.005      10.786       4.202       0.810       0.475       0.000       0.000       0.000       0.000
   365    12    31  2023     270       0  hru270                 2.510   69953.648       0.000    2469.906       8.298       2.046       0.171     117.625     127.069       0.028       0.000     371.803       0.383      49.133      12.744       5.267       9.005      10.786       4.202       0.810       0.475       0.000       0.000       0.000       0.000
   365    12    31  2023     271       0  hru271                 2.510   68992.727       0.000    2415.560       8.212       4.253      33.380     117.625     127.388       0.031       0.000     365.607       4.170      48.251      12.744       5.267       9.005      10.786       4.202       0.810       0.475       0.000       0.000       0.000       0.000
   365    12    31  2023     272       0  hru272                 2.510   70650.578       0.000    2476.351       8.035       8.904       5.410     117.625     121.006       0.024       0.000     386.523       2.822      50.458      12.744       5.267       9.005      10.786       4.202       0.810       0.475       0.000       0.000       0.000       0.000
   365    12    31  2023     273       0  hru273                 2.510   68827.109       0.000    2410.441       8.196       4.931      38.852     117.625     127.795       0.031       0.000     362.501       4.513      47.851      12.744       5.267       9.005      10.786       4.202       0.810       0.475       0.000       0.000       0.000       0.000
   365    12    31  2023     274       0  hru274                 1.598    2197.019    4140.305     377.800       8.358      12.522      40.968     101.515      46.934       1.661       0.000      32.465      88.025       5.955      12.744       5.267       9.005      10.786       4.202       0.810       0.475       0.000       0.000       0.000       0.000
   365    12    31  2023     275       0  hru275                 1.466    2026.587    3949.859     384.110       8.375      15.077      50.449      98.421      42.001       0.890       0.000      38.948      93.927       8.566      12.744       5.267       9.005      10.786       4.202       0.810       0.475       0.000       0.000       0.000       0.000
   365    12    31  2023     276       0  hru276                 1.375    1986.828    3378.509     535.873       8.349      22.059      34.537      89.696      46.755       0.842       0.000       0.000      75.434       0.000      12.744       5.267       9.005      10.786       4.202       0.810       0.475       0.000       0.000       0.000       0.000
   365    12    31  2023     277       0  hru277                 1.403    1958.710    3582.502     562.814       8.346      21.760      38.232      88.420      50.941       1.100       0.000       0.000      69.172       0.000      12.744       5.267       9.005      10.786       4.202       0.810       0.475       0.000       0.000       0.000       0.000
   365    12    31  2023     278       0  hru278                 2.510   69761.953       0.000    2463.584       8.324       1.346       1.751     117.625     128.032       0.028       0.000     368.071       0.188      48.671      12.744       5.267       9.005      10.786       4.202       0.810       0.475       0.000       0.000       0.000       0.000
   365    12    31  2023     279       0  hru279                 2.510   72898.500       0.000    2544.003       8.208       4.834      22.867     117.625     115.857       0.017       0.000     414.331       0.597      54.000      12.744       5.267       9.005      10.786       4.202       0.810       0.475       0.000       0.000       0.000       0.000
   365    12    31  2023     280       0  hru280                 2.510   73457.203       0.000    2562.072       8.204       4.977      20.512     117.625     113.966       0.016       0.000     421.987       0.606      54.871      12.744       5.267       9.005      10.786       4.202       0.810       0.475       0.000       0.000       0.000       0.000
   365    12    31  2023     281       0  hru281                 0.549   29566.254       0.000    1070.033       8.492       0.000       1.448     140.090     115.271       0.734       0.000      84.461       0.070      22.242      12.744       5.267       9.005      10.786       4.202       0.810       0.475       0.000       0.000       0.000       0.000
   365    12    31  2023     282       0  hru282                 0.549   26283.781       0.000     994.785       8.479       0.000       0.170     140.090      78.665       0.734       0.000      90.262       0.044      21.999      12.744       5.267       9.005      10.786       4.202       0.810       0.475       0.000       0.000       0.000       0.000
   365    12    31  2023     283       0  hru283                 1.650   64845.426       0.000    2120.790       8.042      42.390       0.000     163.281     127.014       0.267       0.000      71.320       0.035      27.976      12.744       5.267       9.005      10.786       4.202       0.810       0.475       0.000       0.000       0.000       0.000
   365    12    31  2023     284       0  hru284                 1.088   41534.125       0.000    1176.454       8.303     104.469       0.000     163.281       3.495       0.734       0.000     107.643       0.000      22.750      12.744       5.267       9.005      10.786       4.202       0.810       0.475       0.000       0.000       0.000       0.000
   365    12    31  2023     285       0  hru285                 1.086   41518.836       0.000    1178.959       8.277     104.513       0.000     163.281       3.063       0.734       0.000     109.058       0.000      22.768      12.744       5.267       9.005      10.786       4.202       0.810       0.475       0.000       0.000       0.000       0.000
   365    12    31  2023     286       0  hru286                 1.086   41518.797       0.000    1176.226       8.303     104.513       0.000     163.281       3.170       0.734       0.000     108.872       0.000      22.768      12.744       5.267       9.005      10.786       4.202       0.810       0.475       0.000       0.000       0.000       0.000
   365    12    31  2023     287       0  hru287                 1.089   41467.730       0.000    1176.212       8.309     104.580       0.000     163.281       3.464       0.734       0.000     107.230       0.000      22.685      12.744       5.267       9.005      10.786       4.202       0.810       0.475       0.000       0.000       0.000       0.000
   365    12    31  2023     288       0  hru288                 2.510   59786.422       0.000    2117.900       8.472       0.161      87.501     117.625     154.698       0.083       0.000     272.039       0.332      36.815      12.744       5.267       9.005      10.786       4.202       0.810       0.475       0.000       0.000       0.000       0.000
   365    12    31  2023     289       0  hru289                 2.510   68665.680       0.000    2422.678       8.396       0.427      32.142     117.625     131.355       0.032       0.000     359.516       0.343      47.586      12.744       5.267       9.005      10.786       4.202       0.810       0.475       0.000       0.000       0.000       0.000
   365    12    31  2023     290       0  hru290                 2.510   73621.820       0.000    2567.360       8.215       4.535       5.997     117.625     113.946       0.014       0.000     421.930       0.404      54.883      12.744       5.267       9.005      10.786       4.202       0.810       0.475       0.000       0.000       0.000       0.000
   365    12    31  2023     291       0  hru291                 2.510   62565.973       0.000    2192.881       8.489       0.303     109.004     117.625     139.839       0.059       0.000     302.176       0.836      40.672      12.744       5.267       9.005      10.786       4.202       0.810       0.475       0.000       0.000       0.000       0.000
   365    12    31  2023     292       0  hru292                 2.510   68803.000       0.000    2384.876       8.389       0.298       4.659     117.625     134.874       0.031       0.000     361.380       0.131      47.777      12.744       5.267       9.005      10.786       4.202       0.810       0.475       0.000       0.000       0.000       0.000
   365    12    31  2023     293       0  hru293                 2.510   69721.805       0.000    2414.683       8.367       0.431       2.465     117.625     131.162       0.029       0.000     373.333       0.117      49.251      12.744       5.267       9.005      10.786       4.202       0.810       0.475       0.000       0.000       0.000       0.000
   365    12    31  2023     294       0  hru294                 0.312    1190.906    2132.764    1121.308       8.499       0.007       8.155      25.709       1.022       0.020       0.000       0.000       2.152       0.000      12.744       5.267       9.005      10.786       4.202       0.810       0.475       0.000       0.000       0.000       0.000
   365    12    31  2023     295       0  hru295                 0.775    1432.674    3735.161     808.182       8.420       0.051       4.042      72.401      17.376       0.620       0.000      33.477       1.413       7.187      12.744       5.267       9.005      10.786       4.202       0.810       0.475       0.000       0.000       0.000       0.000
   365    12    31  2023     296       0  hru296                 2.289    1589.085    2088.096    1059.961       8.482       0.035       2.284      23.982      20.842       0.000       0.000       0.000       0.810       0.000      12.744       5.267       9.005      10.786       4.202       0.810       0.475       0.000       0.000       0.000       0.000
   365    12    31  2023     297       0  hru297                 0.736    1710.038    2774.004    1057.276       8.348       0.014       4.995      42.545      33.322       0.325       0.000      20.001       1.033       2.467      12.744       5.267       9.005      10.786       4.202       0.810       0.475       0.000       0.000       0.000       0.000
   365    12    31  2023     298       0  hru298                 2.313    2431.848    4623.275    1731.694       8.420       1.329       0.285      36.168      46.406       0.003       0.000       0.000       1.269       0.000      12.744       5.267       9.005      10.786       4.202       0.810       0.475       0.000       0.000       0.000       0.000
   365    12    31  2023     299       0  hru299                 2.510   66413.578       0.000    2304.699       8.464       0.211      57.655     117.625     144.117       0.040       0.000     333.333       0.222      44.310      12.744       5.267       9.005      10.786       4.202       0.810       0.475       0.000       0.000       0.000       0.000
   365    12    31  2023     300       0  hru300                 2.788    1867.026    4499.146    1022.248       8.464       3.750       0.081      50.944      68.077       0.003       0.000       0.000       0.303       0.000      12.744       5.267       9.005      10.786       4.202       0.810       0.475       0.000       0.000       0.000       0.000
   365    12    31  2023     301       0  hru301                 2.208    1583.842    3407.944    1011.022       8.329       0.671       0.431      31.400      88.864       0.014       0.000       0.000       0.384       0.000      12.744       5.267       9.005      10.786       4.202       0.810       0.475       0.000       0.000       0.000       0.000
   365    12    31  2023     302       0  hru302                 2.510   68940.688       0.000    2388.664       8.384       0.357       7.802     117.625     134.199       0.031       0.000     364.241       0.135      48.121      12.744       5.267       9.005      10.786       4.202       0.810       0.475       0.000       0.000       0.000       0.000
   365    12    31  2023     303       0  hru303                 0.487    2067.078    5062.416    1783.027       8.408       0.019       1.250      24.152       9.985       0.004       0.000       0.000       2.286       0.000      12.744       5.267       9.005      10.786       4.202       0.810       0.475       0.000       0.000       0.000       0.000
   365    12    31  2023     304       0  hru304                 2.510   68818.633       0.000    2432.884       8.337       1.137       3.097     117.625     131.386       0.031       0.000     357.656       0.186      47.380      12.744       5.267       9.005      10.786       4.202       0.810       0.475       0.000       0.000       0.000       0.000
   365    12    31  2023     305       0  hru305                 2.510   74638.906       0.000    2598.194       8.431       1.085      57.687     117.625     110.222       0.012       0.000     437.623       0.464      56.805      12.744       5.267       9.005      10.786       4.202       0.810       0.475       0.000       0.000       0.000       0.000
   365    12    31  2023     306       0  hru306                 2.510   67051.117       0.000    2367.956       8.367       0.663      29.883     117.625     136.256       0.038       0.000     344.418       0.320      45.721      12.744       5.267       9.005      10.786       4.202       0.810       0.475       0.000       0.000       0.000       0.000
   365    12    31  2023     307       0  hru307                 2.510   52167.434       0.000    1814.895       8.609       0.357     181.453     117.625      83.153       0.180       0.000     287.110       0.667      37.682      12.744       5.267       9.005      10.786       4.202       0.810       0.475       0.000       0.000       0.000       0.000
   365    12    31  2023     308       0  hru308                 2.510   38410.555       0.000    1347.864       8.595       0.140     215.849     117.625      35.747       0.616       0.000     238.233       0.563      30.903      12.744       5.267       9.005      10.786       4.202       0.810       0.475       0.000       0.000       0.000       0.000
   365    12    31  2023     309       0  hru309                 2.510   71368.359       0.000    2512.796       8.317       1.794       5.648     117.625     122.043       0.021       0.000     394.385       0.253      51.724      12.744       5.267       9.005      10.786       4.202       0.810       0.475       0.000       0.000       0.000       0.000
   365    12    31  2023     310       0  hru310                 2.510   72182.250       0.000    2517.260       8.435       0.940      66.138     117.625     116.826       0.019       0.000     407.528       0.505      53.329      12.744       5.267       9.005      10.786       4.202       0.810       0.475       0.000       0.000       0.000       0.000
   365    12    31  2023     311       0  hru311                 2.510   70375.938       0.000    2481.703       8.333       0.738       3.219     117.625     125.436       0.027       0.000     380.285       0.209      50.090      12.744       5.267       9.005      10.786       4.202       0.810       0.475       0.000       0.000       0.000       0.000
   365    12    31  2023     312       0  hru312                 2.510   74603.562       0.000    2596.172       8.426       1.086      55.930     117.625     110.412       0.012       0.000     437.050       0.460      56.741      12.744       5.267       9.005      10.786       4.202       0.810       0.475       0.000       0.000       0.000       0.000
   365    12    31  2023     313       0  hru313                 2.510   70847.508       0.000    2498.367       8.289       2.389       0.219     117.625     123.805       0.023       0.000     385.579       0.075      50.734      12.744       5.267       9.005      10.786       4.202       0.810       0.475       0.000       0.000       0.000       0.000
   365    12    31  2023     314       0  hru314                 1.490    2007.233    3198.093     539.221       8.309      23.338       0.000      90.468      54.652       0.555       0.000       0.000       0.237       0.000      12.744       5.267       9.005      10.786       4.202       0.810       0.475       0.000       0.000       0.000       0.000
