 Mini_CREATE               SWAT+ Jan 11 2024        MODULAR Rev 2024.61.0                                 
  jday   mon   day    yr    unit  gis_id  name                  precip     snofall      snomlt    surq_gen        latq    wateryld        perc          et     ecanopy      eplant       esoil   surq_cont          cn     sw_init    sw_final      sw_ave      sw_300    sno_init   sno_final     snopack         pet       qtile         irr  surq_runon  latq_runon    overbank    surq_cha    surq_res     surq_ls    latq_cha    latq_res     latq_ls     gwsoilq       satex  satex_chan   sw_change     lagsurf     laglatq    lagsatex    wet_evap
                                                                  mm            mm          mm          mm          mm          mm          mm          mm          mm          mm          mm          mm         ---          mm          mm          mm          mm          mm          mm          mm          mm          mm          mm          mm          mm          mm          mm          mm          mm          mm          mm          mm          mm          mm          mm          mm          mm          mm          mm          mm
   365    12    31  2023       1       0  hru001               792.783      47.884      47.868      26.683      15.910      42.592     201.260     553.444      82.347     455.327      15.771      26.678      77.861     383.796     299.679     218.344      26.305       0.000       0.000       0.260     690.130       0.000       0.000       0.000       0.000       0.000       0.000       0.000      26.678       0.000       0.000      15.910       0.000       0.000       0.000      -4.412       2.219     984.834       0.000       0.000
   365    12    31  2023       2       0  hru002               792.783      47.884      47.868      27.791      15.127      42.918     198.923     555.452      82.347     457.478      15.627      27.785      78.040     390.527     306.393     225.300      25.127       0.000       0.000       0.260     690.130       0.000       0.000       0.000       0.000       0.000       0.000       0.000      27.785       0.000       0.000      15.127       0.000       0.000       0.000      -4.413       2.850     936.384       0.000       0.000
   365    12    31  2023       3       0  hru003               792.783      47.883      47.867       0.000     358.258     358.258     110.775     544.015      82.349     443.602      18.064       0.000      28.812     337.775     281.354     182.259      27.141       0.000       0.000       0.260     690.117       0.000       0.000       0.000     216.996       0.000       0.000       0.000       0.000       0.000       0.000     358.258       0.000       0.000       0.000      -2.959       0.000    1144.011       0.000       0.000
   365    12    31  2023       4       0  hru004               792.783      47.884      47.868       0.000     221.627     221.627      14.035     558.607      82.346     457.746      18.516       0.000      24.013     285.759     265.698     199.273      43.375       0.000       0.000       0.260     690.138       0.000       0.000       0.000       0.000       0.000       0.000       0.000       0.000       0.000       0.000     221.627       0.000       0.000       0.000      -1.052       0.000     586.571       0.000       0.000
   365    12    31  2023       5       0  hru005               792.783      47.884      47.868       0.000     208.094     208.094      27.850     558.576      82.346     458.006      18.225       0.000      25.189     307.733     280.142     204.617      43.497       0.000       0.000       0.260     690.133       0.000       0.000       0.000       0.000       0.000       0.000       0.000       0.000       0.000       0.000     208.094       0.000       0.000       0.000      -1.447       0.000     550.754       0.000       0.000
   365    12    31  2023       6       0  hru006               792.783      47.883      47.867       0.000     216.518     216.518      19.281     558.558      82.347     457.838      18.372       0.000      24.475     294.708     271.554     201.512      43.438       0.000       0.000       0.260     690.125       0.000       0.000       0.000       0.000       0.000       0.000       0.000       0.000       0.000       0.000     216.518       0.000       0.000       0.000      -1.214       0.000     573.050       0.000       0.000
   365    12    31  2023       7       0  hru007               792.783      47.884      47.868       0.000     192.317     192.317      43.852     558.717      82.346     458.311      18.060       0.000      26.506     328.477     292.679     209.823      43.553       0.000       0.000       0.260     690.134       0.000       0.000       0.000       0.000       0.000       0.000       0.000       0.000       0.000       0.000     192.317       0.000       0.000       0.000      -1.878       0.000     508.999       0.000       0.000
   365    12    31  2023       8       0  hru008               792.783      47.884      47.868       0.000     222.347     222.347      13.293     558.616      82.346     457.728      18.542       0.000      23.945     284.413     264.863     198.920      43.362       0.000       0.000       0.260     690.139       0.000       0.000       0.000       0.000       0.000       0.000       0.000       0.000       0.000       0.000     222.347       0.000       0.000       0.000      -1.025       0.000     588.477       0.000       0.000
   365    12    31  2023       9       0  hru009               792.783      47.883      47.867     103.347     137.718     241.065     433.273     565.081      82.349     460.944      21.787     103.202      75.335     535.636     400.756     317.829      31.345       0.000       0.000       0.260     690.112       0.000       0.000     292.945     145.699       0.000     103.202       0.000       0.000     137.718       0.000       0.000       0.000       0.000       0.000      -7.074      36.156    2080.276       0.000       0.000
   365    12    31  2023      10       0  hru010               792.783      47.884      47.868       0.000     190.531     190.531      45.658     558.740      82.345     458.351      18.043       0.000      26.655     330.566     293.864     210.380      43.556       0.000       0.000       0.260     690.143       0.000       0.000       0.000       0.000       0.000       0.000       0.000       0.000       0.000       0.000     190.531       0.000       0.000       0.000      -1.925       0.000     504.271       0.000       0.000
   365    12    31  2023      11       0  hru011               792.783      47.883      47.867       0.000     191.988     191.988      44.212     558.694      82.349     458.285      18.059       0.000      26.537     328.891     292.934     209.950      43.555       0.000       0.000       0.260     690.112       0.000       0.000       0.000       0.000       0.000       0.000       0.000       0.000       0.000       0.000     191.988       0.000       0.000       0.000      -1.886       0.000     508.127       0.000       0.000
   365    12    31  2023      12       0  hru012               792.783      47.882      47.866       0.115     146.067     146.182      90.233     559.441      82.351     459.368      17.722       0.115      30.338     370.529     314.528     223.880      43.615       0.000       0.000       0.260     690.101       0.000       0.000       0.000       0.000       0.000       0.000       0.000       0.115       0.000       0.000     146.067       0.000       0.000       0.000      -2.937       0.007     386.589       0.000       0.000
   365    12    31  2023      13       0  hru013               792.783      47.882      47.866       0.000     200.326     200.326      35.757     558.612      82.350     458.123      18.138       0.000      25.842     318.503     286.871     207.269      43.532       0.000       0.000       0.260     690.105       0.000       0.000       0.000       0.000       0.000       0.000       0.000       0.000       0.000       0.000     200.326       0.000       0.000       0.000      -1.659       0.000     530.195       0.000       0.000
   365    12    31  2023      14       0  hru014               792.783      47.882      47.866       0.000     196.949     196.949      39.186     558.640      82.350     458.185      18.105       0.000      26.123     322.842     289.449     208.369      43.542       0.000       0.000       0.260     690.105       0.000       0.000       0.000       0.000       0.000       0.000       0.000       0.000       0.000       0.000     196.949       0.000       0.000       0.000      -1.751       0.000     521.257       0.000       0.000
   365    12    31  2023      15       0  hru015               792.783      47.883      47.867       0.000     209.279     209.279      26.656     558.559      82.348     457.969      18.243       0.000      25.091     306.009     279.043     204.213      43.492       0.000       0.000       0.260     690.122       0.000       0.000       0.000       0.000       0.000       0.000       0.000       0.000       0.000       0.000     209.279       0.000       0.000       0.000      -1.414       0.000     553.891       0.000       0.000
   365    12    31  2023      16       0  hru016               792.783      47.883      47.867      61.756    1061.208    1122.964     529.441     557.716      82.349     449.729      25.639      61.737      68.444     585.427     369.782     256.195      32.329       0.000       0.000       0.260     690.118       0.000       0.000       2.034    1403.054       0.000       0.000       0.000      61.737       0.000       0.000    1061.208       0.000       0.000       0.000     -11.310       4.730    3630.757       0.000       0.000
   365    12    31  2023      17       0  hru017               792.783      47.883      47.867       0.000     212.414     212.414      44.037     537.848      82.348     439.086      16.414       0.000      25.059     270.351     244.809     162.961      28.494       0.000       0.000       0.260     690.121       0.000       0.000       0.000       0.000       0.000       0.000       0.000       0.000       0.000       0.000     212.414       0.000       0.000       0.000      -1.340       0.000     635.260       0.000       0.000
   365    12    31  2023      18       0  hru018               792.783      47.883      47.867      42.322     771.843     814.166     324.697     563.461      82.348     459.620      21.493      42.322      41.751     468.218     381.629     251.897      28.824       0.000       0.000       0.260     690.123       0.000       0.000      60.429     844.237       0.000       0.000       0.000      42.322       0.000       0.000     771.843       0.000       0.000       0.000      -4.541       1.429    2464.699       0.000       0.000
   365    12    31  2023      19       0  hru019               792.783      47.882      47.866      64.348    1160.398    1224.745     342.562     575.334      82.351     465.573      27.409      64.307      54.195     472.394     377.329     319.589      50.785       0.000       0.000       0.260     690.097       0.000       0.000     441.089     902.984       0.000      64.307       0.000       0.000    1160.398       0.000       0.000       0.000       0.000       0.000      -4.986       7.742    3071.181       0.000       0.000
   365    12    31  2023      20       0  hru020               792.783      47.883      47.867      22.889    1134.888    1157.777     352.219     564.130      82.348     458.109      23.673      22.887      43.307     507.063     358.211     256.905      29.569       0.000       0.000       0.260     690.121       0.000       0.000      35.408    1237.154       0.000       0.000       0.000      22.887       0.000       0.000    1134.888       0.000       0.000       0.000      -7.807       1.493    3623.997       0.000       0.000
   365    12    31  2023      21       0  hru021               792.783      47.883      47.867       0.000     170.793     170.794      85.664     538.801      82.349     440.395      16.058       0.000      27.168     311.756     267.286     173.517      26.568       0.000       0.000       0.260     690.116       0.000       0.000       0.000       0.000       0.000       0.000       0.000       0.000       0.000       0.000     170.793       0.000       0.000       0.000      -2.332       0.000     545.388       0.000       0.000
   365    12    31  2023      22       0  hru022               792.783      47.883      47.867       0.000     163.645     163.645      92.450     539.326      82.349     440.957      16.019       0.000      27.531     317.748     270.099     175.628      26.569       0.000       0.000       0.260     690.113       0.000       0.000       0.000       0.000       0.000       0.000       0.000       0.000       0.000       0.000     163.645       0.000       0.000       0.000      -2.499       0.000     522.561       0.000       0.000
   365    12    31  2023      23       0  hru023               792.783      47.882      47.866       0.031     152.444     152.475      77.683     565.297      82.351     463.119      19.827       0.031      28.764     383.551     333.689     244.009      64.508       0.000       0.000       0.260     690.099       0.000       0.000       0.000       0.000       0.000       0.000       0.000       0.031       0.000       0.000     152.444       0.000       0.000       0.000      -2.615       0.003     122.669       0.000       0.000
   365    12    31  2023      24       0  hru024               792.783      47.882      47.866       0.065     140.205     140.270      89.990     565.378      82.351     463.270      19.757       0.064      29.697     391.611     338.114     247.636      64.516       0.000       0.000       0.260     690.099       0.000       0.000       0.000       0.000       0.000       0.000       0.000       0.064       0.000       0.000     140.205       0.000       0.000       0.000      -2.806       0.018     112.821       0.000       0.000
   365    12    31  2023      25       0  hru025               792.783      47.883      47.867       0.000     209.317     209.318      48.295     536.750      82.349     438.135      16.266       0.000      25.267     272.792     245.902     162.269      26.561       0.000       0.000       0.260     690.115       0.000       0.000       0.000       0.000       0.000       0.000       0.000       0.000       0.000       0.000     209.317       0.000       0.000       0.000      -1.410       0.000     668.406       0.000       0.000
   365    12    31  2023      26       0  hru026               792.783      47.882      47.866       0.000     173.392     173.392      94.891     539.515      82.351     441.011      16.154       0.000      27.686     320.361     271.869     176.460      26.611       0.000       0.000       0.260     690.099       0.000       0.000       0.000      12.326       0.000       0.000       0.000       0.000       0.000       0.000     173.392       0.000       0.000       0.000      -2.543       0.000     553.686       0.000       0.000
   365    12    31  2023      27       0  hru027               792.783      47.882      47.866       1.146     118.300     119.446     149.045     527.201      82.351     428.267      16.583       1.146      55.109     311.461     258.392     156.422      28.476       0.000       0.000       0.260     690.099       0.000       0.000       0.000       0.000       0.000       0.525       0.000       0.621      54.180       0.000      64.120       0.000       0.000       0.000      -2.783       0.243     680.621       0.000       0.000
   365    12    31  2023      28       0  hru028               792.783      47.884      47.868       0.000     212.244     212.245      45.380     536.675      82.345     438.049      16.281       0.000      25.124     269.288     243.655     161.395      26.559       0.000       0.000       0.260     690.142       0.000       0.000       0.000       0.000       0.000       0.000       0.000       0.000       0.000       0.000     212.244       0.000       0.000       0.000      -1.344       0.000     677.752       0.000       0.000
   365    12    31  2023      29       0  hru029               792.783      47.882      47.866       1.018     219.972     220.989      84.775     523.593      82.352     423.613      17.628       1.017      52.290     264.415     228.072     137.876      28.622       0.000       0.000       0.260     690.092       0.000       0.000       6.265      28.145       0.000       1.017       0.000       0.000     219.972       0.000       0.000       0.000       0.000       0.000      -1.906       0.005    1265.575       0.000       0.000
   365    12    31  2023      30       0  hru030               792.783      47.882      47.866       5.342      72.269      77.611     168.723     551.358      82.352     452.952      16.055       5.342      60.753     383.409     294.204     212.810      26.235       0.000       0.000       0.260     690.094       0.000       0.000       0.000       0.000       0.000       0.000       0.000       5.342       0.000       0.000      72.269       0.000       0.000       0.000      -4.679       0.029    1091.653       0.000       0.000
   365    12    31  2023      31       0  hru031               792.783      47.882      47.866      31.009     776.464     807.473     146.798     568.544      82.350     464.726      21.468      31.007      31.642     432.666     275.160     206.268      30.680       0.000       0.000       0.260     690.105       0.000       0.000     192.095     528.259       0.000       0.000       0.000      31.007       0.000       0.000     776.464       0.000       0.000       0.000      -8.261       1.674    2322.149       0.000       0.000
   365    12    31  2023      32       0  hru032               792.783      47.204      47.189      23.675      39.642      63.317     178.243     555.754      87.823     411.762      56.170      23.673      76.944     375.769     294.852     208.353      26.112       0.000       0.000       0.255     690.153       0.000       0.000       0.000       0.000       0.000       0.000       0.000      23.673       0.000       0.000      39.642       0.000       0.000       0.000      -4.244       0.555    2453.876       0.000       0.000
   365    12    31  2023      33       0  hru033               792.783      47.242      47.227       0.000     185.293     185.293      59.498     549.951      87.134     404.499      58.317       0.000      25.894     286.689     252.484     168.962      26.343       0.000       0.000       0.255     690.112       0.000       0.000       0.000       0.000       0.000       0.000       0.000       0.000       0.000       0.000     185.293       0.000       0.000       0.000      -1.794       0.000     591.689       0.000       0.000
   365    12    31  2023      34       0  hru034               792.783      50.547      50.527       1.962     263.340     265.302     194.459     334.212      35.871     137.599     160.741       1.962      62.425     332.789     311.160     234.409      35.016       0.000       0.000       0.279     690.043       0.000       0.000       0.000       0.000       0.000       0.000       0.000       1.962       0.000       0.000     263.340       0.000       0.000       0.000      -1.134       0.036    1925.192       0.000       0.000
   365    12    31  2023      35       0  hru035               792.783      50.547      50.527       0.000     370.074     370.074      91.827     331.919      35.871     137.405     158.644       0.000      30.017     275.150     256.965     210.489      31.709       0.000       0.000       0.279     690.045       0.000       0.000       0.000       0.000       0.000       0.000       0.000       0.000       0.000       0.000     370.074       0.000       0.000       0.000      -0.954       0.000    1181.743       0.000       0.000
   365    12    31  2023      36       0  hru036               792.783      50.547      50.527       0.012     212.543     212.555     249.916     331.538      35.873     137.408     158.258       0.011      38.381     359.846     336.919     251.783      31.707       0.000       0.000       0.279     690.029       0.000       0.000       0.000       0.000       0.000       0.000       0.000       0.011       0.000       0.000     212.543       0.000       0.000       0.000      -1.202       0.001     678.705       0.000       0.000
   365    12    31  2023      37       0  hru037               792.783      50.546      50.527      21.046      56.202      77.247     380.241     335.954      35.873     137.301     162.780      21.045      77.053     422.230     409.571     313.148      31.546       0.000       0.000       0.279     690.026       0.000       0.000       0.000       0.000       0.000       0.000       0.000      21.045       0.000       0.000      56.202       0.000       0.000       0.000      -0.664       0.459     848.948       0.000       0.000
   365    12    31  2023      38       0  hru038               792.783      50.546      50.527       0.000     329.568     329.569     132.429     331.876      35.873     137.398     158.604       0.000      32.037     300.973     281.254     221.110      31.713       0.000       0.000       0.279     690.023       0.000       0.000       0.000       0.000       0.000       0.000       0.000       0.000     184.232       0.000     145.336       0.000       0.000       0.000      -1.034       0.000    1052.399       0.000       0.000
   365    12    31  2023      39       0  hru039               792.783      50.546      50.527       0.000     379.102     379.103      82.792     331.915      35.873     137.396     158.646       0.000      29.584     268.978     251.160     208.127      31.705       0.000       0.000       0.279     690.023       0.000       0.000       0.000       0.000       0.000       0.000       0.000       0.000       0.000       0.000     379.102       0.000       0.000       0.000      -0.935       0.000    1210.574       0.000       0.000
   365    12    31  2023      40       0  hru040               792.783      50.547      50.528     106.213      60.558     166.771     398.339     339.374      35.867     137.584     165.923     106.211      88.485     419.433     403.928     322.654      31.698       0.000       0.000       0.279     690.080       0.000       0.000      41.487      69.467       0.000       0.000       0.000     106.211       0.000       0.000      60.558       0.000       0.000       0.000      -0.813       1.564    3748.606       0.000       0.000
   365    12    31  2023      41       0  hru041               792.783      50.547      50.527       0.655     529.432     530.087     255.663     353.426      35.873     137.660     179.893       0.655      39.240     380.870     316.543     255.855      33.389       0.000       0.000       0.279     690.032       0.000       0.000     117.107     225.700       0.000       0.000       0.000       0.655       0.000       0.000     529.432       0.000       0.000       0.000      -3.374       0.109    1690.615       0.000       0.000
   365    12    31  2023      42       0  hru042               792.783      50.547      50.527      22.296      46.236      68.531     388.389     336.485      35.873     137.302     163.310      22.293      77.480     424.514     412.580     315.974      31.605       0.000       0.000       0.279     690.028       0.000       0.000       0.000       0.000       0.000       0.000       0.000      22.293       0.000       0.000      46.236       0.000       0.000       0.000      -0.626       1.542     698.404       0.000       0.000
   365    12    31  2023      43       0  hru043               792.783      48.403      48.384     516.681       0.015     516.697       0.000     597.424      44.731     128.997     423.696     516.680       0.000      30.158      22.574      19.344      10.109       0.000       0.000       0.263     690.121       0.000       0.000       0.000      51.507       0.000       0.000       0.000     516.680       0.000       0.000       0.015       0.000       0.000       0.000      -0.398       7.430       0.234       0.000     220.906
   365    12    31  2023      44       0  hru044               792.783      48.403      48.385     528.581      19.222     547.803     108.284     773.281      49.875     321.176     402.229     528.576       0.000     152.437      67.314     146.849      15.671       0.000       0.000       0.263     690.125       0.000       0.000       0.000     389.208       0.000       0.000       0.000     528.576       0.000       0.000      19.222       0.000       0.000       0.000      -4.465      22.198     290.358       0.000     188.777
   365    12    31  2023      45       0  hru045               792.783      48.403      48.384     471.353       0.000     471.353       0.000     622.596      34.675      76.553     511.368     471.349       0.000      11.942      12.435       8.252       8.252       0.000       0.000       0.263     690.112       0.000       0.000       0.000       0.000       0.000       0.000       0.000     471.349       0.000       0.000       0.000       0.000       0.000       0.000       0.026      18.154       0.000       0.000     265.456
   365    12    31  2023      46       0  hru046               792.783      48.402      48.383     525.399      29.591     554.989      14.849     678.028      49.876     225.978     402.174     525.390       0.000     136.413      82.282      65.467      14.849       0.000       0.000       0.263     690.099       0.000       0.000       0.000     193.088       0.000       0.000       0.000     525.390       0.000       0.000      29.591       0.000       0.000       0.000      -2.839      39.076     101.241       0.000     208.086
   365    12    31  2023      47       0  hru047               792.783      48.402      48.383     471.653       0.000     471.653       0.000     622.193      34.703      76.506     510.983     471.641       0.000      12.237      12.730       8.538       8.538       0.000       0.000       0.263     690.090       0.000       0.000       0.000       0.000       0.000     471.641       0.000       0.000       0.000       0.000       0.000       0.000       0.000       0.000       0.026      51.889       0.000       0.000     265.317
   365    12    31  2023      48       0  hru048               792.783      48.402      48.383     473.594       0.000     473.594       0.000     620.068      35.086      75.743     509.239     473.585       0.000      13.736      14.229       9.903       9.903       0.000       0.000       0.263     690.085       0.000       0.000       0.000       0.000       0.000       0.000     473.585       0.000       0.000       0.000       0.000       0.000       0.000       0.000       0.026      35.828       0.000       0.000     264.754
   365    12    31  2023      49       0  hru049               792.783      48.402      48.383     476.201       0.000     476.201       0.000     614.597      35.588      76.014     502.995     476.198       0.000      13.298      13.728       9.623       9.623       0.000       0.000       0.263     690.098       0.000       0.000       0.000       0.000       0.000     476.198       0.000       0.000       0.000       0.000       0.000       0.000       0.000       0.000       0.023       8.786       0.000       0.000     261.390
   365    12    31  2023      50       0  hru050               792.783      48.402      48.383     476.199       0.000     476.199       0.000     614.600      35.588      76.014     502.998     476.198       0.000      13.297      13.728       9.623       9.623       0.000       0.000       0.263     690.097       0.000       0.000       0.000       0.000       0.000       0.000       0.000     476.198       0.000       0.000       0.000       0.000       0.000       0.000       0.023       3.026       0.000       0.000     261.393
   365    12    31  2023      51       0  hru051               792.783      48.403      48.384     476.212       0.000     476.212       0.000     614.553      35.586      76.011     502.956     476.203       0.000      13.301      13.731       9.625       9.625       0.000       0.000       0.263     690.116       0.000       0.000       0.000       0.000       0.000       0.000       0.000     476.203       0.000       0.000       0.000       0.000       0.000       0.000       0.023      36.562       0.000       0.000     261.354
   365    12    31  2023      52       0  hru052               792.783      48.403      48.384     520.583       0.683     521.266       0.393     655.384      48.252     197.464     409.668     520.573       0.000      79.242      33.002      50.690      15.941       0.000       0.000       0.263     690.122       0.000       0.000       0.000     119.685       0.000       0.000       0.000     520.573       0.000       0.000       0.683       0.000       0.000       0.000      -2.425      43.619       1.809       0.000     212.833
   365    12    31  2023      53       0  hru053               792.783      48.402      48.383     699.073     777.365    1476.439     360.341     801.807      49.878     342.311     409.618     699.040       0.000     576.882     291.044     254.855      39.390       0.000       0.000       0.263     690.097       0.000       0.000       0.000    1565.912       0.000       0.000       0.000     699.040       0.000       0.000     777.365       0.000       0.000       0.000     -14.992      90.356    2057.424       0.000     209.784
   365    12    31  2023      54       0  hru054               792.783      48.402      48.383     476.207       0.000     476.207       0.000     614.605      35.589      76.014     503.002     476.198       0.000      13.297      13.727       9.623       9.623       0.000       0.000       0.263     690.096       0.000       0.000       0.000       0.000       0.000       0.000       0.000     476.198       0.000       0.000       0.000       0.000       0.000       0.000       0.023      40.086       0.000       0.000     261.396
   365    12    31  2023      55       0  hru055               792.783      47.884      47.868      22.514      52.629      75.143     173.041     549.224      82.346     451.016      15.862      22.492      76.528     373.066     291.975     205.251      26.314       0.000       0.000       0.260     690.134       0.000       0.000       0.000       0.000       0.000       0.000       0.000      22.492       0.000       0.000      52.629       0.000       0.000       0.000      -4.253      12.573    3257.821       0.000       0.000
   365    12    31  2023      56       0  hru056               792.783      47.884      47.868       0.000     212.032     212.032      23.845     558.563      82.347     457.931      18.286       0.000      24.857     301.849     276.292     203.215      43.474       0.000       0.000       0.260     690.131       0.000       0.000       0.000       0.000       0.000       0.000       0.000       0.000       0.000       0.000     212.032       0.000       0.000       0.000      -1.340       0.000     561.178       0.000       0.000
   365    12    31  2023      57       0  hru057               792.783      47.885      47.869      24.386      35.608      59.994     186.058     551.381      82.344     453.229      15.808      24.359      77.146     378.362     294.573     211.279      26.305       0.000       0.000       0.260     690.148       0.000       0.000       0.000       0.000       0.000       0.000       0.000      24.359       0.000       0.000      35.608       0.000       0.000       0.000      -4.395      15.376    2204.163       0.000       0.000
   365    12    31  2023      58       0  hru058               792.783      47.885      47.869      63.117      61.389     124.506     215.185     557.037      82.344     457.888      16.805      63.086      78.621     391.101     316.366     225.850      26.629       0.000       0.000       0.260     690.149       0.000       0.000      63.495      36.202       0.000       0.000       0.000      63.086       0.000       0.000      61.389       0.000       0.000       0.000      -3.920      22.517    3800.037       0.000       0.000
   365    12    31  2023      59       0  hru059               792.783      47.884      47.868      25.679      24.496      50.175     194.631     552.584      82.344     454.459      15.781      25.652      77.554     381.503     297.097     215.289      26.305       0.000       0.000       0.260     690.145       0.000       0.000       0.000       0.000       0.000       0.000       0.000      25.652       0.000       0.000      24.496       0.000       0.000       0.000      -4.427      15.661    1516.322       0.000       0.000
   365    12    31  2023      60       0  hru060               792.783      47.884      47.868      15.951     167.903     183.854     185.353     556.390      82.346     456.458      17.586      15.942      62.008     402.922     305.573     220.613      26.696       0.000       0.000       0.260     690.137       0.000       0.000      16.187     110.814       0.000       0.000       0.000      15.942       0.000       0.000     167.903       0.000       0.000       0.000      -5.106       6.571    2536.236       0.000       0.000
   365    12    31  2023      61       0  hru061               792.783      47.883      47.867       4.871     218.786     223.657     132.008     525.330      82.349     424.987      17.994       4.870      54.884     317.097     247.360     146.816      26.625       0.000       0.000       0.260     690.113       0.000       0.000      20.933      63.424       0.000       0.000       0.000       4.870       0.000       0.000     218.786       0.000       0.000       0.000      -3.658       3.985     748.544       0.000       0.000
   365    12    31  2023      62       0  hru062               792.783      47.883      47.867     225.593     449.005     674.598     174.734     544.046      82.350     441.011      20.685     225.514      57.421     372.056     246.735     164.366      28.481       0.000       0.000       0.260     690.109       0.000       0.000     387.354     206.033       0.000     225.514       0.000       0.000     449.005       0.000       0.000       0.000       0.000       0.000      -6.573     139.339    1536.199       0.000       0.000
   365    12    31  2023      63       0  hru063               792.783      47.884      47.868      27.744      37.068      64.813     259.083     559.424      82.347     460.010      17.067      27.685      66.380     436.364     324.304     249.751      26.921       0.000       0.000       0.260     690.130       0.000       0.000      22.381      62.068       0.000       0.000       0.000      27.685       0.000       0.000      37.068       0.000       0.000       0.000      -5.877      26.760     559.929       0.000       0.000
   365    12    31  2023      64       0  hru064               792.783      47.884      47.868       0.000     222.226     222.226      13.419     558.614      82.346     457.731      18.537       0.000      23.956     284.642     265.003     198.981      43.365       0.000       0.000       0.260     690.138       0.000       0.000       0.000       0.000       0.000       0.000       0.000       0.000       0.000       0.000     222.226       0.000       0.000       0.000      -1.030       0.000     588.156       0.000       0.000
   365    12    31  2023      65       0  hru065               792.783      47.884      47.868       0.000     220.292     220.292      15.409     558.592      82.346     457.774      18.472       0.000      24.138     288.196     267.256     199.899      43.394       0.000       0.000       0.260     690.136       0.000       0.000       0.000       0.000       0.000       0.000       0.000       0.000       0.000       0.000     220.292       0.000       0.000       0.000      -1.098       0.000     583.039       0.000       0.000
   365    12    31  2023      66       0  hru066               792.783      47.884      47.868       0.000     225.206     225.206      10.342     558.647      82.346     457.630      18.670       0.000      23.656     278.833     261.649     197.358      43.300       0.000       0.000       0.260     690.134       0.000       0.000       0.000       0.000       0.000       0.000       0.000       0.000       0.000       0.000     225.206       0.000       0.000       0.000      -0.901       0.000     596.044       0.000       0.000
   365    12    31  2023      67       0  hru067               792.783      47.883      47.867       0.000     222.536     222.536      33.983     537.575      82.347     438.738      16.490       0.000      24.575     257.537     236.219     159.942      28.489       0.000       0.000       0.260     690.126       0.000       0.000       0.000       0.000       0.000       0.000       0.000       0.000       0.000       0.000     222.536       0.000       0.000       0.000      -1.118       0.000     665.531       0.000       0.000
   365    12    31  2023      68       0  hru068               792.783      47.883      47.867       0.000     203.599     203.599      32.426     558.594      82.349     458.070      18.174       0.000      25.567     314.099     284.183     206.172      43.519       0.000       0.000       0.260     690.114       0.000       0.000       0.000       0.000       0.000       0.000       0.000       0.000       0.000       0.000     203.599       0.000       0.000       0.000      -1.569       0.000     538.857       0.000       0.000
   365    12    31  2023      69       0  hru069               792.783      47.883      47.867       0.000     188.932     188.933      47.317     558.716      82.349     458.334      18.032       0.000      26.793     332.430     294.951     210.918      43.562       0.000       0.000       0.260     690.111       0.000       0.000       0.000       0.000       0.000       0.000       0.000       0.000       0.000       0.000     188.932       0.000       0.000       0.000      -1.966       0.000     500.040       0.000       0.000
   365    12    31  2023      70       0  hru070               792.783      47.883      47.867       0.014     173.232     173.246      63.193     558.883      82.350     458.621      17.912       0.014      28.104     348.664     303.705     215.734      43.588       0.000       0.000       0.260     690.109       0.000       0.000       0.000       0.000       0.000       0.000       0.000       0.014       0.000       0.000     173.232       0.000       0.000       0.000      -2.358       0.010     458.487       0.000       0.000
   365    12    31  2023      71       0  hru071               792.783      47.883      47.867       0.042     163.080     163.122      73.350     559.060      82.349     458.875      17.836       0.042      28.942     357.642     308.310     218.776      43.600       0.000       0.000       0.260     690.112       0.000       0.000       0.000       0.000       0.000       0.000       0.000       0.042       0.000       0.000     163.080       0.000       0.000       0.000      -2.587       0.034     431.618       0.000       0.000
   365    12    31  2023      72       0  hru072               792.783      47.883      47.867       0.000     193.410     193.411      42.770     558.679      82.350     458.257      18.072       0.000      26.418     327.192     291.964     209.500      43.552       0.000       0.000       0.260     690.109       0.000       0.000       0.000       0.000       0.000       0.000       0.000       0.000       0.000       0.000     193.410       0.000       0.000       0.000      -1.848       0.000     511.892       0.000       0.000
   365    12    31  2023      73       0  hru073               792.783      47.883      47.867     192.781      39.141     231.922     466.123     568.288      82.348     461.500      24.440     192.492      88.228     537.091     502.656     344.436      30.262       0.000       0.000       0.260     690.119       0.000       0.000     471.234       0.000       0.000       0.000       0.000     192.492       0.000       0.000      39.141       0.000       0.000       0.000      -1.806     163.033    2422.868       0.000       0.000
   365    12    31  2023      74       0  hru074               792.783      47.884      47.868      26.722      23.786      50.508     192.181     554.698      82.346     456.713      15.639      26.689      77.724     388.240     303.851     222.137      25.128       0.000       0.000       0.260     690.133       0.000       0.000       0.000       0.000       0.000       0.000       0.000      26.689       0.000       0.000      23.786       0.000       0.000       0.000      -4.426      18.829    1472.373       0.000       0.000
   365    12    31  2023      75       0  hru075               792.783      47.884      47.868      44.486      27.777      72.263     210.534     555.317      82.347     456.640      16.331      44.424      78.295     390.520     301.160     222.825      26.446       0.000       0.000       0.260     690.129       0.000       0.000      25.321      15.098       0.000       0.000       0.000      44.424       0.000       0.000      27.777       0.000       0.000       0.000      -4.687      42.700    1719.444       0.000       0.000
   365    12    31  2023      76       0  hru076               792.783      47.883      47.867       2.551     208.805     211.356     179.695     527.973      82.348     427.590      18.034       2.551      57.041     329.187     269.974     160.250      26.675       0.000       0.000       0.260     690.121       0.000       0.000       0.961     122.054       0.000       0.000       0.000       2.551       0.000       0.000     208.805       0.000       0.000       0.000      -3.106       3.923     714.393       0.000       0.000
   365    12    31  2023      77       0  hru077               792.783      47.883      47.867       6.702     833.979     840.681     307.110     566.546      82.350     462.614      21.582       6.702      40.667     415.670     314.242     246.691      28.973       0.000       0.000       0.260     690.109       0.000       0.000      21.263     894.515       0.000       0.000       0.000       6.702       0.000       0.000     833.979       0.000       0.000       0.000      -5.320       8.880    2663.116       0.000       0.000
   365    12    31  2023      78       0  hru078               792.783      47.883      47.867       0.638     383.643     384.282     172.582     553.427      82.349     452.652      18.425       0.638      32.420     360.301     285.356     203.382      27.522       0.000       0.000       0.260     690.114       0.000       0.000      10.132     303.163       0.000       0.000       0.000       0.638       0.000       0.000     383.643       0.000       0.000       0.000      -3.931       1.008    1225.074       0.000       0.000
   365    12    31  2023      79       0  hru079               792.783      47.882      47.866     149.824    1558.935    1708.758     856.444     578.318      82.351     464.006      31.961     149.323      65.533     728.814     692.938     395.033      40.694       0.000       0.000       0.260     690.103       0.000       0.000      21.388    2326.647       0.000       0.000       0.000     149.323       0.000       0.000    1558.935       0.000       0.000       0.000      -1.882     121.568    4978.088       0.000       0.000
   365    12    31  2023      80       0  hru080               792.783      47.883      47.867       0.000     213.309     213.310      44.346     536.621      82.349     437.983      16.289       0.000      25.075     268.016     242.825     161.101      26.560       0.000       0.000       0.260     690.114       0.000       0.000       0.000       0.000       0.000       0.000       0.000       0.000       0.000       0.000     213.309       0.000       0.000       0.000      -1.321       0.000     681.153       0.000       0.000
   365    12    31  2023      81       0  hru081               792.783      47.883      47.867    1313.696    2648.153    3961.849    1288.040     589.269      82.349     462.910      44.010    1312.325      78.210     728.814     728.814     510.203      71.347       0.000       0.000       0.260     690.117       0.000       0.000      31.165    5013.699       0.000       0.000       0.000    1312.325       0.000       0.000    2648.153       0.000       0.000       0.000       0.000    1830.567    8456.247       0.000       0.000
   365    12    31  2023      82       0  hru082               792.783      47.882      47.866     141.313    1172.959    1314.273     630.403     573.193      82.351     465.033      25.809     140.673      58.073     583.825     409.842     341.178      32.576       0.000       0.000       0.260     690.102       0.000       0.000     250.097    1464.501       0.000       0.000       0.000     140.673       0.000       0.000    1172.959       0.000       0.000       0.000      -9.125     277.367    3745.568       0.000       0.000
   365    12    31  2023      83       0  hru083               792.783      47.882      47.866      46.468     661.780     708.248     477.915     569.389      82.351     463.490      23.548      46.169      49.889     538.118     414.865     295.531      31.474       0.000       0.000       0.260     690.098       0.000       0.000     375.556     580.071       0.000       0.000       0.000      46.169       0.000       0.000     661.780       0.000       0.000       0.000      -6.464      96.144    2113.236       0.000       0.000
   365    12    31  2023      84       0  hru084               792.783      47.882      47.866       0.015     225.994     226.009     156.962     549.621      82.351     450.047      17.223       0.015      31.327     361.694     291.868     197.205      27.042       0.000       0.000       0.260     690.100       0.000       0.000       1.150     134.825       0.000       0.000       0.000       0.015       0.000       0.000     225.994       0.000       0.000       0.000      -3.662       0.031     721.658       0.000       0.000
   365    12    31  2023      85       0  hru085               792.783      47.882      47.866       0.000     173.083     173.083      83.497     538.626      82.351     440.205      16.070       0.000      27.054     309.771     266.330     172.856      26.568       0.000       0.000       0.260     690.098       0.000       0.000       0.000       0.000       0.000       0.000       0.000       0.000      91.408       0.000      81.674       0.000       0.000       0.000      -2.278       0.000     552.698       0.000       0.000
   365    12    31  2023      86       0  hru086               792.783      47.882      47.866     181.015      84.908     265.923     379.883     565.931      82.351     463.300      20.280     180.335      73.831     495.719     425.796     300.124      28.689       0.000       0.000       0.260     690.102       0.000       0.000     253.432     160.894       0.000       0.000       0.000     180.335       0.000       0.000      84.908       0.000       0.000       0.000      -3.667     331.273    1282.560       0.000       0.000
   365    12    31  2023      87       0  hru087               792.783      47.882      47.866     994.563    2036.041    3030.604     855.243     610.291      82.352     463.576      64.363     993.603      80.724     576.882     576.882     458.470      83.369       0.000       0.000       0.260     690.096       0.000       0.000       0.001    3702.298       0.000       0.000       0.000     993.603       0.000       0.000    2036.041       0.000       0.000       0.000      -0.001    1493.924    5388.714       0.000       0.000
   365    12    31  2023      88       0  hru088               792.783      47.882      47.866       0.077     228.073     228.150      90.871     566.227      82.351     463.473      20.403       0.077      30.091     393.193     341.480     250.366      64.968       0.000       0.000       0.260     690.100       0.000       0.000       0.140      89.539       0.000       0.000       0.000       0.077       0.000       0.000     228.073       0.000       0.000       0.000      -2.712       0.199     183.527       0.000       0.000
   365    12    31  2023      89       0  hru089               792.783      47.883      47.867       1.119     456.044     457.163     230.032     549.222      82.349     447.261      19.613       1.119      35.782     452.674     355.173     215.510      27.497       0.000       0.000       0.260     690.113       0.000       0.000       0.001     438.177       0.000       0.000       0.000       1.119       0.000       0.000     456.044       0.000       0.000       0.000      -5.114       1.409    1456.268       0.000       0.000
   365    12    31  2023      90       0  hru090               792.783      47.882      47.866       0.386     443.168     443.555     205.419     548.942      82.352     447.366      19.225       0.386      34.375     421.630     334.708     209.562      27.478       0.000       0.000       0.260     690.096       0.000       0.000       0.001     400.243       0.000       0.000       0.000       0.386       0.000       0.000     443.168       0.000       0.000       0.000      -4.559       0.435    1415.153       0.000       0.000
   365    12    31  2023      91       0  hru091               792.783      47.882      47.866       0.068     139.045     139.113      91.153     565.388      82.351     463.286      19.750       0.068      29.785     392.318     338.496     247.979      64.516       0.000       0.000       0.260     690.100       0.000       0.000       0.000       0.000       0.000       0.000       0.000       0.068       0.000       0.000     139.045       0.000       0.000       0.000      -2.823       0.127     111.887       0.000       0.000
   365    12    31  2023      92       0  hru092               792.783      47.882      47.866      29.369      69.153      98.522     252.413     560.321      82.351     460.641      17.329      29.348      66.127     416.442     344.115     247.689      26.909       0.000       0.000       0.260     690.098       0.000       0.000      36.308      78.168       0.000       0.000       0.000      29.348       0.000       0.000      69.153       0.000       0.000       0.000      -3.793      15.111    1044.585       0.000       0.000
   365    12    31  2023      93       0  hru093               792.783      47.882      47.866       6.169     648.943     655.112     338.675     566.446      82.351     463.047      21.047       6.169      42.162     442.879     340.637     254.549      28.870       0.000       0.000       0.260     690.099       0.000       0.000      50.610     711.155       0.000       6.169       0.000       0.000     648.943       0.000       0.000       0.000       0.000       0.000      -5.362      17.159    2072.245       0.000       0.000
   365    12    31  2023      94       0  hru094               792.783      47.882      47.866       0.040     148.910     148.949      81.236     565.324      82.351     463.166      19.807       0.040      29.034     385.989     335.056     245.052      64.510       0.000       0.000       0.260     690.100       0.000       0.000       0.000       0.000       0.000       0.000       0.000       0.040       0.000       0.000     148.910       0.000       0.000       0.000      -2.671       0.086     119.825       0.000       0.000
   365    12    31  2023      95       0  hru095               792.783      47.882      47.866     323.011     577.617     900.628     596.410     569.262      82.352     459.914      26.996     322.650      78.613     632.597     632.597     374.938      47.546       0.000       0.000       0.260     690.092       0.000       0.000       0.002    1272.045       0.000     322.650       0.000       0.000     577.617       0.000       0.000       0.000       0.000       0.000       0.000     128.120    8725.108       0.000       0.000
   365    12    31  2023      96       0  hru096               792.783      47.882      47.866      44.904     657.399     702.303     148.036     571.137      82.352     465.745      23.040      44.701      35.770     476.519     361.639     282.080      67.690       0.000       0.000       0.260     690.094       0.000       0.000     158.828     463.311       0.000      44.701       0.000       0.000     657.399       0.000       0.000       0.000       0.000       0.000      -6.025      73.940     528.997       0.000       0.000
   365    12    31  2023      97       0  hru097               792.783      47.882      47.866       0.000     205.927     205.927      23.106     565.330      82.352     462.787      20.191       0.000      24.576     328.305     300.673     227.051      64.430       0.000       0.000       0.260     690.093       0.000       0.000       0.000       0.000       0.000       0.000       0.000       0.000       0.000       0.000     205.927       0.000       0.000       0.000      -1.449       0.000     165.706       0.000       0.000
   365    12    31  2023      98       0  hru098               792.783      47.882      47.866       9.720      89.749      99.469     183.452     554.591      82.352     455.535      16.704       9.716      61.780     393.635     304.789     219.355      26.411       0.000       0.000       0.260     690.091       0.000       0.000       7.240      32.525       0.000       9.716       0.000       0.000      89.749       0.000       0.000       0.000       0.000       0.000      -4.660       3.182    1355.688       0.000       0.000
   365    12    31  2023      99       0  hru099               792.783      47.882      47.866     326.198     294.201     620.399     537.246     573.247      82.352     464.916      25.979     325.906      81.531     535.657     476.147     361.103      34.224       0.000       0.000       0.260     690.091       0.000       0.000     275.465     658.785       0.000     325.906       0.000       0.000     294.201       0.000       0.000       0.000       0.000       0.000      -3.121     151.240    4444.012       0.000       0.000
   365    12    31  2023     100       0  hru100               792.783      47.882      47.866     114.454     247.328     361.782     536.898     567.193      82.352     460.784      24.057     113.861      78.212     632.597     533.366     354.882      38.127       0.000       0.000       0.260     690.091       0.000       0.000       3.724     662.317       0.000     113.861       0.000       0.000     247.328       0.000       0.000       0.000       0.000       0.000      -5.204     147.068    3735.969       0.000       0.000
   365    12    31  2023     101       0  hru101               792.783      47.884      47.868       0.000     387.030     387.030     104.008     540.724      82.344     440.097      18.283       0.000      28.482     325.265     293.566     180.664      27.094       0.000       0.000       0.260     690.146       0.000       0.000       0.000     237.135       0.000       0.000       0.000       0.000       0.000       0.000     387.030       0.000       0.000       0.000      -1.662       0.000    1235.888       0.000       0.000
   365    12    31  2023     102       0  hru102               792.783      51.311      51.288      12.895      24.773      37.668     272.266     485.158      14.697      77.946     392.515      12.892      69.180     420.451     377.517     267.692      28.492       0.000       0.000       0.283     690.056       0.000       0.000       0.000       0.000       0.000       0.000       0.000      12.892       0.000       0.000      24.773       0.000       0.000       0.000      -2.251       0.964     374.207       0.000       0.000
   365    12    31  2023     103       0  hru103               792.783      51.311      51.288     171.251    1790.065    1961.317     755.676     628.580      14.671      78.693     535.216     171.240      64.675     568.571     395.506     384.942      41.331       0.000       0.000       0.283     690.031       0.000       0.000     132.322    2410.547       0.000       0.000       0.000     171.240       0.000       0.000    1790.065       0.000       0.000       0.000      -9.076       8.552    5716.150       0.000       0.000
   365    12    31  2023     104       0  hru104               792.783      51.311      51.288      13.213      20.084      33.297     273.147     488.668       8.408     105.178     375.082      13.208      69.170     422.723     379.284     267.609      28.479       0.000       0.000       0.283     690.045       0.000       0.000       0.000       0.000       0.000       0.000       0.000      13.208       0.000       0.000      20.084       0.000       0.000       0.000      -2.278       1.732     303.373       0.000       0.000
   365    12    31  2023     105       0  hru105               792.783      47.130      47.118      29.109     406.680     435.789     245.069     343.983      42.031     137.202     164.750      29.106      38.428     456.443     323.791     248.043      33.396       0.000       0.000       0.254     690.154       0.000       0.000     151.416      73.338       0.000       0.000       0.000      29.106       0.000       0.000     406.680       0.000       0.000       0.000      -6.957       4.132    1298.635       0.000       0.000
   365    12    31  2023     106       0  hru106               792.783      51.311      51.288      41.351      54.531      95.882     228.518     491.705       6.670      99.048     385.986      41.341      81.061     392.111     348.986     241.479      28.393       0.000       0.000       0.283     690.057       0.000       0.000       9.168      11.700       0.000       0.000       0.000      41.341       0.000       0.000      54.531       0.000       0.000       0.000      -2.262       5.826    3375.557       0.000       0.000
   365    12    31  2023     107       0  hru107               792.783      51.311      51.288      99.256      15.610     114.866     268.295     505.661       7.024     138.457     360.180      99.228      82.468     435.500     351.776     258.070      28.280       0.000       0.000       0.283     690.056       0.000       0.000      75.247      16.288       0.000       0.000       0.000      99.228       0.000       0.000      15.610       0.000       0.000       0.000      -4.392      13.651     966.308       0.000       0.000
   365    12    31  2023     108       0  hru108               792.783      51.311      51.288      10.681      58.774      69.456     247.336     478.160       5.176     113.395     359.589      10.680      67.648     407.121     367.676     258.349      27.948       0.000       0.000       0.283     690.015       0.000       0.000       0.000       0.000       0.000       0.000       0.000      10.680       0.000       0.000      58.774       0.000       0.000       0.000      -2.069       0.373     887.808       0.000       0.000
   365    12    31  2023     109       0  hru109               792.783      50.579      50.556       2.187     152.979     155.166     150.965     488.305       8.790     181.472     298.043       2.187      57.362     293.465     262.624     164.803      26.959       0.000       0.000       0.275     690.028       0.000       0.000       0.000       0.000       0.000       0.000       0.000       2.187       0.000       0.000     152.979       0.000       0.000       0.000      -1.618       0.301     523.394       0.000       0.000
   365    12    31  2023     110       0  hru110               792.783      50.847      50.825       1.729     170.551     172.279     120.351     501.972       9.675     145.367     346.930       1.728      55.640     280.481     246.824     152.908      28.022       0.000       0.000       0.281     690.041       0.000       0.000       0.000       0.000       0.000       0.000       0.000       1.728       0.000       0.000     170.551       0.000       0.000       0.000      -1.765       0.235     583.512       0.000       0.000
   365    12    31  2023     111       0  hru111               792.783      50.803      50.780      32.619     581.906     614.525     354.283     573.222      10.156     162.728     400.338      32.616      66.882     374.211     290.928     225.145      30.860       0.000       0.000       0.280     690.035       0.000       0.000      54.452     690.207       0.000       0.000       0.000      32.616       0.000       0.000     581.906       0.000       0.000       0.000      -4.368       3.866    1990.901       0.000       0.000
   365    12    31  2023     112       0  hru112               792.783      50.862      50.839      44.982      14.067      59.049     264.117     484.981       8.972     159.269     316.740      44.935      82.520     400.463     362.048     254.895      27.275       0.000       0.000       0.280     690.057       0.000       0.000       8.927       4.345       0.000       0.000       0.000      44.935       0.000       0.000      14.067       0.000       0.000       0.000      -2.015      31.102     870.755       0.000       0.000
   365    12    31  2023     113       0  hru113               792.783      50.360      50.337       0.000     207.098     207.099      62.340     524.995      14.068     208.702     302.224       0.000      26.467     286.769     257.478     178.091      27.752       0.000       0.000       0.278     690.024       0.000       0.000       0.000       0.000       0.000       0.000       0.000       0.000       0.000       0.000     207.098       0.000       0.000       0.000      -1.536       0.000     661.320       0.000       0.000
   365    12    31  2023     114       0  hru114               792.783      51.311      51.288       1.135     565.108     566.243     180.347     536.719       7.464     149.474     379.780       1.134      34.067     377.328     324.116     225.783      30.192       0.000       0.000       0.283     690.021       0.000       0.000      18.798     468.703       0.000       0.000       0.000       1.134       0.000       0.000     565.108       0.000       0.000       0.000      -2.790       0.056    1804.540       0.000       0.000
   365    12    31  2023     115       0  hru115               792.783      51.276      51.253      21.985      41.619      63.604     271.318     519.431       6.715     170.023     342.693      21.979      68.780     430.810     364.772     265.508      28.208       0.000       0.000       0.283     690.062       0.000       0.000      10.261      47.690       0.000       0.000       0.000      21.979       0.000       0.000      41.619       0.000       0.000       0.000      -3.463       2.187     628.676       0.000       0.000
   365    12    31  2023     116       0  hru116               792.783      50.957      50.935       0.000     331.773     331.773     132.213     529.583       7.362     178.706     343.515       0.000      30.648     346.495     288.407     204.590      29.001       0.000       0.000       0.281     690.017       0.000       0.000       3.101     194.419       0.000       0.000       0.000       0.000       0.000       0.000     331.773       0.000       0.000       0.000      -3.046       0.000    1059.438       0.000       0.000
   365    12    31  2023     117       0  hru117               792.783      50.873      50.851       0.000     207.446     207.446      69.960     517.053       7.054     192.615     317.384       0.000      26.902     291.552     261.705     181.599      27.983       0.000       0.000       0.281     690.018       0.000       0.000       0.000       0.000       0.000       0.000       0.000       0.000       0.000       0.000     207.446       0.000       0.000       0.000      -1.565       0.000     662.430       0.000       0.000
   365    12    31  2023     118       0  hru118               792.783      50.954      50.932       0.000     206.001     206.001      71.891     516.588       6.875     192.183     317.531       0.000      26.997     293.455     263.172     182.080      28.000       0.000       0.000       0.281     690.016       0.000       0.000       0.000       0.000       0.000       0.000       0.000       0.000       0.000       0.000     206.001       0.000       0.000       0.000      -1.588       0.000     657.814       0.000       0.000
   365    12    31  2023     119       0  hru119               792.783      50.853      50.830      30.420      49.212      79.632     198.348     519.014       7.705     185.929     325.380      30.417      79.193     384.872     311.529     225.114      27.493       0.000       0.000       0.281     690.067       0.000       0.000       0.000       0.000       0.000       0.000       0.000      30.417       0.000       0.000      49.212       0.000       0.000       0.000      -3.847       1.508    3046.261       0.000       0.000
   365    12    31  2023     120       0  hru120               792.783      50.974      50.951       7.224     239.389     246.613     252.012     561.975      10.233     149.551     402.190       7.220      42.218     487.235     413.412     314.030      69.642       0.000       0.000       0.282     690.031       0.000       0.000       0.130     263.761       0.000       0.000       0.000       7.220       0.000       0.000     239.389       0.000       0.000       0.000      -3.872       1.328     192.632       0.000       0.000
   365    12    31  2023     121       0  hru121               792.783      51.063      51.040      18.574      44.420      62.994     281.879     479.321       7.721     121.615     349.986      18.568      69.648     419.972     381.176     270.325      28.031       0.000       0.000       0.282     690.022       0.000       0.000       8.220      21.081       0.000       0.000       0.000      18.568       0.000       0.000      44.420       0.000       0.000       0.000      -2.034       2.545     670.979       0.000       0.000
   365    12    31  2023     122       0  hru122               792.783      50.451      50.428      11.298     564.495     575.794     284.843     531.323      10.163     224.415     296.745      11.297      63.669     378.290     333.542     203.662      28.699       0.000       0.000       0.273     690.030       0.000       0.000       6.157     590.545       0.000       0.000       0.000      11.297       0.000       0.000     564.495       0.000       0.000       0.000      -2.347       1.118    1931.333       0.000       0.000
   365    12    31  2023     123       0  hru123               792.783      51.115      51.092       0.000     155.466     155.466     162.783     476.523       4.921     134.519     337.083       0.000      32.264     353.437     316.400     218.878      28.060       0.000       0.000       0.282     690.019       0.000       0.000       0.000       0.000       0.000       0.000       0.000       0.000       0.000       0.000     155.466       0.000       0.000       0.000      -1.942       0.000     496.443       0.000       0.000
   365    12    31  2023     124       0  hru124               792.783      50.412      50.392       1.971     214.465     216.437     139.344     489.378       9.950     175.582     303.846       1.971      57.210     288.433     252.669     163.884      27.464       0.000       0.000       0.278     690.037       0.000       0.000       0.426      50.010       0.000       0.000       0.000       1.971       0.000       0.000     214.465       0.000       0.000       0.000      -1.876       0.374     733.759       0.000       0.000
   365    12    31  2023     125       0  hru125               792.783      51.311      51.288     134.059      25.906     159.965     260.385     527.141       7.326     185.197     334.618     134.036      81.915     422.568     363.187     253.575      28.127       0.000       0.000       0.283     690.059       0.000       0.000     118.779      32.676       0.000       0.000       0.000     134.036       0.000       0.000      25.906       0.000       0.000       0.000      -3.115      13.781    1603.617       0.000       0.000
   365    12    31  2023     126       0  hru126               792.783      51.091      51.068      20.949     659.516     680.465     290.014     560.489       6.502     153.770     400.218      20.949      40.506     444.789     328.771     258.717      31.381       0.000       0.000       0.282     690.037       0.000       0.000      57.937     673.740       0.000       0.000       0.000      20.949       0.000       0.000     659.516       0.000       0.000       0.000      -6.085       6.637    2106.009       0.000       0.000
   365    12    31  2023     127       0  hru127               792.783      51.311      51.288     324.066      31.561     355.627     305.912     524.086       8.124     169.869     346.093     324.030      83.799     469.274     366.871     274.720      28.619       0.000       0.000       0.283     690.056       0.000       0.000     321.614      65.619       0.000       0.000       0.000     324.030       0.000       0.000      31.561       0.000       0.000       0.000      -5.371      20.344    1953.642       0.000       0.000
   365    12    31  2023     128       0  hru128               792.783      50.823      50.800      14.587     100.210     114.797     197.735     533.011      11.267     225.440     296.303      14.586      63.817     408.307     341.929     234.415      27.515       0.000       0.000       0.275     690.063       0.000       0.000      10.201      38.755       0.000       0.000       0.000      14.586       0.000       0.000     100.210       0.000       0.000       0.000      -3.481       0.132    1513.713       0.000       0.000
   365    12    31  2023     129       0  hru129               792.783      51.311      51.288      34.346      16.252      50.598     226.920     518.392      11.833     190.631     315.927      34.341      80.542     397.494     339.621     239.088      27.650       0.000       0.000       0.283     690.060       0.000       0.000       0.000       0.000       0.000       0.000       0.000      34.341       0.000       0.000      16.252       0.000       0.000       0.000      -3.035       2.377    1006.045       0.000       0.000
   365    12    31  2023     130       0  hru130               792.783      51.118      51.095      40.149     245.583     285.733     348.488     553.019       9.659     210.578     332.782      40.140      67.205     444.844     365.745     263.985      32.238       0.000       0.000       0.282     690.038       0.000       0.000      39.734     350.376       0.000       0.000       0.000      40.140       0.000       0.000     245.583       0.000       0.000       0.000      -4.149       4.748    1795.382       0.000       0.000
   365    12    31  2023     131       0  hru131               792.783      50.805      50.782      15.892      32.640      48.532     238.938     527.521      10.313     203.893     313.315      15.888      66.494     426.263     330.862     250.931      27.764       0.000       0.000       0.280     690.057       0.000       0.000      11.341       5.702       0.000       0.000       0.000      15.888       0.000       0.000      32.640       0.000       0.000       0.000      -5.003       1.158     493.034       0.000       0.000
   365    12    31  2023     132       0  hru132               792.783      50.874      50.851      70.087      15.171      85.258     235.148     542.580       7.833     250.624     284.123      70.068      80.271     425.802     331.850     238.724      27.173       0.000       0.000       0.281     690.058       0.000       0.000      46.892      18.262       0.000       0.000       0.000      70.068       0.000       0.000      15.171       0.000       0.000       0.000      -4.928       9.287     939.088       0.000       0.000
   365    12    31  2023     133       0  hru133               792.783      51.311      51.288       0.000     192.804     192.804     115.872     485.800       9.144     116.234     360.422       0.000      29.979     323.565     292.424     207.014      28.252       0.000       0.000       0.283     690.022       0.000       0.000       0.000       0.000       0.000       0.000       0.000       0.000       0.000       0.000     192.804       0.000       0.000       0.000      -1.633       0.000     615.673       0.000       0.000
   365    12    31  2023     134       0  hru134               792.783      50.715      50.693      35.860      23.139      58.999     242.539     493.467       8.536     192.348     292.583      35.832      81.466     391.338     350.513     244.848      26.787       0.000       0.000       0.281     690.048       0.000       0.000       0.000       0.000       0.000       0.000       0.000      35.832       0.000       0.000      23.139       0.000       0.000       0.000      -2.141      17.032    1432.355       0.000       0.000
   365    12    31  2023     135       0  hru135               792.783      51.311      51.288       8.135     440.541     448.676     238.170     510.684      11.638     171.123     327.923       8.135      61.468     362.432     307.291     190.035      29.821       0.000       0.000       0.283     690.028       0.000       0.000       4.628     397.063       0.000       0.000       0.000       8.135       0.000       0.000     440.541       0.000       0.000       0.000      -2.892       0.390    1507.241       0.000       0.000
   365    12    31  2023     136       0  hru136               792.783      46.459      46.448    8988.181    3212.810   12200.990    1071.570     454.844      52.604     228.980     173.260    8987.957      85.844     624.319     624.319     530.016     132.314       0.000       0.000       0.249     690.158       0.000       0.000       4.355   12929.927       0.000       0.000       0.000    8987.957       0.000       0.000    3212.810       0.000       0.000       0.000      -0.007     397.479    2585.292       0.000       0.000
   365    12    31  2023     137       0  hru137               792.783      47.201      47.186     602.935    2363.851    2966.786     697.598     505.115      41.050     289.240     174.824     602.848      63.032     593.621     456.060     368.611      39.262       0.000       0.000       0.254     690.140       0.000       0.000    1091.519    2276.613       0.000       0.000       0.000     602.848       0.000       0.000    2363.851       0.000       0.000       0.000      -7.214      42.354    7548.397       0.000       0.000
   365    12    31  2023     138       0  hru138               792.783      48.739      48.721      58.378      26.681      85.059     339.420     369.855      26.100     201.339     142.416      58.371      86.202     436.073     407.965     295.174      30.570       0.000       0.000       0.264     690.088       0.000       0.000       0.000       0.000       0.000       0.000       0.000      58.371       0.000       0.000      26.681       0.000       0.000       0.000      -1.474       3.521    1651.601       0.000       0.000
   365    12    31  2023     139       0  hru139               792.783      46.500      46.486       0.013     184.383     184.395      69.996     540.649      48.106     348.637     143.907       0.012      28.515     354.831     314.684     218.914      42.934       0.000       0.000       0.249     690.164       0.000       0.000       0.000       0.000       0.000       0.000       0.000       0.012       0.000       0.000     184.383       0.000       0.000       0.000      -2.106       0.001     488.000       0.000       0.000
   365    12    31  2023     140       0  hru140               792.783      46.507      46.492       0.000     249.820     249.820     131.476     527.703      48.386     343.782     135.535       0.000      29.850     346.914     294.832     191.424      26.951       0.000       0.000       0.249     690.165       0.000       0.000       0.000     113.331       0.000       0.000       0.000       0.000       0.000       0.000     249.820       0.000       0.000       0.000      -2.731       0.000     797.739       0.000       0.000
   365    12    31  2023     141       0  hru141               792.783      51.115      51.092      23.912     198.246     222.158     327.970     532.444       7.840     132.061     392.543      23.900      66.669     444.005     352.686     260.705      32.659       0.000       0.000       0.282     690.039       0.000       0.000      22.695     262.099       0.000       0.000       0.000      23.900       0.000       0.000     198.246       0.000       0.000       0.000      -4.790       4.160    1449.312       0.000       0.000
   365    12    31  2023     142       0  hru142               792.783      50.929      50.906       0.000     218.686     218.686      52.227     523.441      10.100     196.863     316.479       0.000      25.950     275.563     248.062     174.715      28.075       0.000       0.000       0.281     690.018       0.000       0.000       0.000       0.000       0.000       0.000       0.000       0.000       0.000       0.000     218.686       0.000       0.000       0.000      -1.442       0.000     698.322       0.000       0.000
   365    12    31  2023     143       0  hru143               792.783      51.185      51.162      70.788     527.434     598.221     488.406     563.740       6.915     123.894     432.930      70.767      72.866     520.462     376.438     306.355      34.871       0.000       0.000       0.282     690.037       0.000       0.000      44.645     804.515       0.000       0.000       0.000      70.767       0.000       0.000     527.434       0.000       0.000       0.000      -7.555       6.915    3855.901       0.000       0.000
   365    12    31  2023     144       0  hru144               792.783      50.831      50.808      15.387      26.115      41.502     262.174     504.165       8.424     139.170     356.572      15.381      68.260     434.478     331.409     261.768      28.250       0.000       0.000       0.280     690.044       0.000       0.000       3.773       5.735       0.000       0.000       0.000      15.381       0.000       0.000      26.115       0.000       0.000       0.000      -5.406       1.613     394.476       0.000       0.000
   365    12    31  2023     145       0  hru145               792.783      50.853      50.831       5.434      92.427      97.861     185.319     522.193      11.049     167.151     343.993       5.433      59.424     375.781     307.449     213.412      31.078       0.000       0.000       0.281     690.044       0.000       0.000       3.527       5.362       0.000       0.000       0.000       5.433       0.000       0.000      92.427       0.000       0.000       0.000      -3.584       0.926     675.704       0.000       0.000
   365    12    31  2023     146       0  hru146               792.783      50.498      50.475      54.334     124.057     178.391     451.967     555.315      11.918     179.634     363.763      54.310      77.864     538.798     420.860     333.244      32.455       0.000       0.000       0.279     690.022       0.000       0.000       0.000     386.097       0.000       0.000       0.000      54.310       0.000       0.000     124.057       0.000       0.000       0.000      -6.185       5.492    1873.929       0.000       0.000
   365    12    31  2023     147       0  hru147               792.783      51.125      51.102     102.918     210.163     313.081     512.105     564.842       7.214     193.395     364.233     102.907      79.804     594.492     512.009     356.402      37.081       0.000       0.000       0.282     690.039       0.000       0.000      23.556     568.567       0.000       0.000       0.000       0.000       0.000       0.000       0.000       0.000       0.000       0.000      -4.325       3.176    3174.585       0.000       0.000
   365    12    31  2023     148       0  hru148               792.783      48.522      48.503      95.231      57.375     152.606     253.455     552.650      23.190     250.606     278.854      95.226      81.684     417.970     350.977     250.348      27.101       0.000       0.000       0.266     690.136       0.000       0.000      75.423      86.686       0.000       0.000       0.000      95.226       0.000       0.000      57.375       0.000       0.000       0.000      -3.514       2.583    3551.608       0.000       0.000
   365    12    31  2023     149       0  hru149               792.783      46.037      46.024       3.059     325.949     329.008     145.570     497.333      49.990     307.708     139.636       3.059      31.404     378.215     284.607     203.285      29.098       0.000       0.000       0.248     690.201       0.000       0.000      84.224      89.666       0.000       0.000       0.000       3.059       0.000       0.000     325.949       0.000       0.000       0.000      -4.909       0.514    1040.840       0.000       0.000
   365    12    31  2023     150       0  hru150               792.783      47.081      47.069      11.105     286.900     298.005     366.170     450.489      37.387     286.599     126.503      11.091      65.941     443.610     359.641     229.231      31.882       0.000       0.000       0.256     690.127       0.000       0.000       0.000     317.258       0.000       0.000       0.000      11.091       0.000       0.000     286.900       0.000       0.000       0.000      -4.404       4.257    1650.638       0.000       0.000
   365    12    31  2023     151       0  hru151               792.783      48.438      48.425      32.686      89.887     122.573     357.914     395.253      26.133     245.675     123.446      32.646      74.958     454.862     385.029     301.257      29.162       0.000       0.000       0.264     690.101       0.000       0.000      17.648      61.220       0.000       0.000       0.000      32.646       0.000       0.000      89.887       0.000       0.000       0.000      -3.662      13.706    1357.777       0.000       0.000
   365    12    31  2023     152       0  hru152               792.783      50.298      50.277      22.588      57.322      79.911     292.525     498.678       8.855     194.133     295.690      22.586      70.120     436.481     383.826     273.357      27.410       0.000       0.000       0.278     690.112       0.000       0.000      10.556      64.837       0.000       0.000       0.000      22.586       0.000       0.000      57.322       0.000       0.000       0.000      -2.761       0.527     865.876       0.000       0.000
   365    12    31  2023     153       0  hru153               792.783      49.766      49.745      41.141      13.690      54.831     256.537     489.905      15.009     190.358     284.539      41.116      82.133     390.957     354.771     250.948      26.714       0.000       0.000       0.276     690.049       0.000       0.000       4.052       2.495       0.000       0.000       0.000      41.116       0.000       0.000      13.690       0.000       0.000       0.000      -1.898      17.172     847.438       0.000       0.000
   365    12    31  2023     154       0  hru154               792.783      49.447      49.426      47.723      14.665      62.388     264.215     492.907      16.372     195.901     280.634      47.686      82.414     398.835     356.340     254.104      26.690       0.000       0.000       0.274     690.044       0.000       0.000      14.042      10.395       0.000       0.000       0.000      47.686       0.000       0.000      14.665       0.000       0.000       0.000      -2.229      23.555     907.802       0.000       0.000
   365    12    31  2023     155       0  hru155               792.783      49.391      49.371     398.221      27.511     425.732     288.810     544.854      15.690     249.674     279.490     398.178      82.813     455.822     361.760     264.595      27.365       0.000       0.000       0.273     690.127       0.000       0.000     407.290      54.184       0.000       0.000       0.000     398.178       0.000       0.000      27.511       0.000       0.000       0.000      -4.934      25.703    1702.955       0.000       0.000
   365    12    31  2023     156       0  hru156               792.783      50.155      50.133       0.009     403.887     403.895      69.888     558.403      10.447     268.935     279.021       0.008      27.118     298.492     258.634     181.757      28.052       0.000       0.000       0.278     690.114       0.000       0.000      14.232     222.729       0.000       0.000       0.000       0.008       0.000       0.000     403.887       0.000       0.000       0.000      -2.090       0.000    1289.716       0.000       0.000
   365    12    31  2023     157       0  hru157               792.783      50.730      50.708      11.334      35.844      47.178     257.075     491.168       7.807     186.776     296.586      11.323      67.862     422.066     373.813     259.889      26.989       0.000       0.000       0.280     690.039       0.000       0.000       0.000       0.000       0.000       0.000       0.000      11.323       0.000       0.000      35.844       0.000       0.000       0.000      -2.531       3.716     541.431       0.000       0.000
   365    12    31  2023     158       0  hru158               792.783      49.926      49.906       8.890      60.510      69.400     226.880     498.533      13.029     241.009     244.495       8.887      65.766     402.184     365.312     247.307      26.127       0.000       0.000       0.276     690.107       0.000       0.000       0.000       0.000       0.000       0.000       0.000       8.887       0.000       0.000      60.509       0.000       0.000       0.000      -1.934       1.496     914.018       0.000       0.000
   365    12    31  2023     159       0  hru159               792.783      49.346      49.327      73.228      50.499     123.727     238.260     559.535      18.300     283.247     257.987      73.223      80.730     430.521     332.651     242.525      27.003       0.000       0.000       0.274     690.126       0.000       0.000      53.545      69.674       0.000       0.000       0.000      73.223       0.000       0.000      50.499       0.000       0.000       0.000      -5.133       2.154    3125.978       0.000       0.000
   365    12    31  2023     160       0  hru160               792.783      51.311      51.288       0.706     347.867     348.574     148.399     491.715       4.418     139.554     347.743       0.706      32.029     353.922     298.835     217.897      29.206       0.000       0.000       0.283     690.022       0.000       0.000      24.702     168.132       0.000       0.000       0.000       0.706       0.000       0.000     347.867       0.000       0.000       0.000      -2.889       0.047    1110.832       0.000       0.000
   365    12    31  2023     161       0  hru161               792.783      51.097      51.074      18.911     700.509     719.420     308.585     568.859      12.150     202.151     354.557      18.910      41.274     483.149     354.077     258.683      31.101       0.000       0.000       0.281     690.024       0.000       0.000      25.495     771.318       0.000      18.910       0.000       0.000     700.509       0.000       0.000       0.000       0.000       0.000      -6.769       2.340    2236.909       0.000       0.000
   365    12    31  2023     162       0  hru162               792.783      48.278      48.264      34.930     139.805     174.735     420.319     361.869      29.583     214.662     117.625      34.906      78.512     478.395     454.282     325.833      31.325       0.000       0.000       0.262     690.079       0.000       0.000       0.000     162.665       0.000       0.000       0.000      34.906       0.000       0.000     139.805       0.000       0.000       0.000      -1.264       7.247    2111.800       0.000       0.000
   365    12    31  2023     163       0  hru163               792.783      47.882      47.866       0.014     210.810     210.824     133.432     544.782      82.351     445.397      17.034       0.014      29.960     348.401     292.960     189.501      26.876       0.000       0.000       0.260     690.102       0.000       0.000       1.314      91.887       0.000       0.000       0.000       0.014       0.000       0.000     210.810       0.000       0.000       0.000      -2.908       0.019     673.171       0.000       0.000
   365    12    31  2023     164       0  hru164               792.783      47.882      47.866       0.000     383.752     383.753      52.911     567.902      82.352     464.201      21.349       0.000      27.397     346.530     322.381     244.711      65.695       0.000       0.000       0.260     690.095       0.000       0.000       0.000     210.402       0.000       0.000       0.000       0.000     383.752       0.000       0.000       0.000       0.000       0.000      -1.267       0.000     308.799       0.000       0.000
   365    12    31  2023     165       0  hru165               792.783      47.882      47.866      24.404     658.886     683.289     307.049     566.253      82.350     457.917      25.986      24.325      64.716     379.775     349.849     210.554      30.998       0.000       0.000       0.260     690.107       0.000       0.000     721.444      40.632       0.000       0.000       0.000      24.325       0.000       0.000     658.886       0.000       0.000       0.000      -1.569      24.256    2254.275       0.000       0.000
   365    12    31  2023     166       0  hru166               792.783      47.882      47.866    1573.576    2765.865    4339.440    1453.496     610.408      82.351     462.689      65.368    1572.413      84.856     728.814     728.814     556.354      77.951       0.000       0.000       0.260     690.103       0.000       0.000     348.254    5261.070       0.000       0.000       0.000    1572.413       0.000       0.000    2765.865       0.000       0.000       0.000       0.000    1363.388    8832.134       0.000       0.000
   365    12    31  2023     167       0  hru167               792.783      47.883      47.867      17.431     521.558     538.989     232.583     565.396      82.349     463.135      19.912      17.431      36.112     418.971     297.274     224.375      28.217       0.000       0.000       0.260     690.115       0.000       0.000      63.583     473.756       0.000       0.000       0.000      17.431       0.000       0.000     521.558       0.000       0.000       0.000      -6.383      22.744    1665.471       0.000       0.000
   365    12    31  2023     168       0  hru168               792.783      47.883      47.867       1.842     105.652     107.494     145.361     543.710      82.348     445.151      16.211       1.842      56.219     353.085     284.551     189.078      29.264       0.000       0.000       0.260     690.120       0.000       0.000       0.000       0.000       0.000       0.000       0.000       1.842       0.000       0.000     105.652       0.000       0.000       0.000      -3.595       1.669     772.385       0.000       0.000
   365    12    31  2023     169       0  hru169               792.783      47.883      47.867      19.662     253.464     273.125     259.913     555.345      82.348     454.319      18.678      19.646      61.960     411.587     340.749     226.385      30.155       0.000       0.000       0.260     690.122       0.000       0.000      19.480     272.157       0.000       0.000       0.000      19.646       0.000       0.000     253.464       0.000       0.000       0.000      -3.715      29.424    1852.993       0.000       0.000
   365    12    31  2023     170       0  hru170               792.783      47.883      47.867       0.000     196.869     196.869      60.537     537.242      82.349     438.697      16.196       0.000      25.872     286.743     254.263     165.898      26.564       0.000       0.000       0.260     690.116       0.000       0.000       0.000       0.000       0.000       0.000       0.000       0.000       0.000       0.000     196.869       0.000       0.000       0.000      -1.704       0.000     628.654       0.000       0.000
   365    12    31  2023     171       0  hru171               792.783      46.157      46.143       4.025     647.447     651.472     228.655     555.693      52.999     356.331     146.363       4.024      36.096     392.907     321.829     227.143      29.095       0.000       0.000       0.247     690.174       0.000       0.000      18.348     620.645       0.000       0.000       0.000       4.024       0.000       0.000     647.447       0.000       0.000       0.000      -3.727       1.227    2067.469       0.000       0.000
   365    12    31  2023     172       0  hru172               792.783      47.086      47.070      90.106    1641.493    1731.599     708.143     585.801      43.359     382.930     159.511      90.099      61.508     584.350     424.914     365.513      38.699       0.000       0.000       0.253     690.142       0.000       0.000      17.727    2205.850       0.000       0.000       0.000      90.099       0.000       0.000    1641.493       0.000       0.000       0.000      -8.361       5.849    5241.718       0.000       0.000
   365    12    31  2023     173       0  hru173               792.783      46.186      46.172       2.915     233.346     236.262     152.123     543.026      52.103     348.604     142.318       2.915      56.244     318.715     256.080     153.700      26.945       0.000       0.000       0.247     690.174       0.000       0.000       1.632     133.546       0.000       0.000       0.000       2.915       0.000       0.000     233.346       0.000       0.000       0.000      -3.285       0.212     798.358       0.000       0.000
   365    12    31  2023     174       0  hru174               792.783      47.537      47.521       4.993     428.344     433.336     198.880     432.618      38.450     243.449     150.719       4.993      60.487     326.700     276.866     182.020      30.192       0.000       0.000       0.256     690.114       0.000       0.000       3.134     266.130       0.000       0.000       0.000       4.993       0.000       0.000     428.344       0.000       0.000       0.000      -2.614       0.414    1465.511       0.000       0.000
   365    12    31  2023     175       0  hru175               792.783      48.340      48.325       3.770     360.870     364.641     202.573     364.125      29.049     215.014     120.061       3.770      61.364     308.555     273.108     187.752      30.179       0.000       0.000       0.264     690.094       0.000       0.000       2.234     134.386       0.000       0.000       0.000       3.770       0.000       0.000     360.870       0.000       0.000       0.000      -1.859       0.526    1234.662       0.000       0.000
   365    12    31  2023     176       0  hru176               792.783      49.079      49.062       7.146     940.830     947.976     366.753     377.755      22.630     225.597     129.528       7.145      45.903     477.556     409.362     282.472      32.884       0.000       0.000       0.266     690.031       0.000       0.000      16.068     879.737       0.000       0.000       0.000       7.145       0.000       0.000     940.830       0.000       0.000       0.000      -3.576       0.507    3004.316       0.000       0.000
   365    12    31  2023     177       0  hru177               792.783      47.883      47.867       1.705     141.102     142.808     135.496     543.735      82.349     444.750      16.635       1.705      55.848     345.957     281.110     186.669      29.387       0.000       0.000       0.260     690.115       0.000       0.000       0.524      25.080       0.000       0.000       0.000       1.705       0.000       0.000     141.102       0.000       0.000       0.000      -3.401       1.918    1031.552       0.000       0.000
   365    12    31  2023     178       0  hru178               792.783      47.883      47.867       2.034      97.377      99.411     152.786     544.486      82.348     445.968      16.169       2.034      56.565     357.345     286.238     191.322      29.263       0.000       0.000       0.260     690.118       0.000       0.000       0.000       0.000       0.000       0.000       0.000       2.034       0.000       0.000      97.377       0.000       0.000       0.000      -3.730       1.877     711.893       0.000       0.000
   365    12    31  2023     179       0  hru179               792.783      47.882      47.866       0.000     173.721     173.721      56.109     565.244      82.352     462.934      19.959       0.000      27.119     366.209     323.953     237.644      64.493       0.000       0.000       0.260     690.096       0.000       0.000       0.000       0.000       0.000       0.000       0.000       0.000       0.000       0.000     173.721       0.000       0.000       0.000      -2.216       0.000     139.790       0.000       0.000
   365    12    31  2023     180       0  hru180               792.783      48.085      48.071       0.020     352.819     352.839     125.530     366.300      32.916     179.112     154.271       0.020      31.344     322.537     269.680     213.165      34.078       0.000       0.000       0.261     690.121       0.000       0.000      35.907      12.974       0.000       0.000       0.000       0.020       0.000       0.000     352.819       0.000       0.000       0.000      -2.773       0.008    1055.165       0.000       0.000
   365    12    31  2023     181       0  hru181               792.783      50.614      50.593       5.885     353.986     359.872     219.735     506.535       8.196     182.631     315.708       5.885      60.811     347.739     300.679     186.242      28.296       0.000       0.000       0.280     690.030       0.000       0.000       2.404     288.383       0.000       0.000       0.000       5.885       0.000       0.000     353.986       0.000       0.000       0.000      -2.468       0.498    1211.109       0.000       0.000
   365    12    31  2023     182       0  hru182               792.783      50.616      50.594       0.000     198.743     198.743     108.473     487.238       7.721     173.076     306.441       0.000      29.550     318.370     287.735     204.057      27.518       0.000       0.000       0.279     690.021       0.000       0.000       0.000       0.000       0.000       0.000       0.000       0.000       0.000       0.000     198.743       0.000       0.000       0.000      -1.607       0.000     634.638       0.000       0.000
   365    12    31  2023     183       0  hru183               792.783      50.334      50.313       0.000     160.688     160.688      90.112     544.430      11.827     256.838     275.765       0.000      27.424     320.355     275.810     180.306      27.314       0.000       0.000       0.277     690.033       0.000       0.000       0.000       0.000       0.000       0.000       0.000       0.000       0.000       0.000     160.688       0.000       0.000       0.000      -2.336       0.000     513.117       0.000       0.000
   365    12    31  2023     184       0  hru184               792.783      50.049      50.027     124.142      57.422     181.564     199.015     545.773      13.617     254.755     277.401     124.134      78.771     405.476     330.590     223.547      27.195       0.000       0.000       0.275     690.052       0.000       0.000     120.889       8.352       0.000       0.000       0.000     124.134       0.000       0.000      57.422       0.000       0.000       0.000      -3.928       5.722    3554.487       0.000       0.000
   365    12    31  2023     185       0  hru185               792.783      49.969      49.946       8.406      39.069      47.475     193.496     556.064      13.950     278.927     263.187       8.404      63.004     404.487     326.126     228.979      26.681       0.000       0.000       0.271     690.079       0.000       0.000       0.000       0.000       0.000       0.000       0.000       8.404       0.000       0.000      39.069       0.000       0.000       0.000      -4.110       0.710     590.148       0.000       0.000
   365    12    31  2023     186       0  hru186               792.783      51.311      51.288     217.031      28.873     245.904     280.567     506.409       6.872     145.456     354.081     216.997      82.852     450.852     361.440     263.385      28.594       0.000       0.000       0.283     690.053       0.000       0.000     208.215      26.995       0.000       0.000       0.000     216.997       0.000       0.000      28.873       0.000       0.000       0.000      -4.690      18.985    1787.257       0.000       0.000
   365    12    31  2023     187       0  hru187               792.783      51.311      51.288      37.531      15.632      53.162     240.584     502.426      11.306     149.048     342.071      37.523      81.248     410.205     347.240     245.516      28.067       0.000       0.000       0.283     690.055       0.000       0.000       0.000       0.000       0.000       0.000       0.000      37.523       0.000       0.000      15.632       0.000       0.000       0.000      -3.303       3.447     967.619       0.000       0.000
   365    12    31  2023     188       0  hru188               792.783      51.311      51.288      65.249      23.056      88.304     247.515     510.446       8.063     157.690     344.693      65.239      81.609     406.524     358.603     248.597      28.122       0.000       0.000       0.283     690.059       0.000       0.000      39.044      11.845       0.000       0.000       0.000      65.239       0.000       0.000      23.056       0.000       0.000       0.000      -2.514       5.492    1427.171       0.000       0.000
   365    12    31  2023     189       0  hru189               792.783      51.311      51.288     159.079      42.566     201.645     264.211     517.216       8.223     177.459     331.534     159.065      82.213     432.770     362.949     256.288      28.266       0.000       0.000       0.283     690.057       0.000       0.000     156.171      30.255       0.000       0.000       0.000     159.065       0.000       0.000      42.566       0.000       0.000       0.000      -3.662       7.509    2634.874       0.000       0.000
   365    12    31  2023     190       0  hru190               792.783      51.205      51.183      14.742      77.924      92.666     242.949     498.656       7.190     180.807     310.659      14.741      67.183     416.031     363.626     255.542      28.231       0.000       0.000       0.283     690.045       0.000       0.000      11.542      26.980       0.000       0.000       0.000      14.741       0.000       0.000      77.924       0.000       0.000       0.000      -2.748       0.189    1177.065       0.000       0.000
   365    12    31  2023     191       0  hru191               792.783      49.945      49.922     152.702      60.560     213.262     269.329     535.226      17.469     205.147     312.610     152.697      82.469     424.095     367.376     257.951      27.717       0.000       0.000       0.275     690.069       0.000       0.000     138.450      83.414       0.000       0.000       0.000     152.697       0.000       0.000      60.560       0.000       0.000       0.000      -2.975       3.134    3748.715       0.000       0.000
   365    12    31  2023     192       0  hru192               792.783      49.938      49.916     108.090      57.493     165.582     220.199     548.134      15.191     251.434     281.510     108.086      79.845     406.217     329.937     233.696      27.119       0.000       0.000       0.273     690.061       0.000       0.000      97.904      38.827       0.000       0.000       0.000     108.086       0.000       0.000      57.493       0.000       0.000       0.000      -4.001       2.597    3558.872       0.000       0.000
   365    12    31  2023     193       0  hru193               792.783      46.114      46.100      30.443      38.172      68.615     360.625     456.017      55.558     252.902     147.557      30.431      74.293     477.478     317.595     297.783      30.239       0.000       0.000       0.247     690.186       0.000       0.000       4.653      79.153       0.000       0.000       0.000      30.431       0.000       0.000      38.172       0.000       0.000       0.000      -8.385       3.372     576.607       0.000       0.000
   365    12    31  2023     194       0  hru194               792.783      51.311      51.288      25.594      79.570     105.164     268.858     501.997      12.005     146.383     343.610      25.582      68.846     435.675     381.751     265.706      28.635       0.000       0.000       0.283     690.048       0.000       0.000      44.472      35.654       0.000       0.000       0.000      25.582       0.000       0.000      79.570       0.000       0.000       0.000      -2.828       4.199    1201.932       0.000       0.000
   365    12    31  2023     195       0  hru195               792.783      51.310      51.287      34.574      17.383      51.957     228.962     515.029      11.563     195.901     307.565      34.568      80.521     397.694     339.237     239.452      27.715       0.000       0.000       0.283     690.059       0.000       0.000       0.000       0.000       0.000       0.000       0.000      34.568       0.000       0.000      17.383       0.000       0.000       0.000      -3.066       2.552    1076.047       0.000       0.000
   365    12    31  2023     196       0  hru196               792.783      51.311      51.288      31.687      41.903      73.590     208.539     513.783      11.231     190.653     311.899      31.683      79.635     389.964     334.855     230.467      27.825       0.000       0.000       0.283     690.058       0.000       0.000       0.000       0.000       0.000       0.000       0.000      31.683       0.000       0.000      41.903       0.000       0.000       0.000      -2.891       1.853    2593.852       0.000       0.000
   365    12    31  2023     197       0  hru197               792.783      51.310      51.287       0.000     215.063     215.063      33.601     545.308      23.564     190.819     330.926       0.000      25.525     339.993     318.903     241.775      67.336       0.000       0.000       0.283     690.014       0.000       0.000       0.000       0.000       0.000       0.000       0.000       0.000      75.029       0.000     140.034       0.000       0.000       0.000      -1.106       0.000     173.057       0.000       0.000
   365    12    31  2023     198       0  hru198               792.783      50.981      50.958      27.568    1159.727    1187.295     433.997     582.450      13.444     224.423     344.582      27.560      48.469     521.681     352.821     295.658      32.969       0.000       0.000       0.279     690.036       0.000       0.000      42.630    1358.617       0.000       0.000       0.000      27.560       0.000       0.000    1159.727       0.000       0.000       0.000      -8.856       2.357    3703.314       0.000       0.000
   365    12    31  2023     199       0  hru199               792.783      51.072      51.049      82.747      21.679     104.426     269.566     527.636      10.376     223.069     294.191      82.737      82.086     440.055     369.651     256.344      27.716       0.000       0.000       0.282     690.063       0.000       0.000      72.087      32.947       0.000       0.000       0.000      82.737       0.000       0.000      21.679       0.000       0.000       0.000      -3.693       4.366    1341.943       0.000       0.000
   365    12    31  2023     200       0  hru200               792.783      51.007      50.984      56.949      17.296      74.245     239.617     525.550      10.839     225.043     289.668      56.942      80.657     417.414     345.585     241.938      27.531       0.000       0.000       0.282     690.058       0.000       0.000      29.033      13.738       0.000       0.000       0.000      56.942       0.000       0.000      17.296       0.000       0.000       0.000      -3.768       3.477    1070.633       0.000       0.000
   365    12    31  2023     201       0  hru201               792.783      51.125      51.102       0.000     372.468     372.468      82.939     488.600       6.186     164.964     317.450       0.000      28.563     296.863     268.539     198.314      28.211       0.000       0.000       0.282     690.054       0.000       0.000       0.000     149.590       0.000       0.000       0.000       0.000       0.000       0.000     372.468       0.000       0.000       0.000      -1.485       0.000    1189.388       0.000       0.000
   365    12    31  2023     202       0  hru202               792.783      51.172      51.149       7.629      77.523      85.152     192.759     518.246       9.945     180.712     327.590       7.629      63.735     398.580     338.019     234.646      27.738       0.000       0.000       0.282     690.064       0.000       0.000       0.000       0.000       0.000       0.000       0.000       7.629       0.000       0.000      77.523       0.000       0.000       0.000      -3.176       0.177    1171.011       0.000       0.000
   365    12    31  2023     203       0  hru203               792.783      50.366      50.343       0.000     295.851     295.852      56.526     542.984      11.713     247.149     284.122       0.000      26.077     281.062     252.516     174.361      27.732       0.000       0.000       0.270     690.060       0.000       0.000       0.000     100.884       0.000       0.000       0.000       0.000       0.000       0.000     295.854       0.000       0.000       0.000      -1.497       0.000     944.731       0.000       0.000
   365    12    31  2023     204       0  hru204               792.783      51.137      51.114      34.544      50.816      85.360     205.432     528.484      12.773     193.577     322.133      34.542      79.471     398.219     323.780     228.916      27.865       0.000       0.000       0.282     690.058       0.000       0.000       6.668      15.589       0.000       0.000       0.000      34.542       0.000       0.000      50.816       0.000       0.000       0.000      -3.904       0.996    3145.587       0.000       0.000
   365    12    31  2023     205       0  hru205               792.783      46.230      46.221       0.850     317.116     317.966      72.868     403.291      52.041     242.100     109.150       0.850      54.513     225.216     201.477     145.377      28.930       0.000       0.000       0.250     690.200       0.000       0.000       0.000       0.000       0.000       0.000       0.000       0.850       0.000       0.000     317.116       0.000       0.000       0.000      -1.245       0.015    1084.964       0.000       0.000
   365    12    31  2023     206       0  hru206               792.783      46.343      46.334      17.006      51.526      68.532     316.112     410.683      51.244     246.878     112.561      17.004      72.379     444.240     399.299     284.367      29.304       0.000       0.000       0.251     690.176       0.000       0.000       0.000       0.000       0.000       0.000       0.000      17.004       0.000       0.000      51.526       0.000       0.000       0.000      -2.357       0.611     778.319       0.000       0.000
   365    12    31  2023     207       0  hru207               792.783      50.724      50.701      22.750     688.264     711.014     291.186     535.632      10.274     238.035     287.323      22.744      40.030     515.974     344.575     254.666      29.571       0.000       0.000       0.280     690.028       0.000       0.000      31.930     703.378       0.000       0.000       0.000      22.744       0.000       0.000     688.264       0.000       0.000       0.000      -8.989       2.924    2197.807       0.000       0.000
   365    12    31  2023     208       0  hru208               792.783      50.636      50.613      32.802     378.816     411.619     422.410     559.395      10.108     155.688     393.599      32.789      70.124     498.877     358.962     286.558      33.396       0.000       0.000       0.280     690.040       0.000       0.000      11.717     580.946       0.000       0.000       0.000      32.789       0.000       0.000     378.816       0.000       0.000       0.000      -7.339       3.516    2769.406       0.000       0.000
   365    12    31  2023     209       0  hru209               792.783      51.042      51.019      24.772      40.542      65.315     269.546     515.687       7.925     149.155     358.607      24.740      68.718     439.026     365.962     265.014      28.493       0.000       0.000       0.282     690.053       0.000       0.000      24.949      28.773       0.000       0.000       0.000      24.740       0.000       0.000      40.542       0.000       0.000       0.000      -3.832      11.764     612.408       0.000       0.000
   365    12    31  2023     210       0  hru210               792.783      50.871      50.849      31.702      67.713      99.414     319.086     539.544       8.340     186.696     344.507      31.690      71.718     457.149     413.739     284.186      29.233       0.000       0.000       0.281     690.052       0.000       0.000     142.374      20.397       0.000       0.000       0.000      31.690       0.000       0.000      67.713       0.000       0.000       0.000      -2.276       2.657    1022.828       0.000       0.000
   365    12    31  2023     211       0  hru211               792.783      51.089      51.066      39.022      27.655      66.677     278.347     530.109       8.471     193.259     328.379      38.997      69.013     450.398     363.222     267.309      28.468       0.000       0.000       0.282     690.042       0.000       0.000      54.527      23.085       0.000       0.000       0.000      38.997       0.000       0.000      27.655       0.000       0.000       0.000      -4.572       8.529     417.741       0.000       0.000
   365    12    31  2023     212       0  hru212               792.783      51.283      51.260       2.916     247.558     250.474     154.153     517.514       6.230     186.641     324.643       2.916      57.116     310.044     259.347     162.346      28.479       0.000       0.000       0.283     690.038       0.000       0.000       0.928     125.646       0.000       0.000       0.000       2.916       0.000       0.000     247.558       0.000       0.000       0.000      -2.659       0.327     846.982       0.000       0.000
   365    12    31  2023     213       0  hru213               792.783      50.648      50.625      37.125      15.048      52.173     220.194     539.959      10.732     257.701     271.526      37.118      79.561     392.904     341.693     231.464      27.044       0.000       0.000       0.280     690.060       0.000       0.000       3.498      13.288       0.000       0.000       0.000      37.118       0.000       0.000      15.048       0.000       0.000       0.000      -2.686       3.330     931.493       0.000       0.000
   365    12    31  2023     214       0  hru214               792.783      50.495      50.472      10.748      29.807      40.555     230.377     526.696      11.459     198.196     317.041      10.744      65.927     418.608     328.795     247.630      27.592       0.000       0.000       0.280     690.054       0.000       0.000       0.000       0.000       0.000       0.000       0.000      10.744       0.000       0.000      29.807       0.000       0.000       0.000      -4.710       1.117     450.251       0.000       0.000
   365    12    31  2023     215       0  hru215               792.783      50.437      50.414      11.039      25.676      36.716     233.510     527.021      12.124     201.048     313.849      11.035      66.056     423.956     341.034     248.657      27.520       0.000       0.000       0.279     690.060       0.000       0.000       0.000       0.000       0.000       0.000       0.000      11.035       0.000       0.000      25.676       0.000       0.000       0.000      -4.349       1.127     387.851       0.000       0.000
   365    12    31  2023     216       0  hru216               792.783      50.942      50.919      10.213      38.801      49.014     225.327     521.392       7.471     192.941     320.980      10.211      65.776     415.850     362.003     247.043      27.552       0.000       0.000       0.281     690.060       0.000       0.000       0.000       0.000       0.000       0.000       0.000      10.211       0.000       0.000      38.801       0.000       0.000       0.000      -2.824       0.648     586.104       0.000       0.000
   365    12    31  2023     217       0  hru217               792.783      50.319      50.297      52.008      61.989     113.997     294.401     545.672      17.225     209.112     319.335      51.992      69.880     471.496     377.514     273.922      28.548       0.000       0.000       0.279     690.057       0.000       0.000      52.286     103.719       0.000       0.000       0.000      51.992       0.000       0.000      61.989       0.000       0.000       0.000      -4.929       3.766     936.362       0.000       0.000
   365    12    31  2023     218       0  hru218               792.783      50.733      50.711       8.719      53.555      62.274     201.619     533.805       9.009     227.083     297.713       8.718      63.934     416.785     328.168     235.404      27.217       0.000       0.000       0.280     690.053       0.000       0.000       0.000       0.000       0.000       0.000       0.000       8.718       0.000       0.000      53.555       0.000       0.000       0.000      -4.648       0.150     808.969       0.000       0.000
   365    12    31  2023     219       0  hru219               792.783      50.667      50.644      11.272      21.089      32.361     238.517     527.016       7.157     204.014     315.845      11.266      66.363     423.624     328.146     249.687      27.586       0.000       0.000       0.280     690.046       0.000       0.000       0.000       0.000       0.000       0.000       0.000      11.266       0.000       0.000      21.089       0.000       0.000       0.000      -5.008       1.754     318.560       0.000       0.000
   365    12    31  2023     220       0  hru220               792.783      50.370      50.347      43.171      13.097      56.269     210.164     554.040      11.025     283.606     259.409      43.161      79.022     403.144     322.858     226.413      26.593       0.000       0.000       0.277     690.064       0.000       0.000      16.627       6.740       0.000       0.000       0.000      43.161       0.000       0.000      13.097       0.000       0.000       0.000      -4.211       4.854     810.744       0.000       0.000
   365    12    31  2023     221       0  hru221               792.783      47.186      47.171       0.237     243.095     243.332     138.496     480.030      38.955     317.257     123.818       0.236      34.872     421.985     335.450     278.289      69.405       0.000       0.000       0.253     690.092       0.000       0.000       0.857      63.592       0.000       0.236       0.000       0.000     243.095       0.000       0.000       0.000       0.000       0.000      -4.539       0.086     195.615       0.000       0.000
   365    12    31  2023     222       0  hru222               792.783      50.277      50.257    2662.142     432.903    3095.045    1056.757     651.690      10.651     239.864     401.175    2661.977      94.573     632.597     632.597     551.427     101.398       0.000       0.000       0.278     690.030       0.000       0.000       0.232    4009.981       0.000       0.000       0.000    2661.977       0.000       0.000     432.903       0.000       0.000       0.000       0.003     354.703    6539.145       0.000       0.000
   365    12    31  2023     223       0  hru223               792.783      50.989      50.966      15.814      38.162      53.975     280.653     477.424       6.688     147.458     323.278      15.810      69.484     416.950     378.972     269.446      27.661       0.000       0.000       0.281     690.018       0.000       0.000       5.018      12.200       0.000       0.000       0.000      15.810       0.000       0.000      38.162       0.000       0.000       0.000      -1.991       1.570     576.449       0.000       0.000
   365    12    31  2023     224       0  hru224               792.783      50.136      50.115       0.000     237.253     237.253      72.208     484.795      11.706     196.644     276.445       0.000      27.807     287.114     260.779     193.895      27.102       0.000       0.000       0.277     690.055       0.000       0.000       0.000       0.000       0.000       0.000       0.000       0.000       0.000       0.000     237.253       0.000       0.000       0.000      -1.381       0.000     757.610       0.000       0.000
   365    12    31  2023     225       0  hru225               792.783      50.704      50.682       4.178     232.325     236.502      84.168     532.663       9.818     229.408     293.437       4.177      53.533     258.867     221.460     138.516      27.624       0.000       0.000       0.280     690.043       0.000       0.000      24.187      34.283       0.000       0.000       0.000       4.177       0.000       0.000     232.325       0.000       0.000       0.000      -1.962       0.364     794.863       0.000       0.000
   365    12    31  2023     226       0  hru226               792.783      50.487      50.464      39.870      45.823      85.693     197.047     538.638      10.593     241.873     286.172      39.866      78.876     390.802     338.693     223.280      27.105       0.000       0.000       0.279     690.059       0.000       0.000      15.640       9.990       0.000       0.000       0.000      39.866       0.000       0.000      45.823       0.000       0.000       0.000      -2.733       1.699    2836.524       0.000       0.000
   365    12    31  2023     227       0  hru227               792.783      50.959      50.936       4.595     299.449     304.044      99.389     530.314       8.181     205.729     316.404       4.595      54.363     272.767     233.879     143.733      28.266       0.000       0.000       0.282     690.035       0.000       0.000      16.562     122.211       0.000       0.000       0.000       4.595       0.000       0.000     299.449       0.000       0.000       0.000      -2.040       0.426    1024.518       0.000       0.000
   365    12    31  2023     228       0  hru228               792.783      49.913      49.892      10.668      47.925      58.593     254.693     481.399      14.846     197.226     269.327      10.667      67.732     406.860     371.678     258.654      26.545       0.000       0.000       0.277     690.015       0.000       0.000       0.000       0.000       0.000       0.000       0.000      10.667       0.000       0.000      47.925       0.000       0.000       0.000      -1.845       0.316     723.917       0.000       0.000
   365    12    31  2023     229       0  hru229               792.783      50.442      50.419       0.000     206.778     206.778     109.579     478.063      11.585     178.691     287.786       0.000      29.577     317.092     287.116     203.839      27.355       0.000       0.000       0.279     690.026       0.000       0.000       0.000       0.000       0.000       0.000       0.000       0.000       0.000       0.000     206.778       0.000       0.000       0.000      -1.572       0.000     660.296       0.000       0.000
   365    12    31  2023     230       0  hru230               792.783      49.339      49.316       1.499     147.605     149.104     106.145     539.269      20.227     285.650     233.392       1.498      53.742     277.766     245.771     137.995      26.355       0.000       0.000       0.265     690.035       0.000       0.000       0.000       0.000       0.000       0.000       0.000       1.498       0.000       0.000     147.605       0.000       0.000       0.000      -1.678       0.100     505.009       0.000       0.000
   365    12    31  2023     231       0  hru231               792.783      50.231      50.212      29.004      60.612      89.616     302.546     494.296       9.568     190.498     294.229      28.990      70.753     435.939     392.307     277.151      27.424       0.000       0.000       0.277     690.031       0.000       0.000      21.922      69.329       0.000       0.000       0.000      28.990       0.000       0.000      60.612       0.000       0.000       0.000      -2.288       5.278     915.572       0.000       0.000
   365    12    31  2023     232       0  hru232               792.783      50.428      50.406       0.000     183.875     183.876      61.933     548.806      10.588     267.512     270.706       0.000      25.979     292.007     259.632     171.176      27.134       0.000       0.000       0.279     690.072       0.000       0.000       0.000       0.000       0.000       0.000       0.000       0.000       0.000       0.000     183.875       0.000       0.000       0.000      -1.698       0.000     587.163       0.000       0.000
   365    12    31  2023     233       0  hru233               792.783      50.450      50.428       0.000     176.135     176.136      67.783     550.873      10.675     268.793     271.405       0.000      26.220     299.770     263.951     172.362      27.139       0.000       0.000       0.279     690.071       0.000       0.000       0.000       0.000       0.000       0.000       0.000       0.000       0.000       0.000     176.135       0.000       0.000       0.000      -1.878       0.000     562.446       0.000       0.000
   365    12    31  2023     234       0  hru234               792.783      50.636      50.614       0.000     243.813     243.814      61.837     488.469       9.590     173.242     305.637       0.000      27.338     276.808     253.219     191.496      27.340       0.000       0.000       0.279     690.070       0.000       0.000       0.000       0.000       0.000       0.000       0.000       0.000       0.000       0.000     243.813       0.000       0.000       0.000      -1.237       0.000     778.560       0.000       0.000
   365    12    31  2023     235       0  hru235               792.783      50.179      50.157      81.628      61.487     143.115     251.310     557.123      12.820     258.615     285.688      81.623      81.151     433.820     342.657     248.207      27.444       0.000       0.000       0.278     690.080       0.000       0.000      58.790      94.807       0.000       0.000       0.000      81.623       0.000       0.000      61.487       0.000       0.000       0.000      -4.781       2.336    3806.117       0.000       0.000
   365    12    31  2023     236       0  hru236               792.783      49.846      49.824      26.328      32.747      59.075     173.931     563.962      15.720     307.711     240.531      26.323      77.337     385.185     310.687     209.942      26.279       0.000       0.000       0.277     690.073       0.000       0.000       0.000       0.000       0.000       0.000       0.000      26.323       0.000       0.000      32.747       0.000       0.000       0.000      -3.907       2.090    2027.060       0.000       0.000
   365    12    31  2023     237       0  hru237               792.783      50.002      49.980       0.000     237.113     237.113      70.070     487.060      13.216     211.674     262.171       0.000      27.653     285.620     259.537     192.738      26.836       0.000       0.000       0.277     690.071       0.000       0.000       0.000       0.000       0.000       0.000       0.000       0.000       0.000       0.000     237.113       0.000       0.000       0.000      -1.368       0.000     757.164       0.000       0.000
   365    12    31  2023     238       0  hru238               792.783      50.237      50.215      28.083      25.617      53.700     182.891     560.050      13.852     310.884     235.314      28.079      77.617     388.843     318.970     213.201      26.197       0.000       0.000       0.276     690.055       0.000       0.000       0.000       0.000       0.000       0.000       0.000      28.079       0.000       0.000      25.617       0.000       0.000       0.000      -3.665       1.455    1585.720       0.000       0.000
   365    12    31  2023     239       0  hru239               792.783      47.883      47.867       5.228     397.957     403.186     222.328     537.546      82.350     435.009      20.187       5.228      59.467     355.879     298.090     175.648      27.451       0.000       0.000       0.260     690.109       0.000       0.000       4.229     362.840       0.000       0.000       0.000       5.228       0.000       0.000     397.957       0.000       0.000       0.000      -3.031       0.451    1361.550       0.000       0.000
   365    12    31  2023     240       0  hru240               792.783      47.882      47.866      58.955    4441.890    4500.846     267.724     577.035      82.350     461.566      33.119      58.954      45.762     556.691     456.816     280.281      49.847       0.000       0.000       0.260     690.106       0.000       0.000       0.007    4542.710       0.000       0.000       0.000      58.954       0.000       0.000    4441.890       0.000       0.000       0.000      -5.238       0.284   11756.191       0.000       0.000
   365    12    31  2023     241       0  hru241               792.783      47.883      47.867       0.008     247.014     247.022      47.208     561.397      82.349     459.977      19.071       0.008      27.124     330.242     296.213     214.329      44.306       0.000       0.000       0.260     690.117       0.000       0.000      35.353      25.452       0.000       0.008       0.000       0.000     247.014       0.000       0.000       0.000       0.000       0.000      -1.785       0.004     653.762       0.000       0.000
   365    12    31  2023     242       0  hru242               792.783      47.883      47.868       0.105     176.819     176.925      70.832     559.412      82.347     458.987      18.078       0.105      28.810     358.050     307.964     218.501      43.738       0.000       0.000       0.260     690.127       0.000       0.000       8.685       2.890       0.000       0.000       0.000       0.105       0.000       0.000     176.819       0.000       0.000       0.000      -2.627       0.032     467.981       0.000       0.000
   365    12    31  2023     243       0  hru243               792.783      47.883      47.867       0.795     156.914     157.709     117.209     520.101      82.347     420.925      16.829       0.795      53.997     282.823     241.881     141.014      26.292       0.000       0.000       0.260     690.124       0.000       0.000       0.000       0.000       0.000       0.000       0.000       0.795       0.000       0.000     156.914       0.000       0.000       0.000      -2.147       0.094     536.856       0.000       0.000
   365    12    31  2023     244       0  hru244               792.783      47.883      47.867       0.002     180.944     180.947      55.397     558.807      82.347     458.493      17.967       0.002      27.459     341.064     299.678     213.373      43.578       0.000       0.000       0.260     690.126       0.000       0.000       0.000       0.000       0.000       0.000       0.000       0.002       0.000       0.000     180.944       0.000       0.000       0.000      -2.171       0.000     478.899       0.000       0.000
   365    12    31  2023     245       0  hru245               792.783      47.882      47.866       0.000     210.159     210.159      26.206     558.581      82.350     457.966      18.265       0.000      25.058     305.276     278.631     204.116      43.494       0.000       0.000       0.260     690.104       0.000       0.000       0.052       0.414       0.000       0.000       0.000       0.000       0.000       0.000     210.159       0.000       0.000       0.000      -1.398       0.000     556.219       0.000       0.000
   365    12    31  2023     246       0  hru246               792.783      50.547      50.527      17.067      90.939     108.006     351.241     334.317      35.871     137.308     161.138      17.066      75.493     413.844     399.077     303.120      31.384       0.000       0.000       0.279     690.039       0.000       0.000       0.000       0.000       0.000       0.000       0.000      17.066       0.000       0.000      90.939       0.000       0.000       0.000      -0.774       0.188    1373.671       0.000       0.000
   365    12    31  2023     247       0  hru247               792.783      49.012      48.992      42.806      49.366      92.172     230.451     507.813      19.353     247.187     241.272      42.788      80.747     396.241     349.362     238.525      26.050       0.000       0.000       0.269     690.115       0.000       0.000      20.844      14.183       0.000       0.000       0.000      42.788       0.000       0.000      49.366       0.000       0.000       0.000      -2.459       9.525    3055.812       0.000       0.000
   365    12    31  2023     248       0  hru248               792.783      51.137      51.114      41.511      18.393      59.904     258.156     484.650       6.074     170.850     307.725      41.467      82.228     399.545     362.649     252.352      27.134       0.000       0.000       0.281     690.050       0.000       0.000       5.699       2.210       0.000       0.000       0.000      41.467       0.000       0.000      18.393       0.000       0.000       0.000      -1.935      28.071    1138.526       0.000       0.000
   365    12    31  2023     249       0  hru249               792.783      51.005      50.982      37.893      16.546      54.439     255.101     485.048       6.429     177.181     301.438      37.875      82.090     395.937     362.487     250.887      26.959       0.000       0.000       0.279     690.057       0.000       0.000       0.000       0.000       0.000       0.000       0.000      37.875       0.000       0.000      16.546       0.000       0.000       0.000      -1.754      10.840    1024.216       0.000       0.000
   365    12    31  2023     250       0  hru250               792.783      49.724      49.703      35.425      26.850      62.275     242.697     489.725      17.577     242.808     229.341      35.420      81.377     391.921     356.740     243.703      25.773       0.000       0.000       0.275     690.067       0.000       0.000       0.000       0.000       0.000       0.000       0.000      35.420       0.000       0.000      26.850       0.000       0.000       0.000      -1.845       2.404    1662.062       0.000       0.000
   365    12    31  2023     251       0  hru251               792.783      47.883      47.867       0.063     254.165     254.228      39.380     560.729      82.347     459.362      19.019       0.063      26.365     324.803     289.611     210.483      43.879       0.000       0.000       0.260     690.126       0.000       0.000      13.508      45.871       0.000       0.000       0.000       0.063       0.000       0.000     254.165       0.000       0.000       0.000      -1.846       0.021     672.688       0.000       0.000
   365    12    31  2023     252       0  hru252               792.783      47.882      47.867   61329.750    5669.542   66999.305    1683.130     611.984      82.350     463.225      66.409   61328.793      87.828     576.882     576.882     505.355     102.286       0.000       0.000       0.260     690.107       0.000       0.000       9.634   68488.805       0.000       0.000       0.000   61328.793       0.000       0.000    5669.542       0.000       0.000       0.000      -0.002    2302.559   15005.370       0.000       0.000
   365    12    31  2023     253       0  hru253               792.783      47.883      47.867       4.556     600.989     605.545     119.787     567.085      82.350     461.430      23.306       4.552      34.405     406.058     331.051     239.568      47.397       0.000       0.000       0.260     690.109       0.000       0.000     433.527      61.598       0.000       0.000       0.000       4.552       0.000       0.000     600.989       0.000       0.000       0.000      -3.934       1.584    1590.615       0.000       0.000
   365    12    31  2023     254       0  hru254               792.783      47.883      47.867       0.062     439.259     439.321      64.985     562.510      82.347     459.431      20.731       0.062      28.758     352.427     306.998     218.781      44.255       0.000       0.000       0.260     690.125       0.000       0.000       0.064     271.131       0.000       0.000       0.000       0.062       0.000       0.000     439.259       0.000       0.000       0.000      -2.383       0.019    1162.572       0.000       0.000
   365    12    31  2023     255       0  hru255               792.783      47.882      47.867       0.000     188.952     188.952      47.302     558.711      82.350     458.328      18.033       0.000      26.792     332.411     294.944     210.916      43.563       0.000       0.000       0.260     690.107       0.000       0.000       0.000       0.000       0.000       0.000       0.000       0.000       0.000       0.000     188.952       0.000       0.000       0.000      -1.965       0.000     500.092       0.000       0.000
   365    12    31  2023     256       0  hru256               792.783      47.884      47.868      24.035      38.487      62.521     183.842     551.041      82.345     452.881      15.816      24.033      77.041     377.505     294.153     210.257      26.313       0.000       0.000       0.260     690.142       0.000       0.000       0.000       0.000       0.000       0.000       0.000      24.033       0.000       0.000      38.487       0.000       0.000       0.000      -4.372       0.484    2382.370       0.000       0.000
   365    12    31  2023     257       0  hru257               792.783      47.883      47.867       0.000     199.524     199.524      36.551     558.638      82.348     458.161      18.129       0.000      25.906     319.529     287.478     207.514      43.533       0.000       0.000       0.260     690.122       0.000       0.000       0.000       0.000       0.000       0.000       0.000       0.000       0.000       0.000     199.524       0.000       0.000       0.000      -1.681       0.000     528.074       0.000       0.000
   365    12    31  2023     258       0  hru258               792.783      47.882      47.866       0.438     342.209     342.647      98.064     562.057      82.350     459.761      19.945       0.438      31.553     386.250     321.947     227.907      44.178       0.000       0.000       0.260     690.105       0.000       0.000       0.000     206.278       0.000       0.000       0.000       0.438       0.000       0.000     342.209       0.000       0.000       0.000      -3.373       0.180     905.712       0.000       0.000
   365    12    31  2023     259       0  hru259               792.783      47.884      47.868      24.164      37.346      61.511     184.731     551.165      82.346     453.004      15.815      24.162      77.083     377.847     294.320     210.665      26.305       0.000       0.000       0.260     690.133       0.000       0.000       0.000       0.000       0.000       0.000       0.000      24.162       0.000       0.000      37.346       0.000       0.000       0.000      -4.381       0.870    2311.791       0.000       0.000
   365    12    31  2023     260       0  hru260               792.783      47.884      47.868      44.605      38.742      83.347     207.211     555.335      82.345     456.536      16.454      44.596      78.156     392.735     301.123     221.458      26.468       0.000       0.000       0.260     690.139       0.000       0.000      25.912      22.150       0.000       0.000       0.000      44.596       0.000       0.000      38.742       0.000       0.000       0.000      -4.805       4.474    2398.208       0.000       0.000
   365    12    31  2023     261       0  hru261               792.783      47.884      47.868      29.817      55.284      85.102     211.215     553.848      82.346     455.064      16.438      29.809      78.146     398.904     304.453     222.647      26.455       0.000       0.000       0.260     690.136       0.000       0.000       0.000      52.089       0.000       0.000       0.000      29.809       0.000       0.000      55.284       0.000       0.000       0.000      -4.954       3.492    3422.176       0.000       0.000
   365    12    31  2023     262       0  hru262               792.783      47.884      47.868       0.000     205.022     205.022      30.960     558.605      82.347     458.067      18.191       0.000      25.445     312.102     282.915     205.672      43.511       0.000       0.000       0.260     690.131       0.000       0.000       0.000       0.000       0.000       0.000       0.000       0.000       0.000     134.236      70.786       0.000       0.000       0.000      -1.531       0.000     542.625       0.000       0.000
   365    12    31  2023     263       0  hru263               792.783      47.884      47.868      39.172      53.488      92.660     199.571     555.395      82.346     456.549      16.500      39.170      77.864     384.184     297.192     218.156      26.484       0.000       0.000       0.260     690.135       0.000       0.000      19.443      30.514       0.000       0.000       0.000      39.170       0.000       0.000      53.488       0.000       0.000       0.000      -4.563       1.310    3310.996       0.000       0.000
   365    12    31  2023     264       0  hru264               792.783      47.883      47.867      55.669    1078.582    1134.251     409.152     573.598      82.348     464.224      27.027      55.630      55.266     559.059     447.330     323.406      51.417       0.000       0.000       0.260     690.125       0.000       0.000       0.001    1317.420       0.000      55.630       0.000       0.000    1078.582       0.000       0.000       0.000       0.000       0.000      -5.860       6.903    2854.644       0.000       0.000
   365    12    31  2023     265       0  hru265               792.783      47.884      47.868       0.000     418.581     418.581      31.811     561.165      82.347     458.205      20.614       0.000      25.855     312.541     282.575     207.971      43.834       0.000       0.000       0.260     690.128       0.000       0.000       0.000     216.652       0.000       0.000       0.000       0.000     418.581       0.000       0.000       0.000       0.000       0.000      -1.572       0.000    1107.843       0.000       0.000
   365    12    31  2023     266       0  hru266               792.783      47.883      47.867       0.000     210.490     210.491      25.425     558.555      82.348     457.945      18.261       0.000      24.989     304.204     277.866     203.783      43.485       0.000       0.000       0.260     690.121       0.000       0.000       0.000       0.000       0.000       0.000       0.000       0.000     210.490       0.000       0.000       0.000       0.000       0.000      -1.382       0.000     557.097       0.000       0.000
   365    12    31  2023     267       0  hru267               792.783      47.884      47.868       0.000     192.583     192.583      43.587     558.709      82.347     458.300      18.063       0.000      26.484     328.164     292.504     209.743      43.553       0.000       0.000       0.260     690.129       0.000       0.000       0.000       0.000       0.000       0.000       0.000       0.000       0.000       0.000     192.583       0.000       0.000       0.000      -1.870       0.000     509.702       0.000       0.000
   365    12    31  2023     268       0  hru268               792.783      47.883      47.867       0.187     263.123     263.310      36.904     561.604      82.348     459.958      19.298       0.187      26.273     324.251     288.188     210.639      44.192       0.000       0.000       0.260     690.121       0.000       0.000      44.831      21.940       0.000       0.187       0.000       0.000     263.123       0.000       0.000       0.000       0.000       0.000      -1.892       0.058     696.398       0.000       0.000
   365    12    31  2023     269       0  hru269               792.783      47.884      47.868       0.240     272.634     272.875      33.485     561.444      82.346     459.757      19.342       0.240      25.958     320.778     284.156     208.978      44.067       0.000       0.000       0.260     690.136       0.000       0.000      41.517      31.149       0.000       0.000       0.240       0.000       0.000     272.634       0.000       0.000       0.000       0.000      -1.921       0.063     721.572       0.000       0.000
   365    12    31  2023     270       0  hru270               792.783      47.883      47.868       0.000     262.980     262.980      17.980     560.633      82.347     459.015      19.270       0.000      24.773     289.675     273.320     205.208      44.279       0.000       0.000       0.260     690.127       0.000       0.000      47.631       0.000       0.000       0.000       0.000       0.000       0.000       0.000     262.980       0.000       0.000       0.000      -0.858       0.000     696.019       0.000       0.000
   365    12    31  2023     271       0  hru271               792.783      47.883      47.867      27.339     301.769     329.109     315.288     553.396      82.348     451.130      19.917      27.325      62.515     412.030     297.509     207.303      29.913       0.000       0.000       0.260     690.120       0.000       0.000      70.270     328.386       0.000       0.000       0.000      27.325       0.000       0.000     301.769       0.000       0.000       0.000      -6.007      10.934    1736.184       0.000       0.000
   365    12    31  2023     272       0  hru272               792.783      47.883      47.867       5.534     213.651     219.185     162.613     532.269      82.347     431.791      18.131       5.534      55.970     332.983     260.589     162.290      29.067       0.000       0.000       0.260     690.127       0.000       0.000      34.926      82.280       0.000       0.000       0.000       5.534       0.000       0.000     213.651       0.000       0.000       0.000      -3.797       1.856    1229.209       0.000       0.000
   365    12    31  2023     273       0  hru273               792.783      47.883      47.867      13.146     293.054     306.200     332.646     550.640      82.348     448.427      19.865      13.135      62.995     425.403     310.320     210.775      29.601       0.000       0.000       0.260     690.120       0.000       0.000      11.050     379.289       0.000       0.000       0.000      13.135       0.000       0.000     293.054       0.000       0.000       0.000      -6.036       5.619    1686.043       0.000       0.000
   365    12    31  2023     274       0  hru274               792.783      48.745      48.725      82.201      40.421     122.622     259.835     515.655      20.374     257.977     237.304      82.150      82.231     422.415     365.569     259.861      25.173       0.000       0.000       0.269     690.128       0.000       0.000      69.269      32.925       0.000       0.000       0.000      82.150       0.000       0.000      40.421       0.000       0.000       0.000      -2.982      27.512    2502.113       0.000       0.000
   365    12    31  2023     275       0  hru275               792.783      49.138      49.120      71.045      33.769     104.813     304.774     509.180      18.905     244.444     245.831      70.984      83.669     436.583     368.977     270.632      26.554       0.000       0.000       0.271     690.127       0.000       0.000      31.115      91.175       0.000       0.000       0.000      70.984       0.000       0.000      33.769       0.000       0.000       0.000      -3.546      29.355    2090.314       0.000       0.000
   365    12    31  2023     276       0  hru276               792.783      49.697      49.676      35.879      27.348      63.227     245.582     488.731      17.480     232.781     238.470      35.853      81.522     393.007     357.140     245.274      25.924       0.000       0.000       0.273     690.056       0.000       0.000       1.585       1.201       0.000       0.000       0.000      35.853       0.000       0.000      27.348       0.000       0.000       0.000      -1.881      15.094    1692.846       0.000       0.000
   365    12    31  2023     277       0  hru277               792.783      49.656      49.635      49.464      31.403      80.867     259.563     494.248      17.899     245.770     230.579      49.428      82.074     404.187     364.046     251.072      25.967       0.000       0.000       0.274     690.119       0.000       0.000      20.267      19.414       0.000       0.000       0.000      49.428       0.000       0.000      31.403       0.000       0.000       0.000      -2.105      21.559    1943.874       0.000       0.000
   365    12    31  2023     278       0  hru278               792.783      47.882      47.866       0.000     363.368     369.346       9.812     562.930      82.351     460.973      19.606       0.000      15.485     343.256     314.316     224.185      44.368       0.000       0.000       0.260     690.098       5.978       0.000       0.469     147.085       0.000       0.000       0.000       0.000       0.000       0.000     363.368       0.000       0.000       0.000      -1.518       0.000     961.712       0.000       0.000
   365    12    31  2023     279       0  hru279               792.783      47.882      47.866       0.000     200.895     252.950      40.556     548.105      82.351     449.480      16.274       0.000      37.158     321.044     293.850     199.129      28.630       0.000       0.000       0.260     690.098      52.055       0.000       0.000      46.416       0.000       0.000       0.000       0.000       0.000       0.000     200.895       0.000       0.000       0.000      -1.426       0.000    1155.818       0.000       0.000
   365    12    31  2023     280       0  hru280               792.783      47.882      47.866       0.000     166.620     208.311      39.927     547.011      82.351     448.900      15.760       0.000      37.158     320.770     290.789     197.596      28.483       0.000       0.000       0.260     690.099      41.690       0.000       0.000       0.000       0.000       0.000       0.000       0.000       0.000       0.000     166.620       0.000       0.000       0.000      -1.572       0.000     958.624       0.000       0.000
   365    12    31  2023     281       0  hru281               792.783      50.547      50.527       0.000     435.634     437.905      12.739     343.147      35.873     137.696     169.578       0.000      15.485     333.586     316.459     266.740      52.098       0.000       0.000       0.279     690.031       2.270       0.000       0.000       0.000       0.000       0.000       0.000       0.000       0.000       0.000     435.634       0.000       0.000       0.000      -0.898       0.000    1152.977       0.000       0.000
   365    12    31  2023     282       0  hru282               792.783      50.546      50.527       0.000     407.873     408.100       9.284     376.239      35.874     137.600     202.764       0.000      15.410     345.826     331.095     281.645      75.554       0.000       0.000       0.279     690.023       0.227       0.000       0.000       0.000       0.000       0.000       0.000       0.000       0.000       0.000     407.869       0.000       0.000       0.000      -0.773       0.000     328.208       0.000       0.000
   365    12    31  2023     283       0  hru283               792.783      48.402      48.383     523.920       0.806     524.727       0.708     658.817      48.893     207.380     402.544     523.892       0.000      70.054      28.974      48.179      14.031       0.000       0.000       0.263     690.092       0.000       0.000       0.000     130.277       0.000     523.892       0.000       0.000       0.806       0.000       0.000       0.000       0.000       0.000      -2.155     138.605      99.414       0.000     209.039
   365    12    31  2023     284       0  hru284               792.783      48.402      48.383     471.690       0.000     471.690       0.000     622.437      34.699      76.581     511.157     471.676       0.000      12.036      12.530       8.347       8.347       0.000       0.000       0.263     690.087       0.000       0.000       0.000       0.000       0.000       0.000       0.000     471.676       0.000       0.000       0.000       0.000       0.000       0.000       0.026      59.511       0.000       0.000     265.601
   365    12    31  2023     285       0  hru285               792.783      48.403      48.384     471.355       0.000     471.355       0.000     622.573      34.674      76.552     511.347     471.351       0.000      11.944      12.437       8.254       8.254       0.000       0.000       0.263     690.121       0.000       0.000       0.000       0.000       0.000       0.000       0.000     471.351       0.000       0.000       0.000       0.000       0.000       0.000       0.026      15.408       0.000       0.000     265.437
   365    12    31  2023     286       0  hru286               792.783      48.403      48.384     471.353       0.000     471.353       0.000     622.575      34.674      76.552     511.349     471.351       0.000      11.944      12.436       8.254       8.254       0.000       0.000       0.263     690.120       0.000       0.000       0.000       0.000       0.000       0.000       0.000     471.351       0.000       0.000       0.000       0.000       0.000       0.000       0.026      10.426       0.000       0.000     265.438
   365    12    31  2023     287       0  hru287               792.783      48.402      48.383     471.643       0.000     471.643       0.000     622.188      34.703      76.506     510.979     471.641       0.000      12.238      12.731       8.538       8.538       0.000       0.000       0.263     690.092       0.000       0.000       0.000       0.000       0.000       0.000       0.000     471.641       0.000       0.000       0.000       0.000       0.000       0.000       0.026       3.784       0.000       0.000     265.313
   365    12    31  2023     288       0  hru288               792.783      47.882      47.866       8.747    1322.093    2204.656      47.532     578.175      82.351     464.818      31.006       8.747      15.887     415.883     346.134     317.725      50.161       0.000       0.000       0.260     690.102     873.816       0.000       0.001    2033.068       0.000       0.000       0.000       8.747       0.000       0.000    1322.093       0.000       0.000       0.000      -3.659       5.215    3499.135       0.000       0.000
   365    12    31  2023     289       0  hru289               792.783      47.882      47.866       0.000     436.608     598.536      24.933     567.230      82.351     464.119      20.760       0.000      15.476     349.700     343.803     258.048      45.258       0.000       0.000       0.260     690.098     161.928       0.000      38.197     357.972       0.000       0.000       0.000       0.000     167.784       0.000     268.824       0.000       0.000       0.000      -0.309       0.000    1155.555       0.000       0.000
   365    12    31  2023     290       0  hru290               792.783      47.882      47.866       0.000     210.840     224.880      23.692     548.053      82.351     450.146      15.556       0.000      15.440     353.440     291.448     200.514      26.567       0.000       0.000       0.260     690.099      14.040       0.000       0.000       0.000       0.000       0.000       0.000       0.000       0.000       0.000     210.840       0.000       0.000       0.000      -3.251       0.000     673.266       0.000       0.000
   365    12    31  2023     291       0  hru291               792.783      47.882      47.866       0.448     487.096    1561.403      89.004     574.031      82.352     464.367      27.311       0.448      37.054     397.102     339.061     307.337      33.536       0.000       0.000       0.260     690.094    1073.859       0.000     594.891     833.595       0.000       0.000       0.000       0.448       0.000       0.000     487.096       0.000       0.000       0.000      -3.044       0.472    2802.431       0.000       0.000
   365    12    31  2023     292       0  hru292               792.783      47.882      47.866       0.000     376.279     397.557      13.625     567.403      82.352     464.022      21.029       0.000      15.395     378.470     347.641     255.611      65.392       0.000       0.000       0.260     690.095      21.278       0.000       0.025     183.644       0.000       0.000       0.000       0.000     251.900       0.000     124.379       0.000       0.000       0.000      -1.617       0.000     302.785       0.000       0.000
   365    12    31  2023     293       0  hru293               792.783      47.882      47.866       0.000     207.697     219.664      10.485     565.341      82.352     463.160      19.829       0.000      15.395     377.958     331.515     243.409      64.492       0.000       0.000       0.260     690.092      11.967       0.000       0.000       0.000       0.000       0.000       0.000       0.000       0.000     207.697       0.000       0.000       0.000       0.000      -2.436       0.000     167.131       0.000       0.000
   365    12    31  2023     294       0  hru294               792.783      51.311      51.288     233.409      40.022    1407.250      40.360     569.039       5.731     128.533     434.775     233.408      54.808     437.485     284.259     279.646      35.342       0.000       0.000       0.283     690.053    1133.820       0.000     524.359     691.498       0.000       0.000       0.000     233.408       0.000       0.000      40.022       0.000       0.000       0.000      -8.037       5.613    2477.394       0.000       0.000
   365    12    31  2023     295       0  hru295               792.783      50.820      50.797      75.428      87.485     836.585      30.869     562.606       8.105     192.593     361.909      75.428      54.342     393.001     240.618     245.109      30.827       0.000       0.000       0.281     690.061     673.672       0.000     239.755     387.854       0.000       0.000       0.000      75.428       0.000       0.000      87.485       0.000       0.000       0.000      -7.992       0.385    5415.443       0.000       0.000
   365    12    31  2023     296       0  hru296               792.783      47.547      47.530       0.000     527.086    1189.447      24.687     496.672      37.718     305.602     153.352       0.000      15.585     378.488     302.670     274.359      48.991       0.000       0.000       0.256     690.100     662.360       0.000      31.187     882.272       0.000       0.000       0.000       0.000       0.000       0.000     527.086       0.000       0.000       0.000      -3.977       0.000    1395.020       0.000       0.000
   365    12    31  2023     297       0  hru297               792.783      50.552      50.530       1.634     355.950     953.612      47.371     575.355      11.619     180.971     382.765       1.634      37.818     376.868     237.306     229.784      33.382       0.000       0.000       0.280     690.015     596.027       0.000     113.080     661.509       0.000       0.000       0.000       1.634       0.000       0.000     355.950       0.000       0.000       0.000      -7.320       0.087    2047.906       0.000       0.000
   365    12    31  2023     298       0  hru298               792.783      47.499      47.486       0.000     238.154     339.244      10.816     443.620      39.352     253.363     150.905       0.000      15.566     302.524     298.872     238.820      47.992       0.000       0.000       0.256     690.100     101.090       0.000       0.000       0.000       0.000       0.000       0.000       0.000       0.000       0.000     238.154       0.000       0.000       0.000      -0.192       0.000     630.314       0.000       0.000
   365    12    31  2023     299       0  hru299               792.783      47.882      47.866       0.000     960.049    1566.309      35.290     571.260      82.352     465.055      23.853       0.000      15.386     443.359     379.704     308.889      68.550       0.000       0.000       0.260     690.093     606.260       0.000       0.000    1376.281       0.000       0.000       0.000       0.000       0.000       0.000     960.049       0.000       0.000       0.000      -3.339       0.000     772.535       0.000       0.000
   365    12    31  2023     300       0  hru300               792.783      49.121      49.104       0.000      33.370     417.126       0.830     375.651      22.255     225.296     128.101       0.000      15.596     255.000     255.000     239.778      49.522       0.000       0.000       0.267     690.028     383.756       0.000       0.000       0.000       0.000       0.000       0.000       0.000       0.000       0.000      33.370       0.000       0.000       0.000      -0.000       0.000      88.319       0.000       0.000
   365    12    31  2023     301       0  hru301               792.783      47.545      47.529       0.000     272.993     492.655      15.843     513.054      36.835     321.271     154.948       0.000      15.542     334.248     330.133     269.412      68.179       0.000       0.000       0.256     690.095     219.662       0.000       0.000     227.658       0.000       0.000       0.000       0.000     272.993       0.000       0.000       0.000       0.000       0.000      -0.216       0.000     219.672       0.000       0.000
   365    12    31  2023     302       0  hru302               792.783      47.882      47.866       0.000     343.210     383.089      14.204     566.561      82.352     463.541      20.669       0.000      15.394     379.450     348.606     253.978      65.107       0.000       0.000       0.260     690.095      39.879       0.000       0.000     168.692       0.000       0.000       0.000       0.000       0.000       0.000     343.210       0.000       0.000       0.000      -1.618       0.000     276.175       0.000       0.000
   365    12    31  2023     303       0  hru303               792.783      51.310      51.287       0.000     726.449     802.004      27.283     584.168      12.006     196.995     375.167       0.000      15.515     380.229     371.910     307.042      71.849       0.000       0.000       0.283     690.015      75.554       0.000       2.829     616.350       0.000       0.000       0.000       0.000       0.000       0.000     726.449       0.000       0.000       0.000      -0.436       0.000     584.561       0.000       0.000
   365    12    31  2023     304       0  hru304               792.783      47.882      47.866       0.000     452.719     462.742      11.013     564.379      82.351     461.587      20.440       0.000      15.484     345.018     317.384     226.070      44.660       0.000       0.000       0.260     690.102      10.023       0.000       3.156     240.225       0.000       0.000       0.000       0.000     316.256       0.000     136.463       0.000       0.000       0.000      -1.449       0.000    1198.195       0.000       0.000
   365    12    31  2023     305       0  hru305               792.783      47.882      47.866       0.747       5.956     200.799      33.628     559.149      82.351     461.457      15.342       0.747      53.452     325.765     321.857     258.459      33.063       0.000       0.000       0.260     690.102     194.096       0.000       0.000       0.000       0.000       0.000       0.000       0.747       0.000       0.000       5.956       0.000       0.000       0.000      -0.205       0.124     734.428       0.000       0.000
   365    12    31  2023     306       0  hru306               792.783      47.882      47.866      14.010     528.829     768.008      23.234     567.178      82.351     462.886      21.940      14.010      15.673     458.653     344.061     250.920      45.402       0.000       0.000       0.260     690.101     225.169       0.000     202.317     355.221       0.000       0.000       0.000      14.010       0.000       0.000     528.829       0.000       0.000       0.000      -6.010       1.965    1399.631       0.000       0.000
   365    12    31  2023     307       0  hru307               792.783      47.882      47.866    5444.183      74.277    7666.791      91.453     583.887      82.351     463.567      37.969    5443.646      70.804     648.891     648.891     464.877      73.166       0.000       0.000       0.260     690.101    2148.332       0.000    2466.997    5081.534       0.000    5443.646       0.000       0.000      74.277       0.000       0.000       0.000       0.000       0.000       0.000     889.291    9159.039       0.000       0.000
   365    12    31  2023     308       0  hru308               792.783      47.882      47.866   20207.418     105.162   23034.164     122.442     610.899      82.351     463.098      65.450   20207.000      79.198     648.891     648.891     534.284      90.484       0.000       0.000       0.260     690.101    2721.585       0.000      29.365   22944.734       0.000       0.000       0.000   20207.000       0.000       0.000     105.162       0.000       0.000       0.000       0.000     971.438   12967.518       0.000       0.000
   365    12    31  2023     309       0  hru309               792.783      47.882      47.866       0.000     229.693     254.575      12.318     560.069      82.351     459.704      18.014       0.000      15.481     346.230     316.490     224.141      43.720       0.000       0.000       0.260     690.102      24.882       0.000       0.000      31.907       0.000       0.000       0.000       0.000       0.000       0.000     229.693       0.000       0.000       0.000      -1.560       0.000     607.920       0.000       0.000
   365    12    31  2023     310       0  hru310               792.783      47.884      47.868       5.335      47.326     326.061      36.490     561.317      82.347     461.998      16.972       5.334      53.442     322.181     316.380     262.219      26.099       0.000       0.000       0.260     690.129     273.400       0.000      74.996      54.546       0.000       0.000       0.000       5.334       0.000       0.000      47.326       0.000       0.000       0.000      -0.304       1.053    2929.549       0.000       0.000
   365    12    31  2023     311       0  hru311               792.783      47.883      47.868       0.000     308.312     323.535      10.769     564.014      82.347     462.556      19.110       0.000      15.484     345.395     311.430     224.772      44.248       0.000       0.000       0.260     690.127      15.224       0.000      10.744      92.491       0.000       0.000       0.000       0.000       0.000     119.862     188.449       0.000       0.000       0.000      -1.782       0.000     815.997       0.000       0.000
   365    12    31  2023     312       0  hru312               792.783      47.882      47.866       0.747      17.336     201.380      33.015     559.170      82.351     461.455      15.364       0.747      53.452     325.735     321.832     256.250      33.069       0.000       0.000       0.260     690.101     183.297       0.000       0.000       0.000       0.000       0.747       0.000       0.000      17.336       0.000       0.000       0.000       0.000       0.000      -0.205       0.022    2137.729       0.000       0.000
   365    12    31  2023     313       0  hru313               792.783      47.883      47.867       0.000     232.620     232.620       3.342     558.579      82.347     457.911      18.321       0.000      15.484     302.448     275.770     203.126      43.459       0.000       0.000       0.260     690.126       0.000       0.000       0.000       0.000       0.000       0.000       0.000       0.000     232.620       0.000       0.000       0.000       0.000       0.000      -1.399       0.000     615.667       0.000       0.000
   365    12    31  2023     314       0  hru314               792.783      49.341      49.320       0.001       4.916     308.206       0.532     484.946      19.041     234.612     231.293       0.000      37.899     192.500     192.500     171.290      25.718       0.000       0.000       0.272     690.030     303.289       0.000       0.000       0.000       0.000       0.000       0.000       0.000       0.000       0.000       4.916       0.000       0.000       0.000       0.001       0.000      74.260       0.000       0.000
